<?xml version="1.0" encoding="utf-8"?>
<COLLADA xmlns="http://www.collada.org/2005/11/COLLADASchema" version="1.4.1">
	<asset>
		<contributor>
			<author>Datakit</author>
			<authoring_tool>CrossManager V.251</authoring_tool>
		</contributor>
		<created>2026-01-11T05:16:15Z</created>
		<modified>2026-01-11T05:16:15Z</modified>
		<unit meter="0.001000" name="millimeter"/>
		<up_axis>Z_UP</up_axis>
	</asset>
<library_geometries>
	<geometry id="CirPattern113" name="CirPattern113">
		<mesh>
			<source id="CirPattern113-mesh-positions">
				<float_array id="CirPattern113-mesh-positions-array" count="10866">
-9.60778 2.5 -28.2087 
-0.341941 10.0133 -31.3646 
0.728671 10.0535 -31.7293 
28.3105 21.7869 -41.1235 
48.5 2.5 -48 
21.075 17.6586 -38.6592 
40.2449 33.3293 -45.1883 
44.6125 40.4229 -46.6759 
34.7601 27.0593 -43.3202 
48.5 49 -48 
47.7417 48.1431 -47.7417 
-1.41244 9.99973 -31 
-9.60778 10 -28.2087 
1.79738 10.121 -32.0933 
2.86487 10.217 -32.4568 
3.9297 10.3429 -32.8195 
4.99083 10.5008 -33.1809 
6.04611 10.6935 -33.5404 
7.09266 10.9246 -33.8968 
9.15944 11.531 -34.6007 
8.13186 11.2011 -34.2508 
12.0433 13.001 -35.583 
11.1318 12.403 -35.2725 
10.1632 11.9251 -34.9426 
13.2546 14.7888 -35.9955 
12.8181 13.7739 -35.8469 
44.6125 40.4229 46.6759 
48.5 49 48 
47.7417 48.1431 47.7417 
13.2546 14.7888 35.9955 
12.8207 13.7738 35.8478 
21.075 17.6586 38.6592 
48.5 2.5 48 
40.2449 33.3293 45.1883 
34.7601 27.0593 43.3202 
28.3105 21.7869 41.1235 
12.0437 13.0009 35.5831 
11.1329 12.4032 35.2729 
9.16086 11.5314 34.6012 
10.1646 11.9255 34.9431 
7.09275 10.9247 33.8968 
8.13455 11.2018 34.2517 
6.04526 10.6932 33.5401 
-9.60778 2.5 28.2087 
4.99135 10.5007 33.1811 
3.93048 10.3429 32.8198 
2.86554 10.2169 32.4571 
1.79801 10.121 32.0935 
0.728562 10.0534 31.7292 
-0.341618 10.0133 31.3647 
-1.41244 9.99973 31 
-9.60778 10 28.2087 
48.5 28.3013 -36 
29.475 22.6116 -36 
48.5 15 -36 
22.0701 18.135 -36 
13.9999 15.0004 -35.9981 
36 28.3013 -36 
22.0664 18.1327 36 
48.5 15 36 
13.9999 15.0004 35.9981 
48.5 28.3013 36 
29.472 22.6098 36 
36 28.3013 36 
7.48331 10 -5 
21.0124 10 -14.503 
6.5175 10 -6.20647 
7.70591 10 24.211 
-5.32907e-15 10 9 
7.33336 10 24.4377 
-8.12595 10 24.0934 
-14.5631 10 20.9206 
-8.56178 10 24.0935 
-7.93809 10 -4.24083 
-24.2577 10 -7.60782 
-8.5462 10 -2.82155 
-7.33412 10 24.4371 
-7.03641 10 24.7557 
8.12514 10 24.0935 
2.89301 10 8.52235 
1.46609 10 8.87979 
-20.4226 10 16.6058 
-20.674 10 16.9621 
-16.5077 10 20.376 
-20.2472 10 15.7606 
-15.2329 10 20.3759 
-20.336 10 15.334 
-15.6527 10 20.2583 
-20.5364 10 14.9474 
-5.70794 10 6.95826 
-6.81347 10 5.87997 
-24.112 10 8.66888 
-7.71855 10 4.62831 
-24.0823 10 8.23388 
-21.2062 10 14.4026 
-24.2577 10 9.0791 
-24.8469 10 -6.97663 
-29.6978 10 2.46566 
-25.0413 10 6.87586 
-8.82708 10 1.75576 
-24.3715 10 7.42064 
-8.39646 10 3.23999 
-8.90273 10 -1.3194 
-8.99726 10 0.221468 
-27.0989 10 9.07996 
-27.245 10 8.66904 
-28.8846 10 7.32945 
24.3712 10 -9.26591 
21.8435 10 -14.2702 
21.4123 10 -14.3294 
-7.0962 10 -5.53546 
-20.674 10 -14.7783 
-21.0118 10 -14.5034 
-25.0413 10 -9.81105 
-22.6746 10 -14.503 
-27.2804 10 -11.9925 
-17.0393 10 -20.7512 
-21.2062 10 -17.3378 
-20.8341 10 -17.1116 
-20.2472 10 -15.9798 
-15.4381 10 -20.3029 
-15.8702 10 -20.2435 
-8.34346 10 -24.0785 
-8.77464 10 -24.1378 
-14.4494 10 -21.1078 
-14.274 10 -21.953 
-9.17456 10 -24.3113 
-20.336 10 -16.4064 
-22.0618 10 -17.4552 
-21.6259 10 -17.4553 
-21.8952 10 -20.2148 
-0.442737 10 -8.98907 
-7.51181 10 -24.3117 
-7.91137 10 -24.138 
-14.7007 10 -20.7515 
7.91227 10 -24.1378 
1.10011 10 -8.93244 
2.61074 10 -8.6129 
7.51236 10 -24.3113 
14.7011 10 -20.7512 
5.35992 10 -7.2297 
15.439 10 -20.3027 
4.04475 10 -8.03974 
20.5362 10 -16.7926 
16.3023 10 -20.3029 
20.3357 10 -16.4057 
24.5094 10 -7.25115 
24.8474 10 -6.97625 
-28.8846 10 -7.32945 
-29.6978 10 -2.46566 
-26.5096 10 -6.97625 
-25.461 10 6.75833 
-25.8968 10 6.75847 
-25.8968 10 -9.92845 
-25.461 10 -9.92859 
-24.509 10 -7.25154 
-26.6886 10 7.10265 
-26.3161 10 6.87597 
-21.8952 10 20.2148 
-22.6746 10 17.2374 
-24.9291 10 16.3272 
-3.03083 10 8.47428 
-14.8609 10 20.602 
-7.70621 10 24.2109 
-7.51181 10 27.0454 
-7.91137 10 27.2191 
-1.41244 9.99973 31 
7.03617 10 24.7561 
48.5 10 31 
8.77554 10 27.2191 
8.98071 10 24.2109 
14.2739 10 21.7348 
8.56097 10 24.0934 
-9.35355 10 -26.9193 
-9.60778 10 -28.2087 
-9.65074 10 -26.601 
-7.17397 10 -24.5866 
7.17438 10 -24.5862 
-6.74723 10 -25.7881 
6.7472 10 -25.7872 
-1.41244 9.99973 -31 
6.92308 10 -24.942 
6.77694 10 -25.3529 
-6.77692 10 -25.3531 
-6.92264 10 -24.9429 
8.56097 10 -27.2637 
48.5 10 -31 
-7.33412 10 -26.92 
-7.70621 10 -27.1461 
6.83575 10 -26.214 
-7.03641 10 -26.6013 
7.33336 10 -26.9193 
7.03617 10 -26.601 
8.12514 10 -27.2635 
7.70591 10 -27.146 
9.3528 10 -26.92 
8.98071 10 -27.1461 
14.5629 10 -22.7659 
14.8601 10 -23.0843 
9.76427 10 -24.9429 
15.6519 10 -23.4285 
9.85089 10 -26.2147 
9.93968 10 -25.7881 
20.2769 10 -15.5446 
48.5 10 -5 
25.6785 10 -6.74346 
24.0823 10 -8.45216 
24.1708 10 -8.87896 
25.2473 10 -6.80269 
20.6744 10 -14.7779 
20.4231 10 -15.1337 
24.2581 10 -7.60696 
24.112 10 -8.01787 
-18.2618 10 -23.5488 
-16.8803 10 -23.0843 
-16.5077 10 -23.311 
-14.1282 10 -26.238 
-14.8609 10 -23.0849 
-9.76384 10 -24.942 
-9.85117 10 -26.214 
-15.2329 10 -23.3111 
-17.4367 10 -21.5179 
-17.4665 10 -21.9522 
-9.93972 10 -25.7872 
-9.90998 10 -25.3529 
-8.56178 10 -27.2635 
-8.12595 10 -27.2637 
-8.981 10 -27.146 
-6.83603 10 -26.2147 
-1.97244 10 -8.78119 
-3.44405 10 -8.31496 
-15.0386 10 -20.4766 
-14.5631 10 -22.7663 
-14.3628 10 -22.3797 
-9.51254 10 -24.5862 
-24.9291 10 -16.3272 
-23.1507 10 -16.7926 
-22.8536 10 -17.111 
-23.0125 10 -14.7779 
-23.2638 10 -15.1337 
-17.2906 10 -21.107 
-17.3779 10 -22.379 
-17.1775 10 -22.7659 
-15.6527 10 -23.4286 
-16.0885 10 -23.4285 
-14.3037 10 -21.518 
-4.81576 10 -7.60306 
-16.3014 10 -20.3027 
-20.5364 10 -16.793 
-20.4226 10 -15.1346 
-6.04515 10 -6.66734 
-26.6886 10 -9.58427 
-26.9858 10 -9.26591 
-23.41 10 -15.5446 
-23.3512 10 -16.4057 
-23.4397 10 -15.9789 
-22.481 10 -17.3377 
-16.7013 10 -20.4763 
-20.2769 10 -15.5448 
-21.4114 10 -14.3297 
-21.8435 10 -14.2702 
-24.3715 10 -9.26628 
-27.1862 10 -8.87896 
-22.2746 10 -14.3294 
-24.6692 10 -9.58488 
-24.0823 10 -8.45304 
-24.1711 10 -8.87966 
-26.1097 10 -6.80269 
-25.6785 10 -6.74346 
-27.0989 10 -7.60696 
-26.8476 10 -7.25115 
-27.2748 10 -8.45216 
-27.245 10 -8.01787 
-26.3161 10 -9.81095 
-24.112 10 -8.01803 
-25.2464 10 -6.80293 
-24.6692 10 7.10203 
-27.2804 10 11.9925 
-26.5096 10 9.71066 
-26.1097 10 9.88422 
-25.6785 10 9.94346 
-26.8476 10 9.43577 
-27.2748 10 8.23476 
-27.1862 10 7.80795 
-26.9858 10 7.42101 
-24.1711 10 7.80726 
-22.8536 10 14.6294 
-23.1507 10 14.9478 
-24.8469 10 9.71029 
-22.481 10 14.4027 
-22.0618 10 14.2852 
-23.41 10 16.1958 
-23.2638 10 16.6067 
-25.2464 10 9.88399 
-23.4397 10 15.7615 
-21.6259 10 14.2851 
-22.2746 10 17.411 
-21.8435 10 17.4702 
-23.0125 10 16.9625 
-23.3512 10 15.3347 
-20.8341 10 14.6288 
-24.509 10 9.43538 
-16.8803 10 20.6026 
-21.0118 10 17.237 
-16.0885 10 20.2585 
-20.2769 10 16.1956 
-4.43457 10 7.83156 
-17.1775 10 20.921 
-17.4665 10 21.7348 
-17.3779 10 21.308 
-15.8702 10 23.4435 
-16.3014 10 23.3842 
-14.1282 10 26.238 
-17.2906 10 22.58 
-18.2618 10 23.5488 
-17.0393 10 22.9358 
-21.4114 10 17.4107 
-9.85117 10 25.143 
-14.7007 10 22.9354 
-16.7013 10 23.2107 
-17.4367 10 22.169 
-9.60778 10 28.2087 
-9.17456 10 27.0457 
-9.51254 10 26.7708 
-14.3628 10 21.3073 
-14.3037 10 22.1689 
-9.35355 10 24.4377 
-8.981 10 24.211 
-9.93972 10 25.5698 
-9.90998 10 26.0041 
-9.76384 10 26.415 
-9.65074 10 24.7561 
-15.4381 10 23.384 
-15.0386 10 23.2103 
-14.274 10 21.7339 
-8.77464 10 27.2193 
-8.34346 10 27.2785 
7.91227 10 27.2193 
7.51236 10 27.0457 
-14.4494 10 22.5791 
-1.53802 10 8.8676 
6.83575 10 25.143 
-6.83603 10 25.1423 
-6.74723 10 25.5689 
6.7472 10 25.5698 
6.77694 10 26.0041 
6.92308 10 26.415 
7.17438 10 26.7708 
-6.77692 10 26.004 
8.34346 10 27.2785 
-7.17397 10 26.7704 
-6.92264 10 26.4142 
14.3625 10 21.308 
14.5629 10 20.921 
14.7011 10 22.9358 
14.4498 10 22.58 
9.65051 10 24.7557 
14.3037 10 22.169 
9.85089 10 25.1423 
15.0391 10 23.2107 
15.439 10 23.3842 
9.93968 10 25.5689 
9.91 10 26.004 
9.76427 10 26.4142 
15.8702 10 23.4435 
9.51294 10 26.7704 
16.3023 10 23.384 
16.7019 10 23.2103 
9.17511 10 27.0454 
20.6744 10 16.9625 
16.5075 10 20.3759 
16.8795 10 20.602 
14.8601 10 20.6026 
21.4123 10 17.411 
17.3776 10 21.3073 
21.8435 10 17.4702 
9.3528 10 24.4371 
15.2327 10 20.376 
4.24264 10 7.93725 
20.2769 10 16.1958 
16.0877 10 20.2583 
20.4231 10 16.6067 
20.3357 10 15.3347 
21.0124 10 17.2374 
17.1773 10 20.9206 
17.4664 10 21.7339 
22.6751 10 17.237 
17.291 10 22.5791 
17.4367 10 22.1689 
22.2755 10 17.4107 
17.0397 10 22.9354 
20.2472 10 15.7615 
15.6519 10 20.2585 
22.4807 10 14.4026 
25.2473 10 9.88422 
24.8474 10 9.71066 
20.5362 10 14.9478 
5.47894 10 7.14012 
6.56887 10 6.15223 
20.8334 10 14.6294 
21.2059 10 14.4027 
21.6251 10 14.2852 
24.2581 10 9.07996 
7.48331 10 5 
22.061 10 14.2851 
22.8528 10 14.6288 
25.6785 10 9.94346 
23.41 10 16.1956 
26.848 10 9.43538 
23.4397 10 15.7606 
26.5102 10 9.71029 
26.1106 10 9.88399 
23.3509 10 15.334 
23.1505 10 14.9474 
27.2748 10 8.23388 
27.2451 10 8.66888 
48.5 10 5 
23.2643 10 16.6058 
23.0129 10 16.9621 
24.5094 10 9.43577 
25.896 10 6.75833 
24.112 10 8.66904 
24.0823 10 8.23476 
24.3712 10 7.42101 
24.1708 10 7.80795 
25.041 10 6.87597 
24.6684 10 7.10265 
25.4602 10 6.75847 
26.6879 10 7.10203 
26.3158 10 6.87586 
27.186 10 7.80726 
26.9856 10 7.42064 
27.0993 10 9.0791 
25.896 10 -9.92859 
26.3158 10 -9.81105 
23.2643 10 -15.1346 
9.51294 10 -24.5866 
9.17511 10 -24.3117 
14.3625 10 -22.379 
26.6879 10 -9.58488 
23.41 10 -15.5448 
24.6684 10 -9.58427 
20.2472 10 -15.9789 
25.041 10 -9.81095 
22.2755 10 -14.3297 
25.4602 10 -9.92845 
23.0129 10 -14.7783 
22.6751 10 -14.5034 
8.34346 10 -24.0785 
15.8702 10 -20.2435 
23.4397 10 -15.9798 
26.9856 10 -9.26628 
27.2748 10 -8.45304 
27.186 10 -8.87966 
27.0993 10 -7.60782 
27.2451 10 -8.01803 
26.5102 10 -6.97663 
26.848 10 -7.25154 
26.1106 10 -6.80293 
14.4498 10 -21.107 
14.3037 10 -21.5179 
8.77554 10 -24.138 
14.2739 10 -21.9522 
22.4807 10 -17.3378 
17.4664 10 -21.953 
22.061 10 -17.4553 
17.3776 10 -22.3797 
17.1773 10 -22.7663 
16.0877 10 -23.4286 
16.5075 10 -23.3111 
9.91 10 -25.3531 
23.1505 10 -16.793 
22.8528 10 -17.1116 
23.3509 10 -16.4064 
17.0397 10 -20.7515 
16.7019 10 -20.4766 
20.8334 10 -17.111 
21.6251 10 -17.4552 
17.291 10 -21.1078 
21.2059 10 -17.3377 
15.0391 10 -20.4763 
17.4367 10 -21.518 
15.2327 10 -23.311 
9.65051 10 -26.6013 
16.8795 10 -23.0849 
48.5 11.4645 34.5355 
48.5 15 36 
48.5 10.9549 33.9389 
48.5 15 -10 
48.5 22.9805 -10 
48.5 25.2795 -16.6952 
48.5 76.9038 38.8361 
48.5 90.1898 40.6924 
48.5 83.3392 35.887 
48.5 78.77 -38.1165 
48.5 90.1898 -40.6924 
48.5 72.5478 -48 
48.5 34.5238 -41.0987 
48.5 28.3013 -36 
48.5 38.4106 -33.1198 
48.5 12.0611 -35.0451 
48.5 11.4645 -34.5355 
48.5 15 -36 
48.5 44.4354 -36.8364 
48.5 51.007 -39.4681 
48.5 41.4834 -45.1335 
48.5 49 -48 
48.5 57.9318 -40.9375 
48.5 72.0207 -40.2516 
48.5 65.0058 -41.2012 
48.5 90.6902 -30.5747 
48.5 103.692 -27.1898 
48.5 85.0549 -34.8589 
48.5 95.5101 -25.3901 
48.5 99.3725 -19.4577 
48.5 102.164 -12.9523 
48.5 111 -9.54779 
48.5 104.238 1.00007 
48.5 111 9.54779 
48.5 103.802 -6.06542 
48.5 101.49 14.8355 
48.5 103.692 27.1898 
48.5 103.46 8.03611 
48.5 94.2411 26.9361 
48.5 98.3866 21.1979 
48.5 89.1756 31.881 
48.5 63.0062 41.25 
48.5 72.5478 48 
48.5 70.059 40.6415 
48.5 49 48 
48.5 56.1998 40.6856 
48.5 10 31 
48.5 15 10 
48.5 14.2178 9.93844 
48.5 41.4834 45.1335 
48.5 49.5798 39.0059 
48.5 12.0611 35.0451 
48.5 12.73 35.455 
48.5 25.179 16.4662 
48.5 12.0611 9.04508 
48.5 11.4645 8.53553 
48.5 10.0616 5.78217 
48.5 10.2447 6.54508 
48.5 13.4549 9.75528 
48.5 22.9805 10 
48.5 28.4144 22.4811 
48.5 12.73 9.45503 
48.5 13.4549 35.7553 
48.5 14.2178 35.9384 
48.5 10.9549 7.93893 
48.5 10.545 7.26995 
48.5 10 5 
48.5 13.4549 -35.7553 
48.5 12.73 -35.455 
48.5 10.545 33.27 
48.5 10.2447 32.5451 
48.5 10.0616 31.7822 
48.5 28.3013 36 
48.5 32.5979 27.8797 
48.5 43.3277 36.2569 
48.5 34.5238 41.0987 
48.5 37.6148 32.5139 
48.5 33.1099 -28.4279 
48.5 28.6895 -22.8987 
48.5 14.2178 -35.9384 
48.5 10.9549 -33.9389 
48.5 10.545 -33.27 
48.5 10.2447 -32.5451 
48.5 10.0616 -31.7822 
48.5 10 -31 
48.5 10.0616 -5.78217 
48.5 10 -5 
48.5 10.545 -7.26995 
48.5 10.2447 -6.54508 
48.5 11.4645 -8.53553 
48.5 10.9549 -7.93893 
48.5 12.73 -9.45503 
48.5 12.0611 -9.04508 
48.5 14.2178 -9.93844 
48.5 13.4549 -9.75528 
-9.67604 0 28.1854 
-4.90492 0 29.3936 
-9.60778 2.5 28.2087 
-9.60778 10 28.2087 
-14.1282 10 26.238 
-4.83592 2.5 29.405 
-24.9476 0 16.2991 
-21.9246 0 20.183 
-24.9291 10 16.3272 
-21.8952 10 20.2148 
-18.3035 0 23.5164 
-18.2618 10 23.5488 
-28.8881 0 7.31547 
-29.6978 10 2.46566 
-29.6982 0 2.46086 
-27.2804 10 11.9925 
-28.8846 10 7.32945 
-27.29 0 11.9705 
-27.2804 10 -11.9925 
-24.9476 0 -16.2991 
-27.29 0 -11.9705 
-28.8846 10 -7.32945 
-29.6982 0 -2.46086 
-29.6978 10 -2.46566 
-9.60778 2.5 -28.2087 
-4.90492 0 -29.3936 
-9.67604 0 -28.1854 
-21.9246 0 -20.183 
-24.9291 10 -16.3272 
-21.8952 10 -20.2148 
-18.3035 0 -23.5164 
-18.2618 10 -23.5488 
-14.1832 0 -26.2083 
-14.1282 10 -26.238 
-9.60778 10 -28.2087 
-4.86934 2.5 -29.3995 
-7.29889e-15 0 -29.8 
-3.37666e-14 2.5 -29.8 
-28.8881 0 -7.31547 
-14.1832 0 26.2083 
1.68833e-14 0 29.8 
0.0677157 2.5 29.7999 
4.96946 2.5 29.3827 
4.90492 0 29.3936 
18.3035 0 23.5164 
14.2366 2.5 26.1792 
14.1832 0 26.2083 
9.73572 2.5 28.1647 
9.67604 0 28.1854 
24.9762 2.5 16.2544 
21.9621 2.5 20.1417 
24.9476 0 16.2991 
18.3494 2.5 23.4803 
21.9246 0 20.183 
28.8991 2.5 7.26946 
28.8881 0 7.31547 
29.6982 0 2.46086 
27.29 0 11.9705 
27.3097 2.5 11.9243 
29.6941 2.5 -2.50152 
28.8881 0 -7.31547 
28.8782 2.5 -7.35146 
29.6982 0 -2.46086 
29.7012 2.5 2.41679 
24.9476 0 -16.2991 
21.9246 0 -20.183 
24.9306 2.5 -16.3234 
27.2758 2.5 -12.001 
27.29 0 -11.9705 
14.1832 0 -26.2083 
14.1687 2.5 -26.2154 
18.2866 2.5 -23.5286 
21.9068 2.5 -20.2011 
18.3035 0 -23.5164 
9.67604 0 -28.1854 
9.66539 2.5 -28.1885 
4.90274 2.5 -29.3939 
4.90492 0 -29.3936 
-8.03533 0 -4.05347 
-20.6744 0 -14.7779 
-7.23463 0 -5.35328 
-14.8601 0 20.6026 
-15.2327 0 20.376 
-5.65551 0 7.00092 
-2.99974 0 8.48522 
-8.12514 0 24.0935 
-4.3909 0 7.85603 
-21.0124 0 -14.503 
-1.52195 0 8.87028 
-7.70591 0 24.211 
-20.3357 0 15.3347 
-6.75726 0 5.94454 
7.70621 0 24.2109 
1.52044 0 8.87063 
2.9972 0 8.48624 
7.03641 0 24.7557 
-7.03617 0 24.7561 
0 0 9 
8.12595 0 24.0934 
14.5631 0 20.9206 
8.56178 0 24.0935 
-24.0823 0 -8.45216 
22.8536 0 -17.111 
21.9246 0 -20.183 
24.9476 0 -16.2991 
-7.29889e-15 0 -29.8 
6.74723 0 -25.7881 
6.77692 0 -25.3531 
-6.92308 0 -24.942 
-6.77694 0 -25.3529 
-20.8334 0 14.6294 
-8.35143 0 3.35455 
-7.66458 0 4.71732 
-29.6982 0 2.46086 
-25.041 0 6.87597 
-25.4602 0 6.75847 
-21.2059 0 14.4027 
-24.112 0 8.66904 
-20.2769 0 -15.5446 
-20.2472 0 -15.9789 
-15.8702 0 -20.2435 
4.90492 0 -29.3936 
9.67604 0 -28.1854 
8.12595 0 -27.2637 
-8.77554 0 -24.138 
-14.3037 0 -21.5179 
-9.17511 0 -24.3117 
-15.439 0 -20.3027 
-15.0391 0 -20.4763 
-6.22593 0 -6.49891 
-15.6519 0 -23.4285 
-14.1832 0 -26.2083 
-15.2327 0 -23.311 
-24.5094 0 -7.25115 
-24.6684 0 7.10265 
-24.8474 0 -6.97625 
-24.2581 0 -7.60696 
-24.112 0 -8.01787 
-8.60493 0 -2.63679 
-6.7472 0 -25.7872 
-4.90492 0 -29.3936 
9.90998 0 -25.3529 
14.1832 0 -26.2083 
9.76384 0 -24.942 
-24.3712 0 7.42101 
-8.9919 0 0.381825 
-8.79814 0 1.89541 
-5.03828 0 -7.4575 
16.5077 0 -23.311 
16.0885 0 -23.4285 
24.3715 0 -9.26628 
24.1711 0 -8.87966 
21.4114 0 -14.3297 
-20.4231 0 -15.1337 
-8.92693 0 -1.14391 
4.38786 0 7.85784 
-24.1708 0 7.80795 
8.981 0 -27.146 
9.35355 0 -26.9193 
-9.85089 0 -26.2147 
-9.67604 0 -28.1854 
-14.3625 0 -22.379 
-9.51294 0 -24.5866 
-14.2739 0 -21.9522 
6.92264 0 -24.9429 
-7.03617 0 -26.601 
-7.33336 0 -26.9193 
6.83603 0 -26.2147 
7.33412 0 -26.92 
7.03641 0 -26.6013 
7.70621 0 -27.1461 
8.56178 0 -27.2635 
9.65074 0 -26.601 
9.85117 0 -26.214 
9.93972 0 -25.7872 
14.4494 0 -21.1078 
8.77464 0 -24.1378 
14.3037 0 -21.518 
8.34346 0 -24.0785 
9.17456 0 -24.3113 
14.274 0 -21.953 
-0.762964 0 -8.9676 
-2.26697 0 -8.7098 
-7.51236 0 -24.3113 
7.91137 0 -24.138 
3.70872 0 -8.20016 
-21.9246 0 -20.183 
-20.8334 0 -17.111 
-21.2059 0 -17.3377 
7.17397 0 -24.5866 
-7.17438 0 -24.5862 
-9.91 0 -25.3531 
-9.76427 0 -24.9429 
-14.5629 0 -22.7659 
-16.5075 0 -23.3111 
-16.8795 0 -23.0849 
-18.3035 0 -23.5164 
-16.0877 0 -23.4286 
-17.4664 0 -21.953 
-17.4367 0 -21.518 
-9.93968 0 -25.7881 
-8.56097 0 -27.2637 
-8.12514 0 -27.2635 
-9.3528 0 -26.92 
-9.65051 0 -26.6013 
-8.98071 0 -27.1461 
-7.70591 0 -27.146 
-6.83575 0 -26.214 
-7.91227 0 -24.1378 
-3.70586 0 -8.20157 
-8.34346 0 -24.0785 
-14.4498 0 -21.107 
-24.9476 0 -16.2991 
-22.8528 0 -17.1116 
-23.1505 0 -16.793 
-16.3023 0 -20.3029 
-20.3357 0 -16.4057 
-27.29 0 -11.9705 
-23.2643 0 -15.1346 
-23.0129 0 -14.7783 
-17.291 0 -21.1078 
-22.061 0 -17.4553 
-22.4807 0 -17.3378 
-17.3776 0 -22.3797 
-17.1773 0 -22.7663 
-14.8601 0 -23.0843 
-14.7011 0 -20.7512 
-24.2581 0 9.07996 
-24.3712 0 -9.26591 
-21.4123 0 -14.3294 
-24.1708 0 -8.87896 
-20.5362 0 -16.7926 
-17.0397 0 -20.7515 
-16.7019 0 -20.4766 
-26.5102 0 -6.97663 
-29.6982 0 -2.46086 
-28.8881 0 -7.31547 
-22.2755 0 -14.3297 
-25.041 0 -9.81095 
-22.6751 0 -14.5034 
-26.6879 0 -9.58488 
-26.3158 0 -9.81105 
-25.4602 0 -9.92845 
-23.41 0 -15.5448 
-23.3509 0 -16.4064 
-23.4397 0 -15.9798 
-21.6251 0 -17.4552 
-15.6519 0 20.2585 
-16.0877 0 20.2583 
-20.2472 0 15.7615 
-24.5094 0 9.43577 
-21.6251 0 14.2852 
-24.6684 0 -9.58427 
-21.8435 0 -14.2702 
-27.186 0 -8.87966 
-25.896 0 -9.92859 
-25.896 0 6.75833 
-26.3158 0 6.87586 
-26.6879 0 7.10203 
-28.8881 0 7.31547 
-26.1106 0 -6.80293 
-25.6785 0 -6.74346 
-27.0993 0 -7.60782 
-26.848 0 -7.25154 
-27.2748 0 -8.45304 
-27.2451 0 -8.01803 
-26.9856 0 -9.26628 
-26.9856 0 7.42064 
-27.186 0 7.80726 
-22.061 0 14.2851 
-27.0993 0 9.0791 
-27.29 0 11.9705 
-25.2473 0 -6.80269 
-27.2451 0 8.66888 
-23.3509 0 15.334 
-23.4397 0 15.7606 
-24.9476 0 16.2991 
-24.8474 0 9.71066 
-22.4807 0 14.4026 
-25.2473 0 9.88422 
-26.5102 0 9.71029 
-26.1106 0 9.88399 
-25.6785 0 9.94346 
-26.848 0 9.43538 
-27.2748 0 8.23388 
-22.8528 0 14.6288 
-24.0823 0 8.23476 
8.60577 0 -2.63446 
24.112 0 -8.01803 
24.2577 0 -7.60782 
7.51181 0 -24.3117 
0.76378 0 -8.96747 
-23.1505 0 14.9474 
-23.0129 0 16.9621 
-22.6751 0 17.237 
-21.9246 0 20.183 
-23.41 0 16.1956 
-21.0124 0 17.2374 
-17.1773 0 20.9206 
-20.4231 0 16.6067 
-16.5075 0 20.3759 
-16.8795 0 20.602 
-22.2755 0 17.4107 
-21.8435 0 17.4702 
-23.2643 0 16.6058 
-17.0397 0 22.9354 
-18.3035 0 23.5164 
-17.291 0 22.5791 
-8.98071 0 24.2109 
-14.2739 0 21.7348 
-14.3625 0 21.308 
-14.5629 0 20.921 
-8.56097 0 24.0934 
-20.2769 0 16.1958 
-9.65051 0 24.7557 
-9.85089 0 25.1423 
-14.4498 0 22.58 
-17.4664 0 21.7339 
-17.3776 0 21.3073 
-20.6744 0 16.9625 
-21.4123 0 17.411 
-14.1832 0 26.2083 
-16.3023 0 23.384 
-15.8702 0 23.4435 
-9.93968 0 25.5689 
-16.7019 0 23.2103 
-17.4367 0 22.1689 
-9.67604 0 28.1854 
-9.51294 0 26.7704 
-9.17511 0 27.0454 
6.22884 0 -6.49611 
15.0386 0 -20.4766 
15.4381 0 -20.3029 
-9.3528 0 24.4371 
-14.3037 0 22.169 
9.76384 0 26.415 
14.1832 0 26.2083 
9.67604 0 28.1854 
-9.76427 0 26.4142 
-9.91 0 26.004 
-14.7011 0 22.9358 
-15.439 0 23.3842 
-15.0391 0 23.2107 
-4.90492 0 29.3936 
-7.91227 0 27.2193 
4.90492 0 29.3936 
7.91137 0 27.2191 
-8.77554 0 27.2191 
-8.34346 0 27.2785 
1.68833e-14 0 29.8 
-6.7472 0 25.5698 
14.274 0 21.7339 
14.3037 0 22.1689 
9.35355 0 24.4377 
6.74723 0 25.5689 
6.83603 0 25.1423 
-6.83575 0 25.143 
-7.33336 0 24.4377 
6.77692 0 26.004 
6.92264 0 26.4142 
8.34346 0 27.2785 
7.17397 0 26.7704 
-6.92308 0 26.415 
-6.77694 0 26.0041 
-7.51236 0 27.0457 
-7.17438 0 26.7708 
16.3014 0 23.3842 
18.3035 0 23.5164 
9.85117 0 25.143 
14.4494 0 22.5791 
7.51181 0 27.0454 
14.8609 0 20.602 
5.65245 0 7.00344 
15.2329 0 20.3759 
14.3628 0 21.3073 
7.33412 0 24.4371 
8.99185 0 0.382247 
24.3715 0 7.42064 
8.79764 0 1.89723 
8.981 0 24.211 
21.9246 0 20.183 
17.4665 0 21.7348 
15.0386 0 23.2103 
14.7007 0 22.9354 
16.8803 0 20.6026 
20.674 0 16.9621 
17.1775 0 20.921 
15.4381 0 23.384 
15.8702 0 23.4435 
9.90998 0 26.0041 
9.93972 0 25.5698 
9.17456 0 27.0457 
9.51254 0 26.7708 
8.77464 0 27.2193 
21.0118 0 17.237 
9.65074 0 24.7561 
16.5077 0 20.376 
20.2769 0 16.1956 
20.4226 0 16.6058 
24.0823 0 8.23388 
20.8341 0 14.6288 
7.66257 0 4.72041 
20.2472 0 15.7606 
16.0885 0 20.2585 
20.5364 0 14.9474 
6.75459 0 5.94753 
20.336 0 15.334 
15.6527 0 20.2583 
23.1507 0 14.9478 
27.29 0 11.9705 
24.9476 0 16.2991 
28.8881 0 -7.31547 
26.5096 0 -6.97625 
26.8476 0 -7.25115 
21.4114 0 17.4107 
23.0125 0 16.9625 
23.2638 0 16.6067 
17.3779 0 21.308 
21.8435 0 17.4702 
17.2906 0 22.58 
17.4367 0 22.169 
16.7013 0 23.2107 
17.0393 0 22.9358 
22.481 0 14.4027 
25.2464 0 9.88399 
22.8536 0 14.6294 
24.8469 0 9.71029 
22.0618 0 14.2852 
24.509 0 9.43538 
26.6886 0 7.10265 
26.3161 0 6.87597 
29.6982 0 2.46086 
21.2062 0 14.4026 
24.112 0 8.66888 
24.2577 0 9.0791 
8.35021 0 3.35726 
8.92716 0 -1.14273 
24.509 0 -7.25154 
21.6259 0 14.2851 
29.6982 0 -2.46086 
25.0413 0 6.87586 
25.2464 0 -6.80293 
27.2748 0 8.23476 
27.1862 0 7.80795 
28.8881 0 7.31547 
25.6785 0 9.94346 
23.4397 0 15.7615 
23.3512 0 15.3347 
23.41 0 16.1958 
22.2746 0 17.411 
22.6746 0 17.2374 
27.1862 0 -8.87896 
26.9858 0 -9.26591 
27.29 0 -11.9705 
24.6692 0 7.10203 
24.8469 0 -6.97663 
8.03695 0 -4.05051 
23.4397 0 -15.9789 
23.41 0 -15.5446 
25.6785 0 -6.74346 
25.8968 0 6.75847 
25.461 0 6.75833 
26.9858 0 7.42101 
27.0989 0 9.07996 
27.245 0 8.66904 
26.8476 0 9.43577 
26.1097 0 9.88422 
26.5096 0 9.71066 
21.8435 0 -14.2702 
24.6692 0 -9.58488 
20.4226 0 -15.1346 
21.0118 0 -14.5034 
24.0823 0 -8.45304 
2.26907 0 -8.70913 
25.0413 0 -9.81105 
22.2746 0 -14.3294 
22.6746 0 -14.503 
17.4367 0 -21.5179 
17.4665 0 -21.9522 
23.2638 0 -15.1337 
25.8968 0 -9.92845 
25.461 0 -9.92859 
23.0125 0 -14.7779 
26.6886 0 -9.58427 
26.3161 0 -9.81095 
27.2748 0 -8.45216 
27.0989 0 -7.60696 
27.245 0 -8.01787 
26.1097 0 -6.80269 
20.336 0 -16.4064 
20.2472 0 -15.9798 
16.3014 0 -20.3027 
20.674 0 -14.7783 
7.23699 0 -5.35018 
15.8702 0 -20.2435 
20.2769 0 -15.5448 
17.0393 0 -20.7512 
17.2906 0 -21.107 
14.7007 0 -20.7515 
21.2062 0 -17.3378 
20.8341 0 -17.1116 
18.3035 0 -23.5164 
17.3779 0 -22.379 
17.1775 0 -22.7659 
22.0618 0 -17.4552 
21.6259 0 -17.4553 
22.481 0 -17.3377 
23.3512 0 -16.4057 
23.1507 0 -16.7926 
16.7013 0 -20.4763 
20.5364 0 -16.793 
14.5631 0 -22.7663 
14.3628 0 -22.3797 
5.04139 0 -7.45532 
9.51254 0 -24.5862 
14.8609 0 -23.0849 
15.6527 0 -23.4286 
15.2329 0 -23.3111 
16.8803 0 -23.0843 
-20.5362 0 14.9478 
24.1711 0 7.80726 
52.9685 61.2865 -48 
48.5 49 -48 
52.6246 61.548 -48 
52.0263 62.6768 -48 
52.1419 62.2603 -48 
53.5705 64.9533 -48 
48.5 72.5478 -48 
54 65 -48 
54.8403 64.8149 -48 
54.4305 64.9531 -48 
62 72.5478 -48 
52.003 63.1085 -48 
52.79 64.5924 -48 
53.1608 64.8154 -48 
52.2332 63.9373 -48 
52.4758 64.2949 -48 
52.0731 63.5356 -48 
52.3444 61.8781 -48 
53.3608 61.1049 -48 
53.7834 61.0118 -48 
48.5 2.5 -48 
55.8577 62.2592 -48 
55.9735 62.676 -48 
62 2.5 -48 
54.216 61.0117 -48 
54.6381 61.1045 -48 
55.0306 61.286 -48 
55.6552 61.8773 -48 
55.3753 61.5479 -48 
55.9971 63.1082 -48 
55.7673 63.9362 -48 
55.9272 63.5346 -48 
55.2106 64.592 -48 
55.5245 64.2945 -48 
62 54.0731 -1.14391 
62 54.0081 0.381825 
62 22.9805 -5 
62 55.3354 4.71732 
62 56.2427 5.94454 
62 22.4355 7.26995 
62 72.5478 48 
62 20.2504 9.45503 
62 20.9194 9.04508 
62 12.73 9.45503 
62 13.4549 9.75528 
62 2.5 48 
62 18.7626 9.93844 
62 19.5256 9.75528 
62 63 9 
62 64.5204 8.87063 
62 10 5 
62 10.0616 5.78217 
62 9.1801 4.75805 
62 2.5 -48 
62 15 -10 
62 14.2178 -9.93844 
62 10.9549 -7.93893 
62 7.12804 -3.26427 
62 13.4549 -9.75528 
62 12.73 -9.45503 
62 6.28987 -1.77869 
62 6.64553 -2.55815 
62 6.07341 -0.953595 
62 5.99775 -0.101039 
62 6 0.101021 
62 6.29017 1.77957 
62 6.07308 0.952746 
62 7.12702 3.2633 
62 6.64494 2.55734 
62 8.41339 4.37998 
62 10.2447 6.54508 
62 7.7223 3.87682 
62 10.9549 7.93893 
62 65.9972 8.48624 
62 15 10 
62 17.9805 10 
62 10.545 7.26995 
62 12.0611 9.04508 
62 11.4645 8.53553 
62 14.2178 9.93844 
62 57.3445 7.00092 
62 22.0256 7.93893 
62 54.2019 1.89541 
62 54.6486 3.35455 
62 22.9805 5 
62 22.9189 5.78217 
62 22.7358 6.54508 
62 21.516 8.53553 
62 22.9189 -5.78217 
62 54.3951 -2.63679 
62 67.3879 7.85784 
62 90.1898 40.6924 
62 56.7741 -6.49891 
62 22.0256 -7.93893 
62 21.516 -8.53553 
62 57.9617 -7.4575 
62 68.6525 7.00344 
62 69.7546 5.94753 
62 103.692 27.1898 
62 71.7976 1.89723 
62 111 9.54779 
62 71.3502 3.35726 
62 20.9194 -9.04508 
62 71.9918 0.382247 
62 71.9272 -1.14273 
62 111 -9.54779 
62 71.0369 -4.05051 
62 103.692 -27.1898 
62 59.2941 -8.20157 
62 72.5478 -48 
62 20.2504 -9.45503 
62 19.5256 -9.75528 
62 8.41502 -4.38075 
62 10.2447 -6.54508 
62 9.17994 -4.75799 
62 18.7626 -9.93844 
62 17.9805 -10 
62 7.72195 -3.87651 
62 10.545 -7.26995 
62 11.4645 -8.53553 
62 12.0611 -9.04508 
62 10 -5 
62 10.0616 -5.78217 
62 55.7654 -5.35328 
62 22.4355 -7.26995 
62 54.9647 -4.05347 
62 22.7358 -6.54508 
62 70.6626 4.72041 
62 71.6058 -2.63446 
62 70.237 -5.35018 
62 69.2288 -6.49611 
62 68.0414 -7.45532 
62 90.1898 -40.6924 
62 66.7087 -8.20016 
62 65.2691 -8.70913 
62 62.237 -8.9676 
62 60.733 -8.7098 
62 63.7638 -8.96747 
62 58.6091 7.85603 
62 60.0003 8.48522 
62 61.478 8.87028 
52.1419 63.7397 48 
48.5 72.5478 48 
52.0263 63.3232 48 
55.2106 61.408 48 
54.8403 61.1851 48 
62 2.5 48 
55.0306 64.714 48 
55.3753 64.4521 48 
62 72.5478 48 
48.5 49 48 
48.5 2.5 48 
53.5705 61.0467 48 
54 61 48 
52.003 62.8915 48 
52.79 61.4076 48 
53.1608 61.1846 48 
52.2332 62.0627 48 
52.4758 61.7051 48 
52.0731 62.4644 48 
52.9685 64.7135 48 
53.3608 64.8951 48 
52.6246 64.452 48 
52.3444 64.1219 48 
53.7834 64.9882 48 
54.216 64.9883 48 
54.6381 64.8955 48 
55.9272 62.4654 48 
55.9971 62.8918 48 
55.8577 63.7408 48 
55.6552 64.1227 48 
55.9735 63.324 48 
55.7673 62.0638 48 
55.5245 61.7055 48 
54.4305 61.0469 48 
48.5 2.5 -48 
27.2758 2.5 -12.001 
24.9306 2.5 -16.3234 
28.8782 2.5 -7.35146 
29.7012 2.5 2.41679 
29.6941 2.5 -2.50152 
62 2.5 -48 
24.9762 2.5 16.2544 
48.5 2.5 48 
21.9621 2.5 20.1417 
-3.37666e-14 2.5 -29.8 
-4.86934 2.5 -29.3995 
-9.60778 2.5 -28.2087 
9.66539 2.5 -28.1885 
4.90274 2.5 -29.3939 
18.2866 2.5 -23.5286 
14.1687 2.5 -26.2154 
21.9068 2.5 -20.2011 
62 2.5 48 
28.8991 2.5 7.26946 
27.3097 2.5 11.9243 
14.2366 2.5 26.1792 
18.3494 2.5 23.4803 
4.96946 2.5 29.3827 
9.73572 2.5 28.1647 
-4.83592 2.5 29.405 
0.0677157 2.5 29.7999 
-9.60778 2.5 28.2087 
59 43.3277 36.2569 
48.5 37.6148 32.5139 
48.5 43.3277 36.2569 
48.5 63.0062 41.25 
52.7515 61.4378 41.2203 
53.1311 61.1989 41.2106 
59 37.6148 32.5139 
59 28.4144 22.4811 
48.5 25.179 16.4662 
48.5 28.4144 22.4811 
48.5 49.5798 39.0059 
59 49.5798 39.0059 
54 61.0002 41.2015 
59 56.1998 40.6856 
48.5 56.1998 40.6856 
54.4453 61.0502 41.2039 
53.5541 61.0504 41.2039 
52.4344 61.7557 41.2312 
52.1966 62.1357 41.2409 
52.056 62.5618 41.2473 
52 63.0062 41.25 
59 32.5979 27.8797 
48.5 32.5979 27.8797 
59 25.179 16.4662 
48.5 22.9805 10 
59 22.9805 10 
54.8685 61.1985 41.2106 
55.2485 61.4376 41.2203 
55.5653 61.7552 41.2312 
59 63.0062 41.25 
55.8034 62.1354 41.2409 
55.9507 62.5593 41.2476 
56 63.0062 41.25 
59 65.9997 8.48522 
59 83.3392 35.887 
59 67.3909 7.85603 
59 22.9805 10 
59 19.5256 9.75528 
59 18.7626 9.93844 
59 76.9038 38.8361 
59 22.9805 -10 
59 20.9194 -9.04508 
59 21.516 -8.53553 
59 20.2504 9.45503 
59 17.9805 10 
59 21.516 8.53553 
59 20.9194 9.04508 
59 22.4355 7.26995 
59 22.0256 7.93893 
59 22.9189 5.78217 
59 22.7358 6.54508 
59 54.2024 1.89723 
59 22.9805 5 
59 60.7309 -8.70913 
59 62.2362 -8.96747 
59 57.9318 -40.9375 
59 51.007 -39.4681 
59 44.4354 -36.8364 
59 22.7358 -6.54508 
59 22.9189 -5.78217 
59 56.7712 -6.49611 
59 57.9586 -7.45532 
59 33.1099 -28.4279 
59 22.0256 -7.93893 
59 22.4355 -7.26995 
59 20.2504 -9.45503 
59 19.5256 -9.75528 
59 18.7626 -9.93844 
59 17.9805 -10 
59 38.4106 -33.1198 
59 59.2913 -8.20016 
59 69.2259 -6.49891 
59 90.6902 -30.5747 
59 68.0383 -7.4575 
59 63.763 -8.9676 
59 65.0058 -41.2012 
59 71.0353 -4.05347 
59 99.3725 -19.4577 
59 70.2346 -5.35328 
59 95.5101 -25.3901 
59 66.7059 -8.20157 
59 85.0549 -34.8589 
59 71.6049 -2.63679 
59 102.164 -12.9523 
59 71.9269 -1.14391 
59 103.802 -6.06542 
59 71.9919 0.381825 
59 104.238 1.00007 
59 78.77 -38.1165 
59 65.267 -8.7098 
59 71.7981 1.89541 
59 103.46 8.03611 
59 72.0207 -40.2516 
59 101.49 14.8355 
59 70.6646 4.71732 
59 98.3866 21.1979 
59 71.3514 3.35455 
59 89.1756 31.881 
59 94.2411 26.9361 
59 68.6555 7.00092 
59 69.7573 5.94454 
59 28.6895 -22.8987 
59 64.522 8.87028 
59 70.059 40.6415 
59 63 9 
59 61.4796 8.87063 
59 60.0028 8.48624 
59 49.5798 39.0059 
59 37.6148 32.5139 
59 43.3277 36.2569 
59 58.6121 7.85784 
59 63.0062 41.25 
59 56.1998 40.6856 
59 56.2454 5.94753 
59 32.5979 27.8797 
59 57.3476 7.00344 
59 25.179 16.4662 
59 54.6498 3.35726 
59 55.3374 4.72041 
59 28.4144 22.4811 
59 54.3942 -2.63446 
59 22.9805 -5 
59 54.0728 -1.14273 
59 54.0082 0.382247 
59 55.763 -5.35018 
59 54.9631 -4.05051 
59 25.2795 -16.6952 
48.5 34.5238 41.0987 
44.8712 40.9421 44.8712 
48.5 41.4834 45.1335 
48.5 28.3013 36 
40.9258 34.276 40.9258 
47.7417 48.1431 47.7417 
48.5 49 48 
36 28.3013 36 
48.5 41.4834 -45.1335 
48.5 49 -48 
47.7417 48.1431 -47.7417 
48.5 28.3013 -36 
40.9306 34.2832 -40.9306 
36 28.3013 -36 
48.5 34.5238 -41.0987 
44.8752 40.9499 -44.8752 
29.475 22.6116 -36 
28.3105 21.7869 -41.1235 
22.0701 18.135 -36 
34.7601 27.0593 -43.3202 
21.075 17.6586 -38.6592 
13.9999 15.0004 -35.9981 
36 28.3013 -36 
13.2546 14.7888 -35.9955 
40.2449 33.3293 -45.1883 
40.9306 34.2832 -40.9306 
44.6125 40.4229 -46.6759 
47.7417 48.1431 -47.7417 
44.8752 40.9499 -44.8752 
40.2449 33.3293 45.1883 
36 28.3013 36 
34.7601 27.0593 43.3202 
44.6125 40.4229 46.6759 
40.9258 34.276 40.9258 
44.8712 40.9421 44.8712 
29.472 22.6098 36 
47.7417 48.1431 47.7417 
28.3105 21.7869 41.1235 
22.0664 18.1327 36 
21.075 17.6586 38.6592 
13.2546 14.7888 35.9955 
13.9999 15.0004 35.9981 
48.5 15 -36 
13.9999 15.0004 -35.9981 
13.2546 14.7888 -35.9955 
48.5 14.2178 -35.9384 
48.5 12.0611 -35.0451 
48.5 12.73 -35.455 
11.1318 12.403 -35.2725 
48.5 13.4549 -35.7553 
12.8181 13.7739 -35.8469 
12.0433 13.001 -35.583 
48.5 10.545 -33.27 
3.9297 10.3429 -32.8195 
48.5 10.2447 -32.5451 
48.5 11.4645 -34.5355 
8.13186 11.2011 -34.2508 
48.5 10.9549 -33.9389 
1.79738 10.121 -32.0933 
0.728671 10.0535 -31.7293 
48.5 10.0616 -31.7822 
48.5 10 -31 
-0.341941 10.0133 -31.3646 
-1.41244 9.99973 -31 
2.86487 10.217 -32.4568 
4.99083 10.5008 -33.1809 
6.04611 10.6935 -33.5404 
7.09266 10.9246 -33.8968 
9.15944 11.531 -34.6007 
10.1632 11.9251 -34.9426 
48.5 11.4645 34.5355 
8.13455 11.2018 34.2517 
9.16086 11.5314 34.6012 
48.5 15 36 
48.5 14.2178 35.9384 
13.2546 14.7888 35.9955 
7.09275 10.9247 33.8968 
48.5 10.9549 33.9389 
6.04526 10.6932 33.5401 
48.5 10.545 33.27 
4.99135 10.5007 33.1811 
3.93048 10.3429 32.8198 
48.5 10.2447 32.5451 
2.86554 10.2169 32.4571 
48.5 10.0616 31.7822 
1.79801 10.121 32.0935 
-0.341618 10.0133 31.3647 
0.728562 10.0534 31.7292 
48.5 10 31 
-1.41244 9.99973 31 
10.1646 11.9255 34.9431 
11.1329 12.4032 35.2729 
48.5 12.0611 35.0451 
48.5 12.73 35.455 
12.0437 13.0009 35.5831 
12.8207 13.7738 35.8478 
48.5 13.4549 35.7553 
13.9999 15.0004 35.9981 
7.51236 10 -24.3113 
7.91137 0 -24.138 
7.51181 0 -24.3117 
8.34346 0 -24.0785 
7.91227 10 -24.1378 
8.34346 10 -24.0785 
6.92264 0 -24.9429 
6.77692 0 -25.3531 
6.77694 10 -25.3529 
6.92308 10 -24.942 
7.17438 10 -24.5862 
7.17397 0 -24.5866 
7.03617 10 -26.601 
6.83603 0 -26.2147 
7.03641 0 -26.6013 
6.83575 10 -26.214 
6.7472 10 -25.7872 
6.74723 0 -25.7881 
8.12595 0 -27.2637 
8.12514 10 -27.2635 
7.70621 0 -27.1461 
7.33412 0 -26.92 
7.70591 10 -27.146 
7.33336 10 -26.9193 
8.981 0 -27.146 
9.35355 0 -26.9193 
9.3528 10 -26.92 
8.56097 10 -27.2637 
8.56178 0 -27.2635 
8.98071 10 -27.1461 
9.93968 10 -25.7881 
9.85117 0 -26.214 
9.93972 0 -25.7872 
9.85089 10 -26.2147 
9.65051 10 -26.6013 
9.65074 0 -26.601 
9.91 10 -25.3531 
9.90998 0 -25.3529 
9.76427 10 -24.9429 
9.76384 0 -24.942 
9.51294 10 -24.5866 
9.17511 10 -24.3117 
9.51254 0 -24.5862 
9.17456 0 -24.3113 
8.77554 10 -24.138 
8.77464 0 -24.1378 
-9.17456 10 -24.3113 
-8.77554 0 -24.138 
-9.17511 0 -24.3117 
-8.34346 0 -24.0785 
-8.77464 10 -24.1378 
-8.34346 10 -24.0785 
-9.76427 0 -24.9429 
-9.91 0 -25.3531 
-9.90998 10 -25.3529 
-9.76384 10 -24.942 
-9.51254 10 -24.5862 
-9.51294 0 -24.5866 
-9.65074 10 -26.601 
-9.85089 0 -26.2147 
-9.65051 0 -26.6013 
-9.85117 10 -26.214 
-9.93972 10 -25.7872 
-9.93968 0 -25.7881 
-8.56097 0 -27.2637 
-8.56178 10 -27.2635 
-8.98071 0 -27.1461 
-9.3528 0 -26.92 
-8.981 10 -27.146 
-9.35355 10 -26.9193 
-7.70591 0 -27.146 
-7.33336 0 -26.9193 
-7.33412 10 -26.92 
-8.12595 10 -27.2637 
-8.12514 0 -27.2635 
-7.70621 10 -27.1461 
-6.74723 10 -25.7881 
-6.83575 0 -26.214 
-6.7472 0 -25.7872 
-6.83603 10 -26.2147 
-7.03641 10 -26.6013 
-7.03617 0 -26.601 
-6.77692 10 -25.3531 
-6.77694 0 -25.3529 
-6.92264 10 -24.9429 
-6.92308 0 -24.942 
-7.17397 10 -24.5866 
-7.51181 10 -24.3117 
-7.17438 0 -24.5862 
-7.51236 0 -24.3113 
-7.91137 10 -24.138 
-7.91227 0 -24.1378 
-16.7013 10 -20.4763 
-16.3023 0 -20.3029 
-16.7019 0 -20.4766 
-15.8702 0 -20.2435 
-16.3014 10 -20.3027 
-15.8702 10 -20.2435 
-17.291 0 -21.1078 
-17.4367 0 -21.518 
-17.4367 10 -21.5179 
-17.2906 10 -21.107 
-17.0393 10 -20.7512 
-17.0397 0 -20.7515 
-17.1775 10 -22.7659 
-17.3776 0 -22.3797 
-17.1773 0 -22.7663 
-17.3779 10 -22.379 
-17.4665 10 -21.9522 
-17.4664 0 -21.953 
-16.0877 0 -23.4286 
-16.0885 10 -23.4285 
-16.5075 0 -23.3111 
-16.8795 0 -23.0849 
-16.5077 10 -23.311 
-16.8803 10 -23.0843 
-15.2327 0 -23.311 
-14.8601 0 -23.0843 
-14.8609 10 -23.0849 
-15.6527 10 -23.4286 
-15.6519 0 -23.4285 
-15.2329 10 -23.3111 
-14.274 10 -21.953 
-14.3625 0 -22.379 
-14.2739 0 -21.9522 
-14.3628 10 -22.3797 
-14.5631 10 -22.7663 
-14.5629 0 -22.7659 
-14.3037 10 -21.518 
-14.3037 0 -21.5179 
-14.4494 10 -21.1078 
-14.4498 0 -21.107 
-14.7007 10 -20.7515 
-15.0386 10 -20.4766 
-14.7011 0 -20.7512 
-15.0391 0 -20.4763 
-15.4381 10 -20.3029 
-15.439 0 -20.3027 
-22.6746 10 -14.503 
-22.2755 0 -14.3297 
-22.6751 0 -14.5034 
-21.8435 0 -14.2702 
-22.2746 10 -14.3294 
-21.8435 10 -14.2702 
-23.2643 0 -15.1346 
-23.41 0 -15.5448 
-23.41 10 -15.5446 
-23.2638 10 -15.1337 
-23.0125 10 -14.7779 
-23.0129 0 -14.7783 
-23.1507 10 -16.7926 
-23.3509 0 -16.4064 
-23.1505 0 -16.793 
-23.3512 10 -16.4057 
-23.4397 10 -15.9789 
-23.4397 0 -15.9798 
-22.061 0 -17.4553 
-22.0618 10 -17.4552 
-22.4807 0 -17.3378 
-22.8528 0 -17.1116 
-22.481 10 -17.3377 
-22.8536 10 -17.111 
-21.2059 0 -17.3377 
-20.8334 0 -17.111 
-20.8341 10 -17.1116 
-21.6259 10 -17.4553 
-21.6251 0 -17.4552 
-21.2062 10 -17.3378 
-20.2472 10 -15.9798 
-20.3357 0 -16.4057 
-20.2472 0 -15.9789 
-20.336 10 -16.4064 
-20.5364 10 -16.793 
-20.5362 0 -16.7926 
-20.2769 10 -15.5448 
-20.2769 0 -15.5446 
-20.4226 10 -15.1346 
-20.4231 0 -15.1337 
-20.674 10 -14.7783 
-21.0118 10 -14.5034 
-20.6744 0 -14.7779 
-21.0124 0 -14.503 
-21.4114 10 -14.3297 
-21.4123 0 -14.3294 
-26.5096 10 -6.97625 
-26.1106 0 -6.80293 
-26.5102 0 -6.97663 
-25.6785 0 -6.74346 
-26.1097 10 -6.80269 
-25.6785 10 -6.74346 
-27.0993 0 -7.60782 
-27.2451 0 -8.01803 
-27.245 10 -8.01787 
-27.0989 10 -7.60696 
-26.8476 10 -7.25115 
-26.848 0 -7.25154 
-26.9858 10 -9.26591 
-27.186 0 -8.87966 
-26.9856 0 -9.26628 
-27.1862 10 -8.87896 
-27.2748 10 -8.45216 
-27.2748 0 -8.45304 
-25.896 0 -9.92859 
-25.8968 10 -9.92845 
-26.3158 0 -9.81105 
-26.6879 0 -9.58488 
-26.3161 10 -9.81095 
-26.6886 10 -9.58427 
-25.041 0 -9.81095 
-24.6684 0 -9.58427 
-24.6692 10 -9.58488 
-25.461 10 -9.92859 
-25.4602 0 -9.92845 
-25.0413 10 -9.81105 
-24.0823 10 -8.45304 
-24.1708 0 -8.87896 
-24.0823 0 -8.45216 
-24.1711 10 -8.87966 
-24.3715 10 -9.26628 
-24.3712 0 -9.26591 
-24.112 10 -8.01803 
-24.112 0 -8.01787 
-24.2577 10 -7.60782 
-24.2581 0 -7.60696 
-24.509 10 -7.25154 
-24.8469 10 -6.97663 
-24.5094 0 -7.25115 
-24.8474 0 -6.97625 
-25.2464 10 -6.80293 
-25.2473 0 -6.80269 
-26.5096 10 9.71066 
-26.1106 0 9.88399 
-26.5102 0 9.71029 
-25.6785 0 9.94346 
-26.1097 10 9.88422 
-25.6785 10 9.94346 
-27.0993 0 9.0791 
-27.2451 0 8.66888 
-27.245 10 8.66904 
-27.0989 10 9.07996 
-26.8476 10 9.43577 
-26.848 0 9.43538 
-26.9858 10 7.42101 
-27.186 0 7.80726 
-26.9856 0 7.42064 
-27.1862 10 7.80795 
-27.2748 10 8.23476 
-27.2748 0 8.23388 
-25.896 0 6.75833 
-25.8968 10 6.75847 
-26.3158 0 6.87586 
-26.6879 0 7.10203 
-26.3161 10 6.87597 
-26.6886 10 7.10265 
-25.041 0 6.87597 
-24.6684 0 7.10265 
-24.6692 10 7.10203 
-25.461 10 6.75833 
-25.4602 0 6.75847 
-25.0413 10 6.87586 
-24.0823 10 8.23388 
-24.1708 0 7.80795 
-24.0823 0 8.23476 
-24.1711 10 7.80726 
-24.3715 10 7.42064 
-24.3712 0 7.42101 
-24.112 10 8.66888 
-24.112 0 8.66904 
-24.2577 10 9.0791 
-24.2581 0 9.07996 
-24.509 10 9.43538 
-24.8469 10 9.71029 
-24.5094 0 9.43577 
-24.8474 0 9.71066 
-25.2464 10 9.88399 
-25.2473 0 9.88422 
-22.6746 10 17.2374 
-22.2755 0 17.4107 
-22.6751 0 17.237 
-21.8435 0 17.4702 
-22.2746 10 17.411 
-21.8435 10 17.4702 
-23.2643 0 16.6058 
-23.41 0 16.1956 
-23.41 10 16.1958 
-23.2638 10 16.6067 
-23.0125 10 16.9625 
-23.0129 0 16.9621 
-23.1507 10 14.9478 
-23.3509 0 15.334 
-23.1505 0 14.9474 
-23.3512 10 15.3347 
-23.4397 10 15.7615 
-23.4397 0 15.7606 
-22.061 0 14.2851 
-22.0618 10 14.2852 
-22.4807 0 14.4026 
-22.8528 0 14.6288 
-22.481 10 14.4027 
-22.8536 10 14.6294 
-21.2059 0 14.4027 
-20.8334 0 14.6294 
-20.8341 10 14.6288 
-21.6259 10 14.2851 
-21.6251 0 14.2852 
-21.2062 10 14.4026 
-20.2472 10 15.7606 
-20.3357 0 15.3347 
-20.2472 0 15.7615 
-20.336 10 15.334 
-20.5364 10 14.9474 
-20.5362 0 14.9478 
-20.2769 10 16.1956 
-20.2769 0 16.1958 
-20.4226 10 16.6058 
-20.4231 0 16.6067 
-20.674 10 16.9621 
-21.0118 10 17.237 
-20.6744 0 16.9625 
-21.0124 0 17.2374 
-21.4114 10 17.4107 
-21.4123 0 17.411 
-16.7013 10 23.2107 
-16.3023 0 23.384 
-16.7019 0 23.2103 
-15.8702 0 23.4435 
-16.3014 10 23.3842 
-15.8702 10 23.4435 
-17.291 0 22.5791 
-17.4367 0 22.1689 
-17.4367 10 22.169 
-17.2906 10 22.58 
-17.0393 10 22.9358 
-17.0397 0 22.9354 
-17.1775 10 20.921 
-17.3776 0 21.3073 
-17.1773 0 20.9206 
-17.3779 10 21.308 
-17.4665 10 21.7348 
-17.4664 0 21.7339 
-16.0877 0 20.2583 
-16.0885 10 20.2585 
-16.5075 0 20.3759 
-16.8795 0 20.602 
-16.5077 10 20.376 
-16.8803 10 20.6026 
-15.2327 0 20.376 
-14.8601 0 20.6026 
-14.8609 10 20.602 
-15.6527 10 20.2583 
-15.6519 0 20.2585 
-15.2329 10 20.3759 
-14.274 10 21.7339 
-14.3625 0 21.308 
-14.2739 0 21.7348 
-14.3628 10 21.3073 
-14.5631 10 20.9206 
-14.5629 0 20.921 
-14.3037 10 22.1689 
-14.3037 0 22.169 
-14.4494 10 22.5791 
-14.4498 0 22.58 
-14.7007 10 22.9354 
-15.0386 10 23.2103 
-14.7011 0 22.9358 
-15.0391 0 23.2107 
-15.4381 10 23.384 
-15.439 0 23.3842 
-9.17456 10 27.0457 
-8.77554 0 27.2191 
-9.17511 0 27.0454 
-8.34346 0 27.2785 
-8.77464 10 27.2193 
-8.34346 10 27.2785 
-9.76427 0 26.4142 
-9.91 0 26.004 
-9.90998 10 26.0041 
-9.76384 10 26.415 
-9.51254 10 26.7708 
-9.51294 0 26.7704 
-9.65074 10 24.7561 
-9.85089 0 25.1423 
-9.65051 0 24.7557 
-9.85117 10 25.143 
-9.93972 10 25.5698 
-9.93968 0 25.5689 
-8.56097 0 24.0934 
-8.56178 10 24.0935 
-8.98071 0 24.2109 
-9.3528 0 24.4371 
-8.981 10 24.211 
-9.35355 10 24.4377 
-7.70591 0 24.211 
-7.33336 0 24.4377 
-7.33412 10 24.4371 
-8.12595 10 24.0934 
-8.12514 0 24.0935 
-7.70621 10 24.2109 
-6.74723 10 25.5689 
-6.83575 0 25.143 
-6.7472 0 25.5698 
-6.83603 10 25.1423 
-7.03641 10 24.7557 
-7.03617 0 24.7561 
-6.77692 10 26.004 
-6.77694 0 26.0041 
-6.92264 10 26.4142 
-6.92308 0 26.415 
-7.17397 10 26.7704 
-7.51181 10 27.0454 
-7.17438 0 26.7708 
-7.51236 0 27.0457 
-7.91137 10 27.2191 
-7.91227 0 27.2193 
7.51236 10 27.0457 
7.91137 0 27.2191 
7.51181 0 27.0454 
8.34346 0 27.2785 
7.91227 10 27.2193 
8.34346 10 27.2785 
6.92264 0 26.4142 
6.77692 0 26.004 
6.77694 10 26.0041 
6.92308 10 26.415 
7.17438 10 26.7708 
7.17397 0 26.7704 
7.03617 10 24.7561 
6.83603 0 25.1423 
7.03641 0 24.7557 
6.83575 10 25.143 
6.7472 10 25.5698 
6.74723 0 25.5689 
8.12595 0 24.0934 
8.12514 10 24.0935 
7.70621 0 24.2109 
7.33412 0 24.4371 
7.70591 10 24.211 
7.33336 10 24.4377 
8.981 0 24.211 
9.35355 0 24.4377 
9.3528 10 24.4371 
8.56097 10 24.0934 
8.56178 0 24.0935 
8.98071 10 24.2109 
9.93968 10 25.5689 
9.85117 0 25.143 
9.93972 0 25.5698 
9.85089 10 25.1423 
9.65051 10 24.7557 
9.65074 0 24.7561 
9.91 10 26.004 
9.90998 0 26.0041 
9.76427 10 26.4142 
9.76384 0 26.415 
9.51294 10 26.7704 
9.17511 10 27.0454 
9.51254 0 26.7708 
9.17456 0 27.0457 
8.77554 10 27.2191 
8.77464 0 27.2193 
15.0391 10 23.2107 
15.4381 0 23.384 
15.0386 0 23.2103 
15.8702 0 23.4435 
15.439 10 23.3842 
15.8702 10 23.4435 
14.4494 0 22.5791 
14.3037 0 22.1689 
14.3037 10 22.169 
14.4498 10 22.58 
14.7011 10 22.9358 
14.7007 0 22.9354 
14.5629 10 20.921 
14.3628 0 21.3073 
14.5631 0 20.9206 
14.3625 10 21.308 
14.2739 10 21.7348 
14.274 0 21.7339 
15.6527 0 20.2583 
15.6519 10 20.2585 
15.2329 0 20.3759 
14.8609 0 20.602 
15.2327 10 20.376 
14.8601 10 20.6026 
16.5077 0 20.376 
16.8803 0 20.6026 
16.8795 10 20.602 
16.0877 10 20.2583 
16.0885 0 20.2585 
16.5075 10 20.3759 
17.4664 10 21.7339 
17.3779 0 21.308 
17.4665 0 21.7348 
17.3776 10 21.3073 
17.1773 10 20.9206 
17.1775 0 20.921 
17.4367 10 22.1689 
17.4367 0 22.169 
17.291 10 22.5791 
17.2906 0 22.58 
17.0397 10 22.9354 
16.7019 10 23.2103 
17.0393 0 22.9358 
16.7013 0 23.2107 
16.3023 10 23.384 
16.3014 0 23.3842 
21.0124 10 17.2374 
21.4114 0 17.4107 
21.0118 0 17.237 
21.8435 0 17.4702 
21.4123 10 17.411 
21.8435 10 17.4702 
20.4226 0 16.6058 
20.2769 0 16.1956 
20.2769 10 16.1958 
20.4231 10 16.6067 
20.6744 10 16.9625 
20.674 0 16.9621 
20.5362 10 14.9478 
20.336 0 15.334 
20.5364 0 14.9474 
20.3357 10 15.3347 
20.2472 10 15.7615 
20.2472 0 15.7606 
21.6259 0 14.2851 
21.6251 10 14.2852 
21.2062 0 14.4026 
20.8341 0 14.6288 
21.2059 10 14.4027 
20.8334 10 14.6294 
22.481 0 14.4027 
22.8536 0 14.6294 
22.8528 10 14.6288 
22.061 10 14.2851 
22.0618 0 14.2852 
22.4807 10 14.4026 
23.4397 10 15.7606 
23.3512 0 15.3347 
23.4397 0 15.7615 
23.3509 10 15.334 
23.1505 10 14.9474 
23.1507 0 14.9478 
23.41 10 16.1956 
23.41 0 16.1958 
23.2643 10 16.6058 
23.2638 0 16.6067 
23.0129 10 16.9621 
22.6751 10 17.237 
23.0125 0 16.9625 
22.6746 0 17.2374 
22.2755 10 17.4107 
22.2746 0 17.411 
24.8474 10 9.71066 
25.2464 0 9.88399 
24.8469 0 9.71029 
25.6785 0 9.94346 
25.2473 10 9.88422 
25.6785 10 9.94346 
24.2577 0 9.0791 
24.112 0 8.66888 
24.112 10 8.66904 
24.2581 10 9.07996 
24.5094 10 9.43577 
24.509 0 9.43538 
24.3712 10 7.42101 
24.1711 0 7.80726 
24.3715 0 7.42064 
24.1708 10 7.80795 
24.0823 10 8.23476 
24.0823 0 8.23388 
25.461 0 6.75833 
25.4602 10 6.75847 
25.0413 0 6.87586 
24.6692 0 7.10203 
25.041 10 6.87597 
24.6684 10 7.10265 
26.3161 0 6.87597 
26.6886 0 7.10265 
26.6879 10 7.10203 
25.896 10 6.75833 
25.8968 0 6.75847 
26.3158 10 6.87586 
27.2748 10 8.23388 
27.1862 0 7.80795 
27.2748 0 8.23476 
27.186 10 7.80726 
26.9856 10 7.42064 
26.9858 0 7.42101 
27.2451 10 8.66888 
27.245 0 8.66904 
27.0993 10 9.0791 
27.0989 0 9.07996 
26.848 10 9.43538 
26.5102 10 9.71029 
26.8476 0 9.43577 
26.5096 0 9.71066 
26.1106 10 9.88399 
26.1097 0 9.88422 
24.8474 10 -6.97625 
25.2464 0 -6.80293 
24.8469 0 -6.97663 
25.6785 0 -6.74346 
25.2473 10 -6.80269 
25.6785 10 -6.74346 
24.2577 0 -7.60782 
24.112 0 -8.01803 
24.112 10 -8.01787 
24.2581 10 -7.60696 
24.5094 10 -7.25115 
24.509 0 -7.25154 
24.3712 10 -9.26591 
24.1711 0 -8.87966 
24.3715 0 -9.26628 
24.1708 10 -8.87896 
24.0823 10 -8.45216 
24.0823 0 -8.45304 
25.461 0 -9.92859 
25.4602 10 -9.92845 
25.0413 0 -9.81105 
24.6692 0 -9.58488 
25.041 10 -9.81095 
24.6684 10 -9.58427 
26.3161 0 -9.81095 
26.6886 0 -9.58427 
26.6879 10 -9.58488 
25.896 10 -9.92859 
25.8968 0 -9.92845 
26.3158 10 -9.81105 
27.2748 10 -8.45304 
27.1862 0 -8.87896 
27.2748 0 -8.45216 
27.186 10 -8.87966 
26.9856 10 -9.26628 
26.9858 0 -9.26591 
27.2451 10 -8.01803 
27.245 0 -8.01787 
27.0993 10 -7.60782 
27.0989 0 -7.60696 
26.848 10 -7.25154 
26.5102 10 -6.97663 
26.8476 0 -7.25115 
26.5096 0 -6.97625 
26.1106 10 -6.80293 
26.1097 0 -6.80269 
21.0124 10 -14.503 
21.4114 0 -14.3297 
21.0118 0 -14.5034 
21.8435 0 -14.2702 
21.4123 10 -14.3294 
21.8435 10 -14.2702 
20.4226 0 -15.1346 
20.2769 0 -15.5448 
20.2769 10 -15.5446 
20.4231 10 -15.1337 
20.6744 10 -14.7779 
20.674 0 -14.7783 
20.5362 10 -16.7926 
20.336 0 -16.4064 
20.5364 0 -16.793 
20.3357 10 -16.4057 
20.2472 10 -15.9789 
20.2472 0 -15.9798 
21.6259 0 -17.4553 
21.6251 10 -17.4552 
21.2062 0 -17.3378 
20.8341 0 -17.1116 
21.2059 10 -17.3377 
20.8334 10 -17.111 
22.481 0 -17.3377 
22.8536 0 -17.111 
22.8528 10 -17.1116 
22.061 10 -17.4553 
22.0618 0 -17.4552 
22.4807 10 -17.3378 
23.4397 10 -15.9798 
23.3512 0 -16.4057 
23.4397 0 -15.9789 
23.3509 10 -16.4064 
23.1505 10 -16.793 
23.1507 0 -16.7926 
23.41 10 -15.5448 
23.41 0 -15.5446 
23.2643 10 -15.1346 
23.2638 0 -15.1337 
23.0129 10 -14.7783 
22.6751 10 -14.5034 
23.0125 0 -14.7779 
22.6746 0 -14.503 
22.2755 10 -14.3297 
22.2746 0 -14.3294 
15.0391 10 -20.4763 
15.4381 0 -20.3029 
15.0386 0 -20.4766 
15.8702 0 -20.2435 
15.439 10 -20.3027 
15.8702 10 -20.2435 
14.4494 0 -21.1078 
14.3037 0 -21.518 
14.3037 10 -21.5179 
14.4498 10 -21.107 
14.7011 10 -20.7512 
14.7007 0 -20.7515 
14.5629 10 -22.7659 
14.3628 0 -22.3797 
14.5631 0 -22.7663 
14.3625 10 -22.379 
14.2739 10 -21.9522 
14.274 0 -21.953 
15.6527 0 -23.4286 
15.6519 10 -23.4285 
15.2329 0 -23.3111 
14.8609 0 -23.0849 
15.2327 10 -23.311 
14.8601 10 -23.0843 
16.5077 0 -23.311 
16.8803 0 -23.0843 
16.8795 10 -23.0849 
16.0877 10 -23.4286 
16.0885 0 -23.4285 
16.5075 10 -23.3111 
17.4664 10 -21.953 
17.3779 0 -22.379 
17.4665 0 -21.9522 
17.3776 10 -22.3797 
17.1773 10 -22.7663 
17.1775 0 -22.7659 
17.4367 10 -21.518 
17.4367 0 -21.5179 
17.291 10 -21.1078 
17.2906 0 -21.107 
17.0397 10 -20.7515 
16.7019 10 -20.4766 
17.0393 0 -20.7512 
16.7013 0 -20.4763 
16.3023 10 -20.3029 
16.3014 0 -20.3027 
-3.03083 10 8.47428 
-2.99974 0 8.48522 
-4.3909 0 7.85603 
-5.32907e-15 10 9 
-1.52195 0 8.87028 
-1.53802 10 8.8676 
-6.75726 0 5.94454 
-7.66458 0 4.71732 
-6.81347 10 5.87997 
-5.70794 10 6.95826 
-4.43457 10 7.83156 
-5.65551 0 7.00092 
-8.82708 10 1.75576 
-8.79814 0 1.89541 
-8.9919 0 0.381825 
-8.39646 10 3.23999 
-7.71855 10 4.62831 
-8.35143 0 3.35455 
-8.03533 0 -4.05347 
-8.5462 10 -2.82155 
-8.60493 0 -2.63679 
-8.92693 0 -1.14391 
-8.90273 10 -1.3194 
-8.99726 10 0.221468 
-6.22593 0 -6.49891 
-5.03828 0 -7.4575 
-6.04515 10 -6.66734 
-7.93809 10 -4.24083 
-7.23463 0 -5.35328 
-7.0962 10 -5.53546 
-1.97244 10 -8.78119 
-2.26697 0 -8.7098 
-0.762964 0 -8.9676 
-3.44405 10 -8.31496 
-4.81576 10 -7.60306 
-3.70586 0 -8.20157 
3.70872 0 -8.20016 
2.61074 10 -8.6129 
2.26907 0 -8.70913 
0.76378 0 -8.96747 
1.10011 10 -8.93244 
-0.442737 10 -8.98907 
6.22884 0 -6.49611 
7.23699 0 -5.35018 
6.5175 10 -6.20647 
4.04475 10 -8.03974 
5.04139 0 -7.45532 
5.35992 10 -7.2297 
8.81587 6.30195 -1.81286 
8.92716 0 -1.14273 
8.94688 6.07672 -0.973814 
8.99943 6 0.101021 
8.99943 6 -0.101021 
8.99185 0 0.382247 
8.60577 0 -2.63446 
8.61985 6.66287 -2.58901 
8.3796 7.14358 -3.28347 
8.03695 0 -4.05051 
8.11931 7.73015 -3.88365 
7.64203 9.1731 -4.75507 
7.86456 8.4094 -4.37732 
8.79764 0 1.89723 
8.94663 6.07697 0.973383 
7.48331 10 -5 
7.66257 0 4.72041 
8.11818 7.73031 3.88376 
8.35021 0 3.35726 
8.37935 7.14419 3.28422 
8.61907 6.66278 2.58845 
7.64119 9.1722 4.75507 
7.86277 8.40947 4.37787 
7.48331 10 5 
5.47894 10 7.14012 
4.38786 0 7.85784 
4.24264 10 7.93725 
5.65245 0 7.00344 
2.9972 0 8.48624 
2.89301 10 8.52235 
6.56887 10 6.15223 
6.75459 0 5.94753 
1.52044 0 8.87063 
0 0 9 
1.46609 10 8.87979 
8.81519 6.30194 1.81171 
59 22.9805 5 
62 22.9805 -5 
62 22.9805 5 
59 22.9805 -5 
59 17.9805 -10 
59 22.9805 -10 
48.5 22.9805 -10 
62 15 -10 
48.5 15 -10 
62 17.9805 -10 
59 17.9805 10 
62 17.9805 10 
62 15 10 
59 22.9805 10 
48.5 22.9805 10 
48.5 15 10 
59 18.7626 -9.93844 
59 17.9805 -10 
62 17.9805 -10 
59 20.9194 -9.04508 
59 20.2504 -9.45503 
62 20.2504 -9.45503 
59 19.5256 -9.75528 
62 18.7626 -9.93844 
62 19.5256 -9.75528 
62 22.0256 -7.93893 
59 22.4355 -7.26995 
59 22.0256 -7.93893 
62 20.9194 -9.04508 
62 21.516 -8.53553 
59 21.516 -8.53553 
62 22.7358 -6.54508 
59 22.9189 -5.78217 
59 22.7358 -6.54508 
62 22.4355 -7.26995 
59 22.9805 -5 
62 22.9189 -5.78217 
62 22.9805 -5 
59 22.9189 5.78217 
59 22.9805 5 
62 22.9805 5 
59 22.0256 7.93893 
59 22.4355 7.26995 
62 22.4355 7.26995 
59 22.7358 6.54508 
62 22.9189 5.78217 
62 22.7358 6.54508 
62 20.9194 9.04508 
59 20.2504 9.45503 
59 20.9194 9.04508 
62 22.0256 7.93893 
62 21.516 8.53553 
59 21.516 8.53553 
62 19.5256 9.75528 
59 18.7626 9.93844 
59 19.5256 9.75528 
62 20.2504 9.45503 
59 17.9805 10 
62 18.7626 9.93844 
62 17.9805 10 
48.5 13.4549 9.75528 
62 14.2178 9.93844 
62 13.4549 9.75528 
62 15 10 
48.5 14.2178 9.93844 
48.5 15 10 
62 12.0611 9.04508 
62 11.4645 8.53553 
48.5 11.4645 8.53553 
48.5 12.0611 9.04508 
48.5 12.73 9.45503 
62 12.73 9.45503 
48.5 10.2447 6.54508 
62 10.545 7.26995 
62 10.2447 6.54508 
48.5 10.545 7.26995 
48.5 10.9549 7.93893 
62 10.9549 7.93893 
62 10.0616 5.78217 
48.5 10.0616 5.78217 
62 10 5 
48.5 10 5 
48.5 10.2447 -6.54508 
62 10.0616 -5.78217 
62 10.2447 -6.54508 
62 10 -5 
48.5 10.0616 -5.78217 
48.5 10 -5 
62 10.9549 -7.93893 
62 11.4645 -8.53553 
48.5 11.4645 -8.53553 
48.5 10.9549 -7.93893 
48.5 10.545 -7.26995 
62 10.545 -7.26995 
48.5 13.4549 -9.75528 
62 12.73 -9.45503 
62 13.4549 -9.75528 
48.5 12.73 -9.45503 
48.5 12.0611 -9.04508 
62 12.0611 -9.04508 
62 14.2178 -9.93844 
48.5 14.2178 -9.93844 
62 15 -10 
48.5 15 -10 
8.99943 6 -0.101021 
62 6 0.101021 
62 5.99775 -0.101039 
8.99943 6 0.101021 
8.61907 6.66278 2.58845 
62 7.12702 3.2633 
62 6.64494 2.55734 
8.81519 6.30194 1.81171 
62 6.29017 1.77957 
8.37935 7.14419 3.28422 
8.94663 6.07697 0.973383 
62 6.07308 0.952746 
8.99943 6 0.101021 
62 6 0.101021 
62 7.7223 3.87682 
62 8.41339 4.37998 
8.11818 7.73031 3.88376 
7.86277 8.40947 4.37787 
7.64119 9.1722 4.75507 
48.5 10 5 
62 9.1801 4.75805 
7.48331 10 5 
62 10 5 
62 8.41502 -4.38075 
7.86456 8.4094 -4.37732 
8.11931 7.73015 -3.88365 
62 9.17994 -4.75799 
48.5 10 -5 
7.48331 10 -5 
62 10 -5 
8.61985 6.66287 -2.58901 
62 6.64553 -2.55815 
62 7.12804 -3.26427 
62 7.72195 -3.87651 
8.3796 7.14358 -3.28347 
8.94688 6.07672 -0.973814 
62 6.07341 -0.953595 
62 6.28987 -1.77869 
8.81587 6.30195 -1.81286 
62 5.99775 -0.101039 
8.99943 6 -0.101021 
7.64203 9.1731 -4.75507 
59 60.0028 8.48624 
62 61.478 8.87028 
62 60.0003 8.48522 
62 63 9 
59 61.4796 8.87063 
59 63 9 
62 57.3445 7.00092 
62 56.2427 5.94454 
59 56.2454 5.94753 
59 57.3476 7.00344 
59 58.6121 7.85784 
62 58.6091 7.85603 
59 54.2024 1.89723 
62 54.6486 3.35455 
62 54.2019 1.89541 
59 54.6498 3.35726 
59 55.3374 4.72041 
62 55.3354 4.71732 
62 54.3951 -2.63679 
59 54.3942 -2.63446 
62 54.0731 -1.14391 
62 54.0081 0.381825 
59 54.0728 -1.14273 
59 54.0082 0.382247 
62 55.7654 -5.35328 
62 56.7741 -6.49891 
59 56.7712 -6.49611 
59 54.9631 -4.05051 
62 54.9647 -4.05347 
59 55.763 -5.35018 
59 60.7309 -8.70913 
62 59.2941 -8.20157 
62 60.733 -8.7098 
59 59.2913 -8.20016 
59 57.9586 -7.45532 
62 57.9617 -7.4575 
62 65.2691 -8.70913 
59 65.267 -8.7098 
62 63.7638 -8.96747 
62 62.237 -8.9676 
59 63.763 -8.9676 
59 62.2362 -8.96747 
62 68.0414 -7.45532 
62 69.2288 -6.49611 
59 69.2259 -6.49891 
59 66.7059 -8.20157 
62 66.7087 -8.20016 
59 68.0383 -7.4575 
59 71.6049 -2.63679 
62 71.0369 -4.05051 
62 71.6058 -2.63446 
59 71.0353 -4.05347 
59 70.2346 -5.35328 
62 70.237 -5.35018 
59 71.7981 1.89541 
59 71.9919 0.381825 
62 71.9918 0.382247 
62 71.9272 -1.14273 
59 71.9269 -1.14391 
62 71.7976 1.89723 
59 71.3514 3.35455 
62 71.3502 3.35726 
59 70.6646 4.71732 
59 69.7573 5.94454 
62 70.6626 4.72041 
62 69.7546 5.94753 
59 68.6555 7.00092 
62 68.6525 7.00344 
59 67.3909 7.85603 
59 65.9997 8.48522 
62 67.3879 7.85784 
62 65.9972 8.48624 
59 64.522 8.87028 
62 64.5204 8.87063 
48.5 90.1898 40.6924 
52.9685 82.9518 43.6905 
53.3608 83.1196 43.621 
48.5 72.5478 48 
52.003 81.2686 44.3877 
62 72.5478 48 
54.4305 79.5644 45.0936 
62 90.1898 40.6924 
54.216 83.2057 43.5853 
54.6381 83.12 43.6209 
53.1608 79.6916 45.0409 
53.5705 79.5642 45.0937 
54 79.521 45.1116 
52.4758 80.1725 44.8418 
52.79 79.8976 44.9556 
52.0731 80.8739 44.5512 
52.2332 80.5029 44.7049 
52.1419 82.0522 44.0631 
52.0263 81.6674 44.2225 
52.6246 82.7102 43.7906 
52.3444 82.4053 43.9169 
53.7834 83.2057 43.5854 
55.9735 81.6682 44.2222 
55.8577 82.0532 44.0627 
55.3753 82.7103 43.7905 
55.0306 82.9523 43.6903 
55.6552 82.406 43.9166 
55.9971 81.2689 44.3876 
55.7673 80.5038 44.7045 
55.9272 80.8749 44.5508 
55.2106 79.898 44.9555 
55.5245 80.1728 44.8416 
54.8403 79.6921 45.0407 
48.5 103.692 27.1898 
52.9685 98.1527 32.7295 
53.3608 98.2811 32.6011 
48.5 90.1898 40.6924 
52.003 96.8644 34.0178 
62 90.1898 40.6924 
54.4305 95.5601 35.3222 
62 103.692 27.1898 
54.216 98.3471 32.5352 
54.6381 98.2814 32.6008 
53.1608 95.6575 35.2248 
53.5705 95.5599 35.3223 
54 95.5269 35.3553 
52.4758 96.0255 34.8568 
52.79 95.8151 35.0671 
52.0731 96.5624 34.3199 
52.2332 96.2784 34.6039 
52.1419 97.4642 33.4181 
52.0263 97.1697 33.7126 
52.6246 97.9678 32.9144 
52.3444 97.7344 33.1478 
53.7834 98.347 32.5353 
55.9735 97.1702 33.712 
55.8577 97.465 33.4173 
55.3753 97.9679 32.9144 
55.0306 98.1531 32.7292 
55.6552 97.735 33.1473 
55.9971 96.8646 34.0176 
55.7673 96.2791 34.6032 
55.9272 96.5631 34.3191 
55.2106 95.8154 35.0669 
55.5245 96.0257 34.8565 
54.8403 95.6578 35.2244 
48.5 111 9.54779 
52.9685 108.002 16.7858 
53.3608 108.071 16.618 
48.5 103.692 27.1898 
52.003 107.305 18.469 
62 103.692 27.1898 
54.4305 106.599 20.1732 
62 111 9.54779 
54.216 108.107 16.5319 
54.6381 108.072 16.6176 
53.1608 106.652 20.046 
53.5705 106.599 20.1734 
54 106.581 20.2166 
52.4758 106.851 19.5651 
52.79 106.737 19.84 
52.0731 107.141 18.8637 
52.2332 106.988 19.2347 
52.1419 107.629 17.6854 
52.0263 107.47 18.0702 
52.6246 107.902 17.0274 
52.3444 107.776 17.3323 
53.7834 108.107 16.5319 
55.9735 107.47 18.0694 
55.8577 107.63 17.6844 
55.3753 107.902 17.0273 
55.0306 108.002 16.7853 
55.6552 107.776 17.3316 
55.9971 107.305 18.4687 
55.7673 106.988 19.2338 
55.9272 107.142 18.8627 
55.2106 106.737 19.8396 
55.5245 106.851 19.5648 
54.8403 106.652 20.0455 
48.5 111 -9.54779 
52.9685 111 -1.71346 
53.3608 111 -1.89506 
48.5 111 9.54779 
52.003 111 0.108477 
62 111 9.54779 
54.4305 111 1.95307 
62 111 -9.54779 
54.216 111 -1.9883 
54.6381 111 -1.89546 
53.1608 111 1.81537 
53.5705 111 1.95332 
54 111 2 
52.4758 111 1.2949 
52.79 111 1.59241 
52.0731 111 0.535628 
52.2332 111 0.937272 
52.1419 111 -0.739703 
52.0263 111 -0.323244 
52.6246 111 -1.45195 
52.3444 111 -1.12191 
53.7834 111 -1.9882 
55.9735 111 -0.324027 
55.8577 111 -0.740834 
55.3753 111 -1.45205 
55.0306 111 -1.71397 
55.6552 111 -1.12267 
55.9971 111 0.108166 
55.7673 111 0.936246 
55.9272 111 0.534574 
55.2106 111 1.59202 
55.5245 111 1.29453 
54.8403 111 1.81488 
48.5 103.692 -27.1898 
52.9685 106.691 -19.9518 
53.3608 106.621 -20.1196 
48.5 111 -9.54779 
52.003 107.388 -18.2686 
62 111 -9.54779 
54.4305 108.094 -16.5644 
62 103.692 -27.1898 
54.216 106.585 -20.2058 
54.6381 106.621 -20.12 
53.1608 108.041 -16.6916 
53.5705 108.094 -16.5642 
54 108.112 -16.521 
52.4758 107.842 -17.1725 
52.79 107.956 -16.8976 
52.0731 107.551 -17.8739 
52.2332 107.705 -17.5029 
52.1419 107.063 -19.0522 
52.0263 107.223 -18.6674 
52.6246 106.791 -19.7102 
52.3444 106.917 -19.4053 
53.7834 106.585 -20.2057 
55.9735 107.222 -18.6682 
55.8577 107.063 -19.0532 
55.3753 106.791 -19.7103 
55.0306 106.69 -19.9523 
55.6552 106.917 -19.406 
55.9971 107.388 -18.2689 
55.7673 107.705 -17.5038 
55.9272 107.551 -17.8749 
55.2106 107.955 -16.898 
55.5245 107.842 -17.1728 
54.8403 108.041 -16.6921 
48.5 90.1898 -40.6924 
52.9685 95.7295 -35.1527 
53.3608 95.6011 -35.2811 
48.5 103.692 -27.1898 
52.003 97.0178 -33.8644 
62 103.692 -27.1898 
54.4305 98.3222 -32.5601 
62 90.1898 -40.6924 
54.216 95.5352 -35.3471 
54.6381 95.6008 -35.2814 
53.1608 98.2248 -32.6575 
53.5705 98.3223 -32.5599 
54 98.3553 -32.5269 
52.4758 97.8568 -33.0255 
52.79 98.0671 -32.8151 
52.0731 97.3199 -33.5624 
52.2332 97.6039 -33.2784 
52.1419 96.4181 -34.4642 
52.0263 96.7126 -34.1697 
52.6246 95.9144 -34.9678 
52.3444 96.1478 -34.7344 
53.7834 95.5353 -35.347 
55.9735 96.712 -34.1702 
55.8577 96.4173 -34.465 
55.3753 95.9144 -34.9679 
55.0306 95.7292 -35.1531 
55.6552 96.1473 -34.735 
55.9971 97.0176 -33.8646 
55.7673 97.6031 -33.2791 
55.9272 97.3191 -33.5631 
55.2106 98.0668 -32.8154 
55.5245 97.8565 -33.0258 
54.8403 98.2244 -32.6578 
48.5 72.5478 -48 
52.9685 79.7858 -45.0019 
53.3608 79.618 -45.0714 
48.5 90.1898 -40.6924 
52.003 81.469 -44.3047 
62 90.1898 -40.6924 
54.4305 83.1732 -43.5988 
62 72.5478 -48 
54.216 79.5319 -45.1071 
54.6381 79.6176 -45.0716 
53.1608 83.046 -43.6515 
53.5705 83.1734 -43.5987 
54 83.2166 -43.5809 
52.4758 82.5651 -43.8507 
52.79 82.84 -43.7368 
52.0731 81.8637 -44.1412 
52.2332 82.2347 -43.9875 
52.1419 80.6854 -44.6293 
52.0263 81.0702 -44.4699 
52.6246 80.0274 -44.9019 
52.3444 80.3323 -44.7756 
53.7834 79.532 -45.1071 
55.9735 81.0694 -44.4702 
55.8577 80.6844 -44.6297 
55.3753 80.0273 -44.9019 
55.0306 79.7853 -45.0021 
55.6552 80.3316 -44.7758 
55.9971 81.4687 -44.3048 
55.7673 82.2338 -43.9879 
55.9272 81.8627 -44.1416 
55.2106 82.8396 -43.737 
55.5245 82.5648 -43.8508 
54.8403 83.0455 -43.6517 
53.5705 111 1.95332 
53.1619 104.21 1.81569 
53.1608 111 1.81537 
54 104.201 2 
54 111 2 
52.234 104.239 0.938231 
52.2332 111 0.937272 
52.4758 111 1.2949 
52.79 111 1.59241 
52.791 104.219 1.59298 
52.4763 104.23 1.29551 
52.0263 111 -0.323244 
52.0049 104.25 0.108818 
52.031 104.249 -0.321721 
52.0731 111 0.535628 
52.0795 104.246 0.534191 
52.624 104.224 -1.4512 
52.6246 111 -1.45195 
52.3441 104.235 -1.1213 
52.1485 104.243 -0.736893 
52.3444 111 -1.12191 
52.1419 111 -0.739703 
53.3602 104.206 -1.89468 
53.7827 104.202 -1.98798 
53.7834 111 -1.9882 
52.9685 111 -1.71346 
52.968 104.214 -1.71313 
53.3608 111 -1.89506 
55.0306 111 -1.71397 
54.6375 104.206 -1.89545 
55.0302 104.214 -1.71411 
54.6381 111 -1.89546 
54.216 111 -1.9883 
54.2156 104.202 -1.98833 
55.8575 104.243 -0.741181 
55.8577 111 -0.740834 
55.6547 104.235 -1.123 
55.3751 104.224 -1.45226 
55.6552 111 -1.12267 
55.3753 111 -1.45205 
55.9951 104.25 0.107757 
55.9272 111 0.534574 
55.9971 111 0.108166 
55.9735 111 -0.324027 
55.9689 104.249 -0.32294 
55.7673 111 0.936246 
55.9208 104.246 0.533037 
55.761 104.239 0.933589 
55.5245 111 1.29453 
55.5245 104.23 1.29431 
55.2106 111 1.59202 
54.8403 111 1.81488 
55.2107 104.219 1.59194 
54.8404 104.21 1.81466 
54.4305 111 1.95307 
54.4306 104.204 1.95294 
53.5714 104.204 1.95347 
52.003 111 0.108477 
53.5705 83.1734 -43.5987 
53.1619 80.4479 -37.3782 
53.1608 83.046 -43.6515 
54 80.6149 -37.2998 
54 83.2166 -43.5809 
52.234 79.6484 -37.7411 
52.2332 82.2347 -43.9875 
52.4758 82.5651 -43.8507 
52.79 82.84 -43.7368 
52.791 80.2456 -37.472 
52.4763 79.9748 -37.5955 
52.0263 81.0702 -44.4699 
52.0049 78.8861 -38.0682 
52.031 78.4879 -38.2318 
52.0731 81.8637 -44.1412 
52.0795 79.2778 -37.9021 
52.624 77.4352 -38.6418 
52.6246 80.0274 -44.9019 
52.3441 77.7439 -38.5251 
52.1485 78.1023 -38.3857 
52.3444 80.3323 -44.7756 
52.1419 80.6854 -44.6293 
53.3602 77.0186 -38.7949 
53.7827 76.9307 -38.8265 
53.7834 79.532 -45.1071 
52.9685 79.7858 -45.0019 
52.968 77.1894 -38.7328 
53.3608 79.618 -45.0714 
55.0306 79.7853 -45.0021 
54.6375 77.0178 -38.7951 
55.0302 77.1884 -38.733 
54.6381 79.6176 -45.0716 
54.216 79.5319 -45.1071 
54.2156 76.9304 -38.8266 
55.8575 78.0984 -38.3875 
55.8577 80.6844 -44.6297 
55.6547 77.7423 -38.5256 
55.3751 77.4342 -38.6422 
55.6552 80.3316 -44.7758 
55.3753 80.0273 -44.9019 
55.9951 78.8852 -38.0686 
55.9272 81.8627 -44.1416 
55.9971 81.4687 -44.3048 
55.9735 81.0694 -44.4702 
55.9689 78.4868 -38.2322 
55.7673 82.2338 -43.9879 
55.9208 79.2767 -37.9026 
55.761 79.6441 -37.7428 
55.5245 82.5648 -43.8508 
55.5245 79.9737 -37.596 
55.2106 82.8396 -43.737 
54.8403 83.0455 -43.6517 
55.2107 80.2447 -37.4725 
54.8404 80.447 -37.3787 
54.4305 83.1732 -43.5988 
54.4306 80.5723 -37.32 
53.5714 80.5728 -37.3197 
52.003 81.469 -44.3047 
53.5705 98.3223 -32.5599 
53.1619 93.4237 -27.856 
53.1608 98.2248 -32.6575 
54 93.5481 -27.7196 
54 98.3553 -32.5269 
52.234 92.824 -28.4972 
52.2332 97.6039 -33.2784 
52.4758 97.8568 -33.0255 
52.79 98.0671 -32.8151 
52.791 93.2728 -28.02 
52.4763 93.0698 -28.2377 
52.0263 96.7126 -34.1697 
52.0049 92.2449 -29.091 
52.031 91.9396 -29.3946 
52.0731 97.3199 -33.5624 
52.0795 92.5432 -28.7878 
52.624 91.1239 -30.1763 
52.6246 95.9144 -34.9678 
52.3441 91.3645 -29.9503 
52.1485 91.6422 -29.6844 
52.3444 96.1478 -34.7344 
52.1419 96.4181 -34.4642 
53.3602 90.7977 -30.4771 
53.7827 90.7286 -30.54 
53.7834 95.5353 -35.347 
52.9685 95.7295 -35.1527 
52.968 90.9316 -30.3544 
53.3608 95.6011 -35.2811 
55.0306 95.7292 -35.1531 
54.6375 90.797 -30.4776 
55.0302 90.9309 -30.355 
54.6381 95.6008 -35.2814 
54.216 95.5352 -35.3471 
54.2156 90.7283 -30.5402 
55.8575 91.6393 -29.6875 
55.8577 96.4173 -34.465 
55.6547 91.3632 -29.9514 
55.3751 91.1232 -30.177 
55.6552 96.1473 -34.735 
55.3753 95.9144 -34.9679 
55.9951 92.2442 -29.0918 
55.9272 97.3191 -33.5631 
55.9971 97.0176 -33.8646 
55.9735 96.712 -34.1702 
55.9689 91.9388 -29.3955 
55.7673 97.6031 -33.2791 
55.9208 92.5424 -28.7886 
55.761 92.8206 -28.5004 
55.5245 97.8565 -33.0258 
55.5245 93.069 -28.2386 
55.2106 98.0668 -32.8154 
54.8403 98.2244 -32.6578 
55.2107 93.2721 -28.0208 
54.8404 93.4231 -27.8568 
54.4305 98.3222 -32.5601 
54.4306 93.5164 -27.7545 
53.5714 93.5167 -27.7541 
52.003 97.0178 -33.8644 
53.5705 108.094 -16.5642 
53.1619 101.768 -14.0929 
53.1608 108.041 -16.6916 
54 101.831 -13.9194 
54 108.112 -16.521 
52.234 101.459 -14.9148 
52.2332 107.705 -17.5029 
52.4758 107.842 -17.1725 
52.79 107.956 -16.8976 
52.791 101.691 -14.3022 
52.4763 101.587 -14.581 
52.0263 107.223 -18.6674 
52.0049 101.151 -15.6851 
52.031 100.986 -16.0824 
52.0731 107.551 -17.8739 
52.0795 101.311 -15.2907 
52.624 100.531 -17.1167 
52.6246 106.791 -19.7102 
52.3441 100.667 -16.8158 
52.1485 100.822 -16.4639 
52.3444 106.917 -19.4053 
52.1419 107.063 -19.0522 
53.3602 100.345 -17.5195 
53.7827 100.305 -17.604 
53.7834 106.585 -20.2057 
52.9685 106.691 -19.9518 
52.968 100.422 -17.3548 
53.3608 106.621 -20.1196 
55.0306 106.69 -19.9523 
54.6375 100.344 -17.5202 
55.0302 100.421 -17.3557 
54.6381 106.621 -20.12 
54.216 106.585 -20.2058 
54.2156 100.305 -17.6043 
55.8575 100.82 -16.4679 
55.8577 107.063 -19.0532 
55.6547 100.666 -16.8174 
55.3751 100.531 -17.1176 
55.6552 106.917 -19.406 
55.3753 106.791 -19.7103 
55.9951 101.151 -15.686 
55.9272 107.551 -17.8749 
55.9971 107.388 -18.2689 
55.9735 107.222 -18.6682 
55.9689 100.985 -16.0835 
55.7673 107.705 -17.5038 
55.9208 101.311 -15.2918 
55.761 101.457 -14.919 
55.5245 107.842 -17.1728 
55.5245 101.587 -14.5821 
55.2106 107.955 -16.898 
54.8403 108.041 -16.6921 
55.2107 101.691 -14.3032 
54.8404 101.768 -14.0939 
54.4305 108.094 -16.5644 
54.4306 101.815 -13.9637 
53.5714 101.815 -13.9632 
52.003 107.388 -18.2686 
53.5705 106.599 20.1734 
53.1619 100.378 17.4479 
53.1608 106.652 20.046 
54 100.3 17.6149 
54 106.581 20.2166 
52.234 100.741 16.6484 
52.2332 106.988 19.2347 
52.4758 106.851 19.5651 
52.79 106.737 19.84 
52.791 100.472 17.2456 
52.4763 100.595 16.9748 
52.0263 107.47 18.0702 
52.0049 101.068 15.8861 
52.031 101.232 15.4879 
52.0731 107.141 18.8637 
52.0795 100.902 16.2778 
52.624 101.642 14.4352 
52.6246 107.902 17.0274 
52.3441 101.525 14.7439 
52.1485 101.386 15.1023 
52.3444 107.776 17.3323 
52.1419 107.629 17.6854 
53.3602 101.795 14.0186 
53.7827 101.827 13.9307 
53.7834 108.107 16.5319 
52.9685 108.002 16.7858 
52.968 101.733 14.1894 
53.3608 108.071 16.618 
55.0306 108.002 16.7853 
54.6375 101.795 14.0178 
55.0302 101.733 14.1884 
54.6381 108.072 16.6176 
54.216 108.107 16.5319 
54.2156 101.827 13.9304 
55.8575 101.387 15.0984 
55.8577 107.63 17.6844 
55.6547 101.526 14.7423 
55.3751 101.642 14.4342 
55.6552 107.776 17.3316 
55.3753 107.902 17.0273 
55.9951 101.069 15.8852 
55.9272 107.142 18.8627 
55.9971 107.305 18.4687 
55.9735 107.47 18.0694 
55.9689 101.232 15.4868 
55.7673 106.988 19.2338 
55.9208 100.903 16.2767 
55.761 100.743 16.6441 
55.5245 106.851 19.5648 
55.5245 100.596 16.9737 
55.2106 106.737 19.8396 
54.8403 106.652 20.0455 
55.2107 100.472 17.2447 
54.8404 100.379 17.447 
54.4305 106.599 20.1732 
54.4306 100.32 17.5723 
53.5714 100.32 17.5728 
52.003 107.305 18.469 
53.5705 95.5599 35.3223 
53.1619 90.856 30.4237 
53.1608 95.6575 35.2248 
54 90.7196 30.5481 
54 95.5269 35.3553 
52.234 91.4972 29.824 
52.2332 96.2784 34.6039 
52.4758 96.0255 34.8568 
52.79 95.8151 35.0671 
52.791 91.02 30.2728 
52.4763 91.2377 30.0698 
52.0263 97.1697 33.7126 
52.0049 92.091 29.2449 
52.031 92.3946 28.9396 
52.0731 96.5624 34.3199 
52.0795 91.7878 29.5432 
52.624 93.1763 28.1239 
52.6246 97.9678 32.9144 
52.3441 92.9503 28.3645 
52.1485 92.6843 28.6422 
52.3444 97.7344 33.1478 
52.1419 97.4642 33.4181 
53.3602 93.4771 27.7977 
53.7827 93.54 27.7286 
53.7834 98.347 32.5353 
52.9685 98.1527 32.7295 
52.968 93.3544 27.9316 
53.3608 98.2811 32.6011 
55.0306 98.1531 32.7292 
54.6375 93.4776 27.797 
55.0302 93.355 27.9309 
54.6381 98.2814 32.6008 
54.216 98.3471 32.5352 
54.2156 93.5402 27.7283 
55.8575 92.6875 28.6393 
55.8577 97.465 33.4173 
55.6547 92.9514 28.3632 
55.3751 93.177 28.1232 
55.6552 97.735 33.1473 
55.3753 97.9679 32.9144 
55.9951 92.0918 29.2442 
55.9272 96.5631 34.3191 
55.9971 96.8646 34.0176 
55.9735 97.1702 33.712 
55.9689 92.3955 28.9388 
55.7673 96.2791 34.6032 
55.9208 91.7886 29.5424 
55.761 91.5004 29.8206 
55.5245 96.0257 34.8565 
55.5245 91.2386 30.069 
55.2106 95.8154 35.0669 
54.8403 95.6578 35.2244 
55.2107 91.0208 30.2721 
54.8404 90.8568 30.4231 
54.4305 95.5601 35.3222 
54.4306 90.7545 30.5164 
53.5714 90.7541 30.5167 
52.003 96.8644 34.0178 
53.5705 79.5642 45.0937 
53.1619 77.0929 38.7679 
53.1608 79.6916 45.0409 
54 76.9194 38.8306 
54 79.521 45.1116 
52.234 77.9148 38.4592 
52.2332 80.5029 44.7049 
52.4758 80.1725 44.8418 
52.79 79.8976 44.9556 
52.791 77.3022 38.6912 
52.4763 77.581 38.587 
52.0263 81.6674 44.2225 
52.0049 78.6851 38.1515 
52.031 79.0824 37.9855 
52.0731 80.8739 44.5512 
52.0795 78.2907 38.311 
52.624 80.1167 37.5311 
52.6246 82.7102 43.7906 
52.3441 79.8158 37.6669 
52.1485 79.4639 37.8217 
52.3444 82.4053 43.9169 
52.1419 82.0522 44.0631 
53.3602 80.5195 37.3448 
53.7827 80.604 37.305 
53.7834 83.2057 43.5854 
52.9685 82.9518 43.6905 
52.968 80.3548 37.4216 
53.3608 83.1196 43.621 
55.0306 82.9523 43.6903 
54.6375 80.5202 37.3444 
55.0302 80.3557 37.4211 
54.6381 83.12 43.6209 
54.216 83.2057 43.5853 
54.2156 80.6043 37.3048 
55.8575 79.4679 37.8202 
55.8577 82.0532 44.0627 
55.6547 79.8174 37.6661 
55.3751 80.1176 37.5306 
55.6552 82.406 43.9166 
55.3753 82.7103 43.7905 
55.9951 78.6861 38.1511 
55.9272 80.8749 44.5508 
55.9971 81.2689 44.3876 
55.9735 81.6682 44.2222 
55.9689 79.0835 37.9851 
55.7673 80.5038 44.7045 
55.9208 78.2918 38.3106 
55.761 77.919 38.4573 
55.5245 80.1728 44.8416 
55.5245 77.5821 38.5866 
55.2106 79.898 44.9555 
54.8403 79.6921 45.0407 
55.2107 77.3032 38.6909 
54.8404 77.0939 38.7676 
54.4305 79.5644 45.0936 
54.4306 76.9637 38.8147 
53.5714 76.9632 38.8148 
52.003 81.2686 44.3877 
53.5705 64.9533 -48 
53.1619 64.8157 -41.21 
53.1608 64.8154 -48 
54 65 -41.2015 
54 65 -48 
52.234 63.9382 -41.2393 
52.2332 63.9373 -48 
52.4758 64.2949 -48 
52.79 64.5924 -48 
52.791 64.593 -41.2192 
52.4763 64.2955 -41.2296 
52.0263 62.6768 -48 
52.0049 63.1088 -41.2498 
52.031 62.6783 -41.2485 
52.0731 63.5356 -48 
52.0795 63.5342 -41.2463 
52.624 61.5488 -41.2245 
52.6246 61.548 -48 
52.3441 61.8787 -41.2348 
52.1485 62.2631 -41.2431 
52.3444 61.8781 -48 
52.1419 62.2603 -48 
53.3602 61.1053 -41.2065 
53.7827 61.012 -41.2021 
53.7834 61.0118 -48 
52.9685 61.2865 -48 
52.968 61.2869 -41.2144 
53.3608 61.1049 -48 
55.0306 61.286 -48 
54.6375 61.1045 -41.2064 
55.0302 61.2859 -41.2143 
54.6381 61.1045 -48 
54.216 61.0117 -48 
54.2156 61.0117 -41.202 
55.8575 62.2588 -41.2433 
55.8577 62.2592 -48 
55.6547 61.877 -41.2347 
55.3751 61.5477 -41.2244 
55.6552 61.8773 -48 
55.3753 61.5479 -48 
55.9951 63.1078 -41.2498 
55.9272 63.5346 -48 
55.9971 63.1082 -48 
55.9735 62.676 -48 
55.9689 62.6771 -41.2485 
55.7673 63.9362 -48 
55.9208 63.533 -41.2463 
55.761 63.9336 -41.2392 
55.5245 64.2945 -48 
55.5245 64.2943 -41.2297 
55.2106 64.592 -48 
54.8403 64.8149 -48 
55.2107 64.5919 -41.2193 
54.8404 64.8147 -41.2101 
54.4305 64.9531 -48 
54.4306 64.9529 -41.2038 
53.5714 64.9535 -41.2037 
52.003 63.1085 -48 
53.1608 61.1846 48 
53.5541 61.0504 41.2039 
53.1311 61.1989 41.2106 
54 61.0002 41.2015 
53.5705 61.0467 48 
54 61 48 
52.4344 61.7557 41.2312 
52.1966 62.1357 41.2409 
52.2332 62.0627 48 
52.4758 61.7051 48 
52.79 61.4076 48 
52.7515 61.4378 41.2203 
52.0263 63.3232 48 
52 63.0062 41.25 
52.0515 63.4509 41.2475 
52.003 62.8915 48 
52.0731 62.4644 48 
52.056 62.5618 41.2473 
52.7554 64.5655 41.2203 
52.6246 64.452 48 
52.4387 64.25 41.231 
52.2003 63.8724 41.2407 
52.3444 64.1219 48 
52.1419 63.7397 48 
53.5562 64.9501 41.2039 
54 65 41.2015 
53.7834 64.9882 48 
52.9685 64.7135 48 
53.1344 64.8029 41.2106 
53.3608 64.8951 48 
55.0306 64.714 48 
54.8668 64.8024 41.2107 
55.2451 64.5652 41.2203 
54.6381 64.8955 48 
54.216 64.9883 48 
54.4448 64.9499 41.2039 
55.9487 63.4499 41.2476 
55.8577 63.7408 48 
55.8002 63.8712 41.2408 
55.5616 64.2495 41.2311 
55.6552 64.1227 48 
55.3753 64.4521 48 
55.9507 62.5593 41.2476 
55.9971 62.8918 48 
56 63.0062 41.25 
55.9735 63.324 48 
55.9272 62.4654 48 
55.8034 62.1354 41.2409 
55.5653 61.7552 41.2312 
55.7673 62.0638 48 
55.2485 61.4376 41.2203 
55.5245 61.7055 48 
55.2106 61.408 48 
54.8685 61.1985 41.2106 
54.4453 61.0502 41.2039 
54.8403 61.1851 48 
54.4305 61.0469 48 
48.5 70.059 40.6415 
53.5562 64.9501 41.2039 
53.1344 64.8029 41.2106 
59 101.49 14.8355 
55.761 100.743 16.6441 
55.9208 100.903 16.2767 
59 103.802 -6.06542 
48.5 103.802 -6.06542 
59 102.164 -12.9523 
54.4306 104.204 1.95294 
54.8404 104.21 1.81466 
59 104.238 1.00007 
59 85.0549 -34.8589 
53.7827 90.7286 -30.54 
48.5 85.0549 -34.8589 
48.5 99.3725 -19.4577 
59 95.5101 -25.3901 
59 99.3725 -19.4577 
48.5 72.0207 -40.2516 
54 65 -41.2015 
59 72.0207 -40.2516 
48.5 78.77 -38.1165 
52.031 78.4879 -38.2318 
52.0049 78.8861 -38.0682 
48.5 65.0058 -41.2012 
48.5 51.007 -39.4681 
59 51.007 -39.4681 
48.5 57.9318 -40.9375 
59 57.9318 -40.9375 
59 44.4354 -36.8364 
48.5 44.4354 -36.8364 
48.5 38.4106 -33.1198 
59 38.4106 -33.1198 
48.5 33.1099 -28.4279 
59 33.1099 -28.4279 
59 28.6895 -22.8987 
48.5 28.6895 -22.8987 
48.5 25.2795 -16.6952 
59 25.2795 -16.6952 
48.5 22.9805 -10 
59 22.9805 -10 
59 65.0058 -41.2012 
52.1485 78.1023 -38.3857 
55.5245 79.9737 -37.596 
59 78.77 -38.1165 
55.2107 80.2447 -37.4725 
48.5 90.6902 -30.5747 
48.5 95.5101 -25.3901 
52.234 92.824 -28.4972 
52.4763 93.0698 -28.2377 
52.234 101.459 -14.9148 
48.5 102.164 -12.9523 
52.0795 101.311 -15.2907 
48.5 104.238 1.00007 
52.0795 104.246 0.534191 
52.234 104.239 0.938231 
55.2107 104.219 1.59194 
55.5245 104.23 1.29431 
52.4763 104.23 1.29551 
48.5 101.49 14.8355 
52.3441 101.525 14.7439 
52.1485 101.386 15.1023 
52.624 101.642 14.4352 
48.5 98.3866 21.1979 
59 98.3866 21.1979 
48.5 94.2411 26.9361 
52.0795 91.7878 29.5432 
52.234 91.4972 29.824 
48.5 89.1756 31.881 
59 94.2411 26.9361 
48.5 83.3392 35.887 
59 89.1756 31.881 
59 83.3392 35.887 
59 70.059 40.6415 
54 76.9194 38.8306 
48.5 76.9038 38.8361 
52.0049 78.6851 38.1515 
52.0795 78.2907 38.311 
48.5 63.0062 41.25 
52.2003 63.8724 41.2407 
52.0515 63.4509 41.2475 
59 76.9038 38.8361 
55.5616 64.2495 41.2311 
59 63.0062 41.25 
55.8002 63.8712 41.2408 
52 63.0062 41.25 
52.7554 64.5655 41.2203 
52.4387 64.25 41.231 
55.2451 64.5652 41.2203 
54 65 41.2015 
54.8668 64.8024 41.2107 
54.4448 64.9499 41.2039 
56 63.0062 41.25 
55.9487 63.4499 41.2476 
59 103.46 8.03611 
48.5 103.46 8.03611 
54 104.201 2 
53.1619 104.21 1.81569 
53.5714 104.204 1.95347 
52.791 104.219 1.59298 
53.3602 104.206 -1.89468 
53.7827 104.202 -1.98798 
52.0049 104.25 0.108818 
55.9208 104.246 0.533037 
55.761 104.239 0.933589 
55.9951 104.25 0.107757 
55.9689 104.249 -0.32294 
52.1485 104.243 -0.736893 
52.031 104.249 -0.321721 
52.624 104.224 -1.4512 
52.3441 104.235 -1.1213 
55.6547 104.235 -1.123 
55.3751 104.224 -1.45226 
52.968 104.214 -1.71313 
54.2156 104.202 -1.98833 
55.0302 104.214 -1.71411 
54.6375 104.206 -1.89545 
55.8575 104.243 -0.741181 
54 100.3 17.6149 
52.4763 100.595 16.9748 
53.1619 100.378 17.4479 
53.5714 100.32 17.5728 
52.791 100.472 17.2456 
52.0795 100.902 16.2778 
52.234 100.741 16.6484 
55.9689 101.232 15.4868 
55.8575 101.387 15.0984 
52.031 101.232 15.4879 
52.0049 101.068 15.8861 
55.6547 101.526 14.7423 
53.3602 101.795 14.0186 
52.968 101.733 14.1894 
54.6375 101.795 14.0178 
53.7827 101.827 13.9307 
54.2156 101.827 13.9304 
55.3751 101.642 14.4342 
55.0302 101.733 14.1884 
55.9951 101.069 15.8852 
55.5245 100.596 16.9737 
55.2107 100.472 17.2447 
54.4306 100.32 17.5723 
54.8404 100.379 17.447 
54 101.831 -13.9194 
53.7827 100.305 -17.604 
53.1619 101.768 -14.0929 
53.5714 101.815 -13.9632 
52.4763 101.587 -14.581 
52.791 101.691 -14.3022 
55.9689 100.985 -16.0835 
55.8575 100.82 -16.4679 
52.031 100.986 -16.0824 
52.0049 101.151 -15.6851 
52.1485 100.822 -16.4639 
52.624 100.531 -17.1167 
52.3441 100.667 -16.8158 
53.3602 100.345 -17.5195 
52.968 100.422 -17.3548 
54.6375 100.344 -17.5202 
54.2156 100.305 -17.6043 
55.3751 100.531 -17.1176 
55.0302 100.421 -17.3557 
55.6547 100.666 -16.8174 
55.9951 101.151 -15.686 
55.761 101.457 -14.919 
55.9208 101.311 -15.2918 
55.2107 101.691 -14.3032 
55.5245 101.587 -14.5821 
54.4306 101.815 -13.9637 
54.8404 101.768 -14.0939 
54 93.5481 -27.7196 
55.9689 91.9388 -29.3955 
59 90.6902 -30.5747 
55.9951 92.2442 -29.0918 
53.1619 93.4237 -27.856 
53.5714 93.5167 -27.7541 
52.791 93.2728 -28.02 
52.0795 92.5432 -28.7878 
52.031 91.9396 -29.3946 
52.0049 92.2449 -29.091 
55.6547 91.3632 -29.9514 
55.3751 91.1232 -30.177 
52.3441 91.3645 -29.9503 
52.1485 91.6422 -29.6844 
52.968 90.9316 -30.3544 
52.624 91.1239 -30.1763 
55.0302 90.9309 -30.355 
54.6375 90.797 -30.4776 
53.3602 90.7977 -30.4771 
54.2156 90.7283 -30.5402 
55.8575 91.6393 -29.6875 
55.9208 92.5424 -28.7886 
55.761 92.8206 -28.5004 
55.2107 93.2721 -28.0208 
55.5245 93.069 -28.2386 
54.4306 93.5164 -27.7545 
54.8404 93.4231 -27.8568 
54 80.6149 -37.2998 
53.1619 80.4479 -37.3782 
52.791 80.2456 -37.472 
53.5714 80.5728 -37.3197 
52.234 79.6484 -37.7411 
52.4763 79.9748 -37.5955 
55.9208 79.2767 -37.9026 
55.9951 78.8852 -38.0686 
52.0795 79.2778 -37.9021 
55.9689 78.4868 -38.2322 
53.3602 77.0186 -38.7949 
52.968 77.1894 -38.7328 
52.3441 77.7439 -38.5251 
55.8575 78.0984 -38.3875 
55.6547 77.7423 -38.5256 
55.3751 77.4342 -38.6422 
52.624 77.4352 -38.6418 
55.0302 77.1884 -38.733 
53.7827 76.9307 -38.8265 
54.6375 77.0178 -38.7951 
54.2156 76.9304 -38.8266 
55.761 79.6441 -37.7428 
54.4306 80.5723 -37.32 
54.8404 80.447 -37.3787 
53.7827 61.012 -41.2021 
53.3602 61.1053 -41.2065 
52.0049 63.1088 -41.2498 
52.0795 63.5342 -41.2463 
53.1619 64.8157 -41.21 
53.5714 64.9535 -41.2037 
52.4763 64.2955 -41.2296 
52.791 64.593 -41.2192 
55.5245 64.2943 -41.2297 
55.761 63.9336 -41.2392 
52.234 63.9382 -41.2393 
55.9689 62.6771 -41.2485 
55.8575 62.2588 -41.2433 
52.1485 62.2631 -41.2431 
52.031 62.6783 -41.2485 
55.6547 61.877 -41.2347 
52.3441 61.8787 -41.2348 
52.968 61.2869 -41.2144 
52.624 61.5488 -41.2245 
54.2156 61.0117 -41.202 
55.0302 61.2859 -41.2143 
54.6375 61.1045 -41.2064 
55.3751 61.5477 -41.2244 
55.9208 63.533 -41.2463 
55.9951 63.1078 -41.2498 
54.8404 64.8147 -41.2101 
55.2107 64.5919 -41.2193 
54.4306 64.9529 -41.2038 
53.7827 80.604 37.305 
53.3602 80.5195 37.3448 
53.1619 77.0929 38.7679 
53.5714 76.9632 38.8148 
52.4763 77.581 38.587 
52.791 77.3022 38.6912 
55.5245 77.5821 38.5866 
55.761 77.919 38.4573 
52.234 77.9148 38.4592 
55.9689 79.0835 37.9851 
55.8575 79.4679 37.8202 
52.1485 79.4639 37.8217 
52.031 79.0824 37.9855 
55.6547 79.8174 37.6661 
52.3441 79.8158 37.6669 
52.968 80.3548 37.4216 
52.624 80.1167 37.5311 
54.2156 80.6043 37.3048 
55.0302 80.3557 37.4211 
54.6375 80.5202 37.3444 
55.3751 80.1176 37.5306 
55.9208 78.2918 38.3106 
55.9951 78.6861 38.1511 
54.8404 77.0939 38.7676 
55.2107 77.3032 38.6909 
54.4306 76.9637 38.8147 
54 90.7196 30.5481 
55.6547 92.9514 28.3632 
55.3751 93.177 28.1232 
53.1619 90.856 30.4237 
53.5714 90.7541 30.5167 
52.4763 91.2377 30.0698 
52.791 91.02 30.2728 
52.0049 92.091 29.2449 
54.6375 93.4776 27.797 
55.0302 93.355 27.9309 
52.1485 92.6843 28.6422 
52.031 92.3946 28.9396 
52.624 93.1763 28.1239 
52.3441 92.9503 28.3645 
54.2156 93.5402 27.7283 
53.7827 93.54 27.7286 
53.3602 93.4771 27.7977 
52.968 93.3544 27.9316 
55.9689 92.3955 28.9388 
55.8575 92.6875 28.6393 
55.9951 92.0918 29.2442 
55.761 91.5004 29.8206 
55.9208 91.7886 29.5424 
55.2107 91.0208 30.2721 
55.5245 91.2386 30.069 
54.4306 90.7545 30.5164 
54.8404 90.8568 30.4231 
</float_array>
				<technique_common>
					<accessor source="#CirPattern113-mesh-positions-array" count="3622" stride="3">
						<param name="X" type="float"/>
						<param name="Y" type="float"/>
						<param name="Z" type="float"/>
					</accessor>
				</technique_common>
			</source>
			<source id="CirPattern113-mesh-normals">
				<float_array id="CirPattern113-mesh-normals-array" count="10866">
-0.322409 0 -0.946601 
-0.322409 0 -0.946601 
-0.322409 0 -0.946601 
-0.322409 0 -0.946601 
-0.322409 0 -0.946601 
-0.322409 0 -0.946601 
-0.322409 0 -0.946601 
-0.322409 0 -0.946601 
-0.322409 0 -0.946601 
-0.322409 0 -0.946601 
-0.322409 0 -0.946601 
-0.322409 0 -0.946601 
-0.322409 0 -0.946601 
-0.322409 0 -0.946601 
-0.322409 0 -0.946601 
-0.322409 0 -0.946601 
-0.322409 0 -0.946601 
-0.322409 0 -0.946601 
-0.322409 0 -0.946601 
-0.322409 0 -0.946601 
-0.322409 0 -0.946601 
-0.322409 0 -0.946601 
-0.322409 0 -0.946601 
-0.322409 0 -0.946601 
-0.322409 0 -0.946601 
-0.322409 0 -0.946601 
-0.322409 0 0.946601 
-0.322409 0 0.946601 
-0.322409 0 0.946601 
-0.322409 0 0.946601 
-0.322409 0 0.946601 
-0.322409 0 0.946601 
-0.322409 0 0.946601 
-0.322409 0 0.946601 
-0.322409 0 0.946601 
-0.322409 0 0.946601 
-0.322409 0 0.946601 
-0.322409 0 0.946601 
-0.322409 0 0.946601 
-0.322409 0 0.946601 
-0.322409 0 0.946601 
-0.322409 0 0.946601 
-0.322409 0 0.946601 
-0.322409 0 0.946601 
-0.322409 0 0.946601 
-0.322409 0 0.946601 
-0.322409 0 0.946601 
-0.322409 0 0.946601 
-0.322409 0 0.946601 
-0.322409 0 0.946601 
-0.322409 0 0.946601 
-0.322409 0 0.946601 
-0 -0 1 
-0 -0 1 
-0 -0 1 
-0 -0 1 
-0 -0 1 
-0 -0 1 
0 0 -1 
0 0 -1 
0 0 -1 
0 0 -1 
0 0 -1 
0 0 -1 
0 1 0 
0 1 0 
0 1 0 
0 1 0 
0 1 0 
0 1 0 
0 1 0 
0 1 0 
0 1 0 
0 1 0 
0 1 0 
0 1 0 
0 1 0 
0 1 0 
0 1 0 
0 1 0 
0 1 0 
0 1 0 
0 1 0 
0 1 0 
0 1 0 
0 1 0 
0 1 0 
0 1 0 
0 1 0 
0 1 0 
0 1 0 
0 1 0 
0 1 0 
0 1 0 
0 1 0 
0 1 0 
0 1 0 
0 1 0 
0 1 0 
0 1 0 
0 1 0 
0 1 0 
0 1 0 
0 1 0 
0 1 0 
0 1 0 
0 1 0 
0 1 0 
0 1 0 
0 1 0 
0 1 0 
0 1 0 
0 1 0 
0 1 0 
0 1 0 
0 1 0 
0 1 0 
0 1 0 
0 1 0 
0 1 0 
0 1 0 
0 1 0 
0 1 0 
0 1 0 
0 1 0 
0 1 0 
0 1 0 
0 1 0 
0 1 0 
0 1 0 
0 1 0 
0 1 0 
0 1 0 
0 1 0 
0 1 0 
0 1 0 
0 1 0 
0 1 0 
0 1 0 
0 1 0 
0 1 0 
0 1 0 
0 1 0 
0 1 0 
0 1 0 
0 1 0 
0 1 0 
0 1 0 
0 1 0 
0 1 0 
0 1 0 
0 1 0 
0 1 0 
0 1 0 
0 1 0 
0 1 0 
0 1 0 
0 1 0 
0 1 0 
0 1 0 
0 1 0 
0 1 0 
0 1 0 
0 1 0 
0 1 0 
0 1 0 
0 1 0 
0 1 0 
0 1 0 
0 1 0 
0 1 0 
0 1 0 
0 1 0 
0 1 0 
0 1 0 
0 1 0 
0 1 0 
0 1 0 
0 1 0 
0 1 0 
0 1 0 
0 1 0 
0 1 0 
0 1 0 
0 1 0 
0 1 0 
0 1 0 
0 1 0 
0 1 0 
0 1 0 
0 1 0 
0 1 0 
0 1 0 
0 1 0 
0 1 0 
0 1 0 
0 1 0 
0 1 0 
0 1 0 
0 1 0 
0 1 0 
0 1 0 
0 1 0 
0 1 0 
0 1 0 
0 1 0 
0 1 0 
0 1 0 
0 1 0 
0 1 0 
0 1 0 
0 1 0 
0 1 0 
0 1 0 
0 1 0 
0 1 0 
0 1 0 
0 1 0 
0 1 0 
0 1 0 
0 1 0 
0 1 0 
0 1 0 
0 1 0 
0 1 0 
0 1 0 
0 1 0 
0 1 0 
0 1 0 
0 1 0 
0 1 0 
0 1 0 
0 1 0 
0 1 0 
0 1 0 
0 1 0 
0 1 0 
0 1 0 
0 1 0 
0 1 0 
0 1 0 
0 1 0 
0 1 0 
0 1 0 
0 1 0 
0 1 0 
0 1 0 
0 1 0 
0 1 0 
0 1 0 
0 1 0 
0 1 0 
0 1 0 
0 1 0 
0 1 0 
0 1 0 
0 1 0 
0 1 0 
0 1 0 
0 1 0 
0 1 0 
0 1 0 
0 1 0 
0 1 0 
0 1 0 
0 1 0 
0 1 0 
0 1 0 
0 1 0 
0 1 0 
0 1 0 
0 1 0 
0 1 0 
0 1 0 
0 1 0 
0 1 0 
0 1 0 
0 1 0 
0 1 0 
0 1 0 
0 1 0 
0 1 0 
0 1 0 
0 1 0 
0 1 0 
0 1 0 
0 1 0 
0 1 0 
0 1 0 
0 1 0 
0 1 0 
0 1 0 
0 1 0 
0 1 0 
0 1 0 
0 1 0 
0 1 0 
0 1 0 
0 1 0 
0 1 0 
0 1 0 
0 1 0 
0 1 0 
0 1 0 
0 1 0 
0 1 0 
0 1 0 
0 1 0 
0 1 0 
0 1 0 
0 1 0 
0 1 0 
0 1 0 
0 1 0 
0 1 0 
0 1 0 
0 1 0 
0 1 0 
0 1 0 
0 1 0 
0 1 0 
0 1 0 
0 1 0 
0 1 0 
0 1 0 
0 1 0 
0 1 0 
0 1 0 
0 1 0 
0 1 0 
0 1 0 
0 1 0 
0 1 0 
0 1 0 
0 1 0 
0 1 0 
0 1 0 
0 1 0 
0 1 0 
0 1 0 
0 1 0 
0 1 0 
0 1 0 
0 1 0 
0 1 0 
0 1 0 
0 1 0 
0 1 0 
0 1 0 
0 1 0 
0 1 0 
0 1 0 
0 1 0 
0 1 0 
0 1 0 
0 1 0 
0 1 0 
0 1 0 
0 1 0 
0 1 0 
0 1 0 
0 1 0 
0 1 0 
0 1 0 
0 1 0 
0 1 0 
0 1 0 
0 1 0 
0 1 0 
0 1 0 
0 1 0 
0 1 0 
0 1 0 
0 1 0 
0 1 0 
0 1 0 
0 1 0 
0 1 0 
0 1 0 
0 1 0 
0 1 0 
0 1 0 
0 1 0 
0 1 0 
0 1 0 
0 1 0 
0 1 0 
0 1 0 
0 1 0 
0 1 0 
0 1 0 
0 1 0 
0 1 0 
0 1 0 
0 1 0 
0 1 0 
0 1 0 
0 1 0 
0 1 0 
0 1 0 
0 1 0 
0 1 0 
0 1 0 
0 1 0 
0 1 0 
0 1 0 
0 1 0 
0 1 0 
0 1 0 
0 1 0 
0 1 0 
0 1 0 
0 1 0 
0 1 0 
0 1 0 
0 1 0 
0 1 0 
0 1 0 
0 1 0 
0 1 0 
0 1 0 
0 1 0 
0 1 0 
0 1 0 
0 1 0 
0 1 0 
0 1 0 
0 1 0 
0 1 0 
0 1 0 
0 1 0 
0 1 0 
0 1 0 
0 1 0 
0 1 0 
0 1 0 
0 1 0 
0 1 0 
0 1 0 
0 1 0 
0 1 0 
0 1 0 
0 1 0 
0 1 0 
0 1 0 
0 1 0 
0 1 0 
0 1 0 
0 1 0 
0 1 0 
0 1 0 
0 1 0 
0 1 0 
0 1 0 
0 1 0 
0 1 0 
0 1 0 
0 1 0 
0 1 0 
0 1 0 
0 1 0 
0 1 0 
0 1 0 
0 1 0 
0 1 0 
0 1 0 
0 1 0 
0 1 0 
0 1 0 
0 1 0 
0 1 0 
0 1 0 
0 1 0 
0 1 0 
0 1 0 
0 1 0 
0 1 0 
0 1 0 
0 1 0 
0 1 0 
0 1 0 
0 1 0 
0 1 0 
0 1 0 
0 1 0 
-1 0 0 
-1 0 0 
-1 0 0 
-1 0 0 
-1 0 0 
-1 0 0 
-1 0 0 
-1 0 0 
-1 0 0 
-1 0 0 
-1 0 0 
-1 0 0 
-1 0 0 
-1 0 0 
-1 0 0 
-1 0 0 
-1 0 0 
-1 0 0 
-1 0 0 
-1 0 0 
-1 0 0 
-1 0 0 
-1 0 0 
-1 0 0 
-1 0 0 
-1 0 0 
-1 0 0 
-1 0 0 
-1 0 0 
-1 0 0 
-1 0 0 
-1 0 0 
-1 0 0 
-1 0 0 
-1 0 0 
-1 0 0 
-1 0 0 
-1 0 0 
-1 0 0 
-1 0 0 
-1 0 0 
-1 0 0 
-1 0 0 
-1 0 0 
-1 0 0 
-1 0 0 
-1 0 0 
-1 0 0 
-1 0 0 
-1 0 0 
-1 0 0 
-1 0 0 
-1 0 0 
-1 0 0 
-1 0 0 
-1 0 0 
-1 0 0 
-1 0 0 
-1 0 0 
-1 0 0 
-1 0 0 
-1 0 0 
-1 0 0 
-1 0 0 
-1 0 0 
-1 0 0 
-1 0 0 
-1 0 0 
-1 0 0 
-1 0 0 
-1 0 0 
-1 0 0 
-1 0 0 
-1 0 0 
-1 0 0 
-1 0 0 
-1 0 0 
-1 0 0 
-1 0 0 
-1 0 0 
-1 0 0 
-1 0 0 
-1 0 0 
-1 0 0 
-1 0 0 
-1 0 0 
-1 0 0 
-1 0 0 
-1 0 0 
-1 0 0 
-1 0 0 
-1 0 0 
-1 0 0 
-1 0 0 
-1 0 0 
-0.324699 -0 0.945817 
-0.164595 -0 0.986361 
-0.322409 -0 0.946601 
-0.322409 -0 0.946601 
-0.474101 -0 0.88047 
-0.16232 -0 0.986738 
-0.837167 -0 0.546948 
-0.735724 -0 0.677282 
-0.836548 -0 0.547894 
-0.734739 -0 0.678349 
-0.614213 -0 0.78914 
-0.612811 -0 0.79023 
-0.9694 -0 0.245486 
-0.996571 -0 0.0827405 
-0.996584 -0 0.0825794 
-0.915449 -0 0.402434 
-0.969281 -0 0.245955 
-0.915773 -0 0.401695 
-0.915449 0 -0.402434 
-0.837166 0 -0.546948 
-0.915773 0 -0.401695 
-0.969281 0 -0.245955 
-0.996584 0 -0.0825794 
-0.996571 0 -0.08274 
-0.322409 0 -0.9466 
-0.164595 0 -0.986361 
-0.324699 0 -0.945817 
-0.735724 0 -0.677282 
-0.836548 0 -0.547894 
-0.734739 0 -0.678349 
-0.614213 0 -0.789141 
-0.612811 0 -0.79023 
-0.475947 0 -0.879474 
-0.474101 0 -0.88047 
-0.322409 0 -0.9466 
-0.1634 0 -0.98656 
-3.01992e-07 0 -1 
1.74846e-07 0 -1 
-0.9694 0 -0.245485 
-0.475947 -0 0.879474 
-8.74228e-08 -0 1 
0.00219026 0 0.999998 
0.166641 0 0.986018 
0.164595 0 0.986361 
0.614213 0 0.78914 
0.477569 0 0.878594 
0.475947 0 0.879474 
0.326552 0 0.945179 
0.324699 0 0.945817 
0.837985 0 0.545693 
0.736816 0 0.676093 
0.837166 0 0.546948 
0.615576 0 0.788077 
0.735724 0 0.677282 
0.969711 0 0.244256 
0.9694 0 0.245485 
0.996584 0 0.0825792 
0.915773 0 0.401695 
0.916328 0 0.400428 
0.996498 0 -0.0836133 
0.9694 0 -0.245485 
0.969173 0 -0.246379 
0.996584 0 -0.0825794 
0.996679 0 0.0814305 
0.837166 0 -0.546948 
0.735724 0 -0.677282 
0.836788 0 -0.547527 
0.915449 0 -0.402434 
0.915773 0 -0.401695 
0.475947 0 -0.879474 
0.475643 0 -0.879638 
0.613849 0 -0.789424 
0.735333 0 -0.677706 
0.614213 0 -0.789141 
0.324699 0 -0.945817 
0.324481 0 -0.945892 
0.164481 0 -0.98638 
0.164595 0 -0.986361 
-0 -1 -0 
-0 -1 -0 
-0 -1 -0 
-0 -1 -0 
-0 -1 -0 
-0 -1 -0 
-0 -1 -0 
-0 -1 -0 
-0 -1 -0 
-0 -1 -0 
-0 -1 -0 
-0 -1 -0 
-0 -1 -0 
-0 -1 -0 
-0 -1 -0 
-0 -1 -0 
-0 -1 -0 
-0 -1 -0 
-0 -1 -0 
-0 -1 -0 
-0 -1 -0 
-0 -1 -0 
-0 -1 -0 
-0 -1 -0 
-0 -1 -0 
-0 -1 -0 
-0 -1 -0 
-0 -1 -0 
-0 -1 -0 
-0 -1 -0 
-0 -1 -0 
-0 -1 -0 
-0 -1 -0 
-0 -1 -0 
-0 -1 -0 
-0 -1 -0 
-0 -1 -0 
-0 -1 -0 
-0 -1 -0 
-0 -1 -0 
-0 -1 -0 
-0 -1 -0 
-0 -1 -0 
-0 -1 -0 
-0 -1 -0 
-0 -1 -0 
-0 -1 -0 
-0 -1 -0 
-0 -1 -0 
-0 -1 -0 
-0 -1 -0 
-0 -1 -0 
-0 -1 -0 
-0 -1 -0 
-0 -1 -0 
-0 -1 -0 
-0 -1 -0 
-0 -1 -0 
-0 -1 -0 
-0 -1 -0 
-0 -1 -0 
-0 -1 -0 
-0 -1 -0 
-0 -1 -0 
-0 -1 -0 
-0 -1 -0 
-0 -1 -0 
-0 -1 -0 
-0 -1 -0 
-0 -1 -0 
-0 -1 -0 
-0 -1 -0 
-0 -1 -0 
-0 -1 -0 
-0 -1 -0 
-0 -1 -0 
-0 -1 -0 
-0 -1 -0 
-0 -1 -0 
-0 -1 -0 
-0 -1 -0 
-0 -1 -0 
-0 -1 -0 
-0 -1 -0 
-0 -1 -0 
-0 -1 -0 
-0 -1 -0 
-0 -1 -0 
-0 -1 -0 
-0 -1 -0 
-0 -1 -0 
-0 -1 -0 
-0 -1 -0 
-0 -1 -0 
-0 -1 -0 
-0 -1 -0 
-0 -1 -0 
-0 -1 -0 
-0 -1 -0 
-0 -1 -0 
-0 -1 -0 
-0 -1 -0 
-0 -1 -0 
-0 -1 -0 
-0 -1 -0 
-0 -1 -0 
-0 -1 -0 
-0 -1 -0 
-0 -1 -0 
-0 -1 -0 
-0 -1 -0 
-0 -1 -0 
-0 -1 -0 
-0 -1 -0 
-0 -1 -0 
-0 -1 -0 
-0 -1 -0 
-0 -1 -0 
-0 -1 -0 
-0 -1 -0 
-0 -1 -0 
-0 -1 -0 
-0 -1 -0 
-0 -1 -0 
-0 -1 -0 
-0 -1 -0 
-0 -1 -0 
-0 -1 -0 
-0 -1 -0 
-0 -1 -0 
-0 -1 -0 
-0 -1 -0 
-0 -1 -0 
-0 -1 -0 
-0 -1 -0 
-0 -1 -0 
-0 -1 -0 
-0 -1 -0 
-0 -1 -0 
-0 -1 -0 
-0 -1 -0 
-0 -1 -0 
-0 -1 -0 
-0 -1 -0 
-0 -1 -0 
-0 -1 -0 
-0 -1 -0 
-0 -1 -0 
-0 -1 -0 
-0 -1 -0 
-0 -1 -0 
-0 -1 -0 
-0 -1 -0 
-0 -1 -0 
-0 -1 -0 
-0 -1 -0 
-0 -1 -0 
-0 -1 -0 
-0 -1 -0 
-0 -1 -0 
-0 -1 -0 
-0 -1 -0 
-0 -1 -0 
-0 -1 -0 
-0 -1 -0 
-0 -1 -0 
-0 -1 -0 
-0 -1 -0 
-0 -1 -0 
-0 -1 -0 
-0 -1 -0 
-0 -1 -0 
-0 -1 -0 
-0 -1 -0 
-0 -1 -0 
-0 -1 -0 
-0 -1 -0 
-0 -1 -0 
-0 -1 -0 
-0 -1 -0 
-0 -1 -0 
-0 -1 -0 
-0 -1 -0 
-0 -1 -0 
-0 -1 -0 
-0 -1 -0 
-0 -1 -0 
-0 -1 -0 
-0 -1 -0 
-0 -1 -0 
-0 -1 -0 
-0 -1 -0 
-0 -1 -0 
-0 -1 -0 
-0 -1 -0 
-0 -1 -0 
-0 -1 -0 
-0 -1 -0 
-0 -1 -0 
-0 -1 -0 
-0 -1 -0 
-0 -1 -0 
-0 -1 -0 
-0 -1 -0 
-0 -1 -0 
-0 -1 -0 
-0 -1 -0 
-0 -1 -0 
-0 -1 -0 
-0 -1 -0 
-0 -1 -0 
-0 -1 -0 
-0 -1 -0 
-0 -1 -0 
-0 -1 -0 
-0 -1 -0 
-0 -1 -0 
-0 -1 -0 
-0 -1 -0 
-0 -1 -0 
-0 -1 -0 
-0 -1 -0 
-0 -1 -0 
-0 -1 -0 
-0 -1 -0 
-0 -1 -0 
-0 -1 -0 
-0 -1 -0 
-0 -1 -0 
-0 -1 -0 
-0 -1 -0 
-0 -1 -0 
-0 -1 -0 
-0 -1 -0 
-0 -1 -0 
-0 -1 -0 
-0 -1 -0 
-0 -1 -0 
-0 -1 -0 
-0 -1 -0 
-0 -1 -0 
-0 -1 -0 
-0 -1 -0 
-0 -1 -0 
-0 -1 -0 
-0 -1 -0 
-0 -1 -0 
-0 -1 -0 
-0 -1 -0 
-0 -1 -0 
-0 -1 -0 
-0 -1 -0 
-0 -1 -0 
-0 -1 -0 
-0 -1 -0 
-0 -1 -0 
-0 -1 -0 
-0 -1 -0 
-0 -1 -0 
-0 -1 -0 
-0 -1 -0 
-0 -1 -0 
-0 -1 -0 
-0 -1 -0 
-0 -1 -0 
-0 -1 -0 
-0 -1 -0 
-0 -1 -0 
-0 -1 -0 
-0 -1 -0 
-0 -1 -0 
-0 -1 -0 
-0 -1 -0 
-0 -1 -0 
-0 -1 -0 
-0 -1 -0 
-0 -1 -0 
-0 -1 -0 
-0 -1 -0 
-0 -1 -0 
-0 -1 -0 
-0 -1 -0 
-0 -1 -0 
-0 -1 -0 
-0 -1 -0 
-0 -1 -0 
-0 -1 -0 
-0 -1 -0 
-0 -1 -0 
-0 -1 -0 
-0 -1 -0 
-0 -1 -0 
-0 -1 -0 
-0 -1 -0 
-0 -1 -0 
-0 -1 -0 
-0 -1 -0 
-0 -1 -0 
-0 -1 -0 
-0 -1 -0 
-0 -1 -0 
-0 -1 -0 
-0 -1 -0 
-0 -1 -0 
-0 -1 -0 
-0 -1 -0 
-0 -1 -0 
-0 -1 -0 
-0 -1 -0 
-0 -1 -0 
-0 -1 -0 
-0 -1 -0 
-0 -1 -0 
-0 -1 -0 
-0 -1 -0 
-0 -1 -0 
-0 -1 -0 
-0 -1 -0 
-0 -1 -0 
-0 -1 -0 
-0 -1 -0 
-0 -1 -0 
-0 -1 -0 
-0 -1 -0 
-0 -1 -0 
-0 -1 -0 
-0 -1 -0 
-0 -1 -0 
-0 -1 -0 
-0 -1 -0 
-0 -1 -0 
-0 -1 -0 
-0 -1 -0 
-0 -1 -0 
-0 -1 -0 
-0 -1 -0 
-0 -1 -0 
-0 -1 -0 
-0 -1 -0 
-0 -1 -0 
-0 -1 -0 
-0 -1 -0 
-0 -1 -0 
-0 -1 -0 
-0 -1 -0 
-0 -1 -0 
-0 -1 -0 
-0 -1 -0 
-0 -1 -0 
-0 -1 -0 
-0 -1 -0 
-0 -1 -0 
-0 -1 -0 
-0 -1 -0 
-0 -1 -0 
-0 -1 -0 
-0 -1 -0 
-0 -1 -0 
-0 -1 -0 
-0 -1 -0 
-0 -1 -0 
-0 -1 -0 
-0 -1 -0 
-0 -1 -0 
-0 -1 -0 
-0 -1 -0 
-0 -1 -0 
-0 -1 -0 
-0 -1 -0 
-0 -1 -0 
-0 -1 -0 
-0 -1 -0 
-0 -1 -0 
-0 -1 -0 
-0 -1 -0 
-0 -1 -0 
-0 -1 -0 
-0 -1 -0 
-0 -1 -0 
-0 -1 -0 
-0 -1 -0 
-0 -1 -0 
-0 -1 -0 
-0 -1 -0 
-0 -1 -0 
-0 -1 -0 
-0 -1 -0 
-0 -1 -0 
-0 -1 -0 
-0 -1 -0 
-0 -1 -0 
-0 -1 -0 
-0 -1 -0 
-0 -1 -0 
-0 -1 -0 
-0 -1 -0 
-0 -1 -0 
-0 -1 -0 
-0 -1 -0 
-0 -1 -0 
-0 -1 -0 
-0 -1 -0 
-0 -1 -0 
-0 -1 -0 
-0 -1 -0 
-0 -1 -0 
-0 -1 -0 
-0 -1 -0 
-0 -1 -0 
-0 -1 -0 
-0 -1 -0 
-0 -1 -0 
-0 -1 -0 
-0 -1 -0 
-0 -1 -0 
-0 -1 -0 
-0 -1 -0 
-0 -1 -0 
-0 -1 -0 
-0 -1 -0 
-0 -1 -0 
-0 -1 -0 
-0 -1 -0 
-0 -1 -0 
-0 -1 -0 
-0 -1 -0 
-0 -1 -0 
-0 -1 -0 
-0 -1 -0 
-0 -1 -0 
-0 -1 -0 
-0 -1 -0 
-0 -1 -0 
-0 -1 -0 
-0 -1 -0 
-0 -1 -0 
-0 -1 -0 
-0 -1 -0 
-0 -1 -0 
-0 -1 -0 
-0 -1 -0 
-0 -1 -0 
-0 -1 -0 
5.13992e-16 0 -1 
5.13992e-16 0 -1 
5.13992e-16 0 -1 
5.13992e-16 0 -1 
5.13992e-16 0 -1 
5.13992e-16 0 -1 
5.13992e-16 0 -1 
5.13992e-16 0 -1 
5.13992e-16 0 -1 
5.13992e-16 0 -1 
5.13992e-16 0 -1 
5.13992e-16 0 -1 
5.13992e-16 0 -1 
5.13992e-16 0 -1 
5.13992e-16 0 -1 
5.13992e-16 0 -1 
5.13992e-16 0 -1 
5.13992e-16 0 -1 
5.13992e-16 0 -1 
5.13992e-16 0 -1 
5.13992e-16 0 -1 
5.13992e-16 0 -1 
5.13992e-16 0 -1 
5.13992e-16 0 -1 
5.13992e-16 0 -1 
5.13992e-16 0 -1 
5.13992e-16 0 -1 
5.13992e-16 0 -1 
5.13992e-16 0 -1 
5.13992e-16 0 -1 
5.13992e-16 0 -1 
5.13992e-16 0 -1 
5.13992e-16 0 -1 
5.13992e-16 0 -1 
1 0 0 
1 0 0 
1 0 0 
1 0 0 
1 0 0 
1 0 0 
1 0 0 
1 0 0 
1 0 0 
1 0 0 
1 0 0 
1 0 0 
1 0 0 
1 0 0 
1 0 0 
1 0 0 
1 0 0 
1 0 0 
1 0 0 
1 0 0 
1 0 0 
1 0 0 
1 0 0 
1 0 0 
1 0 0 
1 0 0 
1 0 0 
1 0 0 
1 0 0 
1 0 0 
1 0 0 
1 0 0 
1 0 0 
1 0 0 
1 0 0 
1 0 0 
1 0 0 
1 0 0 
1 0 0 
1 0 0 
1 0 0 
1 0 0 
1 0 0 
1 0 0 
1 0 0 
1 0 0 
1 0 0 
1 0 0 
1 0 0 
1 0 0 
1 0 0 
1 0 0 
1 0 0 
1 0 0 
1 0 0 
1 0 0 
1 0 0 
1 0 0 
1 0 0 
1 0 0 
1 0 0 
1 0 0 
1 0 0 
1 0 0 
1 0 0 
1 0 0 
1 0 0 
1 0 0 
1 0 0 
1 0 0 
1 0 0 
1 0 0 
1 0 0 
1 0 0 
1 0 0 
1 0 0 
1 0 0 
1 0 0 
1 0 0 
1 0 0 
1 0 0 
1 0 0 
1 0 0 
1 0 0 
1 0 0 
1 0 0 
1 0 0 
1 0 0 
1 0 0 
1 0 0 
1 0 0 
1 0 0 
1 0 0 
1 0 0 
1 0 0 
1 0 0 
1 0 0 
1 0 0 
1 0 0 
1 0 0 
1 0 0 
1 0 0 
1 0 0 
1 0 0 
1 0 0 
1 0 0 
1 0 0 
5.13992e-16 -0 1 
5.13992e-16 -0 1 
5.13992e-16 -0 1 
5.13992e-16 -0 1 
5.13992e-16 -0 1 
5.13992e-16 -0 1 
5.13992e-16 -0 1 
5.13992e-16 -0 1 
5.13992e-16 -0 1 
5.13992e-16 -0 1 
5.13992e-16 -0 1 
5.13992e-16 -0 1 
5.13992e-16 -0 1 
5.13992e-16 -0 1 
5.13992e-16 -0 1 
5.13992e-16 -0 1 
5.13992e-16 -0 1 
5.13992e-16 -0 1 
5.13992e-16 -0 1 
5.13992e-16 -0 1 
5.13992e-16 -0 1 
5.13992e-16 -0 1 
5.13992e-16 -0 1 
5.13992e-16 -0 1 
5.13992e-16 -0 1 
5.13992e-16 -0 1 
5.13992e-16 -0 1 
5.13992e-16 -0 1 
5.13992e-16 -0 1 
5.13992e-16 -0 1 
5.13992e-16 -0 1 
5.13992e-16 -0 1 
5.13992e-16 -0 1 
5.13992e-16 -0 1 
-0 -1 -0 
-0 -1 -0 
-0 -1 -0 
-0 -1 -0 
-0 -1 -0 
-0 -1 -0 
-0 -1 -0 
-0 -1 -0 
-0 -1 -0 
-0 -1 -0 
-0 -1 -0 
-0 -1 -0 
-0 -1 -0 
-0 -1 -0 
-0 -1 -0 
-0 -1 -0 
-0 -1 -0 
-0 -1 -0 
-0 -1 -0 
-0 -1 -0 
-0 -1 -0 
-0 -1 -0 
-0 -1 -0 
-0 -1 -0 
-0 -1 -0 
-0 -1 -0 
-0 -1 -0 
-0 -1 -0 
-0 0.476905 -0.878955 
-0 0.615398 -0.788217 
-0 0.476905 -0.878955 
-0 -0.000151045 -1 
-0 0.0378727 -0.999283 
-0 0.043664 -0.999046 
-0 0.615398 -0.788217 
-0 0.838438 -0.544996 
-0 0.916872 -0.399182 
-0 0.838438 -0.544996 
-0 0.325339 -0.945598 
-0 0.325339 -0.945598 
-0 0.0484803 -0.998824 
-0 0.164853 -0.986318 
-0 0.164853 -0.986318 
-0 0.0472608 -0.998883 
-0 0.0472624 -0.998883 
-0 0.0301653 -0.999545 
-0 0.0209515 -0.99978 
-0 0.0106228 -0.999944 
-0 -0.000151045 -1 
-0 0.73702 -0.675871 
-0 0.73702 -0.67587 
-0 0.916872 -0.399182 
-0 0.97017 -0.242424 
-0 0.97017 -0.242424 
-0 0.0436557 -0.999047 
-0 0.0378569 -0.999283 
-0 0.0301574 -0.999545 
-0 -0.000151045 -1 
-0 0.0208806 -0.999782 
-0 0.0106183 -0.999944 
-0 -0.000151045 -1 
-1 -0 -0 
-1 -0 -0 
-1 -0 -0 
-1 -0 -0 
-1 -0 -0 
-1 -0 -0 
-1 -0 -0 
-1 -0 -0 
-1 -0 -0 
-1 -0 -0 
-1 -0 -0 
-1 -0 -0 
-1 -0 -0 
-1 -0 -0 
-1 -0 -0 
-1 -0 -0 
-1 -0 -0 
-1 -0 -0 
-1 -0 -0 
-1 -0 -0 
-1 -0 -0 
-1 -0 -0 
-1 -0 -0 
-1 -0 -0 
-1 -0 -0 
-1 -0 -0 
-1 -0 -0 
-1 -0 -0 
-1 -0 -0 
-1 -0 -0 
-1 -0 -0 
-1 -0 -0 
-1 -0 -0 
-1 -0 -0 
-1 -0 -0 
-1 -0 -0 
-1 -0 -0 
-1 -0 -0 
-1 -0 -0 
-1 -0 -0 
-1 -0 -0 
-1 -0 -0 
-1 -0 -0 
-1 -0 -0 
-1 -0 -0 
-1 -0 -0 
-1 -0 -0 
-1 -0 -0 
-1 -0 -0 
-1 -0 -0 
-1 -0 -0 
-1 -0 -0 
-1 -0 -0 
-1 -0 -0 
-1 -0 -0 
-1 -0 -0 
-1 -0 -0 
-1 -0 -0 
-1 -0 -0 
-1 -0 -0 
-1 -0 -0 
-1 -0 -0 
-1 -0 -0 
-1 -0 -0 
-1 -0 -0 
-1 -0 -0 
-1 -0 -0 
-1 -0 -0 
-1 -0 -0 
-1 -0 -0 
-1 -0 -0 
-1 -0 -0 
-1 -0 -0 
-1 -0 -0 
-1 -0 -0 
-1 -0 -0 
-1 -0 -0 
-1 -0 -0 
-1 -0 -0 
-1 -0 -0 
-1 -0 -0 
-1 -0 -0 
-1 -0 -0 
-1 -0 -0 
-1 -0 -0 
-1 -0 -0 
-1 -0 -0 
-1 -0 -0 
-1 -0 -0 
-1 -0 -0 
-1 -0 -0 
-1 -0 -0 
-1 -0 -0 
-1 -0 -0 
-0 0.569525 -0.821974 
-0 0.441073 -0.897471 
-0 0.430332 -0.902671 
-0 0.693974 -0.72 
-0 0.574418 -0.818562 
-0 0.297137 -0.954835 
-0 0.28 -0.96 
-0 0.693974 -0.72 
-0 0.430332 0.902671 
-0 0.28 0.96 
-0 0.297137 0.954835 
-0 0.693974 0.72 
-0 0.574419 0.818562 
-0 0.693974 0.72 
-0 0.569525 0.821974 
-0 0.441072 0.897471 
-0.5895 0.807768 -0 
-0.56621 0.824261 -0 
-0.441327 0.897346 -0 
-0.695202 0.718814 -0 
-0.421501 0.906828 -0 
-0.279931 0.96002 -0 
-0.72 0.693974 -0 
-0.265092 0.964223 -0 
-0.804897 0.593415 -0 
-0.818562 0.574419 -0 
-0.892249 0.451543 -0 
-0.954835 0.297137 -0 
-0.897471 0.441073 -0 
-0.804897 0.593415 -0 
-0.72 0.693974 -0 
-0.695202 0.718814 -0 
-0.892249 0.451543 -0 
-0.818562 0.574419 -0 
-0.897471 0.441073 -0 
-0.5895 0.807768 -0 
-0.954835 0.297137 -0 
-0.56621 0.824261 -0 
-0.441327 0.897346 -0 
-0.421501 0.906828 -0 
-0.265092 0.964223 -0 
-0.279931 0.96002 -0 
-0 -1.68883e-07 1 
-0 6.95355e-08 1 
-0 0.0422317 0.999108 
-0 0.156434 0.987688 
-0 0.587785 0.809017 
-0 0.453991 0.891007 
-0 0.519685 0.854358 
-0 0.309017 0.951057 
-0 0.245767 0.969329 
-0 0.400443 0.916322 
-0 0.891007 0.45399 
-0 0.931464 0.363834 
-0 0.951057 0.309017 
-0 0.707107 0.707107 
-0 0.75985 0.650099 
-0 0.809017 0.587785 
-0 0.975799 0.21867 
-0 0.989307 0.145846 
-0 0.987688 0.156435 
-0 1 5.96244e-09 
-0 0.997336 0.0729444 
-0 1 5.96244e-09 
-0 0.956617 0.291348 
-0 0.899908 0.436079 
-0 0.86139 0.507944 
-0 0.81508 0.579349 
-0 0.694107 0.719872 
-0 0.615314 0.788282 
-0 0.707107 -0.707107 
0 0.759901 -0.650039 
-0 0.694127 -0.719852 
-0 6.95355e-08 -1 
-0 0.156435 -0.987688 
-0 0.0422317 -0.999108 
0 0.815099 -0.579322 
0 0.809017 -0.587785 
0 0.861408 -0.507914 
0 0.891007 -0.45399 
0 0.899931 -0.436032 
0 0.93147 -0.363819 
0 0.951057 -0.309017 
0 0.956627 -0.291315 
0 0.987688 -0.156435 
0 0.975806 -0.218636 
0 0.997338 -0.072919 
0 0.98931 -0.145825 
0 1 -5.96244e-09 
0 1 -5.96244e-09 
-0 0.615434 -0.788188 
-0 0.519848 -0.854259 
-0 0.587785 -0.809017 
-0 0.453991 -0.891007 
-0 0.400689 -0.916214 
-0 0.243892 -0.969802 
-0 0.309017 -0.951057 
-0 -1.68883e-07 -1 
0.519584 -0 -0.85442 
0.269797 -0 -0.962917 
0.519584 -0 -0.85442 
-1.74846e-07 -0 -1 
0.269797 -0 -0.962917 
3.01992e-07 -0 -1 
0.887885 -0 -0.460065 
0.979084 -0 -0.203456 
0.979084 -0 -0.203456 
0.887885 -0 -0.460065 
0.730836 -0 -0.682553 
0.730836 -0 -0.682553 
0.81697 -0 0.576681 
0.942261 -0 0.33488 
0.81697 -0 0.57668 
0.942261 -0 0.33488 
0.997669 -0 0.0682424 
0.997669 -0 0.0682424 
0.136167 -0 0.990686 
0.136167 -0 0.990686 
0.398401 -0 0.917211 
0.631088 -0 0.775711 
0.398401 -0 0.917211 
0.631088 -0 0.775711 
-0.398401 -0 0.917211 
-0.631088 -0 0.775711 
-0.631088 -0 0.775711 
-0.136167 -0 0.990686 
-0.136167 -0 0.990686 
-0.398401 -0 0.917211 
-0.997669 -0 0.0682424 
-0.942261 -0 0.33488 
-0.997669 -0 0.0682424 
-0.942261 -0 0.33488 
-0.81697 -0 0.57668 
-0.81697 -0 0.57668 
-0.979084 -0 -0.203456 
-0.979084 -0 -0.203456 
-0.887885 -0 -0.460065 
-0.887885 -0 -0.460065 
-0.730836 -0 -0.682553 
-0.519584 -0 -0.854419 
-0.730836 -0 -0.682553 
-0.519584 -0 -0.854419 
-0.269797 -0 -0.962917 
-0.269797 -0 -0.962917 
0.519584 -0 -0.85442 
0.269797 -0 -0.962917 
0.519584 -0 -0.85442 
-1.74846e-07 -0 -1 
0.269797 -0 -0.962917 
3.01992e-07 -0 -1 
0.887885 -0 -0.460065 
0.979084 -0 -0.203456 
0.979084 -0 -0.203456 
0.887885 -0 -0.460065 
0.730836 -0 -0.682553 
0.730836 -0 -0.682553 
0.81697 -0 0.576681 
0.942261 -0 0.33488 
0.81697 -0 0.57668 
0.942261 -0 0.33488 
0.997669 -0 0.0682424 
0.997669 -0 0.0682424 
0.136167 -0 0.990686 
0.136167 -0 0.990686 
0.398401 -0 0.917211 
0.631088 -0 0.775711 
0.398401 -0 0.917211 
0.631088 -0 0.775711 
-0.398401 -0 0.917211 
-0.631088 -0 0.775711 
-0.631088 -0 0.775711 
-0.136167 -0 0.990686 
-0.136167 -0 0.990686 
-0.398401 -0 0.917211 
-0.997669 -0 0.0682424 
-0.942261 -0 0.33488 
-0.997669 -0 0.0682424 
-0.942261 -0 0.33488 
-0.81697 -0 0.57668 
-0.81697 -0 0.57668 
-0.979084 -0 -0.203456 
-0.979084 -0 -0.203456 
-0.887885 -0 -0.460065 
-0.887885 -0 -0.460065 
-0.730836 -0 -0.682553 
-0.519584 -0 -0.854419 
-0.730836 -0 -0.682553 
-0.519584 -0 -0.854419 
-0.269797 -0 -0.962917 
-0.269797 -0 -0.962917 
0.519584 -0 -0.85442 
0.269797 -0 -0.962917 
0.519584 -0 -0.85442 
-1.74846e-07 -0 -1 
0.269797 -0 -0.962917 
3.01992e-07 -0 -1 
0.887885 -0 -0.460065 
0.979084 -0 -0.203456 
0.979084 -0 -0.203456 
0.887885 -0 -0.460065 
0.730836 -0 -0.682553 
0.730836 -0 -0.682553 
0.81697 -0 0.576681 
0.942261 -0 0.33488 
0.81697 -0 0.57668 
0.942261 -0 0.33488 
0.997669 -0 0.0682424 
0.997669 -0 0.0682424 
0.136167 -0 0.990686 
0.136167 -0 0.990686 
0.398401 -0 0.917211 
0.631088 -0 0.775711 
0.398401 -0 0.917211 
0.631088 -0 0.775711 
-0.398401 -0 0.917211 
-0.631088 -0 0.775711 
-0.631088 -0 0.775711 
-0.136167 -0 0.990686 
-0.136167 -0 0.990686 
-0.398401 -0 0.917211 
-0.997669 -0 0.0682424 
-0.942261 -0 0.33488 
-0.997669 -0 0.0682424 
-0.942261 -0 0.33488 
-0.81697 -0 0.57668 
-0.81697 -0 0.57668 
-0.979084 -0 -0.203456 
-0.979084 -0 -0.203456 
-0.887885 -0 -0.460065 
-0.887885 -0 -0.460065 
-0.730836 -0 -0.682553 
-0.519584 -0 -0.854419 
-0.730836 -0 -0.682553 
-0.519584 -0 -0.854419 
-0.269797 -0 -0.962917 
-0.269797 -0 -0.962917 
0.519584 -0 -0.85442 
0.269797 -0 -0.962917 
0.519584 -0 -0.85442 
-1.74846e-07 -0 -1 
0.269797 -0 -0.962917 
3.01992e-07 -0 -1 
0.887885 -0 -0.460065 
0.979084 -0 -0.203456 
0.979084 -0 -0.203456 
0.887885 -0 -0.460065 
0.730836 -0 -0.682553 
0.730836 -0 -0.682553 
0.81697 -0 0.576681 
0.942261 -0 0.33488 
0.81697 -0 0.57668 
0.942261 -0 0.33488 
0.997669 -0 0.0682424 
0.997669 -0 0.0682424 
0.136167 -0 0.990686 
0.136167 -0 0.990686 
0.398401 -0 0.917211 
0.631088 -0 0.775711 
0.398401 -0 0.917211 
0.631088 -0 0.775711 
-0.398401 -0 0.917211 
-0.631088 -0 0.775711 
-0.631088 -0 0.775711 
-0.136167 -0 0.990686 
-0.136167 -0 0.990686 
-0.398401 -0 0.917211 
-0.997669 -0 0.0682424 
-0.942261 -0 0.33488 
-0.997669 -0 0.0682424 
-0.942261 -0 0.33488 
-0.81697 -0 0.57668 
-0.81697 -0 0.57668 
-0.979084 -0 -0.203456 
-0.979084 -0 -0.203456 
-0.887885 -0 -0.460065 
-0.887885 -0 -0.460065 
-0.730836 -0 -0.682553 
-0.519584 -0 -0.854419 
-0.730836 -0 -0.682553 
-0.519584 -0 -0.854419 
-0.269797 -0 -0.962917 
-0.269797 -0 -0.962917 
0.519584 -0 -0.85442 
0.269797 -0 -0.962917 
0.519584 -0 -0.85442 
-1.74846e-07 -0 -1 
0.269797 -0 -0.962917 
3.01992e-07 -0 -1 
0.887885 -0 -0.460065 
0.979084 -0 -0.203456 
0.979084 -0 -0.203456 
0.887885 -0 -0.460065 
0.730836 -0 -0.682553 
0.730836 -0 -0.682553 
0.81697 -0 0.576681 
0.942261 -0 0.33488 
0.81697 -0 0.57668 
0.942261 -0 0.33488 
0.997669 -0 0.0682424 
0.997669 -0 0.0682424 
0.136167 -0 0.990686 
0.136167 -0 0.990686 
0.398401 -0 0.917211 
0.631088 -0 0.775711 
0.398401 -0 0.917211 
0.631088 -0 0.775711 
-0.398401 -0 0.917211 
-0.631088 -0 0.775711 
-0.631088 -0 0.775711 
-0.136167 -0 0.990686 
-0.136167 -0 0.990686 
-0.398401 -0 0.917211 
-0.997669 -0 0.0682424 
-0.942261 -0 0.33488 
-0.997669 -0 0.0682424 
-0.942261 -0 0.33488 
-0.81697 -0 0.57668 
-0.81697 -0 0.57668 
-0.979084 -0 -0.203456 
-0.979084 -0 -0.203456 
-0.887885 -0 -0.460065 
-0.887885 -0 -0.460065 
-0.730836 -0 -0.682553 
-0.519584 -0 -0.854419 
-0.730836 -0 -0.682553 
-0.519584 -0 -0.854419 
-0.269797 -0 -0.962917 
-0.269797 -0 -0.962917 
0.519584 -0 -0.85442 
0.269797 -0 -0.962917 
0.519584 -0 -0.85442 
-1.74846e-07 -0 -1 
0.269797 -0 -0.962917 
3.01992e-07 -0 -1 
0.887885 -0 -0.460065 
0.979084 -0 -0.203456 
0.979084 -0 -0.203456 
0.887885 -0 -0.460065 
0.730836 -0 -0.682553 
0.730836 -0 -0.682553 
0.81697 -0 0.576681 
0.942261 -0 0.33488 
0.81697 -0 0.57668 
0.942261 -0 0.33488 
0.997669 -0 0.0682424 
0.997669 -0 0.0682424 
0.136167 -0 0.990686 
0.136167 -0 0.990686 
0.398401 -0 0.917211 
0.631088 -0 0.775711 
0.398401 -0 0.917211 
0.631088 -0 0.775711 
-0.398401 -0 0.917211 
-0.631088 -0 0.775711 
-0.631088 -0 0.775711 
-0.136167 -0 0.990686 
-0.136167 -0 0.990686 
-0.398401 -0 0.917211 
-0.997669 -0 0.0682424 
-0.942261 -0 0.33488 
-0.997669 -0 0.0682424 
-0.942261 -0 0.33488 
-0.81697 -0 0.57668 
-0.81697 -0 0.57668 
-0.979084 -0 -0.203456 
-0.979084 -0 -0.203456 
-0.887885 -0 -0.460065 
-0.887885 -0 -0.460065 
-0.730836 -0 -0.682553 
-0.519584 -0 -0.854419 
-0.730836 -0 -0.682553 
-0.519584 -0 -0.854419 
-0.269797 -0 -0.962917 
-0.269797 -0 -0.962917 
0.519584 -0 -0.85442 
0.269797 -0 -0.962917 
0.519584 -0 -0.85442 
-1.74846e-07 -0 -1 
0.269797 -0 -0.962917 
3.01992e-07 -0 -1 
0.887885 -0 -0.460065 
0.979084 -0 -0.203456 
0.979084 -0 -0.203456 
0.887885 -0 -0.460065 
0.730836 -0 -0.682553 
0.730836 -0 -0.682553 
0.81697 -0 0.576681 
0.942261 -0 0.33488 
0.81697 -0 0.57668 
0.942261 -0 0.33488 
0.997669 -0 0.0682424 
0.997669 -0 0.0682424 
0.136167 -0 0.990686 
0.136167 -0 0.990686 
0.398401 -0 0.917211 
0.631088 -0 0.775711 
0.398401 -0 0.917211 
0.631088 -0 0.775711 
-0.398401 -0 0.917211 
-0.631088 -0 0.775711 
-0.631088 -0 0.775711 
-0.136167 -0 0.990686 
-0.136167 -0 0.990686 
-0.398401 -0 0.917211 
-0.997669 -0 0.0682424 
-0.942261 -0 0.33488 
-0.997669 -0 0.0682424 
-0.942261 -0 0.33488 
-0.81697 -0 0.57668 
-0.81697 -0 0.57668 
-0.979084 -0 -0.203456 
-0.979084 -0 -0.203456 
-0.887885 -0 -0.460065 
-0.887885 -0 -0.460065 
-0.730836 -0 -0.682553 
-0.519584 -0 -0.854419 
-0.730836 -0 -0.682553 
-0.519584 -0 -0.854419 
-0.269797 -0 -0.962917 
-0.269797 -0 -0.962917 
0.519584 -0 -0.85442 
0.269797 -0 -0.962917 
0.519584 -0 -0.85442 
-1.74846e-07 -0 -1 
0.269797 -0 -0.962917 
3.01992e-07 -0 -1 
0.887885 -0 -0.460065 
0.979084 -0 -0.203456 
0.979084 -0 -0.203456 
0.887885 -0 -0.460065 
0.730836 -0 -0.682553 
0.730836 -0 -0.682553 
0.81697 -0 0.576681 
0.942261 -0 0.33488 
0.81697 -0 0.57668 
0.942261 -0 0.33488 
0.997669 -0 0.0682424 
0.997669 -0 0.0682424 
0.136167 -0 0.990686 
0.136167 -0 0.990686 
0.398401 -0 0.917211 
0.631088 -0 0.775711 
0.398401 -0 0.917211 
0.631088 -0 0.775711 
-0.398401 -0 0.917211 
-0.631088 -0 0.775711 
-0.631088 -0 0.775711 
-0.136167 -0 0.990686 
-0.136167 -0 0.990686 
-0.398401 -0 0.917211 
-0.997669 -0 0.0682424 
-0.942261 -0 0.33488 
-0.997669 -0 0.0682424 
-0.942261 -0 0.33488 
-0.81697 -0 0.57668 
-0.81697 -0 0.57668 
-0.979084 -0 -0.203456 
-0.979084 -0 -0.203456 
-0.887885 -0 -0.460065 
-0.887885 -0 -0.460065 
-0.730836 -0 -0.682553 
-0.519584 -0 -0.854419 
-0.730836 -0 -0.682553 
-0.519584 -0 -0.854419 
-0.269797 -0 -0.962917 
-0.269797 -0 -0.962917 
0.519584 -0 -0.85442 
0.269797 -0 -0.962917 
0.519584 -0 -0.85442 
-1.74846e-07 -0 -1 
0.269797 -0 -0.962917 
3.01992e-07 -0 -1 
0.887885 -0 -0.460065 
0.979084 -0 -0.203456 
0.979084 -0 -0.203456 
0.887885 -0 -0.460065 
0.730836 -0 -0.682553 
0.730836 -0 -0.682553 
0.81697 -0 0.576681 
0.942261 -0 0.33488 
0.81697 -0 0.57668 
0.942261 -0 0.33488 
0.997669 -0 0.0682424 
0.997669 -0 0.0682424 
0.136167 -0 0.990686 
0.136167 -0 0.990686 
0.398401 -0 0.917211 
0.631088 -0 0.775711 
0.398401 -0 0.917211 
0.631088 -0 0.775711 
-0.398401 -0 0.917211 
-0.631088 -0 0.775711 
-0.631088 -0 0.775711 
-0.136167 -0 0.990686 
-0.136167 -0 0.990686 
-0.398401 -0 0.917211 
-0.997669 -0 0.0682424 
-0.942261 -0 0.33488 
-0.997669 -0 0.0682424 
-0.942261 -0 0.33488 
-0.81697 -0 0.57668 
-0.81697 -0 0.57668 
-0.979084 -0 -0.203456 
-0.979084 -0 -0.203456 
-0.887885 -0 -0.460065 
-0.887885 -0 -0.460065 
-0.730836 -0 -0.682553 
-0.519584 -0 -0.854419 
-0.730836 -0 -0.682553 
-0.519584 -0 -0.854419 
-0.269797 -0 -0.962917 
-0.269797 -0 -0.962917 
0.519584 -0 -0.85442 
0.269797 -0 -0.962917 
0.519584 -0 -0.85442 
-1.74846e-07 -0 -1 
0.269797 -0 -0.962917 
3.01992e-07 -0 -1 
0.887885 -0 -0.460065 
0.979084 -0 -0.203456 
0.979084 -0 -0.203456 
0.887885 -0 -0.460065 
0.730836 -0 -0.682553 
0.730836 -0 -0.682553 
0.81697 -0 0.576681 
0.942261 -0 0.33488 
0.81697 -0 0.57668 
0.942261 -0 0.33488 
0.997669 -0 0.0682424 
0.997669 -0 0.0682424 
0.136167 -0 0.990686 
0.136167 -0 0.990686 
0.398401 -0 0.917211 
0.631088 -0 0.775711 
0.398401 -0 0.917211 
0.631088 -0 0.775711 
-0.398401 -0 0.917211 
-0.631088 -0 0.775711 
-0.631088 -0 0.775711 
-0.136167 -0 0.990686 
-0.136167 -0 0.990686 
-0.398401 -0 0.917211 
-0.997669 -0 0.0682424 
-0.942261 -0 0.33488 
-0.997669 -0 0.0682424 
-0.942261 -0 0.33488 
-0.81697 -0 0.57668 
-0.81697 -0 0.57668 
-0.979084 -0 -0.203456 
-0.979084 -0 -0.203456 
-0.887885 -0 -0.460065 
-0.887885 -0 -0.460065 
-0.730836 -0 -0.682553 
-0.519584 -0 -0.854419 
-0.730836 -0 -0.682553 
-0.519584 -0 -0.854419 
-0.269797 -0 -0.962917 
-0.269797 -0 -0.962917 
0.519584 -0 -0.85442 
0.269797 -0 -0.962917 
0.519584 -0 -0.85442 
-1.74846e-07 -0 -1 
0.269797 -0 -0.962917 
3.01992e-07 -0 -1 
0.887885 -0 -0.460065 
0.979084 -0 -0.203456 
0.979084 -0 -0.203456 
0.887885 -0 -0.460065 
0.730836 -0 -0.682553 
0.730836 -0 -0.682553 
0.81697 -0 0.576681 
0.942261 -0 0.33488 
0.81697 -0 0.57668 
0.942261 -0 0.33488 
0.997669 -0 0.0682424 
0.997669 -0 0.0682424 
0.136167 -0 0.990686 
0.136167 -0 0.990686 
0.398401 -0 0.917211 
0.631088 -0 0.775711 
0.398401 -0 0.917211 
0.631088 -0 0.775711 
-0.398401 -0 0.917211 
-0.631088 -0 0.775711 
-0.631088 -0 0.775711 
-0.136167 -0 0.990686 
-0.136167 -0 0.990686 
-0.398401 -0 0.917211 
-0.997669 -0 0.0682424 
-0.942261 -0 0.33488 
-0.997669 -0 0.0682424 
-0.942261 -0 0.33488 
-0.81697 -0 0.57668 
-0.81697 -0 0.57668 
-0.979084 -0 -0.203456 
-0.979084 -0 -0.203456 
-0.887885 -0 -0.460065 
-0.887885 -0 -0.460065 
-0.730836 -0 -0.682553 
-0.519584 -0 -0.854419 
-0.730836 -0 -0.682553 
-0.519584 -0 -0.854419 
-0.269797 -0 -0.962917 
-0.269797 -0 -0.962917 
0.519584 -0 -0.85442 
0.269797 -0 -0.962917 
0.519584 -0 -0.85442 
-1.74846e-07 -0 -1 
0.269797 -0 -0.962917 
3.01992e-07 -0 -1 
0.887885 -0 -0.460065 
0.979084 -0 -0.203456 
0.979084 -0 -0.203456 
0.887885 -0 -0.460065 
0.730836 -0 -0.682553 
0.730836 -0 -0.682553 
0.81697 -0 0.576681 
0.942261 -0 0.33488 
0.81697 -0 0.57668 
0.942261 -0 0.33488 
0.997669 -0 0.0682424 
0.997669 -0 0.0682424 
0.136167 -0 0.990686 
0.136167 -0 0.990686 
0.398401 -0 0.917211 
0.631088 -0 0.775711 
0.398401 -0 0.917211 
0.631088 -0 0.775711 
-0.398401 -0 0.917211 
-0.631088 -0 0.775711 
-0.631088 -0 0.775711 
-0.136167 -0 0.990686 
-0.136167 -0 0.990686 
-0.398401 -0 0.917211 
-0.997669 -0 0.0682424 
-0.942261 -0 0.33488 
-0.997669 -0 0.0682424 
-0.942261 -0 0.33488 
-0.81697 -0 0.57668 
-0.81697 -0 0.57668 
-0.979084 -0 -0.203456 
-0.979084 -0 -0.203456 
-0.887885 -0 -0.460065 
-0.887885 -0 -0.460065 
-0.730836 -0 -0.682553 
-0.519584 -0 -0.854419 
-0.730836 -0 -0.682553 
-0.519584 -0 -0.854419 
-0.269797 -0 -0.962917 
-0.269797 -0 -0.962917 
0.519584 -0 -0.85442 
0.269797 -0 -0.962917 
0.519584 -0 -0.85442 
-1.74846e-07 -0 -1 
0.269797 -0 -0.962917 
3.01992e-07 -0 -1 
0.887885 -0 -0.460065 
0.979084 -0 -0.203456 
0.979084 -0 -0.203456 
0.887885 -0 -0.460065 
0.730836 -0 -0.682553 
0.730836 -0 -0.682553 
0.81697 -0 0.576681 
0.942261 -0 0.33488 
0.81697 -0 0.57668 
0.942261 -0 0.33488 
0.997669 -0 0.0682424 
0.997669 -0 0.0682424 
0.136167 -0 0.990686 
0.136167 -0 0.990686 
0.398401 -0 0.917211 
0.631088 -0 0.775711 
0.398401 -0 0.917211 
0.631088 -0 0.775711 
-0.398401 -0 0.917211 
-0.631088 -0 0.775711 
-0.631088 -0 0.775711 
-0.136167 -0 0.990686 
-0.136167 -0 0.990686 
-0.398401 -0 0.917211 
-0.997669 -0 0.0682424 
-0.942261 -0 0.33488 
-0.997669 -0 0.0682424 
-0.942261 -0 0.33488 
-0.81697 -0 0.57668 
-0.81697 -0 0.57668 
-0.979084 -0 -0.203456 
-0.979084 -0 -0.203456 
-0.887885 -0 -0.460065 
-0.887885 -0 -0.460065 
-0.730836 -0 -0.682553 
-0.519584 -0 -0.854419 
-0.730836 -0 -0.682553 
-0.519584 -0 -0.854419 
-0.269797 -0 -0.962917 
-0.269797 -0 -0.962917 
0.519584 -0 -0.85442 
0.269797 -0 -0.962917 
0.519584 -0 -0.85442 
-1.74846e-07 -0 -1 
0.269797 -0 -0.962917 
3.01992e-07 -0 -1 
0.887885 -0 -0.460065 
0.979084 -0 -0.203456 
0.979084 -0 -0.203456 
0.887885 -0 -0.460065 
0.730836 -0 -0.682553 
0.730836 -0 -0.682553 
0.81697 -0 0.576681 
0.942261 -0 0.33488 
0.81697 -0 0.57668 
0.942261 -0 0.33488 
0.997669 -0 0.0682424 
0.997669 -0 0.0682424 
0.136167 -0 0.990686 
0.136167 -0 0.990686 
0.398401 -0 0.917211 
0.631088 -0 0.775711 
0.398401 -0 0.917211 
0.631088 -0 0.775711 
-0.398401 -0 0.917211 
-0.631088 -0 0.775711 
-0.631088 -0 0.775711 
-0.136167 -0 0.990686 
-0.136167 -0 0.990686 
-0.398401 -0 0.917211 
-0.997669 -0 0.0682424 
-0.942261 -0 0.33488 
-0.997669 -0 0.0682424 
-0.942261 -0 0.33488 
-0.81697 -0 0.57668 
-0.81697 -0 0.57668 
-0.979084 -0 -0.203456 
-0.979084 -0 -0.203456 
-0.887885 -0 -0.460065 
-0.887885 -0 -0.460065 
-0.730836 -0 -0.682553 
-0.519584 -0 -0.854419 
-0.730836 -0 -0.682553 
-0.519584 -0 -0.854419 
-0.269797 -0 -0.962917 
-0.269797 -0 -0.962917 
0.519584 -0 -0.85442 
0.269797 -0 -0.962917 
0.519584 -0 -0.85442 
-1.74846e-07 -0 -1 
0.269797 -0 -0.962917 
3.01992e-07 -0 -1 
0.887885 -0 -0.460065 
0.979084 -0 -0.203456 
0.979084 -0 -0.203456 
0.887885 -0 -0.460065 
0.730836 -0 -0.682553 
0.730836 -0 -0.682553 
0.81697 -0 0.576681 
0.942261 -0 0.33488 
0.81697 -0 0.57668 
0.942261 -0 0.33488 
0.997669 -0 0.0682424 
0.997669 -0 0.0682424 
0.136167 -0 0.990686 
0.136167 -0 0.990686 
0.398401 -0 0.917211 
0.631088 -0 0.775711 
0.398401 -0 0.917211 
0.631088 -0 0.775711 
-0.398401 -0 0.917211 
-0.631088 -0 0.775711 
-0.631088 -0 0.775711 
-0.136167 -0 0.990686 
-0.136167 -0 0.990686 
-0.398401 -0 0.917211 
-0.997669 -0 0.0682424 
-0.942261 -0 0.33488 
-0.997669 -0 0.0682424 
-0.942261 -0 0.33488 
-0.81697 -0 0.57668 
-0.81697 -0 0.57668 
-0.979084 -0 -0.203456 
-0.979084 -0 -0.203456 
-0.887885 -0 -0.460065 
-0.887885 -0 -0.460065 
-0.730836 -0 -0.682553 
-0.519584 -0 -0.854419 
-0.730836 -0 -0.682553 
-0.519584 -0 -0.854419 
-0.269797 -0 -0.962917 
-0.269797 -0 -0.962917 
0.519584 -0 -0.85442 
0.269797 -0 -0.962917 
0.519584 -0 -0.85442 
-1.74846e-07 -0 -1 
0.269797 -0 -0.962917 
3.01992e-07 -0 -1 
0.887885 -0 -0.460065 
0.979084 -0 -0.203456 
0.979084 -0 -0.203456 
0.887885 -0 -0.460065 
0.730836 -0 -0.682553 
0.730836 -0 -0.682553 
0.81697 -0 0.576681 
0.942261 -0 0.33488 
0.81697 -0 0.57668 
0.942261 -0 0.33488 
0.997669 -0 0.0682424 
0.997669 -0 0.0682424 
0.136167 -0 0.990686 
0.136167 -0 0.990686 
0.398401 -0 0.917211 
0.631088 -0 0.775711 
0.398401 -0 0.917211 
0.631088 -0 0.775711 
-0.398401 -0 0.917211 
-0.631088 -0 0.775711 
-0.631088 -0 0.775711 
-0.136167 -0 0.990686 
-0.136167 -0 0.990686 
-0.398401 -0 0.917211 
-0.997669 -0 0.0682424 
-0.942261 -0 0.33488 
-0.997669 -0 0.0682424 
-0.942261 -0 0.33488 
-0.81697 -0 0.57668 
-0.81697 -0 0.57668 
-0.979084 -0 -0.203456 
-0.979084 -0 -0.203456 
-0.887885 -0 -0.460065 
-0.887885 -0 -0.460065 
-0.730836 -0 -0.682553 
-0.519584 -0 -0.854419 
-0.730836 -0 -0.682553 
-0.519584 -0 -0.854419 
-0.269797 -0 -0.962917 
-0.269797 -0 -0.962917 
0.336891 -0 -0.941544 
0.33314 -0 -0.942877 
0.487695 -0 -0.873014 
3.01992e-07 -0 -1 
0.169001 -0 -0.985616 
0.170963 -0 -0.985278 
0.750672 -0 -0.660675 
0.851529 -0 -0.524307 
0.757211 -0 -0.65317 
0.634395 -0 -0.773009 
0.4929 -0 -0.870086 
0.62822 -0 -0.778036 
0.980786 -0 -0.195084 
0.977555 -0 -0.210679 
0.999099 -0 -0.0424415 
0.932995 -0 -0.35989 
0.857731 -0 -0.514099 
0.927889 -0 -0.372856 
0.892926 -0 0.450204 
0.949526 -0 0.313689 
0.956167 -0 0.292823 
0.9919 -0 0.127018 
0.989175 -0 0.146738 
0.999699 -0 -0.0245346 
0.691939 -0 0.721956 
0.559975 -0 0.82851 
0.671551 -0 0.740958 
0.881917 -0 0.471405 
0.803997 -0 0.594633 
0.788341 -0 0.615239 
0.219089 -0 0.975705 
0.251978 -0 0.967733 
0.0848059 -0 0.996397 
0.382672 -0 0.923884 
0.534988 -0 0.84486 
0.411901 -0 0.911228 
-0.411901 -0 0.911229 
-0.290299 -0 0.956936 
-0.251978 -0 0.967733 
-0.0848059 -0 0.996397 
-0.122425 -0 0.992478 
0.0490546 -0 0.998796 
-0.691939 -0 0.721956 
-0.803997 -0 0.594633 
-0.724259 -0 0.689528 
-0.449625 -0 0.893217 
-0.559975 -0 0.82851 
-0.595712 -0 0.803198 
-0.979484 -0 0.201523 
-0.9919 -0 0.127018 
-0.994142 -0 0.108086 
-0.999937 -0 -0.0112246 
-0.999937 -0 0.0112244 
-0.999099 -0 -0.0424412 
-0.956167 -0 0.292823 
-0.957692 -0 0.287795 
-0.931074 -0 0.36483 
-0.892926 -0 0.450204 
-0.902078 -0 0.431573 
-0.848973 -0 0.528436 
-0.873685 -0 0.486492 
-0.977555 -0 -0.210679 
-0.994168 -0 -0.107843 
-0.831479 -0 0.555556 
-0.851529 -0 -0.524307 
-0.902145 -0 -0.431432 
-0.927889 -0 -0.372856 
-0.931042 -0 -0.364912 
-0.957784 -0 -0.287489 
-0.849133 -0 -0.528179 
-0.87377 -0 -0.48634 
-0.831479 -0 -0.555556 
-0.608771 -0 -0.793346 
-0.487695 -0 -0.873014 
-0.471405 -0 -0.881917 
-0.62822 -0 -0.778036 
-0.33314 -0 -0.942877 
-0.321445 -0 -0.946928 
-0.729874 -0 -0.683582 
-0.750672 -0 -0.660675 
-0.169001 -0 -0.985616 
1.52097e-24 -0 -1 
-0.162898 -0 -0.986643 
-0.979547 -0 -0.201215 
-0 -1 -0 
-0 -1 -0 
-0 -1 -0 
-0 -1 -0 
-0 -2.67282e-16 1 
-0 -2.67282e-16 1 
-0 -2.67282e-16 1 
-0 -2.67282e-16 1 
-0 -2.67282e-16 1 
-0 -2.67282e-16 1 
-0 2.67282e-16 -1 
-0 2.67282e-16 -1 
-0 2.67282e-16 -1 
-0 2.67282e-16 -1 
-0 2.67282e-16 -1 
-0 2.67282e-16 -1 
-0 -0.156435 0.987688 
-0 -5.96244e-09 1 
-0 -5.96244e-09 1 
-0 -0.587785 0.809017 
-0 -0.45399 0.891007 
-0 -0.45399 0.891007 
-0 -0.309017 0.951057 
-0 -0.156435 0.987688 
-0 -0.309017 0.951057 
-0 -0.809017 0.587785 
-0 -0.891007 0.453991 
-0 -0.809017 0.587785 
-0 -0.587785 0.809017 
-0 -0.707107 0.707107 
-0 -0.707107 0.707107 
-0 -0.951057 0.309017 
-0 -0.987688 0.156435 
-0 -0.951057 0.309017 
-0 -0.891007 0.453991 
-0 -1 6.95355e-08 
-0 -0.987688 0.156434 
-0 -1 -1.68883e-07 
-0 -0.987688 -0.156435 
-0 -1 -5.96244e-09 
-0 -1 -5.96244e-09 
-0 -0.809017 -0.587785 
-0 -0.891007 -0.45399 
-0 -0.891007 -0.45399 
-0 -0.951057 -0.309017 
-0 -0.987688 -0.156435 
-0 -0.951057 -0.309017 
-0 -0.587785 -0.809017 
-0 -0.453991 -0.891007 
-0 -0.587785 -0.809017 
-0 -0.809017 -0.587785 
-0 -0.707107 -0.707107 
-0 -0.707107 -0.707107 
-0 -0.309017 -0.951057 
-0 -0.156435 -0.987688 
-0 -0.309017 -0.951057 
-0 -0.453991 -0.891007 
-0 -6.95355e-08 -1 
-0 -0.156434 -0.987688 
-0 1.68883e-07 -1 
-0 0.309017 -0.951057 
-0 0.156435 -0.987688 
-0 0.309017 -0.951057 
-0 6.95355e-08 -1 
-0 0.156434 -0.987688 
-0 -1.68883e-07 -1 
-0 0.587785 -0.809017 
-0 0.707107 -0.707107 
0 0.707107 -0.707107 
-0 0.587785 -0.809017 
-0 0.453991 -0.891007 
-0 0.453991 -0.891007 
0 0.951057 -0.309017 
0 0.891007 -0.45399 
0 0.951057 -0.309017 
0 0.891007 -0.45399 
0 0.809017 -0.587785 
0 0.809017 -0.587785 
0 0.987688 -0.156435 
0 0.987688 -0.156435 
0 1 -5.96244e-09 
0 1 -5.96244e-09 
0 0.951057 0.309017 
0 0.987688 0.156435 
0 0.951057 0.309017 
0 1 6.95355e-08 
0 0.987688 0.156434 
0 1 -1.68883e-07 
0 0.809017 0.587785 
0 0.707107 0.707107 
-0 0.707107 0.707107 
0 0.809017 0.587785 
0 0.891007 0.453991 
0 0.891007 0.453991 
-0 0.309017 0.951057 
-0 0.45399 0.891007 
-0 0.309017 0.951057 
-0 0.45399 0.891007 
-0 0.587785 0.809017 
-0 0.587785 0.809017 
-0 0.156435 0.987688 
-0 0.156435 0.987688 
-0 5.96244e-09 1 
-0 5.96244e-09 1 
-0 1 0 
-0 1 0 
-0 1 0 
-0 1 0 
0 0.867514 -0.497413 
-0 0.774597 -0.632456 
0 0.871011 -0.491263 
0 0.9397 -0.341999 
0 0.941965 -0.335711 
-0 0.771162 -0.636639 
0 0.984685 -0.174341 
0 0.985384 -0.170345 
0 1 3.02687e-08 
0 1 3.02687e-08 
-0 0.65554 -0.755161 
-0 0.517321 -0.855791 
-0 0.654039 -0.756461 
-0 0.518218 -0.855248 
-0 0.365648 -0.930753 
-0 0.2 -0.979796 
-0 0.36398 -0.931407 
-0 0.2 -0.979796 
-0 0.2 -0.979796 
-0 0.517321 0.855791 
-0 0.518012 0.855373 
-0 0.653896 0.756585 
-0 0.36398 0.931407 
-0 0.2 0.979796 
-0 0.2 0.979796 
-0 0.2 0.979796 
-0 0.867342 0.497713 
-0 0.871011 0.491263 
-0 0.774597 0.632456 
-0 0.65554 0.755161 
-0 0.771285 0.63649 
-0 0.984628 0.174663 
-0 0.985384 0.170345 
-0 0.941965 0.335711 
-0 0.939513 0.342513 
-0 1 -3.02687e-08 
-0 1 -3.02687e-08 
-0 0.36527 0.930902 
0 0.33314 -0.942877 
0 0.169001 -0.985616 
0 0.33314 -0.942877 
-0 -1.74846e-07 -1 
0 0.169001 -0.985616 
0 3.01992e-07 -1 
0 0.62822 -0.778036 
0 0.750672 -0.660675 
0 0.750672 -0.660675 
0 0.62822 -0.778036 
0 0.487695 -0.873014 
0 0.487695 -0.873014 
0 0.977555 -0.210679 
0 0.927889 -0.372856 
0 0.977555 -0.210679 
0 0.927889 -0.372857 
0 0.851529 -0.524307 
0 0.851529 -0.524307 
-0 0.956167 0.292823 
-0 0.956167 0.292823 
-0 0.9919 0.127018 
0 0.999099 -0.0424415 
-0 0.9919 0.127018 
0 0.999099 -0.042441 
-0 0.803997 0.594633 
-0 0.691939 0.721956 
-0 0.691939 0.721956 
-0 0.892926 0.450204 
-0 0.892926 0.450204 
-0 0.803997 0.594633 
-0 0.251978 0.967733 
-0 0.411901 0.911228 
-0 0.251978 0.967733 
-0 0.411901 0.911228 
-0 0.559975 0.82851 
-0 0.559975 0.82851 
-0 -0.251978 0.967733 
-0 -0.251978 0.967733 
-0 -0.0848059 0.996397 
-0 0.0848059 0.996397 
-0 -0.0848059 0.996397 
-0 0.0848059 0.996397 
-0 -0.559975 0.82851 
-0 -0.691939 0.721956 
-0 -0.691939 0.721956 
-0 -0.411901 0.911228 
-0 -0.411901 0.911229 
-0 -0.559975 0.82851 
-0 -0.956167 0.292823 
-0 -0.892926 0.450204 
-0 -0.956167 0.292823 
-0 -0.892926 0.450204 
-0 -0.803997 0.594633 
-0 -0.803997 0.594633 
-0 -0.977555 -0.210679 
-0 -0.999099 -0.0424412 
-0 -0.999099 -0.0424412 
-0 -0.9919 0.127018 
-0 -0.9919 0.127018 
-0 -0.977555 -0.210679 
-0 -0.927889 -0.372857 
-0 -0.927889 -0.372856 
-0 -0.851529 -0.524307 
-0 -0.750672 -0.660675 
-0 -0.851529 -0.524307 
-0 -0.750672 -0.660675 
-0 -0.62822 -0.778036 
-0 -0.62822 -0.778036 
-0 -0.487695 -0.873014 
-0 -0.33314 -0.942877 
-0 -0.487695 -0.873014 
-0 -0.33314 -0.942877 
-0 -0.169001 -0.985616 
-0 -0.169001 -0.985616 
0 0.382683 0.92388 
0 0.382683 0.92388 
0 0.382683 0.92388 
0 0.382683 0.92388 
0 0.382683 0.92388 
0 0.382683 0.92388 
0 0.382683 0.92388 
0 0.382683 0.92388 
0 0.382683 0.92388 
0 0.382683 0.92388 
0 0.382683 0.92388 
0 0.382683 0.92388 
0 0.382683 0.92388 
0 0.382683 0.92388 
0 0.382683 0.92388 
0 0.382683 0.92388 
0 0.382683 0.92388 
0 0.382683 0.92388 
0 0.382683 0.92388 
0 0.382683 0.92388 
0 0.382683 0.92388 
0 0.382683 0.92388 
0 0.382683 0.92388 
0 0.382683 0.92388 
0 0.382683 0.92388 
0 0.382683 0.92388 
0 0.382683 0.92388 
0 0.382683 0.92388 
0 0.382683 0.92388 
0 0.382683 0.92388 
0 0.382683 0.92388 
0 0.382683 0.92388 
0 0.382683 0.92388 
0 0.707107 0.707107 
0 0.707107 0.707107 
0 0.707107 0.707107 
0 0.707107 0.707107 
0 0.707107 0.707107 
0 0.707107 0.707107 
0 0.707107 0.707107 
0 0.707107 0.707107 
0 0.707107 0.707107 
0 0.707107 0.707107 
0 0.707107 0.707107 
0 0.707107 0.707107 
0 0.707107 0.707107 
0 0.707107 0.707107 
0 0.707107 0.707107 
0 0.707107 0.707107 
0 0.707107 0.707107 
0 0.707107 0.707107 
0 0.707107 0.707107 
0 0.707107 0.707107 
0 0.707107 0.707107 
0 0.707107 0.707107 
0 0.707107 0.707107 
0 0.707107 0.707107 
0 0.707107 0.707107 
0 0.707107 0.707107 
0 0.707107 0.707107 
0 0.707107 0.707107 
0 0.707107 0.707107 
0 0.707107 0.707107 
0 0.707107 0.707107 
0 0.707107 0.707107 
0 0.707107 0.707107 
0 0.92388 0.382683 
0 0.92388 0.382683 
0 0.92388 0.382683 
0 0.92388 0.382683 
0 0.92388 0.382683 
0 0.92388 0.382683 
0 0.92388 0.382683 
0 0.92388 0.382683 
0 0.92388 0.382683 
0 0.92388 0.382683 
0 0.92388 0.382683 
0 0.92388 0.382683 
0 0.92388 0.382683 
0 0.92388 0.382683 
0 0.92388 0.382683 
0 0.92388 0.382683 
0 0.92388 0.382683 
0 0.92388 0.382683 
0 0.92388 0.382683 
0 0.92388 0.382683 
0 0.92388 0.382683 
0 0.92388 0.382683 
0 0.92388 0.382683 
0 0.92388 0.382683 
0 0.92388 0.382683 
0 0.92388 0.382683 
0 0.92388 0.382683 
0 0.92388 0.382683 
0 0.92388 0.382683 
0 0.92388 0.382683 
0 0.92388 0.382683 
0 0.92388 0.382683 
0 0.92388 0.382683 
0 1 0 
0 1 0 
0 1 0 
0 1 0 
0 1 0 
0 1 0 
0 1 0 
0 1 0 
0 1 0 
0 1 0 
0 1 0 
0 1 0 
0 1 0 
0 1 0 
0 1 0 
0 1 0 
0 1 0 
0 1 0 
0 1 0 
0 1 0 
0 1 0 
0 1 0 
0 1 0 
0 1 0 
0 1 0 
0 1 0 
0 1 0 
0 1 0 
0 1 0 
0 1 0 
0 1 0 
0 1 0 
0 1 0 
0 0.92388 -0.382683 
0 0.92388 -0.382683 
0 0.92388 -0.382683 
0 0.92388 -0.382683 
0 0.92388 -0.382683 
0 0.92388 -0.382683 
0 0.92388 -0.382683 
0 0.92388 -0.382683 
0 0.92388 -0.382683 
0 0.92388 -0.382683 
0 0.92388 -0.382683 
0 0.92388 -0.382683 
0 0.92388 -0.382683 
0 0.92388 -0.382683 
0 0.92388 -0.382683 
0 0.92388 -0.382683 
0 0.92388 -0.382683 
0 0.92388 -0.382683 
0 0.92388 -0.382683 
0 0.92388 -0.382683 
0 0.92388 -0.382683 
0 0.92388 -0.382683 
0 0.92388 -0.382683 
0 0.92388 -0.382683 
0 0.92388 -0.382683 
0 0.92388 -0.382683 
0 0.92388 -0.382683 
0 0.92388 -0.382683 
0 0.92388 -0.382683 
0 0.92388 -0.382683 
0 0.92388 -0.382683 
0 0.92388 -0.382683 
0 0.92388 -0.382683 
0 0.707107 -0.707107 
0 0.707107 -0.707107 
0 0.707107 -0.707107 
0 0.707107 -0.707107 
0 0.707107 -0.707107 
0 0.707107 -0.707107 
0 0.707107 -0.707107 
0 0.707107 -0.707107 
0 0.707107 -0.707107 
0 0.707107 -0.707107 
0 0.707107 -0.707107 
0 0.707107 -0.707107 
0 0.707107 -0.707107 
0 0.707107 -0.707107 
0 0.707107 -0.707107 
0 0.707107 -0.707107 
0 0.707107 -0.707107 
0 0.707107 -0.707107 
0 0.707107 -0.707107 
0 0.707107 -0.707107 
0 0.707107 -0.707107 
0 0.707107 -0.707107 
0 0.707107 -0.707107 
0 0.707107 -0.707107 
0 0.707107 -0.707107 
0 0.707107 -0.707107 
0 0.707107 -0.707107 
0 0.707107 -0.707107 
0 0.707107 -0.707107 
0 0.707107 -0.707107 
0 0.707107 -0.707107 
0 0.707107 -0.707107 
0 0.707107 -0.707107 
0 0.382683 -0.92388 
0 0.382683 -0.92388 
0 0.382683 -0.92388 
0 0.382683 -0.92388 
0 0.382683 -0.92388 
0 0.382683 -0.92388 
0 0.382683 -0.92388 
0 0.382683 -0.92388 
0 0.382683 -0.92388 
0 0.382683 -0.92388 
0 0.382683 -0.92388 
0 0.382683 -0.92388 
0 0.382683 -0.92388 
0 0.382683 -0.92388 
0 0.382683 -0.92388 
0 0.382683 -0.92388 
0 0.382683 -0.92388 
0 0.382683 -0.92388 
0 0.382683 -0.92388 
0 0.382683 -0.92388 
0 0.382683 -0.92388 
0 0.382683 -0.92388 
0 0.382683 -0.92388 
0 0.382683 -0.92388 
0 0.382683 -0.92388 
0 0.382683 -0.92388 
0 0.382683 -0.92388 
0 0.382683 -0.92388 
0 0.382683 -0.92388 
0 0.382683 -0.92388 
0 0.382683 -0.92388 
0 0.382683 -0.92388 
0 0.382683 -0.92388 
0.214971 -0 -0.97662 
0.419486 -0 -0.907762 
0.419889 -0 -0.907575 
-1.74846e-07 -0 -1 
-1.74846e-07 -0 -1 
0.883279 -0 -0.468848 
0.883512 -0 -0.468409 
0.762162 -0 -0.647386 
0.605174 -0 -0.796093 
0.60469 -0 -0.796461 
0.761871 -0 -0.647729 
0.986827 -0 0.161782 
0.998514 -0 -0.054495 
0.986895 -0 0.161363 
0.96355 -0 -0.267528 
0.963397 -0 -0.268079 
0.688014 -0 0.725697 
0.687699 -0 0.725996 
0.827844 -0 0.560959 
0.929126 -0 0.369764 
0.827689 -0 0.561187 
0.928977 -0 0.370138 
0.319593 -0 0.947555 
0.108499 -0 0.994097 
0.108119 -0 0.994138 
0.515554 -0 0.856857 
0.515871 -0 0.856666 
0.319301 -0 0.947653 
-0.515554 -0 0.856857 
-0.31911 -0 0.947718 
-0.515339 -0 0.856986 
-0.319302 -0 0.947653 
-0.108119 -0 0.994138 
-0.107892 -0 0.994163 
-0.92889 -0 0.370357 
-0.928977 -0 0.370138 
-0.827559 -0 0.561378 
-0.687587 -0 0.726102 
-0.827689 -0 0.561187 
-0.687699 -0 0.725995 
-0.998542 -0 -0.0539825 
-0.96355 -0 -0.267528 
-0.998533 -0 -0.0541388 
-0.986827 -0 0.161782 
-0.986803 -0 0.161925 
-0.883512 -0 -0.468408 
-0.963573 -0 -0.267446 
-0.883532 -0 -0.46837 
-0.762162 -0 -0.647386 
-0.762216 -0 -0.647322 
-0.605174 -0 -0.796093 
-0.419889 -0 -0.907575 
-0.605227 -0 -0.796053 
-0.419956 -0 -0.907544 
-0.21497 -0 -0.976621 
-0.215019 -0 -0.97661 
0.214467 -0 -0.976731 
0.998533 -0 -0.0541389 
0.214971 -0.90228 -0.373737 
0.419486 -0.838662 -0.347385 
0.419889 -0.83849 -0.347314 
-1.74846e-07 -0.92388 -0.382683 
-1.74846e-07 -0.92388 -0.382683 
0.883279 -0.433159 -0.17942 
0.883512 -0.432753 -0.179252 
0.762162 -0.598107 -0.247744 
0.605174 -0.735494 -0.304652 
0.60469 -0.735834 -0.304792 
0.761871 -0.598424 -0.247875 
0.986827 0.149467 0.0619113 
0.998514 -0.0503469 -0.0208544 
0.986895 0.14908 0.0617508 
0.96355 -0.247164 -0.102379 
0.963397 -0.247673 -0.102589 
0.688014 0.670457 0.277712 
0.687699 0.670732 0.277826 
0.827844 0.518258 0.21467 
0.929126 0.341617 0.141503 
0.827689 0.518469 0.214757 
0.928977 0.341963 0.141646 
0.319593 0.875427 0.362614 
0.108499 0.918425 0.380424 
0.108119 0.918464 0.38044 
0.515554 0.791633 0.327905 
0.515871 0.791456 0.327832 
0.319301 0.875517 0.362651 
-0.515554 0.791633 0.327905 
-0.31911 0.875577 0.362676 
-0.515339 0.791752 0.327954 
-0.319302 0.875517 0.362651 
-0.108119 0.918464 0.38044 
-0.107892 0.918486 0.38045 
-0.92889 0.342165 0.141729 
-0.928977 0.341963 0.141646 
-0.827559 0.518646 0.21483 
-0.687587 0.670831 0.277867 
-0.827689 0.518469 0.214757 
-0.687699 0.670732 0.277826 
-0.998542 -0.0498734 -0.0206582 
-0.96355 -0.247164 -0.102379 
-0.998533 -0.0500178 -0.020718 
-0.986827 0.149467 0.0619113 
-0.986803 0.149599 0.061966 
-0.883512 -0.432753 -0.179252 
-0.963573 -0.247088 -0.102347 
-0.883532 -0.432717 -0.179237 
-0.762162 -0.598107 -0.247744 
-0.762216 -0.598048 -0.24772 
-0.605174 -0.735494 -0.304652 
-0.419889 -0.83849 -0.347314 
-0.605227 -0.735457 -0.304636 
-0.419956 -0.838462 -0.347302 
-0.21497 -0.90228 -0.373737 
-0.215019 -0.90227 -0.373732 
0.214467 -0.902382 -0.373779 
0.998533 -0.0500178 -0.0207181 
0.214971 -0.690575 -0.690575 
0.419486 -0.641884 -0.641884 
0.419889 -0.641753 -0.641753 
-1.74846e-07 -0.707107 -0.707107 
-1.74846e-07 -0.707107 -0.707107 
0.883279 -0.331525 -0.331525 
0.883512 -0.331215 -0.331215 
0.762162 -0.457771 -0.457771 
0.605174 -0.562923 -0.562923 
0.60469 -0.563183 -0.563183 
0.761871 -0.458014 -0.458014 
0.986827 0.114397 0.114397 
0.998514 -0.0385338 -0.0385338 
0.986895 0.114101 0.114101 
0.96355 -0.189171 -0.189171 
0.963397 -0.189561 -0.189561 
0.688014 0.513145 0.513145 
0.687699 0.513356 0.513356 
0.827844 0.396658 0.396658 
0.929126 0.261463 0.261463 
0.827689 0.396819 0.396819 
0.928977 0.261727 0.261727 
0.319593 0.670023 0.670023 
0.108499 0.702932 0.702932 
0.108119 0.702962 0.702962 
0.515554 0.605889 0.605889 
0.515871 0.605755 0.605755 
0.319301 0.670092 0.670092 
-0.515554 0.60589 0.60589 
-0.31911 0.670138 0.670138 
-0.515339 0.605981 0.605981 
-0.319302 0.670092 0.670092 
-0.108119 0.702962 0.702962 
-0.107892 0.702979 0.702979 
-0.92889 0.261882 0.261882 
-0.928977 0.261727 0.261727 
-0.827559 0.396954 0.396954 
-0.687587 0.513432 0.513432 
-0.827689 0.396819 0.396819 
-0.687699 0.513356 0.513356 
-0.998542 -0.0381714 -0.0381714 
-0.96355 -0.189171 -0.189171 
-0.998533 -0.0382819 -0.0382819 
-0.986827 0.114397 0.114397 
-0.986803 0.114498 0.114498 
-0.883512 -0.331215 -0.331215 
-0.963573 -0.189113 -0.189113 
-0.883532 -0.331188 -0.331188 
-0.762162 -0.457771 -0.457771 
-0.762216 -0.457726 -0.457726 
-0.605174 -0.562923 -0.562923 
-0.419889 -0.641753 -0.641753 
-0.605227 -0.562894 -0.562894 
-0.419956 -0.641731 -0.641731 
-0.21497 -0.690575 -0.690575 
-0.215019 -0.690567 -0.690567 
0.214467 -0.690653 -0.690653 
0.998533 -0.038282 -0.038282 
0.214971 -0.373737 -0.90228 
0.419486 -0.347385 -0.838662 
0.419889 -0.347314 -0.83849 
-1.74846e-07 -0.382683 -0.92388 
-1.74846e-07 -0.382683 -0.92388 
0.883279 -0.17942 -0.433159 
0.883512 -0.179252 -0.432753 
0.762162 -0.247744 -0.598107 
0.605174 -0.304652 -0.735494 
0.60469 -0.304792 -0.735834 
0.761871 -0.247875 -0.598424 
0.986827 0.0619113 0.149467 
0.998514 -0.0208544 -0.0503469 
0.986895 0.0617508 0.14908 
0.96355 -0.102379 -0.247164 
0.963397 -0.102589 -0.247673 
0.688014 0.277712 0.670457 
0.687699 0.277826 0.670732 
0.827844 0.21467 0.518258 
0.929126 0.141503 0.341617 
0.827689 0.214757 0.518469 
0.928977 0.141646 0.341963 
0.319593 0.362614 0.875427 
0.108499 0.380424 0.918425 
0.108119 0.38044 0.918464 
0.515554 0.327905 0.791633 
0.515871 0.327832 0.791456 
0.319301 0.362651 0.875517 
-0.515554 0.327905 0.791633 
-0.31911 0.362676 0.875577 
-0.515339 0.327954 0.791752 
-0.319302 0.362651 0.875517 
-0.108119 0.38044 0.918464 
-0.107892 0.38045 0.918486 
-0.92889 0.141729 0.342165 
-0.928977 0.141646 0.341963 
-0.827559 0.21483 0.518646 
-0.687587 0.277867 0.670831 
-0.827689 0.214757 0.518469 
-0.687699 0.277826 0.670732 
-0.998542 -0.0206582 -0.0498734 
-0.96355 -0.102379 -0.247164 
-0.998533 -0.020718 -0.0500178 
-0.986827 0.0619113 0.149467 
-0.986803 0.061966 0.149599 
-0.883512 -0.179252 -0.432753 
-0.963573 -0.102347 -0.247088 
-0.883532 -0.179237 -0.432717 
-0.762162 -0.247744 -0.598107 
-0.762216 -0.24772 -0.598048 
-0.605174 -0.304652 -0.735494 
-0.419889 -0.347314 -0.83849 
-0.605227 -0.304636 -0.735457 
-0.419956 -0.347302 -0.838462 
-0.21497 -0.373737 -0.90228 
-0.215019 -0.373732 -0.90227 
0.214467 -0.373779 -0.902382 
0.998533 -0.0207181 -0.0500178 
0.214971 0.373737 -0.90228 
0.419486 0.347385 -0.838662 
0.419889 0.347314 -0.83849 
-1.74846e-07 0.382683 -0.92388 
-1.74846e-07 0.382683 -0.92388 
0.883279 0.17942 -0.433159 
0.883512 0.179252 -0.432753 
0.762162 0.247744 -0.598107 
0.605174 0.304652 -0.735494 
0.60469 0.304792 -0.735834 
0.761871 0.247875 -0.598424 
0.986827 -0.0619113 0.149467 
0.998514 0.0208544 -0.0503469 
0.986895 -0.0617508 0.14908 
0.96355 0.102379 -0.247164 
0.963397 0.102589 -0.247673 
0.688014 -0.277712 0.670457 
0.687699 -0.277826 0.670732 
0.827844 -0.21467 0.518258 
0.929126 -0.141503 0.341617 
0.827689 -0.214757 0.518469 
0.928977 -0.141646 0.341963 
0.319593 -0.362614 0.875427 
0.108499 -0.380424 0.918425 
0.108119 -0.38044 0.918464 
0.515554 -0.327905 0.791633 
0.515871 -0.327832 0.791456 
0.319301 -0.362651 0.875517 
-0.515554 -0.327905 0.791633 
-0.31911 -0.362676 0.875577 
-0.515339 -0.327954 0.791752 
-0.319302 -0.362651 0.875517 
-0.108119 -0.38044 0.918464 
-0.107892 -0.38045 0.918486 
-0.92889 -0.141729 0.342165 
-0.928977 -0.141646 0.341963 
-0.827559 -0.21483 0.518646 
-0.687587 -0.277867 0.670831 
-0.827689 -0.214757 0.518469 
-0.687699 -0.277826 0.670732 
-0.998542 0.0206582 -0.0498734 
-0.96355 0.102379 -0.247164 
-0.998533 0.020718 -0.0500178 
-0.986827 -0.0619113 0.149467 
-0.986803 -0.061966 0.149599 
-0.883512 0.179252 -0.432753 
-0.963573 0.102347 -0.247088 
-0.883532 0.179237 -0.432717 
-0.762162 0.247744 -0.598107 
-0.762216 0.24772 -0.598048 
-0.605174 0.304652 -0.735494 
-0.419889 0.347314 -0.83849 
-0.605227 0.304636 -0.735457 
-0.419956 0.347302 -0.838462 
-0.21497 0.373737 -0.90228 
-0.215019 0.373732 -0.90227 
0.214467 0.373779 -0.902382 
0.998533 0.0207181 -0.0500178 
0.214971 0.690575 -0.690575 
0.419486 0.641884 -0.641884 
0.419889 0.641753 -0.641753 
-1.74846e-07 0.707107 -0.707107 
-1.74846e-07 0.707107 -0.707107 
0.883279 0.331525 -0.331525 
0.883512 0.331215 -0.331215 
0.762162 0.457771 -0.457771 
0.605174 0.562923 -0.562923 
0.60469 0.563183 -0.563183 
0.761871 0.458014 -0.458014 
0.986827 -0.114397 0.114397 
0.998514 0.0385338 -0.0385338 
0.986895 -0.114101 0.114101 
0.96355 0.189171 -0.189171 
0.963397 0.189561 -0.189561 
0.688014 -0.513145 0.513145 
0.687699 -0.513356 0.513356 
0.827844 -0.396658 0.396658 
0.929126 -0.261463 0.261463 
0.827689 -0.396819 0.396819 
0.928977 -0.261727 0.261727 
0.319593 -0.670023 0.670023 
0.108499 -0.702932 0.702932 
0.108119 -0.702962 0.702962 
0.515554 -0.605889 0.605889 
0.515871 -0.605755 0.605755 
0.319301 -0.670092 0.670092 
-0.515554 -0.60589 0.60589 
-0.31911 -0.670138 0.670138 
-0.515339 -0.605981 0.605981 
-0.319302 -0.670092 0.670092 
-0.108119 -0.702962 0.702962 
-0.107892 -0.702979 0.702979 
-0.92889 -0.261882 0.261882 
-0.928977 -0.261727 0.261727 
-0.827559 -0.396954 0.396954 
-0.687587 -0.513432 0.513432 
-0.827689 -0.396819 0.396819 
-0.687699 -0.513356 0.513356 
-0.998542 0.0381714 -0.0381714 
-0.96355 0.189171 -0.189171 
-0.998533 0.0382819 -0.0382819 
-0.986827 -0.114397 0.114397 
-0.986803 -0.114498 0.114498 
-0.883512 0.331215 -0.331215 
-0.963573 0.189113 -0.189113 
-0.883532 0.331188 -0.331188 
-0.762162 0.457771 -0.457771 
-0.762216 0.457726 -0.457726 
-0.605174 0.562923 -0.562923 
-0.419889 0.641753 -0.641753 
-0.605227 0.562894 -0.562894 
-0.419956 0.641731 -0.641731 
-0.21497 0.690575 -0.690575 
-0.215019 0.690567 -0.690567 
0.214467 0.690653 -0.690653 
0.998533 0.038282 -0.038282 
0.214971 0.90228 -0.373737 
0.419486 0.838662 -0.347385 
0.419889 0.83849 -0.347314 
-1.74846e-07 0.92388 -0.382683 
-1.74846e-07 0.92388 -0.382683 
0.883279 0.433159 -0.17942 
0.883512 0.432753 -0.179252 
0.762162 0.598107 -0.247744 
0.605174 0.735494 -0.304652 
0.60469 0.735834 -0.304792 
0.761871 0.598424 -0.247875 
0.986827 -0.149467 0.0619113 
0.998514 0.0503469 -0.0208544 
0.986895 -0.14908 0.0617508 
0.96355 0.247164 -0.102379 
0.963397 0.247673 -0.102589 
0.688014 -0.670457 0.277712 
0.687699 -0.670732 0.277826 
0.827844 -0.518258 0.21467 
0.929126 -0.341617 0.141503 
0.827689 -0.518469 0.214757 
0.928977 -0.341963 0.141646 
0.319593 -0.875427 0.362614 
0.108499 -0.918425 0.380424 
0.108119 -0.918464 0.38044 
0.515554 -0.791633 0.327905 
0.515871 -0.791456 0.327832 
0.319301 -0.875517 0.362651 
-0.515554 -0.791633 0.327905 
-0.31911 -0.875577 0.362676 
-0.515339 -0.791752 0.327954 
-0.319302 -0.875517 0.362651 
-0.108119 -0.918464 0.38044 
-0.107892 -0.918486 0.38045 
-0.92889 -0.342165 0.141729 
-0.928977 -0.341963 0.141646 
-0.827559 -0.518646 0.21483 
-0.687587 -0.670831 0.277867 
-0.827689 -0.518469 0.214757 
-0.687699 -0.670732 0.277826 
-0.998542 0.0498734 -0.0206582 
-0.96355 0.247164 -0.102379 
-0.998533 0.0500178 -0.020718 
-0.986827 -0.149467 0.0619113 
-0.986803 -0.149599 0.061966 
-0.883512 0.432753 -0.179252 
-0.963573 0.247088 -0.102347 
-0.883532 0.432717 -0.179237 
-0.762162 0.598107 -0.247744 
-0.762216 0.598048 -0.24772 
-0.605174 0.735494 -0.304652 
-0.419889 0.83849 -0.347314 
-0.605227 0.735457 -0.304636 
-0.419956 0.838462 -0.347302 
-0.21497 0.90228 -0.373737 
-0.215019 0.90227 -0.373732 
0.214467 0.902382 -0.373779 
0.998533 0.0500178 -0.0207181 
0.214971 -0.97662 -1.02296e-14 
0.419486 -0.907762 -9.5083e-15 
0.419889 -0.907575 -9.50635e-15 
-1.74846e-07 -1 -1.04744e-14 
-1.74846e-07 -1 -1.04744e-14 
0.883279 -0.468848 -4.91092e-15 
0.883512 -0.468409 -4.90632e-15 
0.762162 -0.647386 -6.78101e-15 
0.605174 -0.796093 -8.33863e-15 
0.60469 -0.796461 -8.34249e-15 
0.761871 -0.647729 -6.78461e-15 
0.986827 0.161782 1.69458e-15 
0.998514 -0.054495 -5.70805e-16 
0.986895 0.161363 1.69018e-15 
0.96355 -0.267528 -2.80221e-15 
0.963397 -0.268079 -2.80798e-15 
0.688014 0.725697 7.60127e-15 
0.687699 0.725996 7.6044e-15 
0.827844 0.560959 5.87573e-15 
0.929126 0.369764 3.87307e-15 
0.827689 0.561187 5.87812e-15 
0.928977 0.370138 3.87699e-15 
0.319593 0.947555 9.92511e-15 
0.108499 0.994097 1.04126e-14 
0.108119 0.994138 1.0413e-14 
0.515554 0.856857 8.9751e-15 
0.515871 0.856666 8.9731e-15 
0.319301 0.947653 9.92614e-15 
-0.515554 0.856857 8.9751e-15 
-0.31911 0.947718 9.92682e-15 
-0.515339 0.856986 8.97645e-15 
-0.319302 0.947653 9.92614e-15 
-0.108119 0.994138 1.0413e-14 
-0.107892 0.994163 1.04133e-14 
-0.92889 0.370357 3.87928e-15 
-0.928977 0.370138 3.87699e-15 
-0.827559 0.561378 5.88013e-15 
-0.687587 0.726102 7.60551e-15 
-0.827689 0.561187 5.87812e-15 
-0.687699 0.725995 7.6044e-15 
-0.998542 -0.0539825 -5.65437e-16 
-0.96355 -0.267528 -2.80221e-15 
-0.998533 -0.0541388 -5.67074e-16 
-0.986827 0.161782 1.69458e-15 
-0.986803 0.161925 1.69607e-15 
-0.883512 -0.468408 -4.90632e-15 
-0.963573 -0.267446 -2.80135e-15 
-0.883532 -0.46837 -4.90591e-15 
-0.762162 -0.647386 -6.78101e-15 
-0.762216 -0.647322 -6.78034e-15 
-0.605174 -0.796093 -8.33863e-15 
-0.419889 -0.907575 -9.50635e-15 
-0.605227 -0.796053 -8.33821e-15 
-0.419956 -0.907544 -9.50602e-15 
-0.21497 -0.976621 -1.02296e-14 
-0.215019 -0.97661 -1.02294e-14 
0.214467 -0.976731 -1.02307e-14 
0.998533 -0.0541389 -5.67075e-16 
0.419889 0.907575 3.16878e-15 
0.222462 0.974941 3.40399e-15 
0.434475 0.900684 3.14472e-15 
-1.74846e-07 1 3.49148e-15 
0.214971 0.97662 3.40985e-15 
-1.74846e-07 1 3.49148e-15 
0.782712 0.622384 2.17304e-15 
0.901877 0.431993 1.5083e-15 
0.883512 0.468409 1.63544e-15 
0.762162 0.647386 2.26034e-15 
0.605174 0.796093 2.77954e-15 
0.624283 0.781198 2.72754e-15 
0.986827 -0.161782 -5.64858e-16 
0.999995 -0.00311516 -1.08765e-17 
0.974325 -0.225148 -7.86099e-16 
0.998533 0.0541389 1.89025e-16 
0.96355 0.267528 9.3407e-16 
0.975506 0.219972 7.68029e-16 
0.622473 -0.782641 -2.73258e-15 
0.687699 -0.725996 -2.5348e-15 
0.780718 -0.624883 -2.18177e-15 
0.89999 -0.435911 -1.52198e-15 
0.827689 -0.561187 -1.95937e-15 
0.928977 -0.370138 -1.29233e-15 
0.222139 -0.975015 -3.40425e-15 
3.41813e-05 -1 -3.49148e-15 
0.108119 -0.994138 -3.47101e-15 
0.515554 -0.856857 -2.9917e-15 
0.433135 -0.901329 -3.14697e-15 
0.319301 -0.947653 -3.30871e-15 
-0.515554 -0.856857 -2.9917e-15 
-0.433081 -0.901355 -3.14706e-15 
-0.62242 -0.782684 -2.73273e-15 
-0.319302 -0.947653 -3.30871e-15 
-0.108119 -0.994138 -3.47101e-15 
-0.222081 -0.975028 -3.40429e-15 
-0.974312 -0.225202 -7.86287e-16 
-0.928977 -0.370138 -1.29233e-15 
-0.899962 -0.435967 -1.52217e-15 
-0.780682 -0.624929 -2.18193e-15 
-0.827689 -0.561187 -1.95937e-15 
-0.687699 -0.725995 -2.5348e-15 
-0.975522 0.219903 7.67786e-16 
-0.998533 0.0541388 1.89025e-16 
-0.999995 -0.00317005 -1.10682e-17 
-0.986827 -0.161782 -5.64859e-16 
-0.96355 0.267528 9.3407e-16 
-0.901954 0.431832 1.50773e-15 
-0.782914 0.622129 2.17215e-15 
-0.883512 0.468408 1.63544e-15 
-0.624594 0.78095 2.72667e-15 
-0.762162 0.647386 2.26034e-15 
-0.605174 0.796093 2.77954e-15 
-0.434732 0.90056 3.14429e-15 
-0.22299 0.974821 3.40357e-15 
-0.419889 0.907575 3.16878e-15 
-0.21497 0.976621 3.40985e-15 
-0 -0.171127 -0.985249 
-0 -0.0472738 -0.998882 
-0 -0.0436946 -0.999045 
-0 -0.933088 -0.359648 
-0 -0.914982 -0.403495 
-0 -0.918857 -0.39459 
-0 -0.98913 0.147041 
-0 -0.98913 0.14704 
-0 -0.949425 0.313994 
-0 -0.998879 -0.0473438 
-0 -0.999032 -0.0439918 
-0 -0.999706 -0.0242444 
-0 -0.534664 0.845065 
-0 -0.672207 0.740363 
-0 -0.534664 0.845065 
-0 -0.881758 0.471701 
-0 -0.788124 0.615517 
-0 -0.881758 0.471702 
-0 -0.218685 0.975796 
-0 -0.0484848 0.998824 
-0 -0.218685 0.975796 
-0 -0.382304 0.924037 
-0 -0.375466 0.926836 
-0 -0.385119 0.922867 
-0 -0.0486251 0.998817 
-0 0.29074 0.956802 
-0 0.29074 0.956802 
-0 0.122867 0.992423 
-0 0.122867 0.992423 
-0 0.450051 0.893003 
-0 0.450051 0.893003 
-0 0.596107 0.802905 
-0 0.596107 0.802905 
-0 0.724609 0.689161 
-0 0.724609 0.689161 
-0 0.83177 0.555121 
-0 0.83177 0.555121 
-0 0.914435 0.404732 
-0 0.914435 0.404732 
-0 0.97017 0.242424 
-0 0.97017 0.242424 
-0 -0.0486251 0.998817 
-0 -0.366118 0.930568 
-0 -0.411484 0.911417 
-0 -0.382304 0.924037 
-0 -0.418053 0.908423 
-0 -0.671279 0.741205 
-0 -0.788123 0.615517 
-0 -0.723007 0.690841 
-0 -0.728966 0.68455 
-0 -0.932345 0.361571 
-0 -0.949425 0.313995 
-0 -0.928758 0.370687 
-0 -0.999706 -0.024244 
-0 -0.999916 -0.0129502 
-0 -0.999741 -0.0227447 
-0 -0.999255 -0.0385924 
-0 -0.999508 -0.0313771 
-0 -0.999507 -0.0314061 
-0 -0.933088 -0.359648 
-0 -0.933941 -0.357428 
-0 -0.930568 -0.366118 
-0 -0.936771 -0.349944 
-0 -0.857856 -0.51389 
-0 -0.857856 -0.513889 
-0 -0.757361 -0.652997 
-0 -0.69789 -0.716205 
-0 -0.690841 -0.723007 
-0 -0.63456 -0.772874 
-0 -0.75736 -0.652997 
-0 -0.493072 -0.869988 
-0 -0.63456 -0.772873 
-0 -0.493072 -0.869989 
-0 -0.171127 -0.985249 
-0 -0.337439 -0.941347 
-0 -0.337062 -0.941482 
-0 -0.380245 -0.924886 
-0 -0.370687 -0.928758 
-0 -0.000150871 -1 
-0 -0.0210806 -0.999778 
-0 -0.0108828 -0.999941 
-0 -0.337063 -0.941482 
-0 -0.0302976 -0.999541 
-0 -0.000151347 -1 
-0 -0.0211335 -0.999777 
-0 -0.000150871 -1 
-0 -0.0379378 -0.99928 
-0 -0.0302986 -0.999541 
-0 -0.0379487 -0.99928 
-0 -0.0484803 -0.998824 
-0 -0.0436998 -0.999045 
-0 -0.047271 -0.998882 
-0 -0.000150871 -1 
-0 -0.0108714 -0.999941 
-0 -0.98084 -0.194815 
-0 -0.98084 -0.194815 
-0 -0.998824 -0.0484845 
-0 -0.999031 -0.0440166 
-0 -0.998878 -0.0473571 
-0 -0.999254 -0.0386177 
-0 -0.998945 0.0459317 
-0 -0.998838 0.0481933 
-0 -0.999997 -0.00263798 
-0 -0.999916 -0.0129221 
-0 -0.999744 -0.0226327 
-0 -0.999997 -0.00261224 
-0 -0.999969 0.00782899 
-0 -0.99984 0.0178641 
-0 -0.99997 0.00779942 
-0 -0.999381 0.0351808 
-0 -0.99963 0.0271829 
-0 -0.999629 0.0272244 
-0 -0.99938 0.0352061 
-0 -0.999137 0.0415305 
-0 -0.998838 0.0482018 
-0 -0.999136 0.0415543 
-0 -0.998944 0.0459503 
-0 -0.999839 0.017968 
-0 -0.904239 -0.427027 
-0 -0.911405 -0.41151 
-0 -0.90614 -0.422979 
-0 -0.90472 -0.426006 
-0 -0.908412 -0.418076 
-0 -0.918846 -0.394616 
-0 -0.914936 -0.403598 
-0 -0.926847 -0.375439 
-0 -0.930606 -0.366021 
-0 -0.926836 -0.375466 
-0 -0.922867 -0.385119 
-0 -0.933955 -0.35739 
-0 -0.940482 -0.339844 
-0 -0.938975 -0.343984 
-0 -0.940488 -0.339827 
-0 -0.941249 -0.337714 
-0 -0.941252 -0.337706 
-0 -0.93678 -0.34992 
-0 -0.938984 -0.343962 
-0 -0.922877 -0.385096 
-0 -0.911417 -0.411484 
-0 -0.908423 -0.418053 
-0 -0.904726 -0.425994 
-0 -0.90615 -0.422956 
-0 -0.941347 0.337439 
-0 -0.904363 0.426764 
-0 -0.939828 0.341647 
-0 -0.940966 0.338502 
-0 -0.935443 0.353479 
-0 -0.937969 0.34672 
-0 -0.920855 0.389904 
-0 -0.916854 0.399222 
-0 -0.920867 0.389877 
-0 -0.924886 0.380245 
-0 -0.916896 0.399127 
-0 -0.909845 0.414949 
-0 -0.913136 0.407656 
-0 -0.905327 0.424715 
-0 -0.907189 0.420723 
-0 -0.905319 0.424732 
-0 -0.90436 0.426771 
-0 -0.909834 0.414973 
-0 -0.907179 0.420744 
-0 -0.913119 0.407694 
-0 -0.924876 0.380269 
-0 -0.932304 0.361676 
-0 -0.928748 0.370713 
-0 -0.93796 0.346744 
-0 -0.935432 0.353506 
-0 -0.940961 0.338514 
-0 -0.93982 0.34167 
-0 -0.740559 0.671991 
-0 -0.701549 0.712621 
-0 -0.671279 0.741205 
-0 -0.708952 0.705257 
-0 -0.737546 0.675297 
-0 -0.7398 0.672827 
-0 -0.733886 0.679272 
-0 -0.716205 0.69789 
-0 -0.70157 0.7126 
-0 -0.70897 0.705239 
-0 -0.687594 0.726095 
-0 -0.681774 0.731563 
-0 -0.687624 0.726067 
-0 -0.694362 0.719626 
-0 -0.67713 0.735863 
-0 -0.681793 0.731546 
-0 -0.677113 0.735879 
-0 -0.673868 0.738852 
-0 -0.673882 0.738839 
-0 -0.672201 0.740369 
-0 -0.694287 0.719698 
-0 -0.716185 0.69791 
-0 -0.722929 0.690922 
-0 -0.733869 0.679291 
-0 -0.728946 0.684571 
-0 -0.739791 0.672836 
-0 -0.737529 0.675315 
-0 -0.427027 0.904239 
-0 -0.422979 0.90614 
-0 -0.418076 0.908412 
-0 -0.426006 0.90472 
-0 -0.403598 0.914936 
-0 -0.41151 0.911405 
-0 -0.39459 0.918857 
-0 -0.385096 0.922877 
-0 -0.394616 0.918846 
-0 -0.375439 0.926847 
-0 -0.339844 0.940482 
-0 -0.343984 0.938975 
-0 -0.357428 0.933941 
-0 -0.366021 0.930606 
-0 -0.35739 0.933955 
-0 -0.34992 0.93678 
-0 -0.349944 0.936771 
-0 -0.343962 0.938984 
-0 -0.337714 0.941249 
-0 -0.339827 0.940488 
-0 -0.337706 0.941252 
-0 -0.403495 0.914982 
-0 -0.425994 0.904726 
-0 -0.422956 0.90615 
-0 0.0481937 0.998838 
-0 0.0459317 0.998945 
-0 -0.00263806 0.999997 
-0 -0.0129503 0.999916 
-0 -0.0440166 0.999031 
-0 -0.047357 0.998878 
-0 -0.0314062 0.999507 
-0 -0.0386177 0.999254 
-0 -0.0313774 0.999508 
-0 -0.0226325 0.999744 
-0 -0.022745 0.999741 
-0 0.00782891 0.999969 
-0 0.017968 0.999839 
-0 0.0178643 0.99984 
-0 0.00779935 0.99997 
-0 0.0272243 0.999629 
-0 0.0271831 0.99963 
-0 0.0415304 0.999137 
-0 0.0351807 0.999381 
-0 0.048202 0.998838 
-0 0.0415542 0.999136 
-0 0.0459505 0.998944 
-0 0.0352062 0.99938 
-0 -0.0129221 0.999916 
-0 -0.00261231 0.999997 
-0 -0.0439919 0.999032 
-0 -0.0385925 0.999255 
-0 -0.0473441 0.998879 
-0 -0.426764 -0.904363 
-0 -0.424715 -0.905327 
-0 -0.341647 -0.939829 
-0 -0.338502 -0.940966 
-0 -0.353479 -0.935442 
-0 -0.34672 -0.937969 
-0 -0.353506 -0.935432 
-0 -0.361676 -0.932304 
-0 -0.361571 -0.932345 
-0 -0.389905 -0.920855 
-0 -0.399222 -0.916854 
-0 -0.399127 -0.916896 
-0 -0.389878 -0.920867 
-0 -0.407694 -0.913119 
-0 -0.407656 -0.913136 
-0 -0.420722 -0.907189 
-0 -0.414949 -0.909845 
-0 -0.426771 -0.90436 
-0 -0.420744 -0.907179 
-0 -0.424732 -0.905319 
-0 -0.414972 -0.909834 
-0 -0.370713 -0.928747 
-0 -0.380269 -0.924876 
-0 -0.34167 -0.93982 
-0 -0.346744 -0.93796 
-0 -0.338514 -0.940961 
-0 -0.671991 -0.740559 
-0 -0.726095 -0.687594 
-0 -0.731563 -0.681774 
-0 -0.675297 -0.737546 
-0 -0.672827 -0.7398 
-0 -0.68455 -0.728966 
-0 -0.679273 -0.733886 
-0 -0.705239 -0.70897 
-0 -0.738852 -0.673868 
-0 -0.735879 -0.677113 
-0 -0.719626 -0.694362 
-0 -0.7126 -0.70157 
-0 -0.731545 -0.681793 
-0 -0.726067 -0.687624 
-0 -0.740369 -0.672201 
-0 -0.740363 -0.672207 
-0 -0.738839 -0.673882 
-0 -0.735863 -0.67713 
-0 -0.712621 -0.701549 
-0 -0.719698 -0.694288 
-0 -0.705257 -0.708951 
-0 -0.690922 -0.722929 
-0 -0.69791 -0.716185 
-0 -0.679291 -0.733869 
-0 -0.684571 -0.728946 
-0 -0.672837 -0.739791 
-0 -0.675315 -0.737529 
</float_array>
				<technique_common>
					<accessor source="#CirPattern113-mesh-normals-array" count="3622" stride="3">
						<param name="X" type="float"/>
						<param name="Y" type="float"/>
						<param name="Z" type="float"/>
					</accessor>
				</technique_common>
			</source>
			<vertices id="CirPattern113-mesh-vertices">
				<input semantic="POSITION" source="#CirPattern113-mesh-positions"/>
			</vertices>
			<triangles count="24" material="Material0-satin_finish_aluminum">
				<input semantic="VERTEX" source="#CirPattern113-mesh-vertices" offset="0"/>
				<input semantic="NORMAL" source="#CirPattern113-mesh-normals" offset="1"/>
				<p>
0 0 1 1 2 2 
3 3 4 4 5 5 
4 4 6 6 7 7 
8 8 6 6 4 4 
7 7 9 9 4 4 
7 7 10 10 9 9 
8 8 4 4 3 3 
1 1 0 0 11 11 
0 0 12 12 11 11 
2 2 13 13 0 0 
0 0 14 14 15 15 
13 13 14 14 0 0 
0 0 16 16 17 17 
15 15 16 16 0 0 
4 4 0 0 18 18 
17 17 18 18 0 0 
19 19 4 4 20 20 
4 4 18 18 20 20 
5 5 4 4 21 21 
22 22 4 4 23 23 
4 4 19 19 23 23 
4 4 22 22 21 21 
24 24 5 5 25 25 
5 5 21 21 25 25 
</p>
			</triangles>
			<triangles count="24" material="Material1-satin_finish_aluminum">
				<input semantic="VERTEX" source="#CirPattern113-mesh-vertices" offset="0"/>
				<input semantic="NORMAL" source="#CirPattern113-mesh-normals" offset="1"/>
				<p>
26 26 27 27 28 28 
29 29 30 30 31 31 
32 32 26 26 33 33 
26 26 32 32 27 27 
32 32 34 34 35 35 
33 33 34 34 32 32 
31 31 36 36 32 32 
36 36 37 37 32 32 
30 30 36 36 31 31 
38 38 32 32 39 39 
39 39 32 32 37 37 
40 40 32 32 41 41 
32 32 38 38 41 41 
40 40 42 42 43 43 
43 43 32 32 40 40 
44 44 45 45 43 43 
44 44 43 43 42 42 
46 46 47 47 43 43 
46 46 43 43 45 45 
48 48 49 49 43 43 
48 48 43 43 47 47 
50 50 51 51 43 43 
50 50 43 43 49 49 
35 35 31 31 32 32 
</p>
			</triangles>
			<triangles count="4" material="Material2-satin_finish_aluminum">
				<input semantic="VERTEX" source="#CirPattern113-mesh-vertices" offset="0"/>
				<input semantic="NORMAL" source="#CirPattern113-mesh-normals" offset="1"/>
				<p>
52 52 53 53 54 54 
53 53 55 55 54 54 
54 54 55 55 56 56 
52 52 57 57 53 53 
</p>
			</triangles>
			<triangles count="4" material="Material3-satin_finish_aluminum">
				<input semantic="VERTEX" source="#CirPattern113-mesh-vertices" offset="0"/>
				<input semantic="NORMAL" source="#CirPattern113-mesh-normals" offset="1"/>
				<p>
58 58 59 59 60 60 
61 61 59 59 62 62 
58 58 62 62 59 59 
61 61 62 62 63 63 
</p>
			</triangles>
			<triangles count="451" material="Material4-satin_finish_aluminum">
				<input semantic="VERTEX" source="#CirPattern113-mesh-vertices" offset="0"/>
				<input semantic="NORMAL" source="#CirPattern113-mesh-normals" offset="1"/>
				<p>
64 64 65 65 66 66 
67 67 68 68 69 69 
70 70 71 71 72 72 
73 73 74 74 75 75 
76 76 77 77 69 69 
78 78 79 79 80 80 
81 81 82 82 83 83 
84 84 85 85 86 86 
84 84 87 87 85 85 
88 88 89 89 90 90 
91 91 92 92 93 93 
94 94 91 91 95 95 
96 96 97 97 98 98 
99 99 100 100 101 101 
102 102 96 96 103 103 
104 104 105 105 106 106 
107 107 108 108 109 109 
110 110 111 111 112 112 
113 113 114 114 115 115 
116 116 117 117 118 118 
119 119 120 120 121 121 
122 122 123 123 124 124 
125 125 123 123 126 126 
119 119 121 121 127 127 
128 128 129 129 130 130 
131 131 132 132 133 133 
134 134 133 133 122 122 
135 135 136 136 137 137 
136 136 135 135 138 138 
137 137 139 139 135 135 
140 140 141 141 142 142 
143 143 144 144 145 145 
146 146 64 64 147 147 
136 136 138 138 131 131 
148 148 149 149 150 150 
151 151 97 97 152 152 
115 115 153 153 154 154 
155 155 96 96 102 102 
156 156 157 157 106 106 
158 158 159 159 160 160 
91 91 90 90 92 92 
86 86 89 89 88 88 
71 71 161 161 162 162 
68 68 163 163 76 76 
164 164 165 165 166 166 
69 69 77 77 167 167 
166 166 168 168 169 169 
170 170 171 171 172 172 
173 173 174 174 175 175 
176 176 132 132 177 177 
178 178 179 179 180 180 
181 181 176 176 177 177 
182 182 183 183 184 184 
185 185 186 186 180 180 
187 187 180 180 188 188 
189 189 180 180 179 179 
190 190 180 180 187 187 
191 191 180 180 192 192 
180 180 189 189 192 192 
193 193 180 180 194 194 
180 180 191 191 194 194 
180 180 193 193 185 185 
195 195 186 186 196 196 
186 186 185 185 196 196 
197 197 198 198 199 199 
200 200 201 201 202 202 
141 141 140 140 203 203 
204 204 205 205 64 64 
65 65 64 64 206 206 
65 65 206 206 207 207 
64 64 208 208 147 147 
208 208 64 64 205 205 
66 66 209 209 210 210 
64 64 211 211 212 212 
213 213 214 214 215 215 
216 216 217 217 218 218 
216 216 219 219 175 175 
216 216 220 220 217 217 
130 130 221 221 222 222 
223 223 216 216 224 224 
216 216 218 218 224 224 
216 216 223 223 219 219 
174 174 225 225 226 226 
216 216 175 175 174 174 
174 174 227 227 225 225 
174 174 173 173 227 227 
180 180 174 174 188 188 
226 226 188 188 174 174 
180 180 190 190 228 228 
183 183 179 179 178 178 
178 178 180 180 228 228 
184 184 181 181 182 182 
183 183 182 182 179 179 
138 138 177 177 132 132 
184 184 176 176 181 181 
131 131 133 133 229 229 
138 138 132 132 131 131 
122 122 124 124 134 134 
230 230 134 134 231 231 
232 232 233 233 234 234 
235 235 236 236 237 237 
115 115 238 238 239 239 
240 240 130 130 116 116 
117 117 130 130 129 129 
130 130 240 240 221 221 
241 241 213 213 222 222 
130 130 222 222 213 213 
213 213 242 242 214 214 
213 213 241 241 242 242 
243 243 220 220 216 216 
216 216 213 213 244 244 
215 215 244 244 213 213 
216 216 244 244 243 243 
218 218 232 232 234 234 
232 232 218 218 217 217 
233 233 126 126 234 234 
125 125 245 245 123 123 
233 233 125 125 126 126 
133 133 134 134 229 229 
245 245 124 124 123 123 
230 230 231 231 246 246 
229 229 134 134 230 230 
127 127 247 247 248 248 
246 246 231 231 120 120 
246 246 249 249 250 250 
130 130 117 117 116 116 
154 154 113 113 115 115 
251 251 115 115 252 252 
115 115 114 114 238 238 
253 253 235 235 239 239 
115 115 239 239 235 235 
254 254 235 235 255 255 
235 235 253 253 255 255 
235 235 254 254 236 236 
256 256 130 130 237 237 
235 235 237 237 130 130 
130 130 256 256 128 128 
257 257 116 116 118 118 
257 257 248 248 247 247 
248 248 257 257 118 118 
127 127 121 121 247 247 
120 120 119 119 258 258 
246 246 258 258 249 249 
258 258 246 246 120 120 
249 249 111 111 250 250 
259 259 260 260 261 261 
250 250 111 111 110 110 
148 148 262 262 115 115 
260 260 263 263 264 264 
110 110 112 112 265 265 
259 259 261 261 266 266 
149 149 267 267 150 150 
149 149 268 268 267 267 
269 269 148 148 270 270 
148 148 150 150 270 270 
271 271 148 148 272 272 
148 148 269 269 272 272 
148 148 271 271 262 262 
251 251 273 273 115 115 
115 115 262 262 252 252 
273 273 153 153 115 115 
113 113 264 264 263 263 
263 263 114 114 113 113 
261 261 260 260 264 264 
112 112 259 259 266 266 
265 265 73 73 110 110 
265 265 112 112 266 266 
73 73 274 274 74 74 
265 265 274 274 73 73 
74 74 155 155 75 75 
149 149 97 97 96 96 
75 75 155 155 102 102 
268 268 149 149 275 275 
149 149 96 96 275 275 
276 276 103 103 98 98 
106 106 277 277 104 104 
278 278 277 277 279 279 
277 277 280 280 279 279 
277 277 281 281 104 104 
277 277 278 278 281 281 
105 105 282 282 106 106 
276 276 99 99 103 103 
106 106 283 283 284 284 
282 282 283 283 106 106 
97 97 151 151 98 98 
284 284 156 156 106 106 
97 97 157 157 152 152 
106 106 157 157 97 97 
98 98 103 103 96 96 
285 285 101 101 100 100 
100 100 99 99 276 276 
92 92 285 285 93 93 
285 285 92 92 101 101 
286 286 277 277 287 287 
288 288 289 289 290 290 
291 291 160 160 292 292 
160 160 287 287 277 277 
280 280 277 277 293 293 
294 294 160 160 291 291 
95 95 295 295 94 94 
289 289 277 277 286 286 
158 158 296 296 159 159 
158 158 297 297 296 296 
292 292 160 160 298 298 
160 160 159 159 298 298 
287 287 160 160 299 299 
294 294 299 299 160 160 
91 91 94 94 300 300 
289 289 288 288 293 293 
277 277 289 289 293 293 
301 301 288 288 290 290 
295 295 95 95 301 301 
295 295 301 301 290 290 
300 300 88 88 90 90 
90 90 91 91 300 300 
302 302 82 82 303 303 
304 304 87 87 305 305 
86 86 306 306 89 89 
158 158 302 302 303 303 
302 302 158 158 307 307 
158 158 308 308 309 309 
310 310 311 311 312 312 
313 313 314 314 315 315 
316 316 158 158 303 303 
158 158 314 314 308 308 
297 297 158 158 316 316 
317 317 318 318 312 312 
158 158 309 309 307 307 
319 319 314 314 311 311 
312 312 311 311 314 314 
314 314 319 319 315 315 
320 320 308 308 314 314 
313 313 320 320 314 314 
321 321 322 322 323 323 
305 305 87 87 84 84 
82 82 302 302 83 83 
304 304 305 305 81 81 
304 304 81 81 83 83 
85 85 162 162 306 306 
306 306 86 86 85 85 
71 71 324 324 72 72 
162 162 161 161 306 306 
325 325 326 326 327 327 
328 328 312 312 329 329 
328 328 317 317 312 312 
330 330 312 312 321 321 
318 318 317 317 331 331 
332 332 312 312 333 333 
312 312 318 318 333 333 
310 310 312 312 332 332 
161 161 71 71 70 70 
334 334 327 327 72 72 
321 321 335 335 322 322 
321 321 336 336 335 335 
329 329 312 312 330 330 
323 323 330 330 321 321 
166 166 337 337 338 338 
326 326 339 339 331 331 
318 318 331 331 339 339 
325 325 327 327 334 334 
325 325 339 339 326 326 
324 324 334 334 72 72 
70 70 163 163 340 340 
340 340 161 161 70 70 
341 341 342 342 343 343 
163 163 68 68 340 340 
344 344 166 166 345 345 
345 345 166 166 346 346 
166 166 347 347 346 346 
348 348 166 166 343 343 
337 337 166 166 349 349 
350 350 166 166 351 351 
166 166 348 348 351 351 
166 166 165 165 321 321 
166 166 350 350 164 164 
336 336 321 321 165 165 
352 352 353 353 172 172 
69 69 68 68 76 76 
80 80 67 67 78 78 
338 338 347 347 166 166 
341 341 343 343 344 344 
166 166 344 344 343 343 
342 342 341 341 167 167 
77 77 342 342 167 167 
68 68 67 67 80 80 
353 353 79 79 78 78 
354 354 355 355 356 356 
171 171 170 170 357 357 
354 354 356 356 358 358 
78 78 172 172 353 353 
359 359 354 354 358 358 
360 360 359 359 361 361 
358 358 361 361 359 359 
362 362 363 363 360 360 
362 362 360 360 361 361 
364 364 363 363 365 365 
363 363 364 364 360 360 
366 366 168 168 367 367 
366 366 368 368 168 168 
166 166 169 169 349 349 
168 168 368 368 169 169 
369 369 370 370 371 371 
353 353 372 372 79 79 
373 373 374 374 375 375 
355 355 357 357 376 376 
376 376 356 356 355 355 
171 171 352 352 172 172 
357 357 170 170 376 376 
377 377 378 378 372 372 
79 79 372 372 378 378 
379 379 380 380 381 381 
378 378 377 377 382 382 
371 371 383 383 369 369 
384 384 373 373 383 383 
371 371 384 384 383 383 
374 374 373 373 384 384 
375 375 374 374 385 385 
168 168 386 386 387 387 
388 388 389 389 385 385 
390 390 168 168 387 387 
366 366 365 365 368 368 
168 168 390 390 367 367 
364 364 365 365 366 366 
391 391 382 382 377 377 
392 392 379 379 391 391 
393 393 394 394 395 395 
392 392 380 380 379 379 
381 381 380 380 370 370 
381 381 370 370 369 369 
377 377 392 392 391 391 
382 382 396 396 397 397 
378 378 382 382 397 397 
398 398 396 396 399 399 
396 396 398 398 397 397 
400 400 401 401 402 402 
398 398 399 399 403 403 
395 395 404 404 393 393 
394 394 405 405 406 406 
405 405 394 394 393 393 
407 407 408 408 409 409 
410 410 411 411 412 412 
405 405 413 413 406 406 
414 414 415 415 416 416 
408 408 407 407 416 416 
417 417 168 168 407 407 
416 416 407 407 168 168 
387 387 386 386 389 389 
168 168 418 418 386 386 
168 168 417 417 418 418 
385 385 389 389 375 375 
387 387 389 389 388 388 
402 402 401 401 419 419 
404 404 395 395 419 419 
420 420 416 416 403 403 
419 419 401 401 404 404 
400 400 421 421 399 399 
400 400 402 402 421 421 
422 422 403 403 421 421 
399 399 421 421 403 403 
423 423 403 403 424 424 
403 403 422 422 424 424 
425 425 403 403 426 426 
403 403 423 423 426 426 
403 403 427 427 420 420 
403 403 425 425 427 427 
428 428 416 416 429 429 
416 416 420 420 429 429 
430 430 416 416 431 431 
416 416 428 428 431 431 
408 408 410 410 409 409 
416 416 430 430 414 414 
416 416 432 432 408 408 
416 416 415 415 432 432 
412 412 411 411 413 413 
409 409 410 410 412 412 
406 406 413 413 411 411 
433 433 434 434 435 435 
207 207 107 107 109 109 
436 436 437 437 438 438 
207 207 109 109 65 65 
211 211 64 64 146 146 
206 206 64 64 212 212 
434 434 439 439 440 440 
441 441 108 108 107 107 
203 203 442 442 141 141 
443 443 444 444 441 441 
438 438 197 197 436 436 
445 445 446 446 447 447 
135 135 139 139 448 448 
145 145 449 449 442 442 
439 439 186 186 450 450 
204 204 186 186 451 451 
439 439 451 451 186 186 
452 452 204 204 453 453 
204 204 451 451 453 453 
454 454 204 204 455 455 
204 204 452 452 455 455 
456 456 204 204 457 457 
204 204 454 454 457 457 
205 205 204 204 458 458 
204 204 456 456 458 458 
440 440 439 439 450 450 
459 459 448 448 139 139 
210 210 203 203 140 140 
209 209 66 66 65 65 
210 210 140 140 66 66 
141 141 442 442 449 449 
459 459 460 460 461 461 
461 461 448 448 459 459 
437 437 461 461 462 462 
463 463 464 464 465 465 
438 438 437 437 462 462 
466 466 464 464 463 463 
467 467 463 463 186 186 
195 195 468 468 469 469 
199 199 198 198 470 470 
471 471 186 186 472 472 
186 186 463 463 472 472 
186 186 473 473 450 450 
186 186 471 471 473 473 
435 435 446 446 433 433 
440 440 435 435 434 434 
445 445 447 447 443 443 
433 433 446 446 445 445 
441 441 444 444 108 108 
443 443 447 447 444 444 
474 474 475 475 476 476 
477 477 478 478 479 479 
142 142 480 480 139 139 
141 141 480 480 142 142 
142 142 139 139 137 137 
462 462 461 461 460 460 
464 464 481 481 465 465 
436 436 197 197 199 199 
482 482 202 202 470 470 
470 470 198 198 482 482 
200 200 483 483 201 201 
200 200 202 202 482 482 
483 483 468 468 195 195 
200 200 468 468 483 483 
195 195 469 469 186 186 
186 186 484 484 467 467 
186 186 469 469 484 484 
463 463 467 467 466 466 
477 477 481 481 478 478 
481 481 477 477 465 465 
478 478 474 474 479 479 
476 476 475 475 143 143 
479 479 474 474 476 476 
145 145 144 144 449 449 
143 143 475 475 144 144 
</p>
			</triangles>
			<triangles count="93" material="Material5-satin_finish_aluminum">
				<input semantic="VERTEX" source="#CirPattern113-mesh-vertices" offset="0"/>
				<input semantic="NORMAL" source="#CirPattern113-mesh-normals" offset="1"/>
				<p>
485 485 486 486 487 487 
488 488 489 489 490 490 
491 491 492 492 493 493 
494 494 495 495 496 496 
497 497 498 498 499 499 
500 500 501 501 502 502 
499 499 503 503 497 497 
503 503 504 504 505 505 
505 505 497 497 503 503 
506 506 507 507 496 496 
504 504 506 506 505 505 
494 494 496 496 508 508 
507 507 509 509 496 496 
510 510 511 511 495 495 
495 495 512 512 510 510 
511 511 510 510 513 513 
511 511 513 513 514 514 
511 511 515 515 516 516 
515 515 511 511 514 514 
516 516 517 517 518 518 
517 517 516 516 519 519 
518 518 520 520 521 521 
520 520 518 518 522 522 
521 521 523 523 492 492 
523 523 521 521 524 524 
523 523 525 525 492 492 
526 526 527 527 528 528 
527 527 492 492 491 491 
527 527 526 526 529 529 
529 529 526 526 530 530 
531 531 532 532 533 533 
534 534 529 529 535 535 
536 536 537 537 486 486 
536 536 486 486 485 485 
531 531 538 538 532 532 
539 539 540 540 531 531 
541 541 531 531 542 542 
533 533 543 543 531 531 
532 532 538 538 544 544 
538 538 531 531 545 545 
531 531 543 543 546 546 
486 486 547 547 548 548 
539 539 531 531 546 546 
540 540 549 549 531 531 
550 550 542 542 531 531 
549 549 550 550 531 531 
551 551 531 531 541 541 
552 552 553 553 502 502 
554 554 487 487 486 486 
486 486 537 537 547 547 
555 555 486 486 556 556 
555 555 554 554 486 486 
486 486 545 545 531 531 
556 556 486 486 531 531 
545 545 557 557 558 558 
557 557 545 545 486 486 
559 559 560 560 534 534 
534 534 535 535 559 559 
560 560 559 559 561 561 
561 561 557 557 560 560 
558 558 557 557 561 561 
529 529 530 530 535 535 
491 491 528 528 527 527 
493 493 492 492 525 525 
524 524 521 521 520 520 
522 522 518 518 517 517 
519 519 516 516 515 515 
512 512 495 495 494 494 
508 508 496 496 509 509 
499 499 498 498 562 562 
507 507 506 506 504 504 
498 498 563 563 562 562 
498 498 502 502 563 563 
502 502 553 553 500 500 
552 552 502 502 564 564 
502 502 565 565 566 566 
565 565 502 502 501 501 
502 502 567 567 568 568 
566 566 567 567 502 502 
563 563 502 502 569 569 
568 568 569 569 502 502 
490 490 569 569 488 488 
490 490 563 563 569 569 
570 570 569 569 571 571 
572 572 569 569 573 573 
569 569 570 570 573 573 
574 574 569 569 575 575 
569 569 572 572 575 575 
576 576 569 569 577 577 
569 569 574 574 577 577 
578 578 569 569 579 579 
569 569 576 576 579 579 
488 488 569 569 578 578 
</p>
			</triangles>
			<triangles count="78" material="Material6-satin_finish_aluminum">
				<input semantic="VERTEX" source="#CirPattern113-mesh-vertices" offset="0"/>
				<input semantic="NORMAL" source="#CirPattern113-mesh-normals" offset="1"/>
				<p>
580 580 581 581 582 582 
580 580 583 583 584 584 
582 582 581 581 585 585 
586 586 587 587 588 588 
589 589 590 590 591 591 
592 592 593 593 594 594 
595 595 596 596 597 597 
598 598 599 599 600 600 
601 601 602 602 603 603 
604 604 605 605 606 606 
607 607 608 608 609 609 
610 610 611 611 612 612 
611 611 610 610 609 609 
606 606 612 612 613 613 
611 611 613 613 612 612 
614 614 604 604 606 606 
606 606 613 613 614 614 
610 610 607 607 609 609 
605 605 604 604 615 615 
615 615 616 616 605 605 
615 615 617 617 616 616 
608 608 607 607 599 599 
600 600 601 601 598 598 
599 599 598 598 608 608 
601 601 618 618 602 602 
600 600 618 618 601 601 
593 593 603 603 594 594 
594 594 603 603 602 602 
597 597 596 596 592 592 
592 592 596 596 593 593 
586 586 588 588 595 595 
597 597 586 586 595 595 
587 587 590 590 589 589 
588 588 587 587 589 589 
591 591 619 619 584 584 
591 591 590 590 619 619 
583 583 580 580 582 582 
619 619 580 580 584 584 
620 620 621 621 585 585 
622 622 621 621 623 623 
624 624 625 625 626 626 
627 627 628 628 626 626 
629 629 630 630 631 631 
632 632 633 633 630 630 
634 634 635 635 636 636 
637 637 635 635 638 638 
639 639 640 640 641 641 
642 642 639 639 643 643 
644 644 645 645 646 646 
644 644 647 647 648 648 
649 649 650 650 651 651 
651 651 652 652 653 653 
650 650 654 654 655 655 
654 654 650 650 649 649 
656 656 655 655 657 657 
654 654 657 657 655 655 
616 616 617 617 656 656 
656 656 657 657 616 616 
649 649 651 651 653 653 
653 653 652 652 645 645 
644 644 646 646 647 647 
645 645 652 652 646 646 
648 648 647 647 641 641 
642 642 640 640 639 639 
640 640 648 648 641 641 
636 636 642 642 643 643 
638 638 635 635 634 634 
634 634 636 636 643 643 
629 629 637 637 638 638 
630 630 633 633 631 631 
629 629 631 631 637 637 
632 632 624 624 633 633 
625 625 627 627 626 626 
632 632 625 625 624 624 
627 627 622 622 628 628 
623 623 621 621 620 620 
628 628 622 622 623 623 
620 620 585 585 581 581 
</p>
			</triangles>
			<triangles count="475" material="Material7-satin_finish_aluminum">
				<input semantic="VERTEX" source="#CirPattern113-mesh-vertices" offset="0"/>
				<input semantic="NORMAL" source="#CirPattern113-mesh-normals" offset="1"/>
				<p>
658 658 659 659 660 660 
661 661 662 662 663 663 
664 664 665 665 666 666 
667 667 659 659 658 658 
664 664 668 668 669 669 
662 662 670 670 671 671 
672 672 673 673 674 674 
675 675 676 676 677 677 
678 678 679 679 680 680 
667 667 658 658 681 681 
682 682 683 683 684 684 
685 685 686 686 687 687 
688 688 689 689 685 685 
690 690 691 691 692 692 
693 693 694 694 695 695 
690 690 696 696 697 697 
698 698 699 699 700 700 
701 701 702 702 703 703 
704 704 705 705 706 706 
707 707 708 708 709 709 
710 710 711 711 712 712 
713 713 714 714 715 715 
716 716 717 717 718 718 
719 719 720 720 685 685 
721 721 722 722 723 723 
724 724 725 725 726 726 
709 709 708 708 727 727 
722 722 728 728 729 729 
730 730 731 731 732 732 
733 733 707 707 709 709 
716 716 734 734 713 713 
678 678 735 735 679 679 
724 724 726 726 736 736 
717 717 681 681 658 658 
737 737 702 702 738 738 
739 739 711 711 740 740 
741 741 742 742 743 743 
685 685 687 687 744 744 
720 720 745 745 746 746 
747 747 686 686 701 701 
685 685 701 701 686 686 
748 748 749 749 701 701 
701 701 749 749 747 747 
701 701 703 703 750 750 
701 701 750 750 748 748 
737 737 751 751 702 702 
702 702 751 751 703 703 
738 738 702 702 752 752 
722 722 753 753 702 702 
752 752 702 702 753 753 
721 721 754 754 722 722 
722 722 754 754 753 753 
755 755 756 756 757 757 
756 756 755 755 758 758 
759 759 760 760 757 757 
761 761 762 762 763 763 
764 764 758 758 765 765 
766 766 767 767 768 768 
769 769 770 770 744 744 
771 771 772 772 773 773 
774 774 775 775 776 776 
774 774 711 711 777 777 
766 766 778 778 779 779 
780 780 771 771 711 711 
773 773 711 711 771 771 
711 711 739 739 780 780 
781 781 740 740 782 782 
783 783 784 784 740 740 
740 740 784 784 739 739 
740 740 781 781 785 785 
740 740 785 785 783 783 
786 786 782 782 720 720 
740 740 720 720 782 782 
745 745 720 720 787 787 
720 720 746 746 786 786 
719 719 685 685 689 689 
787 787 720 720 719 719 
688 688 685 685 744 744 
788 788 789 789 790 790 
688 688 744 744 770 770 
725 725 713 713 734 734 
789 789 788 788 762 762 
704 704 790 790 791 791 
792 792 793 793 794 794 
795 795 699 699 796 796 
797 797 798 798 799 799 
766 766 800 800 767 767 
801 801 802 802 766 766 
766 766 779 779 800 800 
803 803 778 778 776 776 
766 766 776 776 778 778 
776 776 775 775 804 804 
776 776 804 804 803 803 
712 712 711 711 805 805 
776 776 711 711 774 774 
711 711 710 710 777 777 
741 741 773 773 772 772 
773 773 805 805 711 711 
743 743 742 742 706 706 
741 741 772 772 742 742 
705 705 704 704 791 791 
743 743 706 706 705 705 
791 791 790 790 806 806 
707 707 733 733 698 698 
696 696 807 807 697 697 
808 808 809 809 810 810 
811 811 812 812 813 813 
814 814 815 815 816 816 
817 817 818 818 819 819 
820 820 797 797 821 821 
822 822 797 797 799 799 
823 823 798 798 792 792 
797 797 792 792 798 798 
824 824 825 825 792 792 
792 792 825 825 823 823 
792 792 794 794 824 824 
826 826 766 766 768 768 
802 802 793 793 766 766 
792 792 766 766 793 793 
826 826 801 801 766 766 
800 800 812 812 767 767 
796 796 811 811 813 813 
811 811 767 767 812 812 
699 699 795 795 700 700 
796 796 813 813 795 795 
698 698 700 700 707 707 
827 827 828 828 829 829 
830 830 807 807 831 831 
808 808 832 832 833 833 
797 797 834 834 816 816 
797 797 835 835 821 821 
693 693 836 836 837 837 
693 693 838 838 839 839 
815 815 814 814 840 840 
815 815 840 840 841 841 
842 842 843 843 816 816 
816 816 843 843 814 814 
844 844 845 845 816 816 
816 816 845 845 842 842 
816 816 834 834 844 844 
799 799 819 819 822 822 
797 797 820 820 846 846 
797 797 846 846 834 834 
822 822 835 835 797 797 
832 832 818 818 817 817 
818 818 822 822 819 819 
808 808 833 833 809 809 
832 832 817 817 833 833 
810 810 809 809 667 667 
847 847 848 848 839 839 
715 715 714 714 694 694 
810 810 667 667 681 681 
670 670 827 827 829 829 
830 830 831 831 849 849 
850 850 851 851 839 839 
693 693 815 815 852 852 
839 839 853 853 850 850 
841 841 852 852 815 815 
854 854 855 855 856 856 
857 857 858 858 859 859 
860 860 861 861 851 851 
851 851 861 861 862 862 
851 851 850 850 863 863 
851 851 863 863 860 860 
853 853 839 839 864 864 
838 838 847 847 839 839 
864 864 839 839 848 848 
837 837 838 838 693 693 
693 693 852 852 694 694 
836 836 693 693 695 695 
865 865 851 851 859 859 
715 715 694 694 852 852 
697 697 866 866 690 690 
867 867 868 868 869 869 
736 736 726 726 691 691 
663 663 666 666 661 661 
870 870 871 871 769 769 
851 851 865 865 872 872 
873 873 874 874 875 875 
872 872 856 856 851 851 
855 855 876 876 856 856 
862 862 859 859 851 851 
877 877 878 878 875 875 
879 879 880 880 881 881 
875 875 874 874 882 882 
875 875 882 882 883 883 
884 884 873 873 856 856 
875 875 856 856 873 873 
856 856 872 872 854 854 
856 856 876 876 884 884 
857 857 849 849 858 858 
859 859 858 858 865 865 
885 885 886 886 887 887 
830 830 849 849 857 857 
888 888 889 889 890 890 
891 891 892 892 890 890 
696 696 831 831 807 807 
671 671 663 663 662 662 
827 827 670 670 662 662 
829 829 828 828 893 893 
893 893 880 880 879 879 
894 894 895 895 896 896 
897 897 886 886 875 875 
878 878 898 898 875 875 
899 899 878 878 877 877 
900 900 877 877 875 875 
898 898 897 897 875 875 
883 883 900 900 875 875 
901 901 902 902 903 903 
901 901 895 895 904 904 
905 905 902 902 886 886 
901 901 886 886 902 902 
887 887 886 886 906 906 
886 886 885 885 905 905 
906 906 886 886 897 897 
881 881 899 899 879 879 
899 899 881 881 878 878 
907 907 908 908 909 909 
828 828 880 880 893 893 
910 910 911 911 912 912 
666 666 665 665 891 891 
892 892 891 891 665 665 
888 888 890 890 892 892 
889 889 913 913 914 914 
915 915 916 916 917 917 
918 918 901 901 919 919 
904 904 919 919 901 901 
920 920 896 896 901 901 
896 896 895 895 901 901 
921 921 922 922 901 901 
901 901 922 922 920 920 
903 903 921 921 901 901 
923 923 907 907 924 924 
925 925 926 926 917 917 
907 907 909 909 927 927 
907 907 927 927 928 928 
907 907 901 901 918 918 
908 908 907 907 918 918 
896 896 914 914 894 894 
929 929 923 923 930 930 
914 914 913 913 894 894 
931 931 932 932 933 933 
925 925 929 929 934 934 
888 888 913 913 889 889 
935 935 929 929 936 936 
937 937 669 669 668 668 
925 925 934 934 938 938 
938 938 939 939 925 925 
926 926 940 940 917 917 
929 929 930 930 936 936 
925 925 939 939 941 941 
942 942 943 943 923 923 
923 923 943 943 930 930 
944 944 945 945 923 923 
923 923 945 945 942 942 
907 907 928 928 924 924 
923 923 924 924 944 944 
916 916 946 946 947 947 
916 916 948 948 949 949 
950 950 925 925 941 941 
926 926 925 925 950 950 
951 951 952 952 953 953 
934 934 929 929 935 935 
680 680 679 679 954 954 
675 675 936 936 676 676 
936 936 675 675 935 935 
677 677 955 955 675 675 
956 956 957 957 958 958 
677 677 676 676 937 937 
954 954 959 959 680 680 
959 959 931 931 933 933 
960 960 947 947 961 961 
962 962 916 916 963 963 
964 964 965 965 966 966 
967 967 916 916 962 962 
967 967 968 968 916 916 
969 969 970 970 916 916 
916 916 970 970 948 948 
916 916 915 915 969 969 
971 971 972 972 917 917 
917 917 972 972 915 915 
940 940 973 973 917 917 
917 917 973 973 971 971 
963 963 916 916 949 949 
974 974 960 960 966 966 
932 932 949 949 975 975 
948 948 975 975 949 949 
976 976 977 977 978 978 
976 976 978 978 964 964 
933 933 932 932 975 975 
979 979 980 980 981 981 
982 982 977 977 983 983 
954 954 931 931 959 959 
984 984 985 985 981 981 
951 951 735 735 952 952 
986 986 982 982 987 987 
988 988 989 989 990 990 
991 991 992 992 993 993 
960 960 974 974 994 994 
990 990 995 995 996 996 
997 997 966 966 960 960 
994 994 998 998 960 960 
960 960 961 961 997 997 
999 999 1000 1000 947 947 
947 947 1000 1000 961 961 
1001 1001 1002 1002 947 947 
947 947 1002 1002 999 999 
916 916 968 968 946 946 
947 947 946 946 1001 1001 
966 966 965 965 974 974 
1003 1003 1004 1004 1005 1005 
1006 1006 1007 1007 1008 1008 
964 964 978 978 965 965 
1009 1009 1010 1010 1011 1011 
1012 1012 1013 1013 1014 1014 
983 983 977 977 976 976 
1015 1015 979 979 981 981 
953 953 986 986 987 987 
982 982 983 983 987 987 
1013 1013 1012 1012 980 980 
1016 1016 1017 1017 956 956 
1014 1014 1008 1008 1018 1018 
1019 1019 1020 1020 1021 1021 
1004 1004 1003 1003 1006 1006 
1005 1005 1004 1004 989 989 
1022 1022 1023 1023 1024 1024 
989 989 988 988 1005 1005 
1004 1004 1025 1025 989 989 
1026 1026 1027 1027 990 990 
990 990 1027 1027 988 988 
996 996 1028 1028 990 990 
990 990 1028 1028 1026 1026 
990 990 960 960 995 995 
1029 1029 1030 1030 960 960 
960 960 1030 1030 995 995 
998 998 1029 1029 960 960 
1007 1007 1006 1006 1003 1003 
1011 1011 1020 1020 1019 1019 
1031 1031 1032 1032 1033 1033 
1018 1018 1008 1008 1007 1007 
956 956 1034 1034 957 957 
1014 1014 1018 1018 1012 1012 
979 979 1013 1013 980 980 
1034 1034 1035 1035 1020 1020 
1036 1036 868 868 867 867 
677 677 937 937 668 668 
1037 1037 684 684 1038 1038 
1021 1021 1039 1039 1019 1019 
1040 1040 1041 1041 1011 1011 
1011 1011 1041 1041 1020 1020 
1011 1011 1010 1010 1040 1040 
1042 1042 1009 1009 1024 1024 
1011 1011 1024 1024 1009 1009 
1043 1043 1044 1044 1024 1024 
1024 1024 1023 1023 1042 1042 
1024 1024 1044 1044 1022 1022 
1045 1045 1043 1043 989 989 
1024 1024 989 989 1043 1043 
1046 1046 1047 1047 989 989 
989 989 1047 1047 1045 1045 
1025 1025 1046 1046 989 989 
1035 1035 1021 1021 1020 1020 
1048 1048 1049 1049 730 730 
1016 1016 867 867 869 869 
1017 1017 1035 1035 1034 1034 
910 910 912 912 1050 1050 
1051 1051 1052 1052 1036 1036 
661 661 666 666 891 891 
1051 1051 732 732 731 731 
1053 1053 871 871 870 870 
1054 1054 1055 1055 1056 1056 
683 683 1057 1057 1058 1058 
1059 1059 684 684 1033 1033 
1060 1060 1061 1061 1033 1033 
1062 1062 1059 1059 1033 1033 
1063 1063 1064 1064 1033 1033 
1033 1033 1064 1064 1060 1060 
1033 1033 1032 1032 1063 1063 
1065 1065 1031 1031 991 991 
1033 1033 991 991 1031 1031 
1066 1066 1067 1067 991 991 
991 991 1067 1067 1065 1065 
991 991 1019 1019 992 992 
991 991 993 993 1066 1066 
1039 1039 1068 1068 1019 1019 
1019 1019 1068 1068 992 992 
1048 1048 730 730 732 732 
1069 1069 1070 1070 1071 1071 
1072 1072 1036 1036 1073 1073 
1051 1051 731 731 1052 1052 
1073 1073 1050 1050 1072 1072 
1074 1074 1075 1075 912 912 
769 769 871 871 761 761 
1070 1070 1075 1075 1074 1074 
1076 1076 1077 1077 683 683 
755 755 1078 1078 758 758 
1079 1079 1080 1080 683 683 
1081 1081 1082 1082 1083 1083 
1084 1084 1085 1085 683 683 
683 683 1085 1085 1079 1079 
683 683 682 682 1086 1086 
683 683 1086 1086 1084 1084 
1087 1087 1088 1088 684 684 
684 684 1088 1088 682 682 
1038 1038 684 684 1059 1059 
684 684 1037 1037 1087 1087 
1061 1061 1062 1062 1033 1033 
1054 1054 1056 1056 1061 1061 
1062 1062 1061 1061 1056 1056 
1054 1054 1049 1049 1055 1055 
1048 1048 1055 1055 1049 1049 
1089 1089 1076 1076 1090 1090 
1091 1091 1092 1092 723 723 
1078 1078 1093 1093 765 765 
1075 1075 1050 1050 912 912 
763 763 762 762 788 788 
757 757 756 756 759 759 
1094 1094 1092 1092 760 760 
760 760 759 759 1094 1094 
1094 1094 723 723 1092 1092 
1095 1095 1091 1091 722 722 
723 723 722 722 1091 1091 
1096 1096 1097 1097 722 722 
722 722 1097 1097 1095 1095 
722 722 729 729 1096 1096 
1098 1098 728 728 1081 1081 
722 722 1081 1081 728 728 
1082 1082 1081 1081 1058 1058 
1081 1081 1083 1083 1098 1098 
1057 1057 683 683 1077 1077 
1081 1081 683 683 1058 1058 
1076 1076 683 683 1080 1080 
1090 1090 1069 1069 1089 1089 
1080 1080 1090 1090 1076 1076 
1070 1070 1074 1074 1071 1071 
1069 1069 1071 1071 1089 1089 
664 664 669 669 665 665 
758 758 1078 1078 765 765 
1099 1099 692 692 671 671 
671 671 670 670 1099 1099 
691 691 866 866 736 736 
1099 1099 690 690 692 692 
866 866 691 691 690 690 
713 713 725 725 714 714 
724 724 714 714 725 725 
718 718 717 717 658 658 
716 716 718 718 734 734 
733 733 709 709 660 660 
660 660 659 659 733 733 
789 789 727 727 806 806 
708 708 806 806 727 727 
790 790 789 789 806 806 
769 769 761 761 770 770 
763 763 770 770 761 761 
764 764 765 765 1053 1053 
870 870 764 764 1053 1053 
911 911 910 910 1093 1093 
1093 1093 1078 1078 911 911 
1036 1036 1072 1072 1051 1051 
1050 1050 1073 1073 910 910 
1052 1052 868 868 1036 1036 
1017 1017 1034 1034 956 956 
1016 1016 869 869 1017 1017 
958 958 957 957 1100 1100 
1015 1015 1100 1100 979 979 
1100 1100 1015 1015 958 958 
980 980 984 984 981 981 
986 986 985 985 984 984 
953 953 952 952 985 985 
985 985 986 986 953 953 
679 679 735 735 951 951 
735 735 678 678 674 674 
672 672 955 955 673 673 
678 678 672 672 674 674 
677 677 673 673 955 955 
</p>
			</triangles>
			<triangles count="34" material="Material8-satin_finish_aluminum">
				<input semantic="VERTEX" source="#CirPattern113-mesh-vertices" offset="0"/>
				<input semantic="NORMAL" source="#CirPattern113-mesh-normals" offset="1"/>
				<p>
1101 1101 1102 1102 1103 1103 
1102 1102 1104 1104 1105 1105 
1106 1106 1107 1107 1108 1108 
1109 1109 1110 1110 1111 1111 
1107 1107 1112 1112 1102 1102 
1113 1113 1107 1107 1114 1114 
1107 1107 1106 1106 1114 1114 
1115 1115 1107 1107 1116 1116 
1107 1107 1113 1113 1116 1116 
1107 1107 1117 1117 1112 1112 
1107 1107 1115 1115 1117 1117 
1105 1105 1118 1118 1102 1102 
1102 1102 1112 1112 1104 1104 
1119 1119 1102 1102 1101 1101 
1118 1118 1103 1103 1102 1102 
1102 1102 1120 1120 1121 1121 
1120 1120 1102 1102 1119 1119 
1122 1122 1123 1123 1124 1124 
1121 1121 1125 1125 1126 1126 
1120 1120 1125 1125 1121 1121 
1127 1127 1124 1124 1126 1126 
1121 1121 1126 1126 1124 1124 
1128 1128 1124 1124 1129 1129 
1124 1124 1127 1127 1129 1129 
1124 1124 1128 1128 1122 1122 
1130 1130 1111 1111 1123 1123 
1124 1124 1123 1123 1111 1111 
1131 1131 1111 1111 1132 1132 
1111 1111 1130 1130 1132 1132 
1133 1133 1111 1111 1134 1134 
1111 1111 1131 1131 1134 1134 
1111 1111 1110 1110 1107 1107 
1111 1111 1133 1133 1109 1109 
1108 1108 1107 1107 1110 1110 
</p>
			</triangles>
			<triangles count="109" material="Material9-satin_finish_aluminum">
				<input semantic="VERTEX" source="#CirPattern113-mesh-vertices" offset="0"/>
				<input semantic="NORMAL" source="#CirPattern113-mesh-normals" offset="1"/>
				<p>
1135 1135 1136 1136 1137 1137 
1138 1138 1139 1139 1140 1140 
1141 1141 1142 1142 1143 1143 
1144 1144 1145 1145 1146 1146 
1146 1146 1147 1147 1148 1148 
1141 1141 1149 1149 1150 1150 
1151 1151 1152 1152 1153 1153 
1154 1154 1155 1155 1156 1156 
1154 1154 1157 1157 1158 1158 
1159 1159 1160 1160 1154 1154 
1161 1161 1154 1154 1162 1162 
1154 1154 1158 1158 1162 1162 
1154 1154 1161 1161 1163 1163 
1146 1146 1154 1154 1164 1164 
1154 1154 1163 1163 1164 1164 
1146 1146 1164 1164 1165 1165 
1166 1166 1146 1146 1167 1167 
1146 1146 1165 1165 1167 1167 
1168 1168 1146 1146 1169 1169 
1146 1146 1166 1166 1169 1169 
1170 1170 1153 1153 1171 1171 
1168 1168 1172 1172 1173 1173 
1153 1153 1152 1152 1171 1171 
1141 1141 1150 1150 1174 1174 
1175 1175 1176 1176 1146 1146 
1170 1170 1177 1177 1172 1172 
1171 1171 1177 1177 1170 1170 
1168 1168 1173 1173 1146 1146 
1177 1177 1173 1173 1172 1172 
1178 1178 1146 1146 1179 1179 
1146 1146 1173 1173 1179 1179 
1146 1146 1178 1178 1144 1144 
1180 1180 1175 1175 1146 1146 
1145 1145 1180 1180 1146 1146 
1147 1147 1146 1146 1176 1176 
1142 1142 1146 1146 1148 1148 
1141 1141 1146 1146 1142 1142 
1181 1181 1182 1182 1139 1139 
1183 1183 1184 1184 1185 1185 
1186 1186 1184 1184 1187 1187 
1143 1143 1188 1188 1181 1181 
1189 1189 1190 1190 1137 1137 
1191 1191 1192 1192 1174 1174 
1193 1193 1194 1194 1195 1195 
1193 1193 1195 1195 1196 1196 
1197 1197 1198 1198 1199 1199 
1200 1200 1201 1201 1202 1202 
1203 1203 1196 1196 1195 1195 
1204 1204 1205 1205 1206 1206 
1206 1206 1207 1207 1208 1208 
1203 1203 1209 1209 1196 1196 
1210 1210 1203 1203 1211 1211 
1212 1212 1154 1154 1211 1211 
1210 1210 1211 1211 1154 1154 
1213 1213 1214 1214 1215 1215 
1154 1154 1212 1212 1216 1216 
1154 1154 1216 1216 1217 1217 
1218 1218 1219 1219 1213 1213 
1154 1154 1217 1217 1155 1155 
1219 1219 1218 1218 1157 1157 
1154 1154 1156 1156 1159 1159 
1220 1220 1154 1154 1221 1221 
1154 1154 1160 1160 1221 1221 
1158 1158 1157 1157 1218 1218 
1154 1154 1220 1220 1157 1157 
1213 1213 1219 1219 1214 1214 
1222 1222 1215 1215 1223 1223 
1215 1215 1214 1214 1223 1223 
1224 1224 1194 1194 1193 1193 
1174 1174 1192 1192 1141 1141 
1225 1225 1226 1226 1227 1227 
1197 1197 1199 1199 1192 1192 
1197 1197 1192 1192 1191 1191 
1199 1199 1228 1228 1201 1201 
1228 1228 1199 1199 1198 1198 
1228 1228 1202 1202 1201 1201 
1204 1204 1206 1206 1201 1201 
1204 1204 1201 1201 1200 1200 
1207 1207 1206 1206 1229 1229 
1229 1229 1206 1206 1205 1205 
1230 1230 1231 1231 1208 1208 
1230 1230 1208 1208 1207 1207 
1210 1210 1209 1209 1203 1203 
1208 1208 1232 1232 1233 1233 
1232 1232 1208 1208 1231 1231 
1233 1233 1234 1234 1235 1235 
1232 1232 1234 1234 1233 1233 
1210 1210 1236 1236 1237 1237 
1238 1238 1210 1210 1235 1235 
1233 1233 1235 1235 1210 1210 
1210 1210 1238 1238 1236 1236 
1237 1237 1209 1209 1210 1210 
1225 1225 1224 1224 1226 1226 
1194 1194 1224 1224 1225 1225 
1226 1226 1190 1190 1189 1189 
1189 1189 1227 1227 1226 1226 
1135 1135 1137 1137 1190 1190 
1185 1185 1137 1137 1136 1136 
1186 1186 1185 1185 1184 1184 
1183 1183 1185 1185 1136 1136 
1138 1138 1187 1187 1184 1184 
1139 1139 1182 1182 1140 1140 
1138 1138 1140 1140 1187 1187 
1181 1181 1188 1188 1182 1182 
1181 1181 1239 1239 1143 1143 
1240 1240 1141 1141 1239 1239 
1143 1143 1239 1239 1141 1141 
1149 1149 1141 1141 1241 1241 
1141 1141 1240 1240 1241 1241 
</p>
			</triangles>
			<triangles count="34" material="Material10-satin_finish_aluminum">
				<input semantic="VERTEX" source="#CirPattern113-mesh-vertices" offset="0"/>
				<input semantic="NORMAL" source="#CirPattern113-mesh-normals" offset="1"/>
				<p>
1242 1242 1243 1243 1244 1244 
1245 1245 1246 1246 1247 1247 
1248 1248 1249 1249 1250 1250 
1251 1251 1252 1252 1253 1253 
1253 1253 1252 1252 1254 1254 
1255 1255 1243 1243 1251 1251 
1256 1256 1251 1251 1257 1257 
1251 1251 1253 1253 1257 1257 
1258 1258 1251 1251 1259 1259 
1251 1251 1256 1256 1259 1259 
1251 1251 1260 1260 1255 1255 
1251 1251 1258 1258 1260 1260 
1261 1261 1262 1262 1243 1243 
1243 1243 1255 1255 1244 1244 
1263 1263 1243 1243 1264 1264 
1243 1243 1242 1242 1264 1264 
1243 1243 1263 1263 1261 1261 
1243 1243 1265 1265 1266 1266 
1262 1262 1265 1265 1243 1243 
1250 1250 1243 1243 1267 1267 
1266 1266 1267 1267 1243 1243 
1268 1268 1250 1250 1269 1269 
1250 1250 1267 1267 1248 1248 
1270 1270 1250 1250 1271 1271 
1250 1250 1249 1249 1271 1271 
1250 1250 1272 1272 1269 1269 
1250 1250 1270 1270 1272 1272 
1273 1273 1247 1247 1268 1268 
1250 1250 1268 1268 1247 1247 
1245 1245 1247 1247 1274 1274 
1247 1247 1273 1273 1274 1274 
1247 1247 1246 1246 1252 1252 
1254 1254 1252 1252 1275 1275 
1252 1252 1246 1246 1275 1275 
</p>
			</triangles>
			<triangles count="26" material="Material11-satin_finish_aluminum">
				<input semantic="VERTEX" source="#CirPattern113-mesh-vertices" offset="0"/>
				<input semantic="NORMAL" source="#CirPattern113-mesh-normals" offset="1"/>
				<p>
1276 1276 1277 1277 1278 1278 
1277 1277 1276 1276 1279 1279 
1280 1280 1281 1281 1282 1282 
1283 1283 1284 1284 1285 1285 
1286 1286 1287 1287 1276 1276 
1276 1276 1287 1287 1288 1288 
1289 1289 1290 1290 1276 1276 
1276 1276 1290 1290 1286 1286 
1291 1291 1292 1292 1276 1276 
1276 1276 1292 1292 1289 1289 
1278 1278 1293 1293 1276 1276 
1276 1276 1293 1293 1291 1291 
1282 1282 1279 1279 1276 1276 
1279 1279 1282 1282 1281 1281 
1294 1294 1295 1295 1280 1280 
1280 1280 1282 1282 1294 1294 
1296 1296 1295 1295 1284 1284 
1294 1294 1284 1284 1295 1295 
1284 1284 1283 1283 1296 1296 
1284 1284 1297 1297 1298 1298 
1284 1284 1298 1298 1285 1285 
1284 1284 1299 1299 1300 1300 
1297 1297 1284 1284 1300 1300 
1284 1284 1301 1301 1302 1302 
1299 1299 1284 1284 1302 1302 
1301 1301 1284 1284 1303 1303 
</p>
			</triangles>
			<triangles count="31" material="Material12-satin_finish_aluminum">
				<input semantic="VERTEX" source="#CirPattern113-mesh-vertices" offset="0"/>
				<input semantic="NORMAL" source="#CirPattern113-mesh-normals" offset="1"/>
				<p>
1304 1304 1305 1305 1306 1306 
1307 1307 1308 1308 1309 1309 
1305 1305 1304 1304 1310 1310 
1311 1311 1312 1312 1313 1313 
1314 1314 1315 1315 1306 1306 
1304 1304 1306 1306 1315 1315 
1316 1316 1317 1317 1318 1318 
1316 1316 1319 1319 1317 1317 
1316 1316 1318 1318 1320 1320 
1309 1309 1318 1318 1307 1307 
1320 1320 1318 1318 1309 1309 
1321 1321 1307 1307 1322 1322 
1321 1321 1308 1308 1307 1307 
1323 1323 1307 1307 1324 1324 
1323 1323 1322 1322 1307 1307 
1325 1325 1313 1313 1326 1326 
1314 1314 1317 1317 1315 1315 
1312 1312 1311 1311 1327 1327 
1310 1310 1325 1325 1326 1326 
1328 1328 1312 1312 1327 1327 
1313 1313 1325 1325 1311 1311 
1329 1329 1328 1328 1327 1327 
1305 1305 1310 1310 1326 1326 
1314 1314 1318 1318 1317 1317 
1330 1330 1331 1331 1317 1317 
1319 1319 1330 1330 1317 1317 
1332 1332 1333 1333 1331 1331 
1317 1317 1331 1331 1333 1333 
1334 1334 1335 1335 1333 1333 
1334 1334 1333 1333 1332 1332 
1335 1335 1336 1336 1333 1333 
</p>
			</triangles>
			<triangles count="94" material="Material13-satin_finish_aluminum">
				<input semantic="VERTEX" source="#CirPattern113-mesh-vertices" offset="0"/>
				<input semantic="NORMAL" source="#CirPattern113-mesh-normals" offset="1"/>
				<p>
1337 1337 1338 1338 1339 1339 
1340 1340 1341 1341 1342 1342 
1338 1338 1337 1337 1343 1343 
1344 1344 1345 1345 1346 1346 
1341 1341 1340 1340 1347 1347 
1340 1340 1342 1342 1348 1348 
1340 1340 1349 1349 1350 1350 
1347 1347 1340 1340 1350 1350 
1340 1340 1351 1351 1352 1352 
1349 1349 1340 1340 1352 1352 
1340 1340 1353 1353 1354 1354 
1351 1351 1340 1340 1354 1354 
1355 1355 1356 1356 1353 1353 
1357 1357 1358 1358 1359 1359 
1357 1357 1360 1360 1361 1361 
1344 1344 1362 1362 1363 1363 
1364 1364 1365 1365 1366 1366 
1344 1344 1367 1367 1368 1368 
1362 1362 1344 1344 1368 1368 
1367 1367 1344 1344 1346 1346 
1369 1369 1344 1344 1370 1370 
1369 1369 1345 1345 1344 1344 
1371 1371 1344 1344 1372 1372 
1371 1371 1370 1370 1344 1344 
1361 1361 1373 1373 1374 1374 
1375 1375 1376 1376 1377 1377 
1378 1378 1379 1379 1358 1358 
1380 1380 1381 1381 1382 1382 
1383 1383 1375 1375 1382 1382 
1384 1384 1377 1377 1385 1385 
1380 1380 1386 1386 1387 1387 
1386 1386 1388 1388 1389 1389 
1390 1390 1391 1391 1388 1388 
1392 1392 1393 1393 1384 1384 
1390 1390 1394 1394 1395 1395 
1378 1378 1393 1393 1396 1396 
1397 1397 1398 1398 1399 1399 
1400 1400 1397 1397 1395 1395 
1401 1401 1402 1402 1403 1403 
1399 1399 1404 1404 1402 1402 
1339 1339 1338 1338 1401 1401 
1364 1364 1366 1366 1405 1405 
1343 1343 1406 1406 1407 1407 
1343 1343 1337 1337 1406 1406 
1407 1407 1406 1406 1408 1408 
1409 1409 1410 1410 1411 1411 
1412 1412 1413 1413 1414 1414 
1415 1415 1409 1409 1416 1416 
1417 1417 1418 1418 1419 1419 
1415 1415 1407 1407 1408 1408 
1340 1340 1420 1420 1421 1421 
1422 1422 1420 1420 1423 1423 
1424 1424 1425 1425 1426 1426 
1425 1425 1427 1427 1426 1426 
1344 1344 1363 1363 1424 1424 
1428 1428 1364 1364 1405 1405 
1401 1401 1403 1403 1339 1339 
1424 1424 1429 1429 1430 1430 
1402 1402 1404 1404 1403 1403 
1399 1399 1398 1398 1404 1404 
1397 1397 1400 1400 1398 1398 
1395 1395 1394 1394 1400 1400 
1395 1395 1391 1391 1390 1390 
1391 1391 1389 1389 1388 1388 
1389 1389 1387 1387 1386 1386 
1387 1387 1381 1381 1380 1380 
1381 1381 1383 1383 1382 1382 
1383 1383 1376 1376 1375 1375 
1376 1376 1385 1385 1377 1377 
1385 1385 1392 1392 1384 1384 
1392 1392 1396 1396 1393 1393 
1396 1396 1379 1379 1378 1378 
1379 1379 1359 1359 1358 1358 
1359 1359 1360 1360 1357 1357 
1361 1361 1374 1374 1357 1357 
1366 1366 1365 1365 1373 1373 
1373 1373 1365 1365 1374 1374 
1405 1405 1430 1430 1429 1429 
1428 1428 1405 1405 1429 1429 
1425 1425 1424 1424 1363 1363 
1430 1430 1344 1344 1424 1424 
1427 1427 1425 1425 1356 1356 
1353 1353 1421 1421 1355 1355 
1356 1356 1355 1355 1427 1427 
1422 1422 1421 1421 1420 1420 
1340 1340 1421 1421 1353 1353 
1417 1417 1422 1422 1423 1423 
1419 1419 1418 1418 1412 1412 
1417 1417 1423 1423 1418 1418 
1414 1414 1413 1413 1410 1410 
1419 1419 1412 1412 1414 1414 
1411 1411 1416 1416 1409 1409 
1413 1413 1411 1411 1410 1410 
1415 1415 1408 1408 1409 1409 
</p>
			</triangles>
			<triangles count="6" material="Material14-satin_finish_aluminum">
				<input semantic="VERTEX" source="#CirPattern113-mesh-vertices" offset="0"/>
				<input semantic="NORMAL" source="#CirPattern113-mesh-normals" offset="1"/>
				<p>
1431 1431 1432 1432 1433 1433 
1434 1434 1435 1435 1431 1431 
1433 1433 1436 1436 1437 1437 
1433 1433 1432 1432 1436 1436 
1431 1431 1435 1435 1432 1432 
1434 1434 1438 1438 1435 1435 
</p>
			</triangles>
			<triangles count="6" material="Material15-satin_finish_aluminum">
				<input semantic="VERTEX" source="#CirPattern113-mesh-vertices" offset="0"/>
				<input semantic="NORMAL" source="#CirPattern113-mesh-normals" offset="1"/>
				<p>
1439 1439 1440 1440 1441 1441 
1442 1442 1443 1443 1444 1444 
1442 1442 1445 1445 1443 1443 
1446 1446 1443 1443 1445 1445 
1441 1441 1446 1446 1439 1439 
1445 1445 1439 1439 1446 1446 
</p>
			</triangles>
			<triangles count="11" material="Material16-satin_finish_aluminum">
				<input semantic="VERTEX" source="#CirPattern113-mesh-vertices" offset="0"/>
				<input semantic="NORMAL" source="#CirPattern113-mesh-normals" offset="1"/>
				<p>
1447 1447 1448 1448 1449 1449 
1447 1447 1450 1450 1448 1448 
1451 1451 1449 1449 1448 1448 
1452 1452 1449 1449 1451 1451 
1450 1450 1447 1447 1453 1453 
1452 1452 1451 1451 1454 1454 
1453 1453 1455 1455 1450 1450 
1455 1455 1456 1456 1457 1457 
1456 1456 1455 1455 1453 1453 
1458 1458 1457 1457 1459 1459 
1457 1457 1456 1456 1459 1459 
</p>
			</triangles>
			<triangles count="11" material="Material17-satin_finish_aluminum">
				<input semantic="VERTEX" source="#CirPattern113-mesh-vertices" offset="0"/>
				<input semantic="NORMAL" source="#CirPattern113-mesh-normals" offset="1"/>
				<p>
1460 1460 1461 1461 1462 1462 
1460 1460 1463 1463 1464 1464 
1464 1464 1463 1463 1465 1465 
1461 1461 1466 1466 1462 1462 
1461 1461 1460 1460 1464 1464 
1467 1467 1465 1465 1463 1463 
1462 1462 1466 1466 1468 1468 
1468 1468 1469 1469 1470 1470 
1469 1469 1468 1468 1466 1466 
1471 1471 1470 1470 1472 1472 
1470 1470 1469 1469 1472 1472 
</p>
			</triangles>
			<triangles count="26" material="Material18-satin_finish_aluminum">
				<input semantic="VERTEX" source="#CirPattern113-mesh-vertices" offset="0"/>
				<input semantic="NORMAL" source="#CirPattern113-mesh-normals" offset="1"/>
				<p>
1473 1473 1474 1474 1475 1475 
1476 1476 1473 1473 1475 1475 
1477 1477 1478 1478 1479 1479 
1480 1480 1481 1481 1482 1482 
1483 1483 1484 1484 1485 1485 
1486 1486 1487 1487 1488 1488 
1489 1489 1490 1490 1491 1491 
1491 1491 1485 1485 1489 1489 
1492 1492 1491 1491 1493 1493 
1490 1490 1493 1493 1491 1491 
1494 1494 1492 1492 1493 1493 
1489 1489 1485 1485 1495 1495 
1483 1483 1496 1496 1484 1484 
1485 1485 1484 1484 1495 1495 
1497 1497 1483 1483 1488 1488 
1483 1483 1497 1497 1496 1496 
1498 1498 1488 1488 1487 1487 
1498 1498 1497 1497 1488 1488 
1499 1499 1487 1487 1486 1486 
1486 1486 1477 1477 1500 1500 
1500 1500 1499 1499 1486 1486 
1479 1479 1478 1478 1482 1482 
1500 1500 1477 1477 1479 1479 
1480 1480 1476 1476 1481 1481 
1478 1478 1480 1480 1482 1482 
1475 1475 1481 1481 1476 1476 
</p>
			</triangles>
			<triangles count="26" material="Material19-satin_finish_aluminum">
				<input semantic="VERTEX" source="#CirPattern113-mesh-vertices" offset="0"/>
				<input semantic="NORMAL" source="#CirPattern113-mesh-normals" offset="1"/>
				<p>
1501 1501 1502 1502 1503 1503 
1504 1504 1505 1505 1506 1506 
1507 1507 1502 1502 1508 1508 
1501 1501 1508 1508 1502 1502 
1509 1509 1508 1508 1510 1510 
1508 1508 1509 1509 1507 1507 
1511 1511 1510 1510 1512 1512 
1511 1511 1509 1509 1510 1510 
1513 1513 1514 1514 1512 1512 
1512 1512 1510 1510 1513 1513 
1515 1515 1516 1516 1513 1513 
1514 1514 1513 1513 1516 1516 
1517 1517 1518 1518 1515 1515 
1515 1515 1518 1518 1516 1516 
1517 1517 1519 1519 1520 1520 
1519 1519 1517 1517 1515 1515 
1503 1503 1521 1521 1501 1501 
1522 1522 1523 1523 1521 1521 
1501 1501 1521 1521 1523 1523 
1524 1524 1522 1522 1525 1525 
1522 1522 1524 1524 1523 1523 
1525 1525 1526 1526 1527 1527 
1527 1527 1524 1524 1525 1525 
1506 1506 1505 1505 1526 1526 
1527 1527 1526 1526 1505 1505 
1506 1506 1528 1528 1504 1504 
</p>
			</triangles>
			<triangles count="46" material="Material20-satin_finish_aluminum">
				<input semantic="VERTEX" source="#CirPattern113-mesh-vertices" offset="0"/>
				<input semantic="NORMAL" source="#CirPattern113-mesh-normals" offset="1"/>
				<p>
1529 1529 1530 1530 1531 1531 
1532 1532 1533 1533 1534 1534 
1535 1535 1536 1536 1537 1537 
1538 1538 1539 1539 1540 1540 
1541 1541 1542 1542 1543 1543 
1544 1544 1545 1545 1546 1546 
1547 1547 1548 1548 1549 1549 
1550 1550 1551 1551 1552 1552 
1553 1553 1554 1554 1555 1555 
1556 1556 1557 1557 1558 1558 
1559 1559 1560 1560 1561 1561 
1562 1562 1563 1563 1564 1564 
1565 1565 1566 1566 1567 1567 
1566 1566 1565 1565 1561 1561 
1568 1568 1569 1569 1567 1567 
1567 1567 1566 1566 1568 1568 
1570 1570 1569 1569 1571 1571 
1568 1568 1571 1571 1569 1569 
1570 1570 1572 1572 1573 1573 
1572 1572 1570 1570 1571 1571 
1574 1574 1534 1534 1573 1573 
1573 1573 1572 1572 1574 1574 
1562 1562 1560 1560 1559 1559 
1574 1574 1532 1532 1534 1534 
1559 1559 1561 1561 1565 1565 
1554 1554 1564 1564 1563 1563 
1564 1564 1560 1560 1562 1562 
1553 1553 1555 1555 1558 1558 
1554 1554 1563 1563 1555 1555 
1557 1557 1556 1556 1547 1547 
1553 1553 1558 1558 1557 1557 
1548 1548 1551 1551 1549 1549 
1556 1556 1548 1548 1547 1547 
1552 1552 1543 1543 1550 1550 
1551 1551 1550 1550 1549 1549 
1544 1544 1542 1542 1541 1541 
1541 1541 1543 1543 1552 1552 
1536 1536 1546 1546 1545 1545 
1546 1546 1542 1542 1544 1544 
1535 1535 1537 1537 1538 1538 
1536 1536 1545 1545 1537 1537 
1540 1540 1539 1539 1531 1531 
1535 1535 1538 1538 1540 1540 
1529 1529 1533 1533 1530 1530 
1539 1539 1529 1529 1531 1531 
1532 1532 1530 1530 1533 1533 
</p>
			</triangles>
			<triangles count="46" material="Material21-satin_finish_aluminum">
				<input semantic="VERTEX" source="#CirPattern113-mesh-vertices" offset="0"/>
				<input semantic="NORMAL" source="#CirPattern113-mesh-normals" offset="1"/>
				<p>
1575 1575 1576 1576 1577 1577 
1578 1578 1579 1579 1580 1580 
1581 1581 1582 1582 1583 1583 
1584 1584 1585 1585 1586 1586 
1587 1587 1588 1588 1589 1589 
1590 1590 1591 1591 1592 1592 
1593 1593 1594 1594 1595 1595 
1596 1596 1597 1597 1598 1598 
1599 1599 1600 1600 1601 1601 
1602 1602 1603 1603 1604 1604 
1605 1605 1606 1606 1607 1607 
1608 1608 1609 1609 1610 1610 
1611 1611 1612 1612 1613 1613 
1612 1612 1611 1611 1607 1607 
1614 1614 1615 1615 1613 1613 
1613 1613 1612 1612 1614 1614 
1616 1616 1615 1615 1617 1617 
1614 1614 1617 1617 1615 1615 
1616 1616 1618 1618 1619 1619 
1618 1618 1616 1616 1617 1617 
1620 1620 1580 1580 1619 1619 
1619 1619 1618 1618 1620 1620 
1608 1608 1606 1606 1605 1605 
1620 1620 1578 1578 1580 1580 
1605 1605 1607 1607 1611 1611 
1600 1600 1610 1610 1609 1609 
1610 1610 1606 1606 1608 1608 
1599 1599 1601 1601 1604 1604 
1600 1600 1609 1609 1601 1601 
1603 1603 1602 1602 1593 1593 
1599 1599 1604 1604 1603 1603 
1594 1594 1597 1597 1595 1595 
1602 1602 1594 1594 1593 1593 
1598 1598 1589 1589 1596 1596 
1597 1597 1596 1596 1595 1595 
1590 1590 1588 1588 1587 1587 
1587 1587 1589 1589 1598 1598 
1582 1582 1592 1592 1591 1591 
1592 1592 1588 1588 1590 1590 
1581 1581 1583 1583 1584 1584 
1582 1582 1591 1591 1583 1583 
1586 1586 1585 1585 1577 1577 
1581 1581 1584 1584 1586 1586 
1575 1575 1579 1579 1576 1576 
1585 1585 1575 1575 1577 1577 
1578 1578 1576 1576 1579 1579 
</p>
			</triangles>
			<triangles count="46" material="Material22-satin_finish_aluminum">
				<input semantic="VERTEX" source="#CirPattern113-mesh-vertices" offset="0"/>
				<input semantic="NORMAL" source="#CirPattern113-mesh-normals" offset="1"/>
				<p>
1621 1621 1622 1622 1623 1623 
1624 1624 1625 1625 1626 1626 
1627 1627 1628 1628 1629 1629 
1630 1630 1631 1631 1632 1632 
1633 1633 1634 1634 1635 1635 
1636 1636 1637 1637 1638 1638 
1639 1639 1640 1640 1641 1641 
1642 1642 1643 1643 1644 1644 
1645 1645 1646 1646 1647 1647 
1648 1648 1649 1649 1650 1650 
1651 1651 1652 1652 1653 1653 
1654 1654 1655 1655 1656 1656 
1657 1657 1658 1658 1659 1659 
1658 1658 1657 1657 1653 1653 
1660 1660 1661 1661 1659 1659 
1659 1659 1658 1658 1660 1660 
1662 1662 1661 1661 1663 1663 
1660 1660 1663 1663 1661 1661 
1662 1662 1664 1664 1665 1665 
1664 1664 1662 1662 1663 1663 
1666 1666 1626 1626 1665 1665 
1665 1665 1664 1664 1666 1666 
1654 1654 1652 1652 1651 1651 
1666 1666 1624 1624 1626 1626 
1651 1651 1653 1653 1657 1657 
1646 1646 1656 1656 1655 1655 
1656 1656 1652 1652 1654 1654 
1645 1645 1647 1647 1650 1650 
1646 1646 1655 1655 1647 1647 
1649 1649 1648 1648 1639 1639 
1645 1645 1650 1650 1649 1649 
1640 1640 1643 1643 1641 1641 
1648 1648 1640 1640 1639 1639 
1644 1644 1635 1635 1642 1642 
1643 1643 1642 1642 1641 1641 
1636 1636 1634 1634 1633 1633 
1633 1633 1635 1635 1644 1644 
1628 1628 1638 1638 1637 1637 
1638 1638 1634 1634 1636 1636 
1627 1627 1629 1629 1630 1630 
1628 1628 1637 1637 1629 1629 
1632 1632 1631 1631 1623 1623 
1627 1627 1630 1630 1632 1632 
1621 1621 1625 1625 1622 1622 
1631 1631 1621 1621 1623 1623 
1624 1624 1622 1622 1625 1625 
</p>
			</triangles>
			<triangles count="46" material="Material23-satin_finish_aluminum">
				<input semantic="VERTEX" source="#CirPattern113-mesh-vertices" offset="0"/>
				<input semantic="NORMAL" source="#CirPattern113-mesh-normals" offset="1"/>
				<p>
1667 1667 1668 1668 1669 1669 
1670 1670 1671 1671 1672 1672 
1673 1673 1674 1674 1675 1675 
1676 1676 1677 1677 1678 1678 
1679 1679 1680 1680 1681 1681 
1682 1682 1683 1683 1684 1684 
1685 1685 1686 1686 1687 1687 
1688 1688 1689 1689 1690 1690 
1691 1691 1692 1692 1693 1693 
1694 1694 1695 1695 1696 1696 
1697 1697 1698 1698 1699 1699 
1700 1700 1701 1701 1702 1702 
1703 1703 1704 1704 1705 1705 
1704 1704 1703 1703 1699 1699 
1706 1706 1707 1707 1705 1705 
1705 1705 1704 1704 1706 1706 
1708 1708 1707 1707 1709 1709 
1706 1706 1709 1709 1707 1707 
1708 1708 1710 1710 1711 1711 
1710 1710 1708 1708 1709 1709 
1712 1712 1672 1672 1711 1711 
1711 1711 1710 1710 1712 1712 
1700 1700 1698 1698 1697 1697 
1712 1712 1670 1670 1672 1672 
1697 1697 1699 1699 1703 1703 
1692 1692 1702 1702 1701 1701 
1702 1702 1698 1698 1700 1700 
1691 1691 1693 1693 1696 1696 
1692 1692 1701 1701 1693 1693 
1695 1695 1694 1694 1685 1685 
1691 1691 1696 1696 1695 1695 
1686 1686 1689 1689 1687 1687 
1694 1694 1686 1686 1685 1685 
1690 1690 1681 1681 1688 1688 
1689 1689 1688 1688 1687 1687 
1682 1682 1680 1680 1679 1679 
1679 1679 1681 1681 1690 1690 
1674 1674 1684 1684 1683 1683 
1684 1684 1680 1680 1682 1682 
1673 1673 1675 1675 1676 1676 
1674 1674 1683 1683 1675 1675 
1678 1678 1677 1677 1669 1669 
1673 1673 1676 1676 1678 1678 
1667 1667 1671 1671 1668 1668 
1677 1677 1667 1667 1669 1669 
1670 1670 1668 1668 1671 1671 
</p>
			</triangles>
			<triangles count="46" material="Material24-satin_finish_aluminum">
				<input semantic="VERTEX" source="#CirPattern113-mesh-vertices" offset="0"/>
				<input semantic="NORMAL" source="#CirPattern113-mesh-normals" offset="1"/>
				<p>
1713 1713 1714 1714 1715 1715 
1716 1716 1717 1717 1718 1718 
1719 1719 1720 1720 1721 1721 
1722 1722 1723 1723 1724 1724 
1725 1725 1726 1726 1727 1727 
1728 1728 1729 1729 1730 1730 
1731 1731 1732 1732 1733 1733 
1734 1734 1735 1735 1736 1736 
1737 1737 1738 1738 1739 1739 
1740 1740 1741 1741 1742 1742 
1743 1743 1744 1744 1745 1745 
1746 1746 1747 1747 1748 1748 
1749 1749 1750 1750 1751 1751 
1750 1750 1749 1749 1745 1745 
1752 1752 1753 1753 1751 1751 
1751 1751 1750 1750 1752 1752 
1754 1754 1753 1753 1755 1755 
1752 1752 1755 1755 1753 1753 
1754 1754 1756 1756 1757 1757 
1756 1756 1754 1754 1755 1755 
1758 1758 1718 1718 1757 1757 
1757 1757 1756 1756 1758 1758 
1746 1746 1744 1744 1743 1743 
1758 1758 1716 1716 1718 1718 
1743 1743 1745 1745 1749 1749 
1738 1738 1748 1748 1747 1747 
1748 1748 1744 1744 1746 1746 
1737 1737 1739 1739 1742 1742 
1738 1738 1747 1747 1739 1739 
1741 1741 1740 1740 1731 1731 
1737 1737 1742 1742 1741 1741 
1732 1732 1735 1735 1733 1733 
1740 1740 1732 1732 1731 1731 
1736 1736 1727 1727 1734 1734 
1735 1735 1734 1734 1733 1733 
1728 1728 1726 1726 1725 1725 
1725 1725 1727 1727 1736 1736 
1720 1720 1730 1730 1729 1729 
1730 1730 1726 1726 1728 1728 
1719 1719 1721 1721 1722 1722 
1720 1720 1729 1729 1721 1721 
1724 1724 1723 1723 1715 1715 
1719 1719 1722 1722 1724 1724 
1713 1713 1717 1717 1714 1714 
1723 1723 1713 1713 1715 1715 
1716 1716 1714 1714 1717 1717 
</p>
			</triangles>
			<triangles count="46" material="Material25-satin_finish_aluminum">
				<input semantic="VERTEX" source="#CirPattern113-mesh-vertices" offset="0"/>
				<input semantic="NORMAL" source="#CirPattern113-mesh-normals" offset="1"/>
				<p>
1759 1759 1760 1760 1761 1761 
1762 1762 1763 1763 1764 1764 
1765 1765 1766 1766 1767 1767 
1768 1768 1769 1769 1770 1770 
1771 1771 1772 1772 1773 1773 
1774 1774 1775 1775 1776 1776 
1777 1777 1778 1778 1779 1779 
1780 1780 1781 1781 1782 1782 
1783 1783 1784 1784 1785 1785 
1786 1786 1787 1787 1788 1788 
1789 1789 1790 1790 1791 1791 
1792 1792 1793 1793 1794 1794 
1795 1795 1796 1796 1797 1797 
1796 1796 1795 1795 1791 1791 
1798 1798 1799 1799 1797 1797 
1797 1797 1796 1796 1798 1798 
1800 1800 1799 1799 1801 1801 
1798 1798 1801 1801 1799 1799 
1800 1800 1802 1802 1803 1803 
1802 1802 1800 1800 1801 1801 
1804 1804 1764 1764 1803 1803 
1803 1803 1802 1802 1804 1804 
1792 1792 1790 1790 1789 1789 
1804 1804 1762 1762 1764 1764 
1789 1789 1791 1791 1795 1795 
1784 1784 1794 1794 1793 1793 
1794 1794 1790 1790 1792 1792 
1783 1783 1785 1785 1788 1788 
1784 1784 1793 1793 1785 1785 
1787 1787 1786 1786 1777 1777 
1783 1783 1788 1788 1787 1787 
1778 1778 1781 1781 1779 1779 
1786 1786 1778 1778 1777 1777 
1782 1782 1773 1773 1780 1780 
1781 1781 1780 1780 1779 1779 
1774 1774 1772 1772 1771 1771 
1771 1771 1773 1773 1782 1782 
1766 1766 1776 1776 1775 1775 
1776 1776 1772 1772 1774 1774 
1765 1765 1767 1767 1768 1768 
1766 1766 1775 1775 1767 1767 
1770 1770 1769 1769 1761 1761 
1765 1765 1768 1768 1770 1770 
1759 1759 1763 1763 1760 1760 
1769 1769 1759 1759 1761 1761 
1762 1762 1760 1760 1763 1763 
</p>
			</triangles>
			<triangles count="46" material="Material26-satin_finish_aluminum">
				<input semantic="VERTEX" source="#CirPattern113-mesh-vertices" offset="0"/>
				<input semantic="NORMAL" source="#CirPattern113-mesh-normals" offset="1"/>
				<p>
1805 1805 1806 1806 1807 1807 
1808 1808 1809 1809 1810 1810 
1811 1811 1812 1812 1813 1813 
1814 1814 1815 1815 1816 1816 
1817 1817 1818 1818 1819 1819 
1820 1820 1821 1821 1822 1822 
1823 1823 1824 1824 1825 1825 
1826 1826 1827 1827 1828 1828 
1829 1829 1830 1830 1831 1831 
1832 1832 1833 1833 1834 1834 
1835 1835 1836 1836 1837 1837 
1838 1838 1839 1839 1840 1840 
1841 1841 1842 1842 1843 1843 
1842 1842 1841 1841 1837 1837 
1844 1844 1845 1845 1843 1843 
1843 1843 1842 1842 1844 1844 
1846 1846 1845 1845 1847 1847 
1844 1844 1847 1847 1845 1845 
1846 1846 1848 1848 1849 1849 
1848 1848 1846 1846 1847 1847 
1850 1850 1810 1810 1849 1849 
1849 1849 1848 1848 1850 1850 
1838 1838 1836 1836 1835 1835 
1850 1850 1808 1808 1810 1810 
1835 1835 1837 1837 1841 1841 
1830 1830 1840 1840 1839 1839 
1840 1840 1836 1836 1838 1838 
1829 1829 1831 1831 1834 1834 
1830 1830 1839 1839 1831 1831 
1833 1833 1832 1832 1823 1823 
1829 1829 1834 1834 1833 1833 
1824 1824 1827 1827 1825 1825 
1832 1832 1824 1824 1823 1823 
1828 1828 1819 1819 1826 1826 
1827 1827 1826 1826 1825 1825 
1820 1820 1818 1818 1817 1817 
1817 1817 1819 1819 1828 1828 
1812 1812 1822 1822 1821 1821 
1822 1822 1818 1818 1820 1820 
1811 1811 1813 1813 1814 1814 
1812 1812 1821 1821 1813 1813 
1816 1816 1815 1815 1807 1807 
1811 1811 1814 1814 1816 1816 
1805 1805 1809 1809 1806 1806 
1815 1815 1805 1805 1807 1807 
1808 1808 1806 1806 1809 1809 
</p>
			</triangles>
			<triangles count="46" material="Material27-satin_finish_aluminum">
				<input semantic="VERTEX" source="#CirPattern113-mesh-vertices" offset="0"/>
				<input semantic="NORMAL" source="#CirPattern113-mesh-normals" offset="1"/>
				<p>
1851 1851 1852 1852 1853 1853 
1854 1854 1855 1855 1856 1856 
1857 1857 1858 1858 1859 1859 
1860 1860 1861 1861 1862 1862 
1863 1863 1864 1864 1865 1865 
1866 1866 1867 1867 1868 1868 
1869 1869 1870 1870 1871 1871 
1872 1872 1873 1873 1874 1874 
1875 1875 1876 1876 1877 1877 
1878 1878 1879 1879 1880 1880 
1881 1881 1882 1882 1883 1883 
1884 1884 1885 1885 1886 1886 
1887 1887 1888 1888 1889 1889 
1888 1888 1887 1887 1883 1883 
1890 1890 1891 1891 1889 1889 
1889 1889 1888 1888 1890 1890 
1892 1892 1891 1891 1893 1893 
1890 1890 1893 1893 1891 1891 
1892 1892 1894 1894 1895 1895 
1894 1894 1892 1892 1893 1893 
1896 1896 1856 1856 1895 1895 
1895 1895 1894 1894 1896 1896 
1884 1884 1882 1882 1881 1881 
1896 1896 1854 1854 1856 1856 
1881 1881 1883 1883 1887 1887 
1876 1876 1886 1886 1885 1885 
1886 1886 1882 1882 1884 1884 
1875 1875 1877 1877 1880 1880 
1876 1876 1885 1885 1877 1877 
1879 1879 1878 1878 1869 1869 
1875 1875 1880 1880 1879 1879 
1870 1870 1873 1873 1871 1871 
1878 1878 1870 1870 1869 1869 
1874 1874 1865 1865 1872 1872 
1873 1873 1872 1872 1871 1871 
1866 1866 1864 1864 1863 1863 
1863 1863 1865 1865 1874 1874 
1858 1858 1868 1868 1867 1867 
1868 1868 1864 1864 1866 1866 
1857 1857 1859 1859 1860 1860 
1858 1858 1867 1867 1859 1859 
1862 1862 1861 1861 1853 1853 
1857 1857 1860 1860 1862 1862 
1851 1851 1855 1855 1852 1852 
1861 1861 1851 1851 1853 1853 
1854 1854 1852 1852 1855 1855 
</p>
			</triangles>
			<triangles count="46" material="Material28-satin_finish_aluminum">
				<input semantic="VERTEX" source="#CirPattern113-mesh-vertices" offset="0"/>
				<input semantic="NORMAL" source="#CirPattern113-mesh-normals" offset="1"/>
				<p>
1897 1897 1898 1898 1899 1899 
1900 1900 1901 1901 1902 1902 
1903 1903 1904 1904 1905 1905 
1906 1906 1907 1907 1908 1908 
1909 1909 1910 1910 1911 1911 
1912 1912 1913 1913 1914 1914 
1915 1915 1916 1916 1917 1917 
1918 1918 1919 1919 1920 1920 
1921 1921 1922 1922 1923 1923 
1924 1924 1925 1925 1926 1926 
1927 1927 1928 1928 1929 1929 
1930 1930 1931 1931 1932 1932 
1933 1933 1934 1934 1935 1935 
1934 1934 1933 1933 1929 1929 
1936 1936 1937 1937 1935 1935 
1935 1935 1934 1934 1936 1936 
1938 1938 1937 1937 1939 1939 
1936 1936 1939 1939 1937 1937 
1938 1938 1940 1940 1941 1941 
1940 1940 1938 1938 1939 1939 
1942 1942 1902 1902 1941 1941 
1941 1941 1940 1940 1942 1942 
1930 1930 1928 1928 1927 1927 
1942 1942 1900 1900 1902 1902 
1927 1927 1929 1929 1933 1933 
1922 1922 1932 1932 1931 1931 
1932 1932 1928 1928 1930 1930 
1921 1921 1923 1923 1926 1926 
1922 1922 1931 1931 1923 1923 
1925 1925 1924 1924 1915 1915 
1921 1921 1926 1926 1925 1925 
1916 1916 1919 1919 1917 1917 
1924 1924 1916 1916 1915 1915 
1920 1920 1911 1911 1918 1918 
1919 1919 1918 1918 1917 1917 
1912 1912 1910 1910 1909 1909 
1909 1909 1911 1911 1920 1920 
1904 1904 1914 1914 1913 1913 
1914 1914 1910 1910 1912 1912 
1903 1903 1905 1905 1906 1906 
1904 1904 1913 1913 1905 1905 
1908 1908 1907 1907 1899 1899 
1903 1903 1906 1906 1908 1908 
1897 1897 1901 1901 1898 1898 
1907 1907 1897 1897 1899 1899 
1900 1900 1898 1898 1901 1901 
</p>
			</triangles>
			<triangles count="46" material="Material29-satin_finish_aluminum">
				<input semantic="VERTEX" source="#CirPattern113-mesh-vertices" offset="0"/>
				<input semantic="NORMAL" source="#CirPattern113-mesh-normals" offset="1"/>
				<p>
1943 1943 1944 1944 1945 1945 
1946 1946 1947 1947 1948 1948 
1949 1949 1950 1950 1951 1951 
1952 1952 1953 1953 1954 1954 
1955 1955 1956 1956 1957 1957 
1958 1958 1959 1959 1960 1960 
1961 1961 1962 1962 1963 1963 
1964 1964 1965 1965 1966 1966 
1967 1967 1968 1968 1969 1969 
1970 1970 1971 1971 1972 1972 
1973 1973 1974 1974 1975 1975 
1976 1976 1977 1977 1978 1978 
1979 1979 1980 1980 1981 1981 
1980 1980 1979 1979 1975 1975 
1982 1982 1983 1983 1981 1981 
1981 1981 1980 1980 1982 1982 
1984 1984 1983 1983 1985 1985 
1982 1982 1985 1985 1983 1983 
1984 1984 1986 1986 1987 1987 
1986 1986 1984 1984 1985 1985 
1988 1988 1948 1948 1987 1987 
1987 1987 1986 1986 1988 1988 
1976 1976 1974 1974 1973 1973 
1988 1988 1946 1946 1948 1948 
1973 1973 1975 1975 1979 1979 
1968 1968 1978 1978 1977 1977 
1978 1978 1974 1974 1976 1976 
1967 1967 1969 1969 1972 1972 
1968 1968 1977 1977 1969 1969 
1971 1971 1970 1970 1961 1961 
1967 1967 1972 1972 1971 1971 
1962 1962 1965 1965 1963 1963 
1970 1970 1962 1962 1961 1961 
1966 1966 1957 1957 1964 1964 
1965 1965 1964 1964 1963 1963 
1958 1958 1956 1956 1955 1955 
1955 1955 1957 1957 1966 1966 
1950 1950 1960 1960 1959 1959 
1960 1960 1956 1956 1958 1958 
1949 1949 1951 1951 1952 1952 
1950 1950 1959 1959 1951 1951 
1954 1954 1953 1953 1945 1945 
1949 1949 1952 1952 1954 1954 
1943 1943 1947 1947 1944 1944 
1953 1953 1943 1943 1945 1945 
1946 1946 1944 1944 1947 1947 
</p>
			</triangles>
			<triangles count="46" material="Material30-satin_finish_aluminum">
				<input semantic="VERTEX" source="#CirPattern113-mesh-vertices" offset="0"/>
				<input semantic="NORMAL" source="#CirPattern113-mesh-normals" offset="1"/>
				<p>
1989 1989 1990 1990 1991 1991 
1992 1992 1993 1993 1994 1994 
1995 1995 1996 1996 1997 1997 
1998 1998 1999 1999 2000 2000 
2001 2001 2002 2002 2003 2003 
2004 2004 2005 2005 2006 2006 
2007 2007 2008 2008 2009 2009 
2010 2010 2011 2011 2012 2012 
2013 2013 2014 2014 2015 2015 
2016 2016 2017 2017 2018 2018 
2019 2019 2020 2020 2021 2021 
2022 2022 2023 2023 2024 2024 
2025 2025 2026 2026 2027 2027 
2026 2026 2025 2025 2021 2021 
2028 2028 2029 2029 2027 2027 
2027 2027 2026 2026 2028 2028 
2030 2030 2029 2029 2031 2031 
2028 2028 2031 2031 2029 2029 
2030 2030 2032 2032 2033 2033 
2032 2032 2030 2030 2031 2031 
2034 2034 1994 1994 2033 2033 
2033 2033 2032 2032 2034 2034 
2022 2022 2020 2020 2019 2019 
2034 2034 1992 1992 1994 1994 
2019 2019 2021 2021 2025 2025 
2014 2014 2024 2024 2023 2023 
2024 2024 2020 2020 2022 2022 
2013 2013 2015 2015 2018 2018 
2014 2014 2023 2023 2015 2015 
2017 2017 2016 2016 2007 2007 
2013 2013 2018 2018 2017 2017 
2008 2008 2011 2011 2009 2009 
2016 2016 2008 2008 2007 2007 
2012 2012 2003 2003 2010 2010 
2011 2011 2010 2010 2009 2009 
2004 2004 2002 2002 2001 2001 
2001 2001 2003 2003 2012 2012 
1996 1996 2006 2006 2005 2005 
2006 2006 2002 2002 2004 2004 
1995 1995 1997 1997 1998 1998 
1996 1996 2005 2005 1997 1997 
2000 2000 1999 1999 1991 1991 
1995 1995 1998 1998 2000 2000 
1989 1989 1993 1993 1990 1990 
1999 1999 1989 1989 1991 1991 
1992 1992 1990 1990 1993 1993 
</p>
			</triangles>
			<triangles count="46" material="Material31-satin_finish_aluminum">
				<input semantic="VERTEX" source="#CirPattern113-mesh-vertices" offset="0"/>
				<input semantic="NORMAL" source="#CirPattern113-mesh-normals" offset="1"/>
				<p>
2035 2035 2036 2036 2037 2037 
2038 2038 2039 2039 2040 2040 
2041 2041 2042 2042 2043 2043 
2044 2044 2045 2045 2046 2046 
2047 2047 2048 2048 2049 2049 
2050 2050 2051 2051 2052 2052 
2053 2053 2054 2054 2055 2055 
2056 2056 2057 2057 2058 2058 
2059 2059 2060 2060 2061 2061 
2062 2062 2063 2063 2064 2064 
2065 2065 2066 2066 2067 2067 
2068 2068 2069 2069 2070 2070 
2071 2071 2072 2072 2073 2073 
2072 2072 2071 2071 2067 2067 
2074 2074 2075 2075 2073 2073 
2073 2073 2072 2072 2074 2074 
2076 2076 2075 2075 2077 2077 
2074 2074 2077 2077 2075 2075 
2076 2076 2078 2078 2079 2079 
2078 2078 2076 2076 2077 2077 
2080 2080 2040 2040 2079 2079 
2079 2079 2078 2078 2080 2080 
2068 2068 2066 2066 2065 2065 
2080 2080 2038 2038 2040 2040 
2065 2065 2067 2067 2071 2071 
2060 2060 2070 2070 2069 2069 
2070 2070 2066 2066 2068 2068 
2059 2059 2061 2061 2064 2064 
2060 2060 2069 2069 2061 2061 
2063 2063 2062 2062 2053 2053 
2059 2059 2064 2064 2063 2063 
2054 2054 2057 2057 2055 2055 
2062 2062 2054 2054 2053 2053 
2058 2058 2049 2049 2056 2056 
2057 2057 2056 2056 2055 2055 
2050 2050 2048 2048 2047 2047 
2047 2047 2049 2049 2058 2058 
2042 2042 2052 2052 2051 2051 
2052 2052 2048 2048 2050 2050 
2041 2041 2043 2043 2044 2044 
2042 2042 2051 2051 2043 2043 
2046 2046 2045 2045 2037 2037 
2041 2041 2044 2044 2046 2046 
2035 2035 2039 2039 2036 2036 
2045 2045 2035 2035 2037 2037 
2038 2038 2036 2036 2039 2039 
</p>
			</triangles>
			<triangles count="46" material="Material32-satin_finish_aluminum">
				<input semantic="VERTEX" source="#CirPattern113-mesh-vertices" offset="0"/>
				<input semantic="NORMAL" source="#CirPattern113-mesh-normals" offset="1"/>
				<p>
2081 2081 2082 2082 2083 2083 
2084 2084 2085 2085 2086 2086 
2087 2087 2088 2088 2089 2089 
2090 2090 2091 2091 2092 2092 
2093 2093 2094 2094 2095 2095 
2096 2096 2097 2097 2098 2098 
2099 2099 2100 2100 2101 2101 
2102 2102 2103 2103 2104 2104 
2105 2105 2106 2106 2107 2107 
2108 2108 2109 2109 2110 2110 
2111 2111 2112 2112 2113 2113 
2114 2114 2115 2115 2116 2116 
2117 2117 2118 2118 2119 2119 
2118 2118 2117 2117 2113 2113 
2120 2120 2121 2121 2119 2119 
2119 2119 2118 2118 2120 2120 
2122 2122 2121 2121 2123 2123 
2120 2120 2123 2123 2121 2121 
2122 2122 2124 2124 2125 2125 
2124 2124 2122 2122 2123 2123 
2126 2126 2086 2086 2125 2125 
2125 2125 2124 2124 2126 2126 
2114 2114 2112 2112 2111 2111 
2126 2126 2084 2084 2086 2086 
2111 2111 2113 2113 2117 2117 
2106 2106 2116 2116 2115 2115 
2116 2116 2112 2112 2114 2114 
2105 2105 2107 2107 2110 2110 
2106 2106 2115 2115 2107 2107 
2109 2109 2108 2108 2099 2099 
2105 2105 2110 2110 2109 2109 
2100 2100 2103 2103 2101 2101 
2108 2108 2100 2100 2099 2099 
2104 2104 2095 2095 2102 2102 
2103 2103 2102 2102 2101 2101 
2096 2096 2094 2094 2093 2093 
2093 2093 2095 2095 2104 2104 
2088 2088 2098 2098 2097 2097 
2098 2098 2094 2094 2096 2096 
2087 2087 2089 2089 2090 2090 
2088 2088 2097 2097 2089 2089 
2092 2092 2091 2091 2083 2083 
2087 2087 2090 2090 2092 2092 
2081 2081 2085 2085 2082 2082 
2091 2091 2081 2081 2083 2083 
2084 2084 2082 2082 2085 2085 
</p>
			</triangles>
			<triangles count="46" material="Material33-satin_finish_aluminum">
				<input semantic="VERTEX" source="#CirPattern113-mesh-vertices" offset="0"/>
				<input semantic="NORMAL" source="#CirPattern113-mesh-normals" offset="1"/>
				<p>
2127 2127 2128 2128 2129 2129 
2130 2130 2131 2131 2132 2132 
2133 2133 2134 2134 2135 2135 
2136 2136 2137 2137 2138 2138 
2139 2139 2140 2140 2141 2141 
2142 2142 2143 2143 2144 2144 
2145 2145 2146 2146 2147 2147 
2148 2148 2149 2149 2150 2150 
2151 2151 2152 2152 2153 2153 
2154 2154 2155 2155 2156 2156 
2157 2157 2158 2158 2159 2159 
2160 2160 2161 2161 2162 2162 
2163 2163 2164 2164 2165 2165 
2164 2164 2163 2163 2159 2159 
2166 2166 2167 2167 2165 2165 
2165 2165 2164 2164 2166 2166 
2168 2168 2167 2167 2169 2169 
2166 2166 2169 2169 2167 2167 
2168 2168 2170 2170 2171 2171 
2170 2170 2168 2168 2169 2169 
2172 2172 2132 2132 2171 2171 
2171 2171 2170 2170 2172 2172 
2160 2160 2158 2158 2157 2157 
2172 2172 2130 2130 2132 2132 
2157 2157 2159 2159 2163 2163 
2152 2152 2162 2162 2161 2161 
2162 2162 2158 2158 2160 2160 
2151 2151 2153 2153 2156 2156 
2152 2152 2161 2161 2153 2153 
2155 2155 2154 2154 2145 2145 
2151 2151 2156 2156 2155 2155 
2146 2146 2149 2149 2147 2147 
2154 2154 2146 2146 2145 2145 
2150 2150 2141 2141 2148 2148 
2149 2149 2148 2148 2147 2147 
2142 2142 2140 2140 2139 2139 
2139 2139 2141 2141 2150 2150 
2134 2134 2144 2144 2143 2143 
2144 2144 2140 2140 2142 2142 
2133 2133 2135 2135 2136 2136 
2134 2134 2143 2143 2135 2135 
2138 2138 2137 2137 2129 2129 
2133 2133 2136 2136 2138 2138 
2127 2127 2131 2131 2128 2128 
2137 2137 2127 2127 2129 2129 
2130 2130 2128 2128 2131 2131 
</p>
			</triangles>
			<triangles count="46" material="Material34-satin_finish_aluminum">
				<input semantic="VERTEX" source="#CirPattern113-mesh-vertices" offset="0"/>
				<input semantic="NORMAL" source="#CirPattern113-mesh-normals" offset="1"/>
				<p>
2173 2173 2174 2174 2175 2175 
2176 2176 2177 2177 2178 2178 
2179 2179 2180 2180 2181 2181 
2182 2182 2183 2183 2184 2184 
2185 2185 2186 2186 2187 2187 
2188 2188 2189 2189 2190 2190 
2191 2191 2192 2192 2193 2193 
2194 2194 2195 2195 2196 2196 
2197 2197 2198 2198 2199 2199 
2200 2200 2201 2201 2202 2202 
2203 2203 2204 2204 2205 2205 
2206 2206 2207 2207 2208 2208 
2209 2209 2210 2210 2211 2211 
2210 2210 2209 2209 2205 2205 
2212 2212 2213 2213 2211 2211 
2211 2211 2210 2210 2212 2212 
2214 2214 2213 2213 2215 2215 
2212 2212 2215 2215 2213 2213 
2214 2214 2216 2216 2217 2217 
2216 2216 2214 2214 2215 2215 
2218 2218 2178 2178 2217 2217 
2217 2217 2216 2216 2218 2218 
2206 2206 2204 2204 2203 2203 
2218 2218 2176 2176 2178 2178 
2203 2203 2205 2205 2209 2209 
2198 2198 2208 2208 2207 2207 
2208 2208 2204 2204 2206 2206 
2197 2197 2199 2199 2202 2202 
2198 2198 2207 2207 2199 2199 
2201 2201 2200 2200 2191 2191 
2197 2197 2202 2202 2201 2201 
2192 2192 2195 2195 2193 2193 
2200 2200 2192 2192 2191 2191 
2196 2196 2187 2187 2194 2194 
2195 2195 2194 2194 2193 2193 
2188 2188 2186 2186 2185 2185 
2185 2185 2187 2187 2196 2196 
2180 2180 2190 2190 2189 2189 
2190 2190 2186 2186 2188 2188 
2179 2179 2181 2181 2182 2182 
2180 2180 2189 2189 2181 2181 
2184 2184 2183 2183 2175 2175 
2179 2179 2182 2182 2184 2184 
2173 2173 2177 2177 2174 2174 
2183 2183 2173 2173 2175 2175 
2176 2176 2174 2174 2177 2177 
</p>
			</triangles>
			<triangles count="46" material="Material35-satin_finish_aluminum">
				<input semantic="VERTEX" source="#CirPattern113-mesh-vertices" offset="0"/>
				<input semantic="NORMAL" source="#CirPattern113-mesh-normals" offset="1"/>
				<p>
2219 2219 2220 2220 2221 2221 
2222 2222 2223 2223 2224 2224 
2225 2225 2226 2226 2227 2227 
2228 2228 2229 2229 2230 2230 
2231 2231 2232 2232 2233 2233 
2234 2234 2235 2235 2236 2236 
2237 2237 2238 2238 2239 2239 
2240 2240 2241 2241 2242 2242 
2243 2243 2244 2244 2245 2245 
2246 2246 2247 2247 2248 2248 
2249 2249 2250 2250 2251 2251 
2252 2252 2253 2253 2254 2254 
2255 2255 2256 2256 2257 2257 
2256 2256 2255 2255 2251 2251 
2258 2258 2259 2259 2257 2257 
2257 2257 2256 2256 2258 2258 
2260 2260 2259 2259 2261 2261 
2258 2258 2261 2261 2259 2259 
2260 2260 2262 2262 2263 2263 
2262 2262 2260 2260 2261 2261 
2264 2264 2224 2224 2263 2263 
2263 2263 2262 2262 2264 2264 
2252 2252 2250 2250 2249 2249 
2264 2264 2222 2222 2224 2224 
2249 2249 2251 2251 2255 2255 
2244 2244 2254 2254 2253 2253 
2254 2254 2250 2250 2252 2252 
2243 2243 2245 2245 2248 2248 
2244 2244 2253 2253 2245 2245 
2247 2247 2246 2246 2237 2237 
2243 2243 2248 2248 2247 2247 
2238 2238 2241 2241 2239 2239 
2246 2246 2238 2238 2237 2237 
2242 2242 2233 2233 2240 2240 
2241 2241 2240 2240 2239 2239 
2234 2234 2232 2232 2231 2231 
2231 2231 2233 2233 2242 2242 
2226 2226 2236 2236 2235 2235 
2236 2236 2232 2232 2234 2234 
2225 2225 2227 2227 2228 2228 
2226 2226 2235 2235 2227 2227 
2230 2230 2229 2229 2221 2221 
2225 2225 2228 2228 2230 2230 
2219 2219 2223 2223 2220 2220 
2229 2229 2219 2219 2221 2221 
2222 2222 2220 2220 2223 2223 
</p>
			</triangles>
			<triangles count="84" material="Material36-satin_finish_aluminum">
				<input semantic="VERTEX" source="#CirPattern113-mesh-vertices" offset="0"/>
				<input semantic="NORMAL" source="#CirPattern113-mesh-normals" offset="1"/>
				<p>
2265 2265 2266 2266 2267 2267 
2268 2268 2269 2269 2270 2270 
2271 2271 2272 2272 2273 2273 
2274 2274 2275 2275 2276 2276 
2277 2277 2278 2278 2279 2279 
2280 2280 2281 2281 2282 2282 
2283 2283 2284 2284 2285 2285 
2286 2286 2287 2287 2288 2288 
2289 2289 2290 2290 2291 2291 
2292 2292 2293 2293 2294 2294 
2295 2295 2296 2296 2297 2297 
2298 2298 2299 2299 2300 2300 
2301 2301 2302 2302 2303 2303 
2304 2304 2305 2305 2306 2306 
2307 2307 2308 2308 2309 2309 
2310 2310 2311 2311 2312 2312 
2313 2313 2314 2314 2315 2315 
2316 2316 2317 2317 2318 2318 
2319 2319 2320 2320 2321 2321 
2313 2313 2319 2319 2314 2314 
2321 2321 2322 2322 2319 2319 
2321 2321 2323 2323 2322 2322 
2322 2322 2324 2324 2308 2308 
2325 2325 2322 2322 2323 2323 
2315 2315 2314 2314 2317 2317 
2319 2319 2313 2313 2320 2320 
2322 2322 2325 2325 2324 2324 
2314 2314 2318 2318 2317 2317 
2318 2318 2326 2326 2327 2327 
2324 2324 2328 2328 2308 2308 
2329 2329 2330 2330 2331 2331 
2331 2331 2332 2332 2333 2333 
2334 2334 2335 2335 2329 2329 
2329 2329 2335 2335 2330 2330 
2331 2331 2333 2333 2326 2326 
2336 2336 2334 2334 2329 2329 
2337 2337 2338 2338 2339 2339 
2340 2340 2338 2338 2337 2337 
2341 2341 2342 2342 2339 2339 
2338 2338 2341 2341 2339 2339 
2343 2343 2344 2344 2340 2340 
2340 2340 2337 2337 2343 2343 
2342 2342 2341 2341 2345 2345 
2345 2345 2346 2346 2347 2347 
2345 2345 2347 2347 2342 2342 
2344 2344 2343 2343 2336 2336 
2268 2268 2347 2347 2346 2346 
2329 2329 2344 2344 2336 2336 
2330 2330 2332 2332 2331 2331 
2348 2348 2327 2327 2326 2326 
2348 2348 2326 2326 2333 2333 
2309 2309 2308 2308 2328 2328 
2318 2318 2327 2327 2316 2316 
2307 2307 2312 2312 2311 2311 
2307 2307 2309 2309 2312 2312 
2310 2310 2302 2302 2301 2301 
2311 2311 2310 2310 2301 2301 
2305 2305 2304 2304 2303 2303 
2302 2302 2305 2305 2303 2303 
2295 2295 2297 2297 2306 2306 
2306 2306 2297 2297 2304 2304 
2300 2300 2296 2296 2298 2298 
2298 2298 2296 2296 2295 2295 
2290 2290 2299 2299 2291 2291 
2290 2290 2300 2300 2299 2299 
2289 2289 2294 2294 2293 2293 
2289 2289 2291 2291 2294 2294 
2292 2292 2284 2284 2283 2283 
2293 2293 2292 2292 2283 2283 
2287 2287 2286 2286 2285 2285 
2284 2284 2287 2287 2285 2285 
2277 2277 2279 2279 2288 2288 
2288 2288 2279 2279 2286 2286 
2282 2282 2278 2278 2280 2280 
2280 2280 2278 2278 2277 2277 
2272 2272 2281 2281 2273 2273 
2272 2272 2282 2282 2281 2281 
2271 2271 2274 2274 2276 2276 
2271 2271 2273 2273 2274 2274 
2275 2275 2265 2265 2267 2267 
2276 2276 2275 2275 2267 2267 
2270 2270 2269 2269 2266 2266 
2265 2265 2270 2270 2266 2266 
2268 2268 2346 2346 2269 2269 
</p>
			</triangles>
			<triangles count="2" material="Material37-satin_finish_aluminum">
				<input semantic="VERTEX" source="#CirPattern113-mesh-vertices" offset="0"/>
				<input semantic="NORMAL" source="#CirPattern113-mesh-normals" offset="1"/>
				<p>
2349 2349 2350 2350 2351 2351 
2349 2349 2352 2352 2350 2350 
</p>
			</triangles>
			<triangles count="4" material="Material38-satin_finish_aluminum">
				<input semantic="VERTEX" source="#CirPattern113-mesh-vertices" offset="0"/>
				<input semantic="NORMAL" source="#CirPattern113-mesh-normals" offset="1"/>
				<p>
2353 2353 2354 2354 2355 2355 
2356 2356 2353 2353 2357 2357 
2355 2355 2357 2357 2353 2353 
2353 2353 2356 2356 2358 2358 
</p>
			</triangles>
			<triangles count="4" material="Material39-satin_finish_aluminum">
				<input semantic="VERTEX" source="#CirPattern113-mesh-vertices" offset="0"/>
				<input semantic="NORMAL" source="#CirPattern113-mesh-normals" offset="1"/>
				<p>
2359 2359 2360 2360 2361 2361 
2362 2362 2359 2359 2363 2363 
2363 2363 2359 2359 2364 2364 
2361 2361 2364 2364 2359 2359 
</p>
			</triangles>
			<triangles count="20" material="Material40-satin_finish_aluminum">
				<input semantic="VERTEX" source="#CirPattern113-mesh-vertices" offset="0"/>
				<input semantic="NORMAL" source="#CirPattern113-mesh-normals" offset="1"/>
				<p>
2365 2365 2366 2366 2367 2367 
2368 2368 2369 2369 2370 2370 
2371 2371 2372 2372 2373 2373 
2374 2374 2375 2375 2376 2376 
2377 2377 2378 2378 2379 2379 
2380 2380 2381 2381 2382 2382 
2382 2382 2383 2383 2380 2380 
2384 2384 2381 2381 2385 2385 
2380 2380 2385 2385 2381 2381 
2386 2386 2384 2384 2385 2385 
2383 2383 2375 2375 2374 2374 
2375 2375 2383 2383 2382 2382 
2378 2378 2376 2376 2379 2379 
2378 2378 2374 2374 2376 2376 
2377 2377 2368 2368 2370 2370 
2377 2377 2379 2379 2368 2368 
2369 2369 2371 2371 2373 2373 
2370 2370 2369 2369 2373 2373 
2365 2365 2367 2367 2372 2372 
2371 2371 2365 2365 2372 2372 
</p>
			</triangles>
			<triangles count="20" material="Material41-satin_finish_aluminum">
				<input semantic="VERTEX" source="#CirPattern113-mesh-vertices" offset="0"/>
				<input semantic="NORMAL" source="#CirPattern113-mesh-normals" offset="1"/>
				<p>
2387 2387 2388 2388 2389 2389 
2390 2390 2391 2391 2392 2392 
2393 2393 2394 2394 2395 2395 
2396 2396 2397 2397 2398 2398 
2399 2399 2400 2400 2401 2401 
2402 2402 2403 2403 2404 2404 
2404 2404 2405 2405 2402 2402 
2406 2406 2403 2403 2407 2407 
2402 2402 2407 2407 2403 2403 
2408 2408 2406 2406 2407 2407 
2405 2405 2397 2397 2396 2396 
2397 2397 2405 2405 2404 2404 
2400 2400 2398 2398 2401 2401 
2400 2400 2396 2396 2398 2398 
2399 2399 2390 2390 2392 2392 
2399 2399 2401 2401 2390 2390 
2391 2391 2393 2393 2395 2395 
2392 2392 2391 2391 2395 2395 
2387 2387 2389 2389 2394 2394 
2393 2393 2387 2387 2394 2394 
</p>
			</triangles>
			<triangles count="20" material="Material42-satin_finish_aluminum">
				<input semantic="VERTEX" source="#CirPattern113-mesh-vertices" offset="0"/>
				<input semantic="NORMAL" source="#CirPattern113-mesh-normals" offset="1"/>
				<p>
2409 2409 2410 2410 2411 2411 
2412 2412 2413 2413 2414 2414 
2415 2415 2416 2416 2417 2417 
2418 2418 2419 2419 2420 2420 
2421 2421 2422 2422 2423 2423 
2424 2424 2425 2425 2426 2426 
2423 2423 2427 2427 2428 2428 
2428 2428 2421 2421 2423 2423 
2429 2429 2430 2430 2427 2427 
2428 2428 2427 2427 2430 2430 
2421 2421 2424 2424 2422 2422 
2424 2424 2426 2426 2422 2422 
2416 2416 2425 2425 2417 2417 
2426 2426 2425 2425 2416 2416 
2415 2415 2418 2418 2420 2420 
2417 2417 2418 2418 2415 2415 
2419 2419 2409 2409 2411 2411 
2419 2419 2411 2411 2420 2420 
2412 2412 2410 2410 2413 2413 
2413 2413 2410 2410 2409 2409 
</p>
			</triangles>
			<triangles count="20" material="Material43-satin_finish_aluminum">
				<input semantic="VERTEX" source="#CirPattern113-mesh-vertices" offset="0"/>
				<input semantic="NORMAL" source="#CirPattern113-mesh-normals" offset="1"/>
				<p>
2431 2431 2432 2432 2433 2433 
2434 2434 2435 2435 2436 2436 
2437 2437 2438 2438 2439 2439 
2440 2440 2441 2441 2442 2442 
2443 2443 2444 2444 2445 2445 
2446 2446 2447 2447 2448 2448 
2445 2445 2449 2449 2450 2450 
2450 2450 2443 2443 2445 2445 
2451 2451 2452 2452 2449 2449 
2450 2450 2449 2449 2452 2452 
2448 2448 2444 2444 2446 2446 
2446 2446 2444 2444 2443 2443 
2438 2438 2447 2447 2439 2439 
2438 2438 2448 2448 2447 2447 
2437 2437 2440 2440 2442 2442 
2437 2437 2439 2439 2440 2440 
2441 2441 2431 2431 2433 2433 
2442 2442 2441 2441 2433 2433 
2435 2435 2434 2434 2432 2432 
2431 2431 2435 2435 2432 2432 
</p>
			</triangles>
			<triangles count="2" material="Material44-satin_finish_aluminum">
				<input semantic="VERTEX" source="#CirPattern113-mesh-vertices" offset="0"/>
				<input semantic="NORMAL" source="#CirPattern113-mesh-normals" offset="1"/>
				<p>
2453 2453 2454 2454 2455 2455 
2453 2453 2456 2456 2454 2454 
</p>
			</triangles>
			<triangles count="17" material="Material45-satin_finish_aluminum">
				<input semantic="VERTEX" source="#CirPattern113-mesh-vertices" offset="0"/>
				<input semantic="NORMAL" source="#CirPattern113-mesh-normals" offset="1"/>
				<p>
2457 2457 2458 2458 2459 2459 
2460 2460 2459 2459 2461 2461 
2459 2459 2460 2460 2457 2457 
2462 2462 2458 2458 2457 2457 
2463 2463 2460 2460 2461 2461 
2461 2461 2464 2464 2463 2463 
2465 2465 2464 2464 2466 2466 
2464 2464 2465 2465 2463 2463 
2458 2458 2462 2462 2467 2467 
2468 2468 2467 2467 2469 2469 
2462 2462 2469 2469 2467 2467 
2470 2470 2471 2471 2468 2468 
2470 2470 2468 2468 2469 2469 
2471 2471 2472 2472 2473 2473 
2468 2468 2471 2471 2473 2473 
2471 2471 2474 2474 2472 2472 
2473 2473 2472 2472 2475 2475 
</p>
			</triangles>
			<triangles count="17" material="Material46-satin_finish_aluminum">
				<input semantic="VERTEX" source="#CirPattern113-mesh-vertices" offset="0"/>
				<input semantic="NORMAL" source="#CirPattern113-mesh-normals" offset="1"/>
				<p>
2476 2476 2477 2477 2478 2478 
2479 2479 2480 2480 2481 2481 
2480 2480 2479 2479 2482 2482 
2483 2483 2484 2484 2485 2485 
2485 2485 2486 2486 2487 2487 
2488 2488 2489 2489 2490 2490 
2490 2490 2491 2491 2488 2488 
2492 2492 2489 2489 2493 2493 
2488 2488 2493 2493 2489 2489 
2490 2490 2484 2484 2491 2491 
2494 2494 2479 2479 2481 2481 
2476 2476 2478 2478 2486 2486 
2483 2483 2485 2485 2487 2487 
2491 2491 2484 2484 2483 2483 
2478 2478 2487 2487 2486 2486 
2476 2476 2479 2479 2494 2494 
2476 2476 2494 2494 2477 2477 
</p>
			</triangles>
			<triangles count="74" material="Material47-satin_finish_aluminum">
				<input semantic="VERTEX" source="#CirPattern113-mesh-vertices" offset="0"/>
				<input semantic="NORMAL" source="#CirPattern113-mesh-normals" offset="1"/>
				<p>
2495 2495 2496 2496 2497 2497 
2498 2498 2499 2499 2500 2500 
2501 2501 2502 2502 2503 2503 
2504 2504 2505 2505 2506 2506 
2507 2507 2508 2508 2509 2509 
2510 2510 2511 2511 2512 2512 
2513 2513 2514 2514 2515 2515 
2516 2516 2517 2517 2518 2518 
2519 2519 2520 2520 2521 2521 
2522 2522 2523 2523 2524 2524 
2525 2525 2526 2526 2527 2527 
2528 2528 2529 2529 2530 2530 
2531 2531 2532 2532 2533 2533 
2534 2534 2535 2535 2536 2536 
2537 2537 2538 2538 2539 2539 
2540 2540 2541 2541 2542 2542 
2543 2543 2544 2544 2545 2545 
2546 2546 2547 2547 2548 2548 
2549 2549 2550 2550 2551 2551 
2552 2552 2550 2550 2553 2553 
2549 2549 2554 2554 2555 2555 
2554 2554 2549 2549 2551 2551 
2556 2556 2557 2557 2555 2555 
2555 2555 2554 2554 2556 2556 
2558 2558 2557 2557 2559 2559 
2556 2556 2559 2559 2557 2557 
2558 2558 2560 2560 2561 2561 
2560 2560 2558 2558 2559 2559 
2562 2562 2563 2563 2561 2561 
2561 2561 2560 2560 2562 2562 
2564 2564 2563 2563 2565 2565 
2562 2562 2565 2565 2563 2563 
2564 2564 2566 2566 2567 2567 
2566 2566 2564 2564 2565 2565 
2568 2568 2500 2500 2567 2567 
2567 2567 2566 2566 2568 2568 
2552 2552 2553 2553 2545 2545 
2568 2568 2498 2498 2500 2500 
2550 2550 2552 2552 2551 2551 
2546 2546 2544 2544 2543 2543 
2543 2543 2545 2545 2553 2553 
2538 2538 2548 2548 2547 2547 
2548 2548 2544 2544 2546 2546 
2537 2537 2539 2539 2542 2542 
2538 2538 2547 2547 2539 2539 
2541 2541 2540 2540 2531 2531 
2537 2537 2542 2542 2541 2541 
2532 2532 2535 2535 2533 2533 
2540 2540 2532 2532 2531 2531 
2536 2536 2527 2527 2534 2534 
2535 2535 2534 2534 2533 2533 
2528 2528 2526 2526 2525 2525 
2525 2525 2527 2527 2536 2536 
2520 2520 2530 2530 2529 2529 
2530 2530 2526 2526 2528 2528 
2519 2519 2521 2521 2524 2524 
2520 2520 2529 2529 2521 2521 
2523 2523 2522 2522 2513 2513 
2519 2519 2524 2524 2523 2523 
2514 2514 2517 2517 2515 2515 
2522 2522 2514 2514 2513 2513 
2518 2518 2509 2509 2516 2516 
2517 2517 2516 2516 2515 2515 
2510 2510 2508 2508 2507 2507 
2507 2507 2509 2509 2518 2518 
2502 2502 2512 2512 2511 2511 
2512 2512 2508 2508 2510 2510 
2501 2501 2503 2503 2504 2504 
2502 2502 2511 2511 2503 2503 
2506 2506 2505 2505 2497 2497 
2501 2501 2504 2504 2506 2506 
2495 2495 2499 2499 2496 2496 
2505 2505 2495 2495 2497 2497 
2498 2498 2496 2496 2499 2499 
</p>
			</triangles>
			<triangles count="33" material="Material48-satin_finish_aluminum">
				<input semantic="VERTEX" source="#CirPattern113-mesh-vertices" offset="0"/>
				<input semantic="NORMAL" source="#CirPattern113-mesh-normals" offset="1"/>
				<p>
2569 2569 2570 2570 2571 2571 
2572 2572 2573 2573 2569 2569 
2574 2574 2575 2575 2572 2572 
2576 2576 2577 2577 2578 2578 
2579 2579 2572 2572 2580 2580 
2572 2572 2581 2581 2580 2580 
2582 2582 2572 2572 2583 2583 
2572 2572 2579 2579 2583 2583 
2584 2584 2572 2572 2585 2585 
2572 2572 2582 2582 2585 2585 
2572 2572 2584 2584 2573 2573 
2586 2586 2569 2569 2587 2587 
2569 2569 2573 2573 2587 2587 
2588 2588 2569 2569 2589 2589 
2569 2569 2586 2586 2589 2589 
2569 2569 2588 2588 2570 2570 
2569 2569 2590 2590 2577 2577 
2571 2571 2590 2590 2569 2569 
2591 2591 2576 2576 2592 2592 
2569 2569 2577 2577 2576 2576 
2593 2593 2576 2576 2594 2594 
2576 2576 2578 2578 2594 2594 
2576 2576 2595 2595 2592 2592 
2576 2576 2593 2593 2595 2595 
2574 2574 2576 2576 2596 2596 
2591 2591 2596 2596 2576 2576 
2597 2597 2574 2574 2598 2598 
2574 2574 2596 2596 2598 2598 
2599 2599 2574 2574 2600 2600 
2574 2574 2597 2597 2600 2600 
2575 2575 2574 2574 2601 2601 
2574 2574 2599 2599 2601 2601 
2572 2572 2575 2575 2581 2581 
</p>
			</triangles>
			<triangles count="33" material="Material49-satin_finish_aluminum">
				<input semantic="VERTEX" source="#CirPattern113-mesh-vertices" offset="0"/>
				<input semantic="NORMAL" source="#CirPattern113-mesh-normals" offset="1"/>
				<p>
2602 2602 2603 2603 2604 2604 
2605 2605 2606 2606 2602 2602 
2607 2607 2608 2608 2605 2605 
2609 2609 2610 2610 2611 2611 
2612 2612 2605 2605 2613 2613 
2605 2605 2614 2614 2613 2613 
2615 2615 2605 2605 2616 2616 
2605 2605 2612 2612 2616 2616 
2617 2617 2605 2605 2618 2618 
2605 2605 2615 2615 2618 2618 
2605 2605 2617 2617 2606 2606 
2619 2619 2602 2602 2620 2620 
2602 2602 2606 2606 2620 2620 
2621 2621 2602 2602 2622 2622 
2602 2602 2619 2619 2622 2622 
2602 2602 2621 2621 2603 2603 
2602 2602 2623 2623 2610 2610 
2604 2604 2623 2623 2602 2602 
2624 2624 2609 2609 2625 2625 
2602 2602 2610 2610 2609 2609 
2626 2626 2609 2609 2627 2627 
2609 2609 2611 2611 2627 2627 
2609 2609 2628 2628 2625 2625 
2609 2609 2626 2626 2628 2628 
2607 2607 2609 2609 2629 2629 
2624 2624 2629 2629 2609 2609 
2630 2630 2607 2607 2631 2631 
2607 2607 2629 2629 2631 2631 
2632 2632 2607 2607 2633 2633 
2607 2607 2630 2630 2633 2633 
2608 2608 2607 2607 2634 2634 
2607 2607 2632 2632 2634 2634 
2605 2605 2608 2608 2614 2614 
</p>
			</triangles>
			<triangles count="33" material="Material50-satin_finish_aluminum">
				<input semantic="VERTEX" source="#CirPattern113-mesh-vertices" offset="0"/>
				<input semantic="NORMAL" source="#CirPattern113-mesh-normals" offset="1"/>
				<p>
2635 2635 2636 2636 2637 2637 
2638 2638 2639 2639 2635 2635 
2640 2640 2641 2641 2638 2638 
2642 2642 2643 2643 2644 2644 
2645 2645 2638 2638 2646 2646 
2638 2638 2647 2647 2646 2646 
2648 2648 2638 2638 2649 2649 
2638 2638 2645 2645 2649 2649 
2650 2650 2638 2638 2651 2651 
2638 2638 2648 2648 2651 2651 
2638 2638 2650 2650 2639 2639 
2652 2652 2635 2635 2653 2653 
2635 2635 2639 2639 2653 2653 
2654 2654 2635 2635 2655 2655 
2635 2635 2652 2652 2655 2655 
2635 2635 2654 2654 2636 2636 
2635 2635 2656 2656 2643 2643 
2637 2637 2656 2656 2635 2635 
2657 2657 2642 2642 2658 2658 
2635 2635 2643 2643 2642 2642 
2659 2659 2642 2642 2660 2660 
2642 2642 2644 2644 2660 2660 
2642 2642 2661 2661 2658 2658 
2642 2642 2659 2659 2661 2661 
2640 2640 2642 2642 2662 2662 
2657 2657 2662 2662 2642 2642 
2663 2663 2640 2640 2664 2664 
2640 2640 2662 2662 2664 2664 
2665 2665 2640 2640 2666 2666 
2640 2640 2663 2663 2666 2666 
2641 2641 2640 2640 2667 2667 
2640 2640 2665 2665 2667 2667 
2638 2638 2641 2641 2647 2647 
</p>
			</triangles>
			<triangles count="33" material="Material51-satin_finish_aluminum">
				<input semantic="VERTEX" source="#CirPattern113-mesh-vertices" offset="0"/>
				<input semantic="NORMAL" source="#CirPattern113-mesh-normals" offset="1"/>
				<p>
2668 2668 2669 2669 2670 2670 
2671 2671 2672 2672 2668 2668 
2673 2673 2674 2674 2671 2671 
2675 2675 2676 2676 2677 2677 
2678 2678 2671 2671 2679 2679 
2671 2671 2680 2680 2679 2679 
2681 2681 2671 2671 2682 2682 
2671 2671 2678 2678 2682 2682 
2683 2683 2671 2671 2684 2684 
2671 2671 2681 2681 2684 2684 
2671 2671 2683 2683 2672 2672 
2685 2685 2668 2668 2686 2686 
2668 2668 2672 2672 2686 2686 
2687 2687 2668 2668 2688 2688 
2668 2668 2685 2685 2688 2688 
2668 2668 2687 2687 2669 2669 
2668 2668 2689 2689 2676 2676 
2670 2670 2689 2689 2668 2668 
2690 2690 2675 2675 2691 2691 
2668 2668 2676 2676 2675 2675 
2692 2692 2675 2675 2693 2693 
2675 2675 2677 2677 2693 2693 
2675 2675 2694 2694 2691 2691 
2675 2675 2692 2692 2694 2694 
2673 2673 2675 2675 2695 2695 
2690 2690 2695 2695 2675 2675 
2696 2696 2673 2673 2697 2697 
2673 2673 2695 2695 2697 2697 
2698 2698 2673 2673 2699 2699 
2673 2673 2696 2696 2699 2699 
2674 2674 2673 2673 2700 2700 
2673 2673 2698 2698 2700 2700 
2671 2671 2674 2674 2680 2680 
</p>
			</triangles>
			<triangles count="33" material="Material52-satin_finish_aluminum">
				<input semantic="VERTEX" source="#CirPattern113-mesh-vertices" offset="0"/>
				<input semantic="NORMAL" source="#CirPattern113-mesh-normals" offset="1"/>
				<p>
2701 2701 2702 2702 2703 2703 
2704 2704 2705 2705 2701 2701 
2706 2706 2707 2707 2704 2704 
2708 2708 2709 2709 2710 2710 
2711 2711 2704 2704 2712 2712 
2704 2704 2713 2713 2712 2712 
2714 2714 2704 2704 2715 2715 
2704 2704 2711 2711 2715 2715 
2716 2716 2704 2704 2717 2717 
2704 2704 2714 2714 2717 2717 
2704 2704 2716 2716 2705 2705 
2718 2718 2701 2701 2719 2719 
2701 2701 2705 2705 2719 2719 
2720 2720 2701 2701 2721 2721 
2701 2701 2718 2718 2721 2721 
2701 2701 2720 2720 2702 2702 
2701 2701 2722 2722 2709 2709 
2703 2703 2722 2722 2701 2701 
2723 2723 2708 2708 2724 2724 
2701 2701 2709 2709 2708 2708 
2725 2725 2708 2708 2726 2726 
2708 2708 2710 2710 2726 2726 
2708 2708 2727 2727 2724 2724 
2708 2708 2725 2725 2727 2727 
2706 2706 2708 2708 2728 2728 
2723 2723 2728 2728 2708 2708 
2729 2729 2706 2706 2730 2730 
2706 2706 2728 2728 2730 2730 
2731 2731 2706 2706 2732 2732 
2706 2706 2729 2729 2732 2732 
2707 2707 2706 2706 2733 2733 
2706 2706 2731 2731 2733 2733 
2704 2704 2707 2707 2713 2713 
</p>
			</triangles>
			<triangles count="33" material="Material53-satin_finish_aluminum">
				<input semantic="VERTEX" source="#CirPattern113-mesh-vertices" offset="0"/>
				<input semantic="NORMAL" source="#CirPattern113-mesh-normals" offset="1"/>
				<p>
2734 2734 2735 2735 2736 2736 
2737 2737 2738 2738 2734 2734 
2739 2739 2740 2740 2737 2737 
2741 2741 2742 2742 2743 2743 
2744 2744 2737 2737 2745 2745 
2737 2737 2746 2746 2745 2745 
2747 2747 2737 2737 2748 2748 
2737 2737 2744 2744 2748 2748 
2749 2749 2737 2737 2750 2750 
2737 2737 2747 2747 2750 2750 
2737 2737 2749 2749 2738 2738 
2751 2751 2734 2734 2752 2752 
2734 2734 2738 2738 2752 2752 
2753 2753 2734 2734 2754 2754 
2734 2734 2751 2751 2754 2754 
2734 2734 2753 2753 2735 2735 
2734 2734 2755 2755 2742 2742 
2736 2736 2755 2755 2734 2734 
2756 2756 2741 2741 2757 2757 
2734 2734 2742 2742 2741 2741 
2758 2758 2741 2741 2759 2759 
2741 2741 2743 2743 2759 2759 
2741 2741 2760 2760 2757 2757 
2741 2741 2758 2758 2760 2760 
2739 2739 2741 2741 2761 2761 
2756 2756 2761 2761 2741 2741 
2762 2762 2739 2739 2763 2763 
2739 2739 2761 2761 2763 2763 
2764 2764 2739 2739 2765 2765 
2739 2739 2762 2762 2765 2765 
2740 2740 2739 2739 2766 2766 
2739 2739 2764 2764 2766 2766 
2737 2737 2740 2740 2746 2746 
</p>
			</triangles>
			<triangles count="33" material="Material54-satin_finish_aluminum">
				<input semantic="VERTEX" source="#CirPattern113-mesh-vertices" offset="0"/>
				<input semantic="NORMAL" source="#CirPattern113-mesh-normals" offset="1"/>
				<p>
2767 2767 2768 2768 2769 2769 
2770 2770 2771 2771 2767 2767 
2772 2772 2773 2773 2770 2770 
2774 2774 2775 2775 2776 2776 
2777 2777 2770 2770 2778 2778 
2770 2770 2779 2779 2778 2778 
2780 2780 2770 2770 2781 2781 
2770 2770 2777 2777 2781 2781 
2782 2782 2770 2770 2783 2783 
2770 2770 2780 2780 2783 2783 
2770 2770 2782 2782 2771 2771 
2784 2784 2767 2767 2785 2785 
2767 2767 2771 2771 2785 2785 
2786 2786 2767 2767 2787 2787 
2767 2767 2784 2784 2787 2787 
2767 2767 2786 2786 2768 2768 
2767 2767 2788 2788 2775 2775 
2769 2769 2788 2788 2767 2767 
2789 2789 2774 2774 2790 2790 
2767 2767 2775 2775 2774 2774 
2791 2791 2774 2774 2792 2792 
2774 2774 2776 2776 2792 2792 
2774 2774 2793 2793 2790 2790 
2774 2774 2791 2791 2793 2793 
2772 2772 2774 2774 2794 2794 
2789 2789 2794 2794 2774 2774 
2795 2795 2772 2772 2796 2796 
2772 2772 2794 2794 2796 2796 
2797 2797 2772 2772 2798 2798 
2772 2772 2795 2795 2798 2798 
2773 2773 2772 2772 2799 2799 
2772 2772 2797 2797 2799 2799 
2770 2770 2773 2773 2779 2779 
</p>
			</triangles>
			<triangles count="58" material="Material55-satin_finish_aluminum">
				<input semantic="VERTEX" source="#CirPattern113-mesh-vertices" offset="0"/>
				<input semantic="NORMAL" source="#CirPattern113-mesh-normals" offset="1"/>
				<p>
2800 2800 2801 2801 2802 2802 
2803 2803 2800 2800 2804 2804 
2805 2805 2806 2806 2807 2807 
2808 2808 2809 2809 2810 2810 
2811 2811 2812 2812 2813 2813 
2814 2814 2815 2815 2812 2812 
2816 2816 2817 2817 2818 2818 
2819 2819 2820 2820 2821 2821 
2822 2822 2823 2823 2824 2824 
2825 2825 2826 2826 2827 2827 
2828 2828 2829 2829 2830 2830 
2831 2831 2832 2832 2833 2833 
2834 2834 2835 2835 2836 2836 
2837 2837 2838 2838 2839 2839 
2840 2840 2841 2841 2842 2842 
2843 2843 2844 2844 2842 2842 
2845 2845 2841 2841 2846 2846 
2840 2840 2846 2846 2841 2841 
2845 2845 2847 2847 2848 2848 
2847 2847 2845 2845 2846 2846 
2849 2849 2850 2850 2848 2848 
2848 2848 2847 2847 2849 2849 
2851 2851 2850 2850 2852 2852 
2849 2849 2852 2852 2850 2850 
2851 2851 2853 2853 2854 2854 
2853 2853 2851 2851 2852 2852 
2855 2855 2804 2804 2854 2854 
2854 2854 2853 2853 2855 2855 
2842 2842 2844 2844 2840 2840 
2855 2855 2803 2803 2804 2804 
2825 2825 2816 2816 2826 2826 
2844 2844 2843 2843 2834 2834 
2824 2824 2827 2827 2822 2822 
2823 2823 2833 2833 2832 2832 
2835 2835 2838 2838 2836 2836 
2843 2843 2835 2835 2834 2834 
2839 2839 2830 2830 2837 2837 
2838 2838 2837 2837 2836 2836 
2831 2831 2829 2829 2828 2828 
2828 2828 2830 2830 2839 2839 
2833 2833 2829 2829 2831 2831 
2824 2824 2823 2823 2832 2832 
2826 2826 2822 2822 2827 2827 
2825 2825 2817 2817 2816 2816 
2817 2817 2820 2820 2818 2818 
2800 2800 2856 2856 2801 2801 
2821 2821 2813 2813 2819 2819 
2820 2820 2819 2819 2818 2818 
2802 2802 2809 2809 2808 2808 
2857 2857 2812 2812 2811 2811 
2811 2811 2813 2813 2821 2821 
2815 2815 2814 2814 2806 2806 
2812 2812 2857 2857 2814 2814 
2805 2805 2807 2807 2810 2810 
2815 2815 2806 2806 2805 2805 
2807 2807 2808 2808 2810 2810 
2809 2809 2802 2802 2801 2801 
2800 2800 2803 2803 2856 2856 
</p>
			</triangles>
			<triangles count="58" material="Material56-satin_finish_aluminum">
				<input semantic="VERTEX" source="#CirPattern113-mesh-vertices" offset="0"/>
				<input semantic="NORMAL" source="#CirPattern113-mesh-normals" offset="1"/>
				<p>
2858 2858 2859 2859 2860 2860 
2861 2861 2858 2858 2862 2862 
2863 2863 2864 2864 2865 2865 
2866 2866 2867 2867 2868 2868 
2869 2869 2870 2870 2871 2871 
2872 2872 2873 2873 2870 2870 
2874 2874 2875 2875 2876 2876 
2877 2877 2878 2878 2879 2879 
2880 2880 2881 2881 2882 2882 
2883 2883 2884 2884 2885 2885 
2886 2886 2887 2887 2888 2888 
2889 2889 2890 2890 2891 2891 
2892 2892 2893 2893 2894 2894 
2895 2895 2896 2896 2897 2897 
2898 2898 2899 2899 2900 2900 
2901 2901 2902 2902 2900 2900 
2903 2903 2899 2899 2904 2904 
2898 2898 2904 2904 2899 2899 
2903 2903 2905 2905 2906 2906 
2905 2905 2903 2903 2904 2904 
2907 2907 2908 2908 2906 2906 
2906 2906 2905 2905 2907 2907 
2909 2909 2908 2908 2910 2910 
2907 2907 2910 2910 2908 2908 
2909 2909 2911 2911 2912 2912 
2911 2911 2909 2909 2910 2910 
2913 2913 2862 2862 2912 2912 
2912 2912 2911 2911 2913 2913 
2900 2900 2902 2902 2898 2898 
2913 2913 2861 2861 2862 2862 
2883 2883 2874 2874 2884 2884 
2902 2902 2901 2901 2892 2892 
2882 2882 2885 2885 2880 2880 
2881 2881 2891 2891 2890 2890 
2893 2893 2896 2896 2894 2894 
2901 2901 2893 2893 2892 2892 
2897 2897 2888 2888 2895 2895 
2896 2896 2895 2895 2894 2894 
2889 2889 2887 2887 2886 2886 
2886 2886 2888 2888 2897 2897 
2891 2891 2887 2887 2889 2889 
2882 2882 2881 2881 2890 2890 
2884 2884 2880 2880 2885 2885 
2883 2883 2875 2875 2874 2874 
2875 2875 2878 2878 2876 2876 
2858 2858 2914 2914 2859 2859 
2879 2879 2871 2871 2877 2877 
2878 2878 2877 2877 2876 2876 
2860 2860 2867 2867 2866 2866 
2915 2915 2870 2870 2869 2869 
2869 2869 2871 2871 2879 2879 
2873 2873 2872 2872 2864 2864 
2870 2870 2915 2915 2872 2872 
2863 2863 2865 2865 2868 2868 
2873 2873 2864 2864 2863 2863 
2865 2865 2866 2866 2868 2868 
2867 2867 2860 2860 2859 2859 
2858 2858 2861 2861 2914 2914 
</p>
			</triangles>
			<triangles count="58" material="Material57-satin_finish_aluminum">
				<input semantic="VERTEX" source="#CirPattern113-mesh-vertices" offset="0"/>
				<input semantic="NORMAL" source="#CirPattern113-mesh-normals" offset="1"/>
				<p>
2916 2916 2917 2917 2918 2918 
2919 2919 2916 2916 2920 2920 
2921 2921 2922 2922 2923 2923 
2924 2924 2925 2925 2926 2926 
2927 2927 2928 2928 2929 2929 
2930 2930 2931 2931 2928 2928 
2932 2932 2933 2933 2934 2934 
2935 2935 2936 2936 2937 2937 
2938 2938 2939 2939 2940 2940 
2941 2941 2942 2942 2943 2943 
2944 2944 2945 2945 2946 2946 
2947 2947 2948 2948 2949 2949 
2950 2950 2951 2951 2952 2952 
2953 2953 2954 2954 2955 2955 
2956 2956 2957 2957 2958 2958 
2959 2959 2960 2960 2958 2958 
2961 2961 2957 2957 2962 2962 
2956 2956 2962 2962 2957 2957 
2961 2961 2963 2963 2964 2964 
2963 2963 2961 2961 2962 2962 
2965 2965 2966 2966 2964 2964 
2964 2964 2963 2963 2965 2965 
2967 2967 2966 2966 2968 2968 
2965 2965 2968 2968 2966 2966 
2967 2967 2969 2969 2970 2970 
2969 2969 2967 2967 2968 2968 
2971 2971 2920 2920 2970 2970 
2970 2970 2969 2969 2971 2971 
2958 2958 2960 2960 2956 2956 
2971 2971 2919 2919 2920 2920 
2941 2941 2932 2932 2942 2942 
2960 2960 2959 2959 2950 2950 
2940 2940 2943 2943 2938 2938 
2939 2939 2949 2949 2948 2948 
2951 2951 2954 2954 2952 2952 
2959 2959 2951 2951 2950 2950 
2955 2955 2946 2946 2953 2953 
2954 2954 2953 2953 2952 2952 
2947 2947 2945 2945 2944 2944 
2944 2944 2946 2946 2955 2955 
2949 2949 2945 2945 2947 2947 
2940 2940 2939 2939 2948 2948 
2942 2942 2938 2938 2943 2943 
2941 2941 2933 2933 2932 2932 
2933 2933 2936 2936 2934 2934 
2916 2916 2972 2972 2917 2917 
2937 2937 2929 2929 2935 2935 
2936 2936 2935 2935 2934 2934 
2918 2918 2925 2925 2924 2924 
2973 2973 2928 2928 2927 2927 
2927 2927 2929 2929 2937 2937 
2931 2931 2930 2930 2922 2922 
2928 2928 2973 2973 2930 2930 
2921 2921 2923 2923 2926 2926 
2931 2931 2922 2922 2921 2921 
2923 2923 2924 2924 2926 2926 
2925 2925 2918 2918 2917 2917 
2916 2916 2919 2919 2972 2972 
</p>
			</triangles>
			<triangles count="58" material="Material58-satin_finish_aluminum">
				<input semantic="VERTEX" source="#CirPattern113-mesh-vertices" offset="0"/>
				<input semantic="NORMAL" source="#CirPattern113-mesh-normals" offset="1"/>
				<p>
2974 2974 2975 2975 2976 2976 
2977 2977 2974 2974 2978 2978 
2979 2979 2980 2980 2981 2981 
2982 2982 2983 2983 2984 2984 
2985 2985 2986 2986 2987 2987 
2988 2988 2989 2989 2986 2986 
2990 2990 2991 2991 2992 2992 
2993 2993 2994 2994 2995 2995 
2996 2996 2997 2997 2998 2998 
2999 2999 3000 3000 3001 3001 
3002 3002 3003 3003 3004 3004 
3005 3005 3006 3006 3007 3007 
3008 3008 3009 3009 3010 3010 
3011 3011 3012 3012 3013 3013 
3014 3014 3015 3015 3016 3016 
3017 3017 3018 3018 3016 3016 
3019 3019 3015 3015 3020 3020 
3014 3014 3020 3020 3015 3015 
3019 3019 3021 3021 3022 3022 
3021 3021 3019 3019 3020 3020 
3023 3023 3024 3024 3022 3022 
3022 3022 3021 3021 3023 3023 
3025 3025 3024 3024 3026 3026 
3023 3023 3026 3026 3024 3024 
3025 3025 3027 3027 3028 3028 
3027 3027 3025 3025 3026 3026 
3029 3029 2978 2978 3028 3028 
3028 3028 3027 3027 3029 3029 
3016 3016 3018 3018 3014 3014 
3029 3029 2977 2977 2978 2978 
2999 2999 2990 2990 3000 3000 
3018 3018 3017 3017 3008 3008 
2998 2998 3001 3001 2996 2996 
2997 2997 3007 3007 3006 3006 
3009 3009 3012 3012 3010 3010 
3017 3017 3009 3009 3008 3008 
3013 3013 3004 3004 3011 3011 
3012 3012 3011 3011 3010 3010 
3005 3005 3003 3003 3002 3002 
3002 3002 3004 3004 3013 3013 
3007 3007 3003 3003 3005 3005 
2998 2998 2997 2997 3006 3006 
3000 3000 2996 2996 3001 3001 
2999 2999 2991 2991 2990 2990 
2991 2991 2994 2994 2992 2992 
2974 2974 3030 3030 2975 2975 
2995 2995 2987 2987 2993 2993 
2994 2994 2993 2993 2992 2992 
2976 2976 2983 2983 2982 2982 
3031 3031 2986 2986 2985 2985 
2985 2985 2987 2987 2995 2995 
2989 2989 2988 2988 2980 2980 
2986 2986 3031 3031 2988 2988 
2979 2979 2981 2981 2984 2984 
2989 2989 2980 2980 2979 2979 
2981 2981 2982 2982 2984 2984 
2983 2983 2976 2976 2975 2975 
2974 2974 2977 2977 3030 3030 
</p>
			</triangles>
			<triangles count="58" material="Material59-satin_finish_aluminum">
				<input semantic="VERTEX" source="#CirPattern113-mesh-vertices" offset="0"/>
				<input semantic="NORMAL" source="#CirPattern113-mesh-normals" offset="1"/>
				<p>
3032 3032 3033 3033 3034 3034 
3035 3035 3032 3032 3036 3036 
3037 3037 3038 3038 3039 3039 
3040 3040 3041 3041 3042 3042 
3043 3043 3044 3044 3045 3045 
3046 3046 3047 3047 3044 3044 
3048 3048 3049 3049 3050 3050 
3051 3051 3052 3052 3053 3053 
3054 3054 3055 3055 3056 3056 
3057 3057 3058 3058 3059 3059 
3060 3060 3061 3061 3062 3062 
3063 3063 3064 3064 3065 3065 
3066 3066 3067 3067 3068 3068 
3069 3069 3070 3070 3071 3071 
3072 3072 3073 3073 3074 3074 
3075 3075 3076 3076 3074 3074 
3077 3077 3073 3073 3078 3078 
3072 3072 3078 3078 3073 3073 
3077 3077 3079 3079 3080 3080 
3079 3079 3077 3077 3078 3078 
3081 3081 3082 3082 3080 3080 
3080 3080 3079 3079 3081 3081 
3083 3083 3082 3082 3084 3084 
3081 3081 3084 3084 3082 3082 
3083 3083 3085 3085 3086 3086 
3085 3085 3083 3083 3084 3084 
3087 3087 3036 3036 3086 3086 
3086 3086 3085 3085 3087 3087 
3074 3074 3076 3076 3072 3072 
3087 3087 3035 3035 3036 3036 
3057 3057 3048 3048 3058 3058 
3076 3076 3075 3075 3066 3066 
3056 3056 3059 3059 3054 3054 
3055 3055 3065 3065 3064 3064 
3067 3067 3070 3070 3068 3068 
3075 3075 3067 3067 3066 3066 
3071 3071 3062 3062 3069 3069 
3070 3070 3069 3069 3068 3068 
3063 3063 3061 3061 3060 3060 
3060 3060 3062 3062 3071 3071 
3065 3065 3061 3061 3063 3063 
3056 3056 3055 3055 3064 3064 
3058 3058 3054 3054 3059 3059 
3057 3057 3049 3049 3048 3048 
3049 3049 3052 3052 3050 3050 
3032 3032 3088 3088 3033 3033 
3053 3053 3045 3045 3051 3051 
3052 3052 3051 3051 3050 3050 
3034 3034 3041 3041 3040 3040 
3089 3089 3044 3044 3043 3043 
3043 3043 3045 3045 3053 3053 
3047 3047 3046 3046 3038 3038 
3044 3044 3089 3089 3046 3046 
3037 3037 3039 3039 3042 3042 
3047 3047 3038 3038 3037 3037 
3039 3039 3040 3040 3042 3042 
3041 3041 3034 3034 3033 3033 
3032 3032 3035 3035 3088 3088 
</p>
			</triangles>
			<triangles count="58" material="Material60-satin_finish_aluminum">
				<input semantic="VERTEX" source="#CirPattern113-mesh-vertices" offset="0"/>
				<input semantic="NORMAL" source="#CirPattern113-mesh-normals" offset="1"/>
				<p>
3090 3090 3091 3091 3092 3092 
3093 3093 3090 3090 3094 3094 
3095 3095 3096 3096 3097 3097 
3098 3098 3099 3099 3100 3100 
3101 3101 3102 3102 3103 3103 
3104 3104 3105 3105 3102 3102 
3106 3106 3107 3107 3108 3108 
3109 3109 3110 3110 3111 3111 
3112 3112 3113 3113 3114 3114 
3115 3115 3116 3116 3117 3117 
3118 3118 3119 3119 3120 3120 
3121 3121 3122 3122 3123 3123 
3124 3124 3125 3125 3126 3126 
3127 3127 3128 3128 3129 3129 
3130 3130 3131 3131 3132 3132 
3133 3133 3134 3134 3132 3132 
3135 3135 3131 3131 3136 3136 
3130 3130 3136 3136 3131 3131 
3135 3135 3137 3137 3138 3138 
3137 3137 3135 3135 3136 3136 
3139 3139 3140 3140 3138 3138 
3138 3138 3137 3137 3139 3139 
3141 3141 3140 3140 3142 3142 
3139 3139 3142 3142 3140 3140 
3141 3141 3143 3143 3144 3144 
3143 3143 3141 3141 3142 3142 
3145 3145 3094 3094 3144 3144 
3144 3144 3143 3143 3145 3145 
3132 3132 3134 3134 3130 3130 
3145 3145 3093 3093 3094 3094 
3115 3115 3106 3106 3116 3116 
3134 3134 3133 3133 3124 3124 
3114 3114 3117 3117 3112 3112 
3113 3113 3123 3123 3122 3122 
3125 3125 3128 3128 3126 3126 
3133 3133 3125 3125 3124 3124 
3129 3129 3120 3120 3127 3127 
3128 3128 3127 3127 3126 3126 
3121 3121 3119 3119 3118 3118 
3118 3118 3120 3120 3129 3129 
3123 3123 3119 3119 3121 3121 
3114 3114 3113 3113 3122 3122 
3116 3116 3112 3112 3117 3117 
3115 3115 3107 3107 3106 3106 
3107 3107 3110 3110 3108 3108 
3090 3090 3146 3146 3091 3091 
3111 3111 3103 3103 3109 3109 
3110 3110 3109 3109 3108 3108 
3092 3092 3099 3099 3098 3098 
3147 3147 3102 3102 3101 3101 
3101 3101 3103 3103 3111 3111 
3105 3105 3104 3104 3096 3096 
3102 3102 3147 3147 3104 3104 
3095 3095 3097 3097 3100 3100 
3105 3105 3096 3096 3095 3095 
3097 3097 3098 3098 3100 3100 
3099 3099 3092 3092 3091 3091 
3090 3090 3093 3093 3146 3146 
</p>
			</triangles>
			<triangles count="58" material="Material61-satin_finish_aluminum">
				<input semantic="VERTEX" source="#CirPattern113-mesh-vertices" offset="0"/>
				<input semantic="NORMAL" source="#CirPattern113-mesh-normals" offset="1"/>
				<p>
3148 3148 3149 3149 3150 3150 
3151 3151 3148 3148 3152 3152 
3153 3153 3154 3154 3155 3155 
3156 3156 3157 3157 3158 3158 
3159 3159 3160 3160 3161 3161 
3162 3162 3163 3163 3160 3160 
3164 3164 3165 3165 3166 3166 
3167 3167 3168 3168 3169 3169 
3170 3170 3171 3171 3172 3172 
3173 3173 3174 3174 3175 3175 
3176 3176 3177 3177 3178 3178 
3179 3179 3180 3180 3181 3181 
3182 3182 3183 3183 3184 3184 
3185 3185 3186 3186 3187 3187 
3188 3188 3189 3189 3190 3190 
3191 3191 3192 3192 3190 3190 
3193 3193 3189 3189 3194 3194 
3188 3188 3194 3194 3189 3189 
3193 3193 3195 3195 3196 3196 
3195 3195 3193 3193 3194 3194 
3197 3197 3198 3198 3196 3196 
3196 3196 3195 3195 3197 3197 
3199 3199 3198 3198 3200 3200 
3197 3197 3200 3200 3198 3198 
3199 3199 3201 3201 3202 3202 
3201 3201 3199 3199 3200 3200 
3203 3203 3152 3152 3202 3202 
3202 3202 3201 3201 3203 3203 
3190 3190 3192 3192 3188 3188 
3203 3203 3151 3151 3152 3152 
3173 3173 3164 3164 3174 3174 
3192 3192 3191 3191 3182 3182 
3172 3172 3175 3175 3170 3170 
3171 3171 3181 3181 3180 3180 
3183 3183 3186 3186 3184 3184 
3191 3191 3183 3183 3182 3182 
3187 3187 3178 3178 3185 3185 
3186 3186 3185 3185 3184 3184 
3179 3179 3177 3177 3176 3176 
3176 3176 3178 3178 3187 3187 
3181 3181 3177 3177 3179 3179 
3172 3172 3171 3171 3180 3180 
3174 3174 3170 3170 3175 3175 
3173 3173 3165 3165 3164 3164 
3165 3165 3168 3168 3166 3166 
3148 3148 3204 3204 3149 3149 
3169 3169 3161 3161 3167 3167 
3168 3168 3167 3167 3166 3166 
3150 3150 3157 3157 3156 3156 
3205 3205 3160 3160 3159 3159 
3159 3159 3161 3161 3169 3169 
3163 3163 3162 3162 3154 3154 
3160 3160 3205 3205 3162 3162 
3153 3153 3155 3155 3158 3158 
3163 3163 3154 3154 3153 3153 
3155 3155 3156 3156 3158 3158 
3157 3157 3150 3150 3149 3149 
3148 3148 3151 3151 3204 3204 
</p>
			</triangles>
			<triangles count="58" material="Material62-satin_finish_aluminum">
				<input semantic="VERTEX" source="#CirPattern113-mesh-vertices" offset="0"/>
				<input semantic="NORMAL" source="#CirPattern113-mesh-normals" offset="1"/>
				<p>
3206 3206 3207 3207 3208 3208 
3209 3209 3206 3206 3210 3210 
3211 3211 3212 3212 3213 3213 
3214 3214 3215 3215 3216 3216 
3217 3217 3218 3218 3219 3219 
3220 3220 3221 3221 3218 3218 
3222 3222 3223 3223 3224 3224 
3225 3225 3226 3226 3227 3227 
3228 3228 3229 3229 3230 3230 
3231 3231 3232 3232 3233 3233 
3234 3234 3235 3235 3236 3236 
3237 3237 3238 3238 3239 3239 
3240 3240 3241 3241 3242 3242 
3243 3243 3244 3244 3245 3245 
3246 3246 3247 3247 3248 3248 
3249 3249 3250 3250 3248 3248 
3251 3251 3247 3247 3252 3252 
3246 3246 3252 3252 3247 3247 
3251 3251 3253 3253 3254 3254 
3253 3253 3251 3251 3252 3252 
3255 3255 3256 3256 3254 3254 
3254 3254 3253 3253 3255 3255 
3257 3257 3256 3256 3258 3258 
3255 3255 3258 3258 3256 3256 
3257 3257 3259 3259 3260 3260 
3259 3259 3257 3257 3258 3258 
3261 3261 3210 3210 3260 3260 
3260 3260 3259 3259 3261 3261 
3248 3248 3250 3250 3246 3246 
3261 3261 3209 3209 3210 3210 
3231 3231 3222 3222 3232 3232 
3250 3250 3249 3249 3240 3240 
3230 3230 3233 3233 3228 3228 
3229 3229 3239 3239 3238 3238 
3241 3241 3244 3244 3242 3242 
3249 3249 3241 3241 3240 3240 
3245 3245 3236 3236 3243 3243 
3244 3244 3243 3243 3242 3242 
3237 3237 3235 3235 3234 3234 
3234 3234 3236 3236 3245 3245 
3239 3239 3235 3235 3237 3237 
3230 3230 3229 3229 3238 3238 
3232 3232 3228 3228 3233 3233 
3231 3231 3223 3223 3222 3222 
3223 3223 3226 3226 3224 3224 
3206 3206 3262 3262 3207 3207 
3227 3227 3219 3219 3225 3225 
3226 3226 3225 3225 3224 3224 
3208 3208 3215 3215 3214 3214 
3263 3263 3218 3218 3217 3217 
3217 3217 3219 3219 3227 3227 
3221 3221 3220 3220 3212 3212 
3218 3218 3263 3263 3220 3220 
3211 3211 3213 3213 3216 3216 
3221 3221 3212 3212 3211 3211 
3213 3213 3214 3214 3216 3216 
3215 3215 3208 3208 3207 3207 
3206 3206 3209 3209 3262 3262 
</p>
			</triangles>
			<triangles count="57" material="Material63-satin_finish_aluminum">
				<input semantic="VERTEX" source="#CirPattern113-mesh-vertices" offset="0"/>
				<input semantic="NORMAL" source="#CirPattern113-mesh-normals" offset="1"/>
				<p>
3264 3264 3265 3265 3266 3266 
3267 3267 3268 3268 3269 3269 
3270 3270 3271 3271 3272 3272 
3273 3273 3274 3274 3275 3275 
3276 3276 3277 3277 3278 3278 
3279 3279 3280 3280 3281 3281 
3282 3282 3283 3283 3284 3284 
3285 3285 3286 3286 3287 3287 
3288 3288 3289 3289 3290 3290 
3291 3291 3292 3292 3293 3293 
3294 3294 3295 3295 3296 3296 
3297 3297 3298 3298 3299 3299 
3300 3300 3301 3301 3302 3302 
3303 3303 3304 3304 3305 3305 
3306 3306 3307 3307 3308 3308 
3300 3300 3308 3308 3309 3309 
3310 3310 3306 3306 3311 3311 
3306 3306 3310 3310 3307 3307 
3311 3311 3312 3312 3313 3313 
3313 3313 3310 3310 3311 3311 
3314 3314 3315 3315 3312 3312 
3313 3313 3312 3312 3315 3315 
3316 3316 3314 3314 3317 3317 
3314 3314 3316 3316 3315 3315 
3317 3317 3318 3318 3319 3319 
3319 3319 3316 3316 3317 3317 
3267 3267 3320 3320 3318 3318 
3319 3319 3318 3318 3320 3320 
3309 3309 3308 3308 3307 3307 
3267 3267 3269 3269 3320 3320 
3309 3309 3301 3301 3300 3300 
3290 3290 3293 3293 3288 3288 
3301 3301 3304 3304 3302 3302 
3299 3299 3298 3298 3289 3289 
3305 3305 3296 3296 3303 3303 
3304 3304 3303 3303 3302 3302 
3297 3297 3295 3295 3294 3294 
3294 3294 3296 3296 3305 3305 
3299 3299 3295 3295 3297 3297 
3290 3290 3289 3289 3298 3298 
3282 3282 3292 3292 3291 3291 
3292 3292 3288 3288 3293 3293 
3282 3282 3291 3291 3283 3283 
3285 3285 3284 3284 3286 3286 
3283 3283 3286 3286 3284 3284 
3287 3287 3278 3278 3285 3285 
3266 3266 3275 3275 3274 3274 
3279 3279 3277 3277 3276 3276 
3276 3276 3278 3278 3287 3287 
3271 3271 3281 3281 3280 3280 
3281 3281 3277 3277 3279 3279 
3270 3270 3272 3272 3273 3273 
3271 3271 3280 3280 3272 3272 
3270 3270 3273 3273 3275 3275 
3265 3265 3264 3264 3268 3268 
3266 3266 3274 3274 3264 3264 
3268 3268 3267 3267 3265 3265 
</p>
			</triangles>
			<triangles count="315" material="Material64-satin_finish_aluminum">
				<input semantic="VERTEX" source="#CirPattern113-mesh-vertices" offset="0"/>
				<input semantic="NORMAL" source="#CirPattern113-mesh-normals" offset="1"/>
				<p>
3321 3321 3322 3322 3323 3323 
3324 3324 3325 3325 3326 3326 
3327 3327 3328 3328 3329 3329 
3330 3330 3331 3331 3332 3332 
3333 3333 3334 3334 3335 3335 
3336 3336 3337 3337 3338 3338 
3339 3339 3340 3340 3341 3341 
3342 3342 3343 3343 3344 3344 
3345 3345 3340 3340 3339 3339 
3346 3346 3347 3347 3348 3348 
3349 3349 3348 3348 3347 3347 
3350 3350 3346 3346 3351 3351 
3346 3346 3350 3350 3347 3347 
3351 3351 3352 3352 3353 3353 
3353 3353 3350 3350 3351 3351 
3354 3354 3355 3355 3352 3352 
3353 3353 3352 3352 3355 3355 
3356 3356 3354 3354 3357 3357 
3354 3354 3356 3356 3355 3355 
3357 3357 3358 3358 3359 3359 
3359 3359 3356 3356 3357 3357 
3360 3360 3361 3361 3358 3358 
3359 3359 3358 3358 3361 3361 
3340 3340 3362 3362 3341 3341 
3342 3342 3363 3363 3343 3343 
3364 3364 3365 3365 3366 3366 
3334 3334 3367 3367 3335 3335 
3337 3337 3336 3336 3368 3368 
3369 3369 3370 3370 3368 3368 
3371 3371 3372 3372 3373 3373 
3374 3374 3375 3375 3376 3376 
3329 3329 3328 3328 3372 3372 
3332 3332 3377 3377 3378 3378 
3376 3376 3379 3379 3374 3374 
3380 3380 3381 3381 3382 3382 
3380 3380 3383 3383 3381 3381 
3384 3384 3385 3385 3386 3386 
3387 3387 3388 3388 3389 3389 
3385 3385 3390 3390 3386 3386 
3391 3391 3392 3392 3393 3393 
3392 3392 3391 3391 3389 3389 
3394 3394 3321 3321 3395 3395 
3396 3396 3397 3397 3398 3398 
3399 3399 3400 3400 3401 3401 
3394 3394 3395 3395 3402 3402 
3403 3403 3404 3404 3405 3405 
3399 3399 3401 3401 3406 3406 
3399 3399 3407 3407 3408 3408 
3400 3400 3399 3399 3408 3408 
3394 3394 3404 3404 3409 3409 
3399 3399 3321 3321 3323 3323 
3407 3407 3399 3399 3323 3323 
3394 3394 3410 3410 3321 3321 
3322 3322 3321 3321 3410 3410 
3411 3411 3412 3412 3394 3394 
3394 3394 3412 3412 3410 3410 
3394 3394 3409 3409 3411 3411 
3404 3404 3403 3403 3409 3409 
3413 3413 3414 3414 3404 3404 
3404 3404 3414 3414 3405 3405 
3415 3415 3416 3416 3417 3417 
3374 3374 3418 3418 3419 3419 
3374 3374 3419 3419 3416 3416 
3416 3416 3419 3419 3417 3417 
3379 3379 3420 3420 3374 3374 
3374 3374 3420 3420 3418 3418 
3421 3421 3328 3328 3422 3422 
3375 3375 3374 3374 3423 3423 
3424 3424 3332 3332 3425 3425 
3426 3426 3427 3427 3332 3332 
3374 3374 3428 3428 3429 3429 
3423 3423 3374 3374 3429 3429 
3374 3374 3430 3430 3431 3431 
3428 3428 3374 3374 3431 3431 
3327 3327 3432 3432 3433 3433 
3434 3434 3430 3430 3328 3328 
3374 3374 3328 3328 3430 3430 
3328 3328 3421 3421 3434 3434 
3435 3435 3422 3422 3327 3327 
3328 3328 3327 3327 3422 3422 
3436 3436 3437 3437 3327 3327 
3327 3327 3437 3437 3435 3435 
3327 3327 3433 3433 3436 3436 
3438 3438 3432 3432 3332 3332 
3327 3327 3332 3332 3432 3432 
3332 3332 3427 3427 3438 3438 
3332 3332 3424 3424 3426 3426 
3332 3332 3378 3378 3425 3425 
3332 3332 3415 3415 3330 3330 
3332 3332 3331 3331 3377 3377 
3417 3417 3330 3330 3415 3415 
3385 3385 3384 3384 3439 3439 
3380 3380 3440 3440 3384 3384 
3441 3441 3442 3442 3384 3384 
3384 3384 3442 3442 3439 3439 
3384 3384 3440 3440 3443 3443 
3384 3384 3443 3443 3441 3441 
3444 3444 3445 3445 3380 3380 
3380 3380 3445 3445 3440 3440 
3324 3324 3446 3446 3447 3447 
3448 3448 3449 3449 3380 3380 
3380 3380 3449 3449 3444 3444 
3450 3450 3324 3324 3447 3447 
3380 3380 3382 3382 3448 3448 
3451 3451 3380 3380 3416 3416 
3383 3383 3380 3380 3452 3452 
3452 3452 3380 3380 3451 3451 
3324 3324 3453 3453 3415 3415 
3415 3415 3454 3454 3416 3416 
3451 3451 3416 3416 3454 3454 
3415 3415 3453 3453 3455 3455 
3415 3415 3455 3455 3454 3454 
3456 3456 3457 3457 3324 3324 
3324 3324 3457 3457 3453 3453 
3324 3324 3450 3450 3456 3456 
3326 3326 3458 3458 3324 3324 
3324 3324 3458 3458 3446 3446 
3325 3325 3324 3324 3459 3459 
3460 3460 3459 3459 3385 3385 
3324 3324 3385 3385 3459 3459 
3461 3461 3462 3462 3385 3385 
3385 3385 3462 3462 3460 3460 
3439 3439 3461 3461 3385 3385 
3372 3372 3463 3463 3329 3329 
3464 3464 3336 3336 3338 3338 
3465 3465 3466 3466 3372 3372 
3372 3372 3466 3466 3463 3463 
3467 3467 3468 3468 3372 3372 
3372 3372 3468 3468 3465 3465 
3372 3372 3371 3371 3467 3467 
3338 3338 3469 3469 3470 3470 
3372 3372 3471 3471 3472 3472 
3373 3373 3372 3372 3472 3472 
3473 3473 3471 3471 3336 3336 
3372 3372 3336 3336 3471 3471 
3474 3474 3475 3475 3336 3336 
3336 3336 3475 3475 3473 3473 
3476 3476 3477 3477 3336 3336 
3336 3336 3477 3477 3474 3474 
3336 3336 3464 3464 3476 3476 
3478 3478 3479 3479 3338 3338 
3338 3338 3479 3479 3464 3464 
3480 3480 3481 3481 3338 3338 
3338 3338 3481 3481 3478 3478 
3338 3338 3470 3470 3482 3482 
3338 3338 3482 3482 3480 3480 
3483 3483 3469 3469 3329 3329 
3338 3338 3329 3329 3469 3469 
3484 3484 3485 3485 3329 3329 
3329 3329 3485 3485 3483 3483 
3486 3486 3487 3487 3329 3329 
3329 3329 3487 3487 3484 3484 
3488 3488 3489 3489 3329 3329 
3329 3329 3489 3489 3486 3486 
3463 3463 3488 3488 3329 3329 
3368 3368 3490 3490 3337 3337 
3491 3491 3492 3492 3493 3493 
3494 3494 3495 3495 3368 3368 
3368 3368 3495 3495 3490 3490 
3368 3368 3370 3370 3496 3496 
3368 3368 3496 3496 3494 3494 
3497 3497 3369 3369 3367 3367 
3368 3368 3367 3367 3369 3369 
3498 3498 3499 3499 3367 3367 
3367 3367 3499 3499 3497 3497 
3492 3492 3500 3500 3501 3501 
3502 3502 3503 3503 3367 3367 
3367 3367 3503 3503 3498 3498 
3504 3504 3505 3505 3367 3367 
3367 3367 3505 3505 3502 3502 
3492 3492 3506 3506 3507 3507 
3334 3334 3508 3508 3367 3367 
3367 3367 3508 3508 3504 3504 
3492 3492 3509 3509 3333 3333 
3334 3334 3333 3333 3509 3509 
3492 3492 3507 3507 3509 3509 
3492 3492 3501 3501 3506 3506 
3491 3491 3510 3510 3492 3492 
3492 3492 3510 3510 3500 3500 
3493 3493 3492 3492 3511 3511 
3337 3337 3512 3512 3492 3492 
3511 3511 3492 3492 3512 3512 
3513 3513 3514 3514 3337 3337 
3337 3337 3514 3514 3512 3512 
3515 3515 3516 3516 3337 3337 
3337 3337 3516 3516 3513 3513 
3490 3490 3515 3515 3337 3337 
3333 3333 3335 3335 3517 3517 
3518 3518 3342 3342 3519 3519 
3518 3518 3520 3520 3335 3335 
3335 3335 3520 3520 3517 3517 
3342 3342 3518 3518 3335 3335 
3521 3521 3522 3522 3342 3342 
3342 3342 3522 3522 3519 3519 
3365 3365 3523 3523 3524 3524 
3344 3344 3525 3525 3342 3342 
3342 3342 3525 3525 3521 3521 
3365 3365 3524 3524 3526 3526 
3339 3339 3527 3527 3528 3528 
3363 3363 3342 3342 3529 3529 
3530 3530 3365 3365 3526 3526 
3531 3531 3532 3532 3365 3365 
3342 3342 3528 3528 3533 3533 
3529 3529 3342 3342 3533 3533 
3534 3534 3341 3341 3365 3365 
3342 3342 3339 3339 3528 3528 
3341 3341 3535 3535 3339 3339 
3527 3527 3339 3339 3535 3535 
3536 3536 3537 3537 3341 3341 
3341 3341 3537 3537 3535 3535 
3341 3341 3534 3534 3536 3536 
3365 3365 3532 3532 3534 3534 
3365 3365 3530 3530 3531 3531 
3364 3364 3538 3538 3365 3365 
3365 3365 3538 3538 3523 3523 
3365 3365 3333 3333 3366 3366 
3539 3539 3540 3540 3333 3333 
3333 3333 3540 3540 3366 3366 
3517 3517 3539 3539 3333 3333 
3348 3348 3541 3541 3542 3542 
3345 3345 3543 3543 3544 3544 
3545 3545 3546 3546 3345 3345 
3345 3345 3546 3546 3340 3340 
3547 3547 3548 3548 3345 3345 
3345 3345 3548 3548 3545 3545 
3549 3549 3550 3550 3362 3362 
3345 3345 3544 3544 3551 3551 
3345 3345 3551 3551 3547 3547 
3552 3552 3553 3553 3362 3362 
3345 3345 3554 3554 3555 3555 
3543 3543 3345 3345 3555 3555 
3553 3553 3556 3556 3349 3349 
3557 3557 3554 3554 3348 3348 
3345 3345 3348 3348 3554 3554 
3558 3558 3559 3559 3348 3348 
3348 3348 3559 3559 3557 3557 
3348 3348 3542 3542 3558 3558 
3560 3560 3541 3541 3349 3349 
3348 3348 3349 3349 3541 3541 
3561 3561 3562 3562 3349 3349 
3349 3349 3562 3562 3560 3560 
3349 3349 3556 3556 3563 3563 
3349 3349 3563 3563 3561 3561 
3349 3349 3362 3362 3553 3553 
3564 3564 3565 3565 3362 3362 
3362 3362 3565 3565 3552 3552 
3362 3362 3550 3550 3564 3564 
3566 3566 3567 3567 3362 3362 
3362 3362 3567 3567 3549 3549 
3340 3340 3568 3568 3362 3362 
3362 3362 3568 3568 3566 3566 
3321 3321 3396 3396 3395 3395 
3391 3391 3569 3569 3570 3570 
3571 3571 3572 3572 3396 3396 
3396 3396 3572 3572 3395 3395 
3573 3573 3574 3574 3396 3396 
3396 3396 3574 3574 3571 3571 
3575 3575 3576 3576 3402 3402 
3396 3396 3398 3398 3577 3577 
3396 3396 3577 3577 3573 3573 
3578 3578 3579 3579 3402 3402 
3396 3396 3580 3580 3581 3581 
3397 3397 3396 3396 3581 3581 
3579 3579 3582 3582 3393 3393 
3583 3583 3580 3580 3391 3391 
3396 3396 3391 3391 3580 3580 
3584 3584 3585 3585 3391 3391 
3391 3391 3585 3585 3583 3583 
3391 3391 3570 3570 3584 3584 
3586 3586 3569 3569 3393 3393 
3391 3391 3393 3393 3569 3569 
3587 3587 3588 3588 3393 3393 
3393 3393 3588 3588 3586 3586 
3393 3393 3582 3582 3589 3589 
3393 3393 3589 3589 3587 3587 
3393 3393 3402 3402 3579 3579 
3590 3590 3591 3591 3402 3402 
3402 3402 3591 3591 3578 3578 
3402 3402 3576 3576 3590 3590 
3592 3592 3593 3593 3402 3402 
3402 3402 3593 3593 3575 3575 
3395 3395 3594 3594 3402 3402 
3402 3402 3594 3594 3592 3592 
3389 3389 3595 3595 3392 3392 
3390 3390 3596 3596 3597 3597 
3598 3598 3599 3599 3389 3389 
3389 3389 3599 3599 3595 3595 
3600 3600 3601 3601 3389 3389 
3389 3389 3601 3601 3598 3598 
3389 3389 3388 3388 3600 3600 
3386 3386 3602 3602 3389 3389 
3387 3387 3389 3389 3602 3602 
3603 3603 3390 3390 3604 3604 
3605 3605 3606 3606 3386 3386 
3386 3386 3606 3606 3602 3602 
3607 3607 3608 3608 3386 3386 
3386 3386 3608 3608 3605 3605 
3390 3390 3609 3609 3610 3610 
3611 3611 3612 3612 3386 3386 
3386 3386 3612 3612 3607 3607 
3390 3390 3610 3610 3386 3386 
3386 3386 3610 3610 3611 3611 
3390 3390 3603 3603 3609 3609 
3613 3613 3614 3614 3390 3390 
3390 3390 3597 3597 3604 3604 
3390 3390 3614 3614 3596 3596 
3392 3392 3615 3615 3390 3390 
3613 3613 3390 3390 3615 3615 
3616 3616 3617 3617 3392 3392 
3392 3392 3617 3617 3615 3615 
3618 3618 3619 3619 3392 3392 
3392 3392 3619 3619 3616 3616 
3620 3620 3621 3621 3392 3392 
3392 3392 3621 3621 3618 3618 
3595 3595 3620 3620 3392 3392 
</p>
			</triangles>
		</mesh>
	</geometry>
</library_geometries>
<library_effects>
	<effect id="Material0-satin_finish_aluminum-effect">
		<profile_COMMON>
			<technique sid="common">
				<phong>
					<diffuse>
						<color sid="diffuse">
0.866667 0.909804 1 1 </color>
					</diffuse>
					<transparency>
						<float sid="transparency">
1 </float>
					</transparency>
				</phong>
			</technique>
		</profile_COMMON>
	</effect>
	<effect id="Material1-satin_finish_aluminum-effect">
		<profile_COMMON>
			<technique sid="common">
				<phong>
					<diffuse>
						<color sid="diffuse">
0.866667 0.909804 1 1 </color>
					</diffuse>
					<transparency>
						<float sid="transparency">
1 </float>
					</transparency>
				</phong>
			</technique>
		</profile_COMMON>
	</effect>
	<effect id="Material2-satin_finish_aluminum-effect">
		<profile_COMMON>
			<technique sid="common">
				<phong>
					<diffuse>
						<color sid="diffuse">
0.866667 0.909804 1 1 </color>
					</diffuse>
					<transparency>
						<float sid="transparency">
1 </float>
					</transparency>
				</phong>
			</technique>
		</profile_COMMON>
	</effect>
	<effect id="Material3-satin_finish_aluminum-effect">
		<profile_COMMON>
			<technique sid="common">
				<phong>
					<diffuse>
						<color sid="diffuse">
0.866667 0.909804 1 1 </color>
					</diffuse>
					<transparency>
						<float sid="transparency">
1 </float>
					</transparency>
				</phong>
			</technique>
		</profile_COMMON>
	</effect>
	<effect id="Material4-satin_finish_aluminum-effect">
		<profile_COMMON>
			<technique sid="common">
				<phong>
					<diffuse>
						<color sid="diffuse">
0.866667 0.909804 1 1 </color>
					</diffuse>
					<transparency>
						<float sid="transparency">
1 </float>
					</transparency>
				</phong>
			</technique>
		</profile_COMMON>
	</effect>
	<effect id="Material5-satin_finish_aluminum-effect">
		<profile_COMMON>
			<technique sid="common">
				<phong>
					<diffuse>
						<color sid="diffuse">
0.866667 0.909804 1 1 </color>
					</diffuse>
					<transparency>
						<float sid="transparency">
1 </float>
					</transparency>
				</phong>
			</technique>
		</profile_COMMON>
	</effect>
	<effect id="Material6-satin_finish_aluminum-effect">
		<profile_COMMON>
			<technique sid="common">
				<phong>
					<diffuse>
						<color sid="diffuse">
0.866667 0.909804 1 1 </color>
					</diffuse>
					<transparency>
						<float sid="transparency">
1 </float>
					</transparency>
				</phong>
			</technique>
		</profile_COMMON>
	</effect>
	<effect id="Material7-satin_finish_aluminum-effect">
		<profile_COMMON>
			<technique sid="common">
				<phong>
					<diffuse>
						<color sid="diffuse">
0.866667 0.909804 1 1 </color>
					</diffuse>
					<transparency>
						<float sid="transparency">
1 </float>
					</transparency>
				</phong>
			</technique>
		</profile_COMMON>
	</effect>
	<effect id="Material8-satin_finish_aluminum-effect">
		<profile_COMMON>
			<technique sid="common">
				<phong>
					<diffuse>
						<color sid="diffuse">
0.866667 0.909804 1 1 </color>
					</diffuse>
					<transparency>
						<float sid="transparency">
1 </float>
					</transparency>
				</phong>
			</technique>
		</profile_COMMON>
	</effect>
	<effect id="Material9-satin_finish_aluminum-effect">
		<profile_COMMON>
			<technique sid="common">
				<phong>
					<diffuse>
						<color sid="diffuse">
0.866667 0.909804 1 1 </color>
					</diffuse>
					<transparency>
						<float sid="transparency">
1 </float>
					</transparency>
				</phong>
			</technique>
		</profile_COMMON>
	</effect>
	<effect id="Material10-satin_finish_aluminum-effect">
		<profile_COMMON>
			<technique sid="common">
				<phong>
					<diffuse>
						<color sid="diffuse">
0.866667 0.909804 1 1 </color>
					</diffuse>
					<transparency>
						<float sid="transparency">
1 </float>
					</transparency>
				</phong>
			</technique>
		</profile_COMMON>
	</effect>
	<effect id="Material11-satin_finish_aluminum-effect">
		<profile_COMMON>
			<technique sid="common">
				<phong>
					<diffuse>
						<color sid="diffuse">
0.866667 0.909804 1 1 </color>
					</diffuse>
					<transparency>
						<float sid="transparency">
1 </float>
					</transparency>
				</phong>
			</technique>
		</profile_COMMON>
	</effect>
	<effect id="Material12-satin_finish_aluminum-effect">
		<profile_COMMON>
			<technique sid="common">
				<phong>
					<diffuse>
						<color sid="diffuse">
0.866667 0.909804 1 1 </color>
					</diffuse>
					<transparency>
						<float sid="transparency">
1 </float>
					</transparency>
				</phong>
			</technique>
		</profile_COMMON>
	</effect>
	<effect id="Material13-satin_finish_aluminum-effect">
		<profile_COMMON>
			<technique sid="common">
				<phong>
					<diffuse>
						<color sid="diffuse">
0.866667 0.909804 1 1 </color>
					</diffuse>
					<transparency>
						<float sid="transparency">
1 </float>
					</transparency>
				</phong>
			</technique>
		</profile_COMMON>
	</effect>
	<effect id="Material14-satin_finish_aluminum-effect">
		<profile_COMMON>
			<technique sid="common">
				<phong>
					<diffuse>
						<color sid="diffuse">
0.866667 0.909804 1 1 </color>
					</diffuse>
					<transparency>
						<float sid="transparency">
1 </float>
					</transparency>
				</phong>
			</technique>
		</profile_COMMON>
	</effect>
	<effect id="Material15-satin_finish_aluminum-effect">
		<profile_COMMON>
			<technique sid="common">
				<phong>
					<diffuse>
						<color sid="diffuse">
0.866667 0.909804 1 1 </color>
					</diffuse>
					<transparency>
						<float sid="transparency">
1 </float>
					</transparency>
				</phong>
			</technique>
		</profile_COMMON>
	</effect>
	<effect id="Material16-satin_finish_aluminum-effect">
		<profile_COMMON>
			<technique sid="common">
				<phong>
					<diffuse>
						<color sid="diffuse">
0.866667 0.909804 1 1 </color>
					</diffuse>
					<transparency>
						<float sid="transparency">
1 </float>
					</transparency>
				</phong>
			</technique>
		</profile_COMMON>
	</effect>
	<effect id="Material17-satin_finish_aluminum-effect">
		<profile_COMMON>
			<technique sid="common">
				<phong>
					<diffuse>
						<color sid="diffuse">
0.866667 0.909804 1 1 </color>
					</diffuse>
					<transparency>
						<float sid="transparency">
1 </float>
					</transparency>
				</phong>
			</technique>
		</profile_COMMON>
	</effect>
	<effect id="Material18-satin_finish_aluminum-effect">
		<profile_COMMON>
			<technique sid="common">
				<phong>
					<diffuse>
						<color sid="diffuse">
0.866667 0.909804 1 1 </color>
					</diffuse>
					<transparency>
						<float sid="transparency">
1 </float>
					</transparency>
				</phong>
			</technique>
		</profile_COMMON>
	</effect>
	<effect id="Material19-satin_finish_aluminum-effect">
		<profile_COMMON>
			<technique sid="common">
				<phong>
					<diffuse>
						<color sid="diffuse">
0.866667 0.909804 1 1 </color>
					</diffuse>
					<transparency>
						<float sid="transparency">
1 </float>
					</transparency>
				</phong>
			</technique>
		</profile_COMMON>
	</effect>
	<effect id="Material20-satin_finish_aluminum-effect">
		<profile_COMMON>
			<technique sid="common">
				<phong>
					<diffuse>
						<color sid="diffuse">
0.866667 0.909804 1 1 </color>
					</diffuse>
					<transparency>
						<float sid="transparency">
1 </float>
					</transparency>
				</phong>
			</technique>
		</profile_COMMON>
	</effect>
	<effect id="Material21-satin_finish_aluminum-effect">
		<profile_COMMON>
			<technique sid="common">
				<phong>
					<diffuse>
						<color sid="diffuse">
0.866667 0.909804 1 1 </color>
					</diffuse>
					<transparency>
						<float sid="transparency">
1 </float>
					</transparency>
				</phong>
			</technique>
		</profile_COMMON>
	</effect>
	<effect id="Material22-satin_finish_aluminum-effect">
		<profile_COMMON>
			<technique sid="common">
				<phong>
					<diffuse>
						<color sid="diffuse">
0.866667 0.909804 1 1 </color>
					</diffuse>
					<transparency>
						<float sid="transparency">
1 </float>
					</transparency>
				</phong>
			</technique>
		</profile_COMMON>
	</effect>
	<effect id="Material23-satin_finish_aluminum-effect">
		<profile_COMMON>
			<technique sid="common">
				<phong>
					<diffuse>
						<color sid="diffuse">
0.866667 0.909804 1 1 </color>
					</diffuse>
					<transparency>
						<float sid="transparency">
1 </float>
					</transparency>
				</phong>
			</technique>
		</profile_COMMON>
	</effect>
	<effect id="Material24-satin_finish_aluminum-effect">
		<profile_COMMON>
			<technique sid="common">
				<phong>
					<diffuse>
						<color sid="diffuse">
0.866667 0.909804 1 1 </color>
					</diffuse>
					<transparency>
						<float sid="transparency">
1 </float>
					</transparency>
				</phong>
			</technique>
		</profile_COMMON>
	</effect>
	<effect id="Material25-satin_finish_aluminum-effect">
		<profile_COMMON>
			<technique sid="common">
				<phong>
					<diffuse>
						<color sid="diffuse">
0.866667 0.909804 1 1 </color>
					</diffuse>
					<transparency>
						<float sid="transparency">
1 </float>
					</transparency>
				</phong>
			</technique>
		</profile_COMMON>
	</effect>
	<effect id="Material26-satin_finish_aluminum-effect">
		<profile_COMMON>
			<technique sid="common">
				<phong>
					<diffuse>
						<color sid="diffuse">
0.866667 0.909804 1 1 </color>
					</diffuse>
					<transparency>
						<float sid="transparency">
1 </float>
					</transparency>
				</phong>
			</technique>
		</profile_COMMON>
	</effect>
	<effect id="Material27-satin_finish_aluminum-effect">
		<profile_COMMON>
			<technique sid="common">
				<phong>
					<diffuse>
						<color sid="diffuse">
0.866667 0.909804 1 1 </color>
					</diffuse>
					<transparency>
						<float sid="transparency">
1 </float>
					</transparency>
				</phong>
			</technique>
		</profile_COMMON>
	</effect>
	<effect id="Material28-satin_finish_aluminum-effect">
		<profile_COMMON>
			<technique sid="common">
				<phong>
					<diffuse>
						<color sid="diffuse">
0.866667 0.909804 1 1 </color>
					</diffuse>
					<transparency>
						<float sid="transparency">
1 </float>
					</transparency>
				</phong>
			</technique>
		</profile_COMMON>
	</effect>
	<effect id="Material29-satin_finish_aluminum-effect">
		<profile_COMMON>
			<technique sid="common">
				<phong>
					<diffuse>
						<color sid="diffuse">
0.866667 0.909804 1 1 </color>
					</diffuse>
					<transparency>
						<float sid="transparency">
1 </float>
					</transparency>
				</phong>
			</technique>
		</profile_COMMON>
	</effect>
	<effect id="Material30-satin_finish_aluminum-effect">
		<profile_COMMON>
			<technique sid="common">
				<phong>
					<diffuse>
						<color sid="diffuse">
0.866667 0.909804 1 1 </color>
					</diffuse>
					<transparency>
						<float sid="transparency">
1 </float>
					</transparency>
				</phong>
			</technique>
		</profile_COMMON>
	</effect>
	<effect id="Material31-satin_finish_aluminum-effect">
		<profile_COMMON>
			<technique sid="common">
				<phong>
					<diffuse>
						<color sid="diffuse">
0.866667 0.909804 1 1 </color>
					</diffuse>
					<transparency>
						<float sid="transparency">
1 </float>
					</transparency>
				</phong>
			</technique>
		</profile_COMMON>
	</effect>
	<effect id="Material32-satin_finish_aluminum-effect">
		<profile_COMMON>
			<technique sid="common">
				<phong>
					<diffuse>
						<color sid="diffuse">
0.866667 0.909804 1 1 </color>
					</diffuse>
					<transparency>
						<float sid="transparency">
1 </float>
					</transparency>
				</phong>
			</technique>
		</profile_COMMON>
	</effect>
	<effect id="Material33-satin_finish_aluminum-effect">
		<profile_COMMON>
			<technique sid="common">
				<phong>
					<diffuse>
						<color sid="diffuse">
0.866667 0.909804 1 1 </color>
					</diffuse>
					<transparency>
						<float sid="transparency">
1 </float>
					</transparency>
				</phong>
			</technique>
		</profile_COMMON>
	</effect>
	<effect id="Material34-satin_finish_aluminum-effect">
		<profile_COMMON>
			<technique sid="common">
				<phong>
					<diffuse>
						<color sid="diffuse">
0.866667 0.909804 1 1 </color>
					</diffuse>
					<transparency>
						<float sid="transparency">
1 </float>
					</transparency>
				</phong>
			</technique>
		</profile_COMMON>
	</effect>
	<effect id="Material35-satin_finish_aluminum-effect">
		<profile_COMMON>
			<technique sid="common">
				<phong>
					<diffuse>
						<color sid="diffuse">
0.866667 0.909804 1 1 </color>
					</diffuse>
					<transparency>
						<float sid="transparency">
1 </float>
					</transparency>
				</phong>
			</technique>
		</profile_COMMON>
	</effect>
	<effect id="Material36-satin_finish_aluminum-effect">
		<profile_COMMON>
			<technique sid="common">
				<phong>
					<diffuse>
						<color sid="diffuse">
0.866667 0.909804 1 1 </color>
					</diffuse>
					<transparency>
						<float sid="transparency">
1 </float>
					</transparency>
				</phong>
			</technique>
		</profile_COMMON>
	</effect>
	<effect id="Material37-satin_finish_aluminum-effect">
		<profile_COMMON>
			<technique sid="common">
				<phong>
					<diffuse>
						<color sid="diffuse">
0.866667 0.909804 1 1 </color>
					</diffuse>
					<transparency>
						<float sid="transparency">
1 </float>
					</transparency>
				</phong>
			</technique>
		</profile_COMMON>
	</effect>
	<effect id="Material38-satin_finish_aluminum-effect">
		<profile_COMMON>
			<technique sid="common">
				<phong>
					<diffuse>
						<color sid="diffuse">
0.866667 0.909804 1 1 </color>
					</diffuse>
					<transparency>
						<float sid="transparency">
1 </float>
					</transparency>
				</phong>
			</technique>
		</profile_COMMON>
	</effect>
	<effect id="Material39-satin_finish_aluminum-effect">
		<profile_COMMON>
			<technique sid="common">
				<phong>
					<diffuse>
						<color sid="diffuse">
0.866667 0.909804 1 1 </color>
					</diffuse>
					<transparency>
						<float sid="transparency">
1 </float>
					</transparency>
				</phong>
			</technique>
		</profile_COMMON>
	</effect>
	<effect id="Material40-satin_finish_aluminum-effect">
		<profile_COMMON>
			<technique sid="common">
				<phong>
					<diffuse>
						<color sid="diffuse">
0.866667 0.909804 1 1 </color>
					</diffuse>
					<transparency>
						<float sid="transparency">
1 </float>
					</transparency>
				</phong>
			</technique>
		</profile_COMMON>
	</effect>
	<effect id="Material41-satin_finish_aluminum-effect">
		<profile_COMMON>
			<technique sid="common">
				<phong>
					<diffuse>
						<color sid="diffuse">
0.866667 0.909804 1 1 </color>
					</diffuse>
					<transparency>
						<float sid="transparency">
1 </float>
					</transparency>
				</phong>
			</technique>
		</profile_COMMON>
	</effect>
	<effect id="Material42-satin_finish_aluminum-effect">
		<profile_COMMON>
			<technique sid="common">
				<phong>
					<diffuse>
						<color sid="diffuse">
0.866667 0.909804 1 1 </color>
					</diffuse>
					<transparency>
						<float sid="transparency">
1 </float>
					</transparency>
				</phong>
			</technique>
		</profile_COMMON>
	</effect>
	<effect id="Material43-satin_finish_aluminum-effect">
		<profile_COMMON>
			<technique sid="common">
				<phong>
					<diffuse>
						<color sid="diffuse">
0.866667 0.909804 1 1 </color>
					</diffuse>
					<transparency>
						<float sid="transparency">
1 </float>
					</transparency>
				</phong>
			</technique>
		</profile_COMMON>
	</effect>
	<effect id="Material44-satin_finish_aluminum-effect">
		<profile_COMMON>
			<technique sid="common">
				<phong>
					<diffuse>
						<color sid="diffuse">
0.866667 0.909804 1 1 </color>
					</diffuse>
					<transparency>
						<float sid="transparency">
1 </float>
					</transparency>
				</phong>
			</technique>
		</profile_COMMON>
	</effect>
	<effect id="Material45-satin_finish_aluminum-effect">
		<profile_COMMON>
			<technique sid="common">
				<phong>
					<diffuse>
						<color sid="diffuse">
0.866667 0.909804 1 1 </color>
					</diffuse>
					<transparency>
						<float sid="transparency">
1 </float>
					</transparency>
				</phong>
			</technique>
		</profile_COMMON>
	</effect>
	<effect id="Material46-satin_finish_aluminum-effect">
		<profile_COMMON>
			<technique sid="common">
				<phong>
					<diffuse>
						<color sid="diffuse">
0.866667 0.909804 1 1 </color>
					</diffuse>
					<transparency>
						<float sid="transparency">
1 </float>
					</transparency>
				</phong>
			</technique>
		</profile_COMMON>
	</effect>
	<effect id="Material47-satin_finish_aluminum-effect">
		<profile_COMMON>
			<technique sid="common">
				<phong>
					<diffuse>
						<color sid="diffuse">
0.866667 0.909804 1 1 </color>
					</diffuse>
					<transparency>
						<float sid="transparency">
1 </float>
					</transparency>
				</phong>
			</technique>
		</profile_COMMON>
	</effect>
	<effect id="Material48-satin_finish_aluminum-effect">
		<profile_COMMON>
			<technique sid="common">
				<phong>
					<diffuse>
						<color sid="diffuse">
0.866667 0.909804 1 1 </color>
					</diffuse>
					<transparency>
						<float sid="transparency">
1 </float>
					</transparency>
				</phong>
			</technique>
		</profile_COMMON>
	</effect>
	<effect id="Material49-satin_finish_aluminum-effect">
		<profile_COMMON>
			<technique sid="common">
				<phong>
					<diffuse>
						<color sid="diffuse">
0.866667 0.909804 1 1 </color>
					</diffuse>
					<transparency>
						<float sid="transparency">
1 </float>
					</transparency>
				</phong>
			</technique>
		</profile_COMMON>
	</effect>
	<effect id="Material50-satin_finish_aluminum-effect">
		<profile_COMMON>
			<technique sid="common">
				<phong>
					<diffuse>
						<color sid="diffuse">
0.866667 0.909804 1 1 </color>
					</diffuse>
					<transparency>
						<float sid="transparency">
1 </float>
					</transparency>
				</phong>
			</technique>
		</profile_COMMON>
	</effect>
	<effect id="Material51-satin_finish_aluminum-effect">
		<profile_COMMON>
			<technique sid="common">
				<phong>
					<diffuse>
						<color sid="diffuse">
0.866667 0.909804 1 1 </color>
					</diffuse>
					<transparency>
						<float sid="transparency">
1 </float>
					</transparency>
				</phong>
			</technique>
		</profile_COMMON>
	</effect>
	<effect id="Material52-satin_finish_aluminum-effect">
		<profile_COMMON>
			<technique sid="common">
				<phong>
					<diffuse>
						<color sid="diffuse">
0.866667 0.909804 1 1 </color>
					</diffuse>
					<transparency>
						<float sid="transparency">
1 </float>
					</transparency>
				</phong>
			</technique>
		</profile_COMMON>
	</effect>
	<effect id="Material53-satin_finish_aluminum-effect">
		<profile_COMMON>
			<technique sid="common">
				<phong>
					<diffuse>
						<color sid="diffuse">
0.866667 0.909804 1 1 </color>
					</diffuse>
					<transparency>
						<float sid="transparency">
1 </float>
					</transparency>
				</phong>
			</technique>
		</profile_COMMON>
	</effect>
	<effect id="Material54-satin_finish_aluminum-effect">
		<profile_COMMON>
			<technique sid="common">
				<phong>
					<diffuse>
						<color sid="diffuse">
0.866667 0.909804 1 1 </color>
					</diffuse>
					<transparency>
						<float sid="transparency">
1 </float>
					</transparency>
				</phong>
			</technique>
		</profile_COMMON>
	</effect>
	<effect id="Material55-satin_finish_aluminum-effect">
		<profile_COMMON>
			<technique sid="common">
				<phong>
					<diffuse>
						<color sid="diffuse">
0.866667 0.909804 1 1 </color>
					</diffuse>
					<transparency>
						<float sid="transparency">
1 </float>
					</transparency>
				</phong>
			</technique>
		</profile_COMMON>
	</effect>
	<effect id="Material56-satin_finish_aluminum-effect">
		<profile_COMMON>
			<technique sid="common">
				<phong>
					<diffuse>
						<color sid="diffuse">
0.866667 0.909804 1 1 </color>
					</diffuse>
					<transparency>
						<float sid="transparency">
1 </float>
					</transparency>
				</phong>
			</technique>
		</profile_COMMON>
	</effect>
	<effect id="Material57-satin_finish_aluminum-effect">
		<profile_COMMON>
			<technique sid="common">
				<phong>
					<diffuse>
						<color sid="diffuse">
0.866667 0.909804 1 1 </color>
					</diffuse>
					<transparency>
						<float sid="transparency">
1 </float>
					</transparency>
				</phong>
			</technique>
		</profile_COMMON>
	</effect>
	<effect id="Material58-satin_finish_aluminum-effect">
		<profile_COMMON>
			<technique sid="common">
				<phong>
					<diffuse>
						<color sid="diffuse">
0.866667 0.909804 1 1 </color>
					</diffuse>
					<transparency>
						<float sid="transparency">
1 </float>
					</transparency>
				</phong>
			</technique>
		</profile_COMMON>
	</effect>
	<effect id="Material59-satin_finish_aluminum-effect">
		<profile_COMMON>
			<technique sid="common">
				<phong>
					<diffuse>
						<color sid="diffuse">
0.866667 0.909804 1 1 </color>
					</diffuse>
					<transparency>
						<float sid="transparency">
1 </float>
					</transparency>
				</phong>
			</technique>
		</profile_COMMON>
	</effect>
	<effect id="Material60-satin_finish_aluminum-effect">
		<profile_COMMON>
			<technique sid="common">
				<phong>
					<diffuse>
						<color sid="diffuse">
0.866667 0.909804 1 1 </color>
					</diffuse>
					<transparency>
						<float sid="transparency">
1 </float>
					</transparency>
				</phong>
			</technique>
		</profile_COMMON>
	</effect>
	<effect id="Material61-satin_finish_aluminum-effect">
		<profile_COMMON>
			<technique sid="common">
				<phong>
					<diffuse>
						<color sid="diffuse">
0.866667 0.909804 1 1 </color>
					</diffuse>
					<transparency>
						<float sid="transparency">
1 </float>
					</transparency>
				</phong>
			</technique>
		</profile_COMMON>
	</effect>
	<effect id="Material62-satin_finish_aluminum-effect">
		<profile_COMMON>
			<technique sid="common">
				<phong>
					<diffuse>
						<color sid="diffuse">
0.866667 0.909804 1 1 </color>
					</diffuse>
					<transparency>
						<float sid="transparency">
1 </float>
					</transparency>
				</phong>
			</technique>
		</profile_COMMON>
	</effect>
	<effect id="Material63-satin_finish_aluminum-effect">
		<profile_COMMON>
			<technique sid="common">
				<phong>
					<diffuse>
						<color sid="diffuse">
0.866667 0.909804 1 1 </color>
					</diffuse>
					<transparency>
						<float sid="transparency">
1 </float>
					</transparency>
				</phong>
			</technique>
		</profile_COMMON>
	</effect>
	<effect id="Material64-satin_finish_aluminum-effect">
		<profile_COMMON>
			<technique sid="common">
				<phong>
					<diffuse>
						<color sid="diffuse">
0.866667 0.909804 1 1 </color>
					</diffuse>
					<transparency>
						<float sid="transparency">
1 </float>
					</transparency>
				</phong>
			</technique>
		</profile_COMMON>
	</effect>
</library_effects>
<library_materials>
	<material id="Material0-satin_finish_aluminum">
		<instance_effect url="#Material0-satin_finish_aluminum-effect"/>
	</material>
	<material id="Material1-satin_finish_aluminum">
		<instance_effect url="#Material1-satin_finish_aluminum-effect"/>
	</material>
	<material id="Material2-satin_finish_aluminum">
		<instance_effect url="#Material2-satin_finish_aluminum-effect"/>
	</material>
	<material id="Material3-satin_finish_aluminum">
		<instance_effect url="#Material3-satin_finish_aluminum-effect"/>
	</material>
	<material id="Material4-satin_finish_aluminum">
		<instance_effect url="#Material4-satin_finish_aluminum-effect"/>
	</material>
	<material id="Material5-satin_finish_aluminum">
		<instance_effect url="#Material5-satin_finish_aluminum-effect"/>
	</material>
	<material id="Material6-satin_finish_aluminum">
		<instance_effect url="#Material6-satin_finish_aluminum-effect"/>
	</material>
	<material id="Material7-satin_finish_aluminum">
		<instance_effect url="#Material7-satin_finish_aluminum-effect"/>
	</material>
	<material id="Material8-satin_finish_aluminum">
		<instance_effect url="#Material8-satin_finish_aluminum-effect"/>
	</material>
	<material id="Material9-satin_finish_aluminum">
		<instance_effect url="#Material9-satin_finish_aluminum-effect"/>
	</material>
	<material id="Material10-satin_finish_aluminum">
		<instance_effect url="#Material10-satin_finish_aluminum-effect"/>
	</material>
	<material id="Material11-satin_finish_aluminum">
		<instance_effect url="#Material11-satin_finish_aluminum-effect"/>
	</material>
	<material id="Material12-satin_finish_aluminum">
		<instance_effect url="#Material12-satin_finish_aluminum-effect"/>
	</material>
	<material id="Material13-satin_finish_aluminum">
		<instance_effect url="#Material13-satin_finish_aluminum-effect"/>
	</material>
	<material id="Material14-satin_finish_aluminum">
		<instance_effect url="#Material14-satin_finish_aluminum-effect"/>
	</material>
	<material id="Material15-satin_finish_aluminum">
		<instance_effect url="#Material15-satin_finish_aluminum-effect"/>
	</material>
	<material id="Material16-satin_finish_aluminum">
		<instance_effect url="#Material16-satin_finish_aluminum-effect"/>
	</material>
	<material id="Material17-satin_finish_aluminum">
		<instance_effect url="#Material17-satin_finish_aluminum-effect"/>
	</material>
	<material id="Material18-satin_finish_aluminum">
		<instance_effect url="#Material18-satin_finish_aluminum-effect"/>
	</material>
	<material id="Material19-satin_finish_aluminum">
		<instance_effect url="#Material19-satin_finish_aluminum-effect"/>
	</material>
	<material id="Material20-satin_finish_aluminum">
		<instance_effect url="#Material20-satin_finish_aluminum-effect"/>
	</material>
	<material id="Material21-satin_finish_aluminum">
		<instance_effect url="#Material21-satin_finish_aluminum-effect"/>
	</material>
	<material id="Material22-satin_finish_aluminum">
		<instance_effect url="#Material22-satin_finish_aluminum-effect"/>
	</material>
	<material id="Material23-satin_finish_aluminum">
		<instance_effect url="#Material23-satin_finish_aluminum-effect"/>
	</material>
	<material id="Material24-satin_finish_aluminum">
		<instance_effect url="#Material24-satin_finish_aluminum-effect"/>
	</material>
	<material id="Material25-satin_finish_aluminum">
		<instance_effect url="#Material25-satin_finish_aluminum-effect"/>
	</material>
	<material id="Material26-satin_finish_aluminum">
		<instance_effect url="#Material26-satin_finish_aluminum-effect"/>
	</material>
	<material id="Material27-satin_finish_aluminum">
		<instance_effect url="#Material27-satin_finish_aluminum-effect"/>
	</material>
	<material id="Material28-satin_finish_aluminum">
		<instance_effect url="#Material28-satin_finish_aluminum-effect"/>
	</material>
	<material id="Material29-satin_finish_aluminum">
		<instance_effect url="#Material29-satin_finish_aluminum-effect"/>
	</material>
	<material id="Material30-satin_finish_aluminum">
		<instance_effect url="#Material30-satin_finish_aluminum-effect"/>
	</material>
	<material id="Material31-satin_finish_aluminum">
		<instance_effect url="#Material31-satin_finish_aluminum-effect"/>
	</material>
	<material id="Material32-satin_finish_aluminum">
		<instance_effect url="#Material32-satin_finish_aluminum-effect"/>
	</material>
	<material id="Material33-satin_finish_aluminum">
		<instance_effect url="#Material33-satin_finish_aluminum-effect"/>
	</material>
	<material id="Material34-satin_finish_aluminum">
		<instance_effect url="#Material34-satin_finish_aluminum-effect"/>
	</material>
	<material id="Material35-satin_finish_aluminum">
		<instance_effect url="#Material35-satin_finish_aluminum-effect"/>
	</material>
	<material id="Material36-satin_finish_aluminum">
		<instance_effect url="#Material36-satin_finish_aluminum-effect"/>
	</material>
	<material id="Material37-satin_finish_aluminum">
		<instance_effect url="#Material37-satin_finish_aluminum-effect"/>
	</material>
	<material id="Material38-satin_finish_aluminum">
		<instance_effect url="#Material38-satin_finish_aluminum-effect"/>
	</material>
	<material id="Material39-satin_finish_aluminum">
		<instance_effect url="#Material39-satin_finish_aluminum-effect"/>
	</material>
	<material id="Material40-satin_finish_aluminum">
		<instance_effect url="#Material40-satin_finish_aluminum-effect"/>
	</material>
	<material id="Material41-satin_finish_aluminum">
		<instance_effect url="#Material41-satin_finish_aluminum-effect"/>
	</material>
	<material id="Material42-satin_finish_aluminum">
		<instance_effect url="#Material42-satin_finish_aluminum-effect"/>
	</material>
	<material id="Material43-satin_finish_aluminum">
		<instance_effect url="#Material43-satin_finish_aluminum-effect"/>
	</material>
	<material id="Material44-satin_finish_aluminum">
		<instance_effect url="#Material44-satin_finish_aluminum-effect"/>
	</material>
	<material id="Material45-satin_finish_aluminum">
		<instance_effect url="#Material45-satin_finish_aluminum-effect"/>
	</material>
	<material id="Material46-satin_finish_aluminum">
		<instance_effect url="#Material46-satin_finish_aluminum-effect"/>
	</material>
	<material id="Material47-satin_finish_aluminum">
		<instance_effect url="#Material47-satin_finish_aluminum-effect"/>
	</material>
	<material id="Material48-satin_finish_aluminum">
		<instance_effect url="#Material48-satin_finish_aluminum-effect"/>
	</material>
	<material id="Material49-satin_finish_aluminum">
		<instance_effect url="#Material49-satin_finish_aluminum-effect"/>
	</material>
	<material id="Material50-satin_finish_aluminum">
		<instance_effect url="#Material50-satin_finish_aluminum-effect"/>
	</material>
	<material id="Material51-satin_finish_aluminum">
		<instance_effect url="#Material51-satin_finish_aluminum-effect"/>
	</material>
	<material id="Material52-satin_finish_aluminum">
		<instance_effect url="#Material52-satin_finish_aluminum-effect"/>
	</material>
	<material id="Material53-satin_finish_aluminum">
		<instance_effect url="#Material53-satin_finish_aluminum-effect"/>
	</material>
	<material id="Material54-satin_finish_aluminum">
		<instance_effect url="#Material54-satin_finish_aluminum-effect"/>
	</material>
	<material id="Material55-satin_finish_aluminum">
		<instance_effect url="#Material55-satin_finish_aluminum-effect"/>
	</material>
	<material id="Material56-satin_finish_aluminum">
		<instance_effect url="#Material56-satin_finish_aluminum-effect"/>
	</material>
	<material id="Material57-satin_finish_aluminum">
		<instance_effect url="#Material57-satin_finish_aluminum-effect"/>
	</material>
	<material id="Material58-satin_finish_aluminum">
		<instance_effect url="#Material58-satin_finish_aluminum-effect"/>
	</material>
	<material id="Material59-satin_finish_aluminum">
		<instance_effect url="#Material59-satin_finish_aluminum-effect"/>
	</material>
	<material id="Material60-satin_finish_aluminum">
		<instance_effect url="#Material60-satin_finish_aluminum-effect"/>
	</material>
	<material id="Material61-satin_finish_aluminum">
		<instance_effect url="#Material61-satin_finish_aluminum-effect"/>
	</material>
	<material id="Material62-satin_finish_aluminum">
		<instance_effect url="#Material62-satin_finish_aluminum-effect"/>
	</material>
	<material id="Material63-satin_finish_aluminum">
		<instance_effect url="#Material63-satin_finish_aluminum-effect"/>
	</material>
	<material id="Material64-satin_finish_aluminum">
		<instance_effect url="#Material64-satin_finish_aluminum-effect"/>
	</material>
</library_materials>
<library_visual_scenes>
	<visual_scene id="Scene">
		<node id="A_Joint_2_Hub" name="A_Joint_2_Hub">
			<instance_geometry url="#CirPattern113">
				<bind_material>
					<technique_common>
						<instance_material symbol="Material0-satin_finish_aluminum" target="#Material0-satin_finish_aluminum"/>
						<instance_material symbol="Material1-satin_finish_aluminum" target="#Material1-satin_finish_aluminum"/>
						<instance_material symbol="Material10-satin_finish_aluminum" target="#Material10-satin_finish_aluminum"/>
						<instance_material symbol="Material11-satin_finish_aluminum" target="#Material11-satin_finish_aluminum"/>
						<instance_material symbol="Material12-satin_finish_aluminum" target="#Material12-satin_finish_aluminum"/>
						<instance_material symbol="Material13-satin_finish_aluminum" target="#Material13-satin_finish_aluminum"/>
						<instance_material symbol="Material14-satin_finish_aluminum" target="#Material14-satin_finish_aluminum"/>
						<instance_material symbol="Material15-satin_finish_aluminum" target="#Material15-satin_finish_aluminum"/>
						<instance_material symbol="Material16-satin_finish_aluminum" target="#Material16-satin_finish_aluminum"/>
						<instance_material symbol="Material17-satin_finish_aluminum" target="#Material17-satin_finish_aluminum"/>
						<instance_material symbol="Material18-satin_finish_aluminum" target="#Material18-satin_finish_aluminum"/>
						<instance_material symbol="Material19-satin_finish_aluminum" target="#Material19-satin_finish_aluminum"/>
						<instance_material symbol="Material2-satin_finish_aluminum" target="#Material2-satin_finish_aluminum"/>
						<instance_material symbol="Material20-satin_finish_aluminum" target="#Material20-satin_finish_aluminum"/>
						<instance_material symbol="Material21-satin_finish_aluminum" target="#Material21-satin_finish_aluminum"/>
						<instance_material symbol="Material22-satin_finish_aluminum" target="#Material22-satin_finish_aluminum"/>
						<instance_material symbol="Material23-satin_finish_aluminum" target="#Material23-satin_finish_aluminum"/>
						<instance_material symbol="Material24-satin_finish_aluminum" target="#Material24-satin_finish_aluminum"/>
						<instance_material symbol="Material25-satin_finish_aluminum" target="#Material25-satin_finish_aluminum"/>
						<instance_material symbol="Material26-satin_finish_aluminum" target="#Material26-satin_finish_aluminum"/>
						<instance_material symbol="Material27-satin_finish_aluminum" target="#Material27-satin_finish_aluminum"/>
						<instance_material symbol="Material28-satin_finish_aluminum" target="#Material28-satin_finish_aluminum"/>
						<instance_material symbol="Material29-satin_finish_aluminum" target="#Material29-satin_finish_aluminum"/>
						<instance_material symbol="Material3-satin_finish_aluminum" target="#Material3-satin_finish_aluminum"/>
						<instance_material symbol="Material30-satin_finish_aluminum" target="#Material30-satin_finish_aluminum"/>
						<instance_material symbol="Material31-satin_finish_aluminum" target="#Material31-satin_finish_aluminum"/>
						<instance_material symbol="Material32-satin_finish_aluminum" target="#Material32-satin_finish_aluminum"/>
						<instance_material symbol="Material33-satin_finish_aluminum" target="#Material33-satin_finish_aluminum"/>
						<instance_material symbol="Material34-satin_finish_aluminum" target="#Material34-satin_finish_aluminum"/>
						<instance_material symbol="Material35-satin_finish_aluminum" target="#Material35-satin_finish_aluminum"/>
						<instance_material symbol="Material36-satin_finish_aluminum" target="#Material36-satin_finish_aluminum"/>
						<instance_material symbol="Material37-satin_finish_aluminum" target="#Material37-satin_finish_aluminum"/>
						<instance_material symbol="Material38-satin_finish_aluminum" target="#Material38-satin_finish_aluminum"/>
						<instance_material symbol="Material39-satin_finish_aluminum" target="#Material39-satin_finish_aluminum"/>
						<instance_material symbol="Material4-satin_finish_aluminum" target="#Material4-satin_finish_aluminum"/>
						<instance_material symbol="Material40-satin_finish_aluminum" target="#Material40-satin_finish_aluminum"/>
						<instance_material symbol="Material41-satin_finish_aluminum" target="#Material41-satin_finish_aluminum"/>
						<instance_material symbol="Material42-satin_finish_aluminum" target="#Material42-satin_finish_aluminum"/>
						<instance_material symbol="Material43-satin_finish_aluminum" target="#Material43-satin_finish_aluminum"/>
						<instance_material symbol="Material44-satin_finish_aluminum" target="#Material44-satin_finish_aluminum"/>
						<instance_material symbol="Material45-satin_finish_aluminum" target="#Material45-satin_finish_aluminum"/>
						<instance_material symbol="Material46-satin_finish_aluminum" target="#Material46-satin_finish_aluminum"/>
						<instance_material symbol="Material47-satin_finish_aluminum" target="#Material47-satin_finish_aluminum"/>
						<instance_material symbol="Material48-satin_finish_aluminum" target="#Material48-satin_finish_aluminum"/>
						<instance_material symbol="Material49-satin_finish_aluminum" target="#Material49-satin_finish_aluminum"/>
						<instance_material symbol="Material5-satin_finish_aluminum" target="#Material5-satin_finish_aluminum"/>
						<instance_material symbol="Material50-satin_finish_aluminum" target="#Material50-satin_finish_aluminum"/>
						<instance_material symbol="Material51-satin_finish_aluminum" target="#Material51-satin_finish_aluminum"/>
						<instance_material symbol="Material52-satin_finish_aluminum" target="#Material52-satin_finish_aluminum"/>
						<instance_material symbol="Material53-satin_finish_aluminum" target="#Material53-satin_finish_aluminum"/>
						<instance_material symbol="Material54-satin_finish_aluminum" target="#Material54-satin_finish_aluminum"/>
						<instance_material symbol="Material55-satin_finish_aluminum" target="#Material55-satin_finish_aluminum"/>
						<instance_material symbol="Material56-satin_finish_aluminum" target="#Material56-satin_finish_aluminum"/>
						<instance_material symbol="Material57-satin_finish_aluminum" target="#Material57-satin_finish_aluminum"/>
						<instance_material symbol="Material58-satin_finish_aluminum" target="#Material58-satin_finish_aluminum"/>
						<instance_material symbol="Material59-satin_finish_aluminum" target="#Material59-satin_finish_aluminum"/>
						<instance_material symbol="Material6-satin_finish_aluminum" target="#Material6-satin_finish_aluminum"/>
						<instance_material symbol="Material60-satin_finish_aluminum" target="#Material60-satin_finish_aluminum"/>
						<instance_material symbol="Material61-satin_finish_aluminum" target="#Material61-satin_finish_aluminum"/>
						<instance_material symbol="Material62-satin_finish_aluminum" target="#Material62-satin_finish_aluminum"/>
						<instance_material symbol="Material63-satin_finish_aluminum" target="#Material63-satin_finish_aluminum"/>
						<instance_material symbol="Material64-satin_finish_aluminum" target="#Material64-satin_finish_aluminum"/>
						<instance_material symbol="Material7-satin_finish_aluminum" target="#Material7-satin_finish_aluminum"/>
						<instance_material symbol="Material8-satin_finish_aluminum" target="#Material8-satin_finish_aluminum"/>
						<instance_material symbol="Material9-satin_finish_aluminum" target="#Material9-satin_finish_aluminum"/>
					</technique_common>
				</bind_material>
			</instance_geometry>
		</node>
	</visual_scene>
</library_visual_scenes>
	<scene>
		<instance_visual_scene url="#Scene"/>
	</scene>
</COLLADA>

