<?xml version="1.0" encoding="utf-8"?>
<COLLADA xmlns="http://www.collada.org/2005/11/COLLADASchema" version="1.4.1">
	<asset>
		<contributor>
			<author>Datakit</author>
			<authoring_tool>CrossManager V.251</authoring_tool>
		</contributor>
		<created>2026-01-11T04:53:36Z</created>
		<modified>2026-01-11T04:53:36Z</modified>
		<unit meter="0.001000" name="millimeter"/>
		<up_axis>Z_UP</up_axis>
	</asset>
<library_geometries>
	<geometry id="A_Joint_4_Hub_Back_Plate-1-solid110" name="A_Joint_4_Hub_Back_Plate-1-solid110">
		<mesh>
			<source id="A_Joint_4_Hub_Back_Plate-1-solid110-mesh-positions">
				<float_array id="A_Joint_4_Hub_Back_Plate-1-solid110-mesh-positions-array" count="11376">
720.458 891.15 1297.68 
720.378 890.791 1297.68 
720.952 891.211 1297.68 
732.553 872.405 1297.68 
742.968 872.814 1297.68 
732.548 873.048 1297.68 
679.474 856.459 1297.68 
678.98 856.85 1297.68 
680.753 854.751 1297.68 
693.604 898.044 1297.68 
694.074 897.55 1297.68 
693.904 898.006 1297.68 
690.86 886.861 1297.68 
687.395 886.809 1297.68 
688.669 885.388 1297.68 
720.799 892.337 1297.68 
722.403 890.407 1297.68 
724.496 888.767 1297.68 
736.413 905.624 1297.68 
736.727 905.08 1297.68 
737.017 908.474 1297.68 
740.555 901.937 1297.68 
736.92 903.237 1297.68 
736.726 902.64 1297.68 
698.882 917.288 1297.68 
698.417 921.008 1297.68 
698.341 916.976 1297.68 
727.486 888.402 1297.68 
730.341 884.976 1297.68 
730.882 885.288 1297.68 
696.918 925.625 1297.68 
697.338 926.091 1297.68 
699.345 928.861 1297.68 
696.35 896.933 1297.68 
705.767 904.907 1297.68 
695.527 897.727 1297.78 
702.279 923.237 1297.68 
706.752 928.247 1297.68 
702.345 923.861 1297.68 
716.533 910.796 1297.68 
720.762 923.437 1297.68 
715.925 911.035 1297.68 
670.844 899.12 1297.68 
667.13 902.097 1297.68 
666.711 901.632 1297.68 
710.904 877.383 1297.68 
710.255 877.383 1297.68 
705.339 874.06 1297.68 
694.9 897.579 1297.68 
694.909 897.814 1297.78 
694.183 898.271 1297.68 
700.845 846.459 1297.68 
700.558 850.979 1297.68 
700.094 850.562 1297.68 
663.776 901.008 1297.68 
663.203 901.263 1297.68 
666.341 884.976 1297.68 
687.318 896.305 1297.68 
692.202 896.243 1297.68 
692.403 896.861 1297.68 
705.36 905.418 1297.68 
694.028 899.175 1297.68 
694.89 898.383 1297.68 
705.1 906.017 1297.68 
713.956 926.423 1297.68 
695.267 897.458 1297.68 
694.79 898.298 1297.68 
695.039 897.775 1297.68 
695.024 896.826 1297.68 
695.062 896.649 1297.68 
734.912 901.008 1297.68 
742.968 894.908 1297.68 
735.485 901.263 1297.68 
736.92 863.237 1297.68 
740.555 865.785 1297.68 
736.986 863.861 1297.68 
733.672 860.878 1297.68 
733.058 861.008 1297.68 
732.452 853.383 1297.68 
695.02 897.164 1297.68 
695.418 895.751 1297.68 
696.772 896.325 1297.78 
696.358 896.724 1297.68 
670.639 898.444 1297.68 
666.203 901.263 1297.68 
665.63 901.008 1297.68 
692.287 899.534 1297.68 
692.371 899.235 1297.78 
692.675 899.716 1297.68 
667.445 905.08 1297.68 
674.402 903.757 1297.68 
667.131 905.624 1297.68 
705.004 906.661 1297.68 
691.397 901.716 1297.68 
691.504 901.612 1297.78 
696.872 896.429 1297.68 
708.939 889.893 1297.68 
708.055 886.128 1297.68 
717.285 884.008 1297.68 
687.493 895.712 1297.68 
697.553 895.566 1297.78 
697.144 895.143 1297.68 
697.844 895.49 1297.68 
725.317 884.566 1297.68 
726.003 884.73 1297.68 
723.706 885.277 1297.68 
721.485 891.294 1297.68 
721.365 891.41 1297.68 
722.287 890.519 1297.68 
721.311 890.776 1297.68 
721.775 890.328 1297.68 
736.986 903.861 1297.68 
734.3 866.844 1297.68 
734.914 866.714 1297.68 
731.878 870.42 1297.68 
700.558 852.743 1297.68 
710.942 855.836 1297.68 
700.095 853.16 1297.68 
697.655 895.672 1297.68 
720.833 889.84 1297.68 
737.017 859.248 1297.68 
735.993 861.632 1297.68 
735.485 861.263 1297.68 
702.279 844.484 1297.68 
706.752 839.475 1297.68 
713.956 841.299 1297.68 
675.338 893.67 1297.68 
674.72 893.686 1297.68 
677.386 892.098 1297.68 
669.338 867.198 1297.68 
667.445 865.08 1297.68 
669.906 866.952 1297.68 
697.047 896.054 1297.68 
696.639 895.631 1297.68 
682.316 912.499 1297.68 
676.214 904.368 1297.68 
682.385 911.888 1297.68 
700.812 916.172 1297.68 
708.856 911.582 1297.68 
709.455 911.842 1297.68 
726.647 900.543 1297.68 
723.86 902.1 1297.68 
726.137 900.178 1297.68 
732.095 885.16 1297.68 
729.789 892.477 1297.68 
729.402 891.953 1297.68 
720.901 891.857 1297.68 
708.439 891.432 1297.68 
718.211 892.889 1297.68 
719.777 890.861 1297.68 
720.118 892.193 1297.68 
720.605 892.143 1297.68 
719.425 892.243 1297.68 
718.773 892.481 1297.68 
719.565 891.065 1297.68 
699.032 926.845 1297.68 
699.659 926.844 1297.68 
686.781 914.648 1297.68 
696.604 922.641 1297.68 
686.26 914.977 1297.68 
701.771 922.097 1297.68 
702.085 922.64 1297.68 
701.982 892.466 1297.68 
703.398 891.896 1297.68 
695.423 897.829 1297.68 
696.917 922.098 1297.68 
697.975 916.472 1297.68 
697.337 921.632 1297.68 
692.663 900.533 1297.68 
696.41 923.238 1297.68 
693.499 899.686 1297.68 
685.679 915.18 1297.68 
696.345 923.862 1297.68 
683.874 914.977 1297.68 
696.604 925.081 1297.68 
666.204 906.459 1297.68 
666.711 906.09 1297.68 
647.411 911.486 1297.68 
647.605 912.082 1297.68 
643.345 928.861 1297.68 
649.419 913.714 1297.68 
648.845 913.459 1297.68 
698.881 914.435 1297.68 
705.078 907.31 1297.68 
698.418 926.714 1297.68 
697.845 926.459 1297.68 
700.273 926.714 1297.68 
700.845 926.459 1297.68 
701.772 925.624 1297.68 
701.352 926.09 1297.68 
702.279 924.484 1297.68 
702.086 925.08 1297.68 
667.638 864.484 1297.68 
671.331 865.661 1297.68 
670.897 896.619 1297.68 
667.502 885.353 1297.68 
671.388 896.243 1297.68 
650.659 859.845 1297.68 
662.277 865.625 1297.68 
650.032 859.845 1297.68 
665.975 884.472 1297.68 
668.702 871.465 1297.68 
669.173 871.865 1297.68 
666.881 882.435 1297.68 
661.963 902.641 1297.68 
650.658 907.878 1297.68 
662.276 902.098 1297.68 
680.894 888.949 1297.68 
668.812 884.172 1297.68 
668.812 883.549 1297.68 
665.017 860.877 1297.68 
652.771 855.097 1297.68 
681.035 854.149 1297.68 
683.955 897.687 1297.68 
685.7 896.348 1297.68 
686.21 896.698 1297.68 
648.337 908.632 1297.68 
648.845 859.459 1297.68 
648.844 908.263 1297.68 
647.917 909.098 1297.68 
647.918 858.625 1297.68 
648.337 859.091 1297.68 
651.272 908.008 1297.68 
699.345 838.861 1297.68 
696.917 842.098 1297.68 
643.345 838.861 1297.68 
662.697 906.091 1297.68 
653.345 910.86 1297.68 
653.279 910.237 1297.68 
647.411 857.486 1297.68 
653.279 911.484 1297.68 
663.204 906.459 1297.68 
663.777 906.714 1297.68 
665.632 906.714 1297.68 
682.386 913.112 1297.68 
682.589 913.693 1297.68 
653.085 912.081 1297.68 
664.391 906.845 1297.68 
652.772 912.624 1297.68 
665.018 906.844 1297.68 
684.455 915.18 1297.68 
696.41 924.485 1297.68 
685.067 915.249 1297.68 
671.444 899.492 1297.68 
672.712 900.119 1297.68 
672.418 900.762 1297.68 
687.544 911.305 1297.68 
677.497 903.383 1297.68 
679.546 901.811 1297.68 
680.163 901.795 1297.68 
680.829 900.826 1297.68 
683.496 899.238 1297.68 
680.654 901.419 1297.68 
663.204 866.459 1297.68 
666.341 882.746 1297.68 
665.974 883.251 1297.68 
651.844 908.263 1297.68 
661.704 903.862 1297.68 
652.351 908.631 1297.68 
696.41 844.485 1297.68 
696.604 845.081 1297.68 
690.051 850.602 1297.68 
700.844 841.263 1297.68 
700.271 841.008 1297.68 
664.39 860.878 1297.68 
699.658 840.877 1297.68 
699.031 840.878 1297.68 
698.417 841.008 1297.68 
697.844 841.263 1297.68 
662.276 862.098 1297.68 
653.085 858.081 1297.68 
653.279 857.484 1297.68 
653.279 856.237 1297.68 
663.776 861.008 1297.68 
663.203 861.263 1297.68 
662.696 861.632 1297.68 
661.769 863.238 1297.68 
661.704 863.862 1297.68 
652.353 859.09 1297.68 
652.772 858.624 1297.68 
661.963 862.641 1297.68 
651.272 859.714 1297.68 
651.846 859.459 1297.68 
661.769 864.485 1297.68 
661.963 865.081 1297.68 
661.769 903.238 1297.68 
668.147 868.579 1297.68 
665.632 866.714 1297.68 
666.204 866.459 1297.68 
667.965 869.796 1297.68 
668.082 870.402 1297.68 
664.391 866.845 1297.68 
670.514 866.84 1297.68 
671.438 866.373 1297.68 
662.696 901.632 1297.68 
664.39 900.878 1297.68 
666.882 885.288 1297.68 
682.588 911.307 1297.68 
697.058 861.495 1297.68 
711.909 857.374 1297.68 
704.648 873.109 1297.68 
691.097 901.037 1297.78 
691.354 900.755 1297.68 
683.986 898.862 1297.68 
686.828 896.681 1297.68 
690.356 900.639 1297.68 
691.854 899.695 1297.68 
691.307 900.276 1297.68 
690.835 900.207 1297.68 
691.678 900.124 1297.68 
691.845 900.517 1297.68 
690.623 850.948 1297.68 
697.338 846.091 1297.68 
691.093 851.424 1297.68 
700.273 846.714 1297.68 
666.711 861.632 1297.68 
666.203 861.263 1297.68 
701.352 841.632 1297.68 
702.085 842.64 1297.68 
702.279 843.237 1297.68 
702.345 843.861 1297.68 
701.771 842.097 1297.68 
696.918 845.625 1297.68 
689.411 850.407 1297.68 
696.41 843.238 1297.68 
688.742 850.376 1297.68 
688.088 850.51 1297.68 
697.337 841.632 1297.68 
652.351 854.631 1297.68 
697.975 852.472 1297.68 
696.163 858.031 1297.68 
697.845 851.861 1297.68 
697.974 851.251 1297.68 
698.881 850.435 1297.68 
698.418 846.714 1297.68 
699.032 846.845 1297.68 
697.845 846.459 1297.68 
698.341 850.746 1297.68 
712.429 852.746 1297.68 
711.908 853.073 1297.68 
702.086 845.08 1297.68 
680.627 855.405 1297.68 
732.486 866.459 1297.68 
733.059 866.714 1297.68 
730.473 867.649 1297.68 
712.431 857.701 1297.68 
713.011 857.904 1297.68 
736.412 862.097 1297.68 
729.883 866.471 1297.68 
731.245 865.081 1297.68 
731.559 865.625 1297.68 
716.1 854.03 1297.68 
726.984 848.35 1297.68 
716.304 854.611 1297.68 
714.234 852.542 1297.68 
713.623 852.473 1297.68 
729.975 884.472 1297.68 
727.984 884.143 1297.68 
728.47 883.631 1297.68 
732.485 861.263 1297.68 
736.726 862.64 1297.68 
734.912 861.008 1297.68 
734.299 860.877 1297.68 
724.852 864.294 1297.68 
731.558 862.098 1297.68 
725.538 864.459 1297.68 
731.978 861.632 1297.68 
731.979 866.091 1297.68 
729.39 866.025 1297.68 
731.051 863.238 1297.68 
728.805 865.713 1297.68 
711.473 853.509 1297.68 
711.145 854.031 1297.68 
700.812 851.549 1297.68 
701.772 845.624 1297.68 
701.352 846.09 1297.68 
696.722 894.697 1297.68 
696.619 894.59 1297.78 
696.803 894.413 1297.68 
732.406 871.778 1297.68 
733.673 866.845 1297.68 
731.53 869.815 1297.68 
725.613 888.143 1297.68 
725.013 888.382 1297.68 
717.904 884.344 1297.68 
726.892 888.153 1297.68 
727.383 884.511 1297.68 
732.391 873.673 1297.68 
735.993 866.09 1297.68 
735.486 866.459 1297.68 
736.727 865.08 1297.68 
736.413 865.624 1297.68 
736.92 864.484 1297.68 
710.748 911.864 1297.68 
729.075 900.663 1297.68 
731.245 902.641 1297.68 
728.474 900.845 1297.68 
732.452 914.339 1297.68 
733.673 906.845 1297.68 
736.412 902.097 1297.68 
735.993 901.632 1297.68 
727.847 900.886 1297.68 
731.051 903.238 1297.68 
730.986 903.862 1297.68 
723.934 902.749 1297.68 
727.228 900.784 1297.68 
723.838 903.393 1297.68 
731.051 904.485 1297.68 
700.489 892.788 1297.68 
698.244 894.089 1297.68 
698.963 892.853 1297.68 
713.174 909.987 1297.68 
713.522 910.346 1297.68 
711.88 911.237 1297.68 
710.099 911.938 1297.68 
717.057 910.408 1297.68 
723.171 904.503 1297.68 
715.276 911.109 1297.68 
711.356 911.625 1297.68 
733.059 906.714 1297.68 
732.486 906.459 1297.68 
731.979 906.091 1297.68 
734.914 906.714 1297.68 
734.3 906.844 1297.68 
735.993 906.09 1297.68 
735.486 906.459 1297.68 
736.92 904.484 1297.68 
680.046 856.194 1297.68 
716.373 855.222 1297.68 
680.314 874.601 1297.68 
684.226 886.392 1297.68 
679.615 874.509 1297.68 
723.472 864.513 1297.68 
722.87 864.882 1297.68 
715.774 856.937 1297.68 
699.501 850.369 1297.68 
705.148 874.648 1297.68 
714.236 857.904 1297.68 
714.816 857.701 1297.68 
722.385 865.393 1297.68 
722.049 866.012 1297.68 
711.429 877.764 1297.68 
731.038 869.319 1297.68 
730.536 868.309 1297.68 
730.986 863.862 1297.68 
731.051 864.485 1297.68 
731.245 862.641 1297.68 
716.304 855.834 1297.68 
720.762 844.285 1297.68 
715.773 853.508 1297.68 
715.337 853.073 1297.68 
714.816 852.745 1297.68 
713.011 852.542 1297.68 
710.942 854.612 1297.68 
710.873 855.223 1297.68 
700.812 852.172 1297.68 
711.146 856.417 1297.68 
690.969 892.064 1297.68 
690.953 891.446 1297.68 
693.4 890.618 1297.68 
716.187 881.542 1297.68 
710.904 879.38 1297.68 
711.429 878.998 1297.68 
708.439 889.53 1297.68 
707.546 887.567 1297.68 
707.82 889.53 1297.68 
706.802 888.899 1297.68 
721.172 885.599 1297.68 
722.479 885.756 1297.68 
722.01 888.704 1297.78 
721.816 885.758 1297.68 
723.123 885.592 1297.68 
724.195 884.828 1297.68 
726.708 884.712 1297.68 
726.252 888.065 1297.68 
744.191 887.577 1297.68 
733.672 900.878 1297.68 
733.058 901.008 1297.68 
730.649 898.811 1297.68 
724.56 884.275 1297.68 
730.341 882.746 1297.68 
728.806 883.013 1297.68 
730.881 882.435 1297.68 
730.427 899.398 1297.68 
732.485 901.263 1297.68 
729.845 883.861 1297.68 
732.558 884.743 1297.68 
732.812 884.172 1297.68 
744.191 880.145 1297.68 
730.436 868.966 1297.68 
724.147 864.313 1297.68 
716.101 856.416 1297.68 
730.25 867.023 1297.68 
715.338 857.373 1297.68 
713.624 857.973 1297.68 
705.148 873.472 1297.68 
671.415 864.947 1297.68 
674.23 894.063 1297.68 
670.722 897.212 1297.68 
665.017 900.877 1297.68 
689.542 894.141 1297.68 
687.287 895.13 1297.68 
689.032 893.791 1297.68 
668.435 868.033 1297.68 
666.711 866.09 1297.68 
668.839 867.564 1297.68 
667.987 869.177 1297.68 
668.332 870.969 1297.68 
663.777 866.714 1297.68 
665.018 866.844 1297.68 
662.697 866.091 1297.68 
650.03 907.878 1297.68 
732.094 882.562 1297.68 
732.558 882.979 1297.68 
728.643 889.901 1297.68 
730.029 893.084 1297.68 
730.103 893.733 1297.68 
732.812 883.549 1297.68 
731.501 882.369 1297.68 
729.974 883.251 1297.68 
698.341 852.976 1297.68 
699.659 846.844 1297.68 
688.205 888.462 1297.68 
687.061 887.936 1297.68 
687.411 887.427 1297.68 
690.474 885.383 1297.68 
695.99 892.212 1297.68 
693.576 895.245 1297.68 
694.627 891.526 1297.68 
731.978 901.632 1297.68 
729.619 900.349 1297.68 
730.078 899.92 1297.68 
731.502 885.353 1297.68 
730.672 897.563 1297.68 
734.299 900.877 1297.68 
730.732 898.188 1297.68 
730.471 896.969 1297.68 
728.655 891.18 1297.68 
728.732 890.539 1297.68 
727.999 888.796 1297.68 
728.392 889.306 1297.68 
721.52 889.38 1297.78 
721.419 889.275 1297.68 
722.701 890.12 1297.68 
731.245 905.081 1297.68 
723.578 903.992 1297.68 
708.939 891.069 1297.68 
709.13 890.481 1297.68 
698.186 895.159 1297.68 
687.544 913.692 1297.68 
687.748 913.11 1297.68 
697.845 915.861 1297.68 
697.042 896.264 1297.68 
699.501 914.369 1297.68 
705.317 907.918 1297.68 
699.031 920.878 1297.68 
699.502 917.353 1297.68 
699.658 920.877 1297.68 
700.095 917.16 1297.68 
700.271 921.008 1297.68 
701.352 921.632 1297.68 
700.844 921.263 1297.68 
700.558 916.743 1297.68 
714.033 910.753 1297.68 
714.632 911.013 1297.68 
726.984 919.372 1297.68 
731.559 905.625 1297.68 
723.621 901.492 1297.68 
723.233 900.968 1297.68 
724.07 899.465 1297.68 
724.77 899.404 1297.68 
725.723 899.706 1297.68 
725.426 899.152 1297.68 
722.886 900.609 1297.68 
731.558 902.098 1297.68 
729.697 895.989 1297.68 
729.34 895.488 1297.68 
729.746 894.977 1297.68 
730.006 894.378 1297.68 
730.14 896.434 1297.68 
729.165 895.657 1297.68 
682.916 914.214 1297.68 
650.032 913.845 1297.68 
650.659 913.845 1297.68 
683.352 914.649 1297.68 
687.217 914.213 1297.68 
698.341 914.746 1297.68 
697.974 915.251 1297.68 
687.816 912.498 1297.68 
700.558 914.979 1297.68 
708.345 911.175 1297.68 
700.812 915.549 1297.68 
700.094 914.562 1297.68 
705.705 908.442 1297.68 
687.216 910.784 1297.68 
685.677 909.818 1297.68 
686.259 910.021 1297.68 
686.781 910.349 1297.68 
682.368 898.904 1297.68 
682.878 899.255 1297.68 
680.623 900.244 1297.68 
685.066 909.749 1297.68 
684.454 909.818 1297.68 
683.351 910.349 1297.68 
677.322 903.975 1297.68 
683.872 910.022 1297.68 
672.623 901.438 1297.68 
667.444 902.64 1297.68 
667.704 903.861 1297.68 
674.198 903.081 1297.68 
667.638 903.237 1297.68 
675.003 904.129 1297.68 
667.638 904.484 1297.68 
672.141 899.375 1297.68 
675.704 904.018 1297.68 
684.05 886.985 1297.68 
681.384 888.573 1297.68 
673.224 901.811 1297.68 
674.491 902.438 1297.68 
676.831 904.352 1297.68 
673.92 901.693 1297.68 
682.916 910.784 1297.68 
677.291 902.8 1297.68 
679.036 901.461 1297.68 
677.562 891.506 1297.68 
691.02 901.111 1297.68 
690.16 894.125 1297.68 
684.161 898.269 1297.68 
668.558 884.743 1297.68 
678.052 891.129 1297.68 
693.577 897.242 1297.68 
694.102 896.86 1297.68 
695.309 895.856 1297.78 
694.302 896.243 1297.68 
694.101 895.626 1297.68 
694.072 898.366 1297.68 
692.927 895.245 1297.68 
692.402 895.626 1297.68 
690.65 893.748 1297.68 
696.002 895.187 1297.68 
692.344 889.517 1297.68 
690.619 892.573 1297.68 
690.825 893.156 1297.68 
691.489 888.252 1297.68 
689.19 889.745 1297.68 
689.174 889.127 1297.68 
688.797 888.637 1297.68 
689.984 890.78 1297.68 
688.84 890.255 1297.68 
667.131 865.624 1297.68 
689.402 890.987 1297.68 
688.051 885.388 1297.68 
689.169 885.024 1297.68 
708.312 884.624 1297.68 
716.405 882.922 1297.68 
716.774 883.523 1297.68 
698.882 853.288 1297.68 
699.502 853.353 1297.68 
684.257 887.567 1297.68 
682.511 888.906 1297.68 
682.002 888.556 1297.68 
677.482 873.84 1297.68 
668.558 882.979 1297.68 
668.094 882.562 1297.68 
687.622 888.668 1297.68 
672.121 863.708 1297.68 
667.13 862.097 1297.68 
687.551 885.025 1297.68 
687.018 886.319 1297.68 
686.426 886.143 1297.68 
675.257 871.614 1297.68 
673 871.1 1297.68 
673.281 870.549 1297.68 
689.626 866.756 1297.68 
690.279 866.725 1297.68 
689.082 867.537 1297.68 
685.843 886.35 1297.68 
685.334 886 1297.68 
678.964 874.239 1297.68 
667.704 863.861 1297.68 
680.718 889.542 1297.68 
678.67 891.113 1297.68 
680.925 890.124 1297.68 
679.179 891.463 1297.68 
677.593 892.681 1297.68 
668.095 885.16 1297.68 
674.26 895.237 1297.68 
672.006 896.227 1297.68 
674.054 894.655 1297.68 
675.847 894.02 1297.68 
672.515 896.577 1297.68 
670.933 897.801 1297.68 
716.205 882.247 1297.68 
704.648 875.011 1297.68 
704.695 876.624 1297.68 
703.395 875.824 1297.68 
716.351 880.856 1297.68 
711.63 878.381 1297.68 
709.73 877.764 1297.68 
709.53 878.381 1297.68 
706.8 878.82 1297.68 
697.13 859.508 1297.68 
687.747 911.887 1297.68 
697.844 921.263 1297.68 
692.976 898.651 1297.68 
692.476 899.134 1297.68 
692.928 897.242 1297.68 
694.945 896.71 1297.78 
694.549 897.391 1297.68 
647.345 856.861 1297.68 
647.604 909.642 1297.68 
647.41 910.238 1297.68 
647.605 858.082 1297.68 
661.769 904.485 1297.68 
652.771 909.097 1297.68 
662.277 905.625 1297.68 
653.085 909.641 1297.68 
661.963 905.081 1297.68 
649.419 859.714 1297.68 
665.845 883.861 1297.68 
649.417 908.008 1297.68 
696.345 843.862 1297.68 
653.345 856.86 1297.68 
653.085 855.641 1297.68 
681.455 853.634 1297.68 
651.844 854.263 1297.68 
696.604 842.641 1297.68 
651.272 854.008 1297.68 
681.989 853.237 1297.68 
650.03 853.878 1297.68 
650.658 853.878 1297.68 
648.844 854.263 1297.68 
649.417 854.008 1297.68 
647.917 855.098 1297.68 
648.337 854.632 1297.68 
647.41 856.238 1297.68 
647.604 855.642 1297.68 
652.353 913.09 1297.68 
647.345 910.861 1297.68 
648.337 913.091 1297.68 
647.918 912.625 1297.68 
651.272 913.714 1297.68 
651.846 913.459 1297.68 
671.545 872.202 1297.68 
665.63 861.008 1297.68 
667.444 862.64 1297.68 
672.603 871.574 1297.68 
667.638 863.237 1297.68 
671.685 864.281 1297.68 
680.664 856.068 1297.68 
675.733 871.138 1297.68 
673.445 869.331 1297.68 
673.32 868.726 1297.68 
685.393 871.082 1297.68 
685.662 870.391 1297.68 
686.353 870.121 1297.68 
671.132 866.866 1297.68 
671.729 867.03 1297.68 
670.321 872.305 1297.68 
667.501 882.369 1297.68 
669.722 872.15 1297.68 
670.939 872.323 1297.68 
672.11 871.948 1297.68 
678.404 873.81 1297.68 
673.432 869.949 1297.68 
693.397 877.106 1297.68 
677.958 873.364 1297.68 
684.716 886.016 1297.68 
687.551 883.849 1297.68 
680.899 874.601 1297.68 
681.599 874.509 1297.68 
687.36 884.437 1297.68 
682.809 873.81 1297.68 
692.341 878.209 1297.68 
691.487 879.473 1297.68 
690.906 866.537 1297.68 
691.469 866.205 1297.68 
695.987 875.511 1297.68 
694.624 876.198 1297.68 
703.529 873.472 1297.68 
698.963 874.869 1297.68 
696.229 862.553 1297.68 
704.029 873.109 1297.68 
703.339 874.06 1297.68 
700.487 874.934 1297.68 
696.711 862.076 1297.68 
697.25 860.846 1297.68 
696.48 859.289 1297.68 
696.104 858.715 1297.68 
711.473 856.938 1297.68 
697.275 860.169 1297.68 
697.043 895.038 1297.78 
696.537 895.526 1297.68 
696.212 895.189 1297.68 
722.811 890.013 1297.68 
721.871 889.041 1297.68 
722.112 888.809 1297.68 
721.761 889.147 1297.68 
690.571 900.431 1297.68 
694.653 897.032 1297.78 
694.87 897.047 1297.68 
694.758 896.93 1297.68 
693.497 898.147 1297.78 
693.204 898.868 1297.68 
693.808 898.966 1297.68 
693.279 899.477 1297.68 
707.321 889.893 1297.68 
707.13 890.481 1297.68 
705.844 890.087 1297.68 
690.345 883.861 1297.68 
689.36 884.436 1297.68 
701.979 875.255 1297.68 
703.53 874.648 1297.68 
688.669 883.486 1297.68 
690.474 882.341 1297.68 
689.169 883.849 1297.68 
682.25 874.239 1297.68 
688.051 883.486 1297.68 
697.026 894.197 1297.68 
707.821 891.432 1297.68 
707.545 880.152 1297.68 
709.73 878.999 1297.68 
710.256 879.38 1297.68 
708.054 881.592 1297.68 
705.841 877.632 1297.68 
707.321 891.069 1297.68 
697.415 893.897 1297.68 
697.449 892.659 1297.68 
690.576 890.956 1297.68 
704.698 891.096 1297.68 
708.312 883.097 1297.68 
704.03 875.011 1297.68 
697.448 875.063 1297.68 
686.945 869.674 1297.68 
690.859 880.864 1297.68 
684.945 871.674 1297.68 
700.094 853.16 1302.44 
710.942 855.834 1302.44 
700.558 852.743 1302.44 
729.618 900.35 1302.44 
731.559 902.097 1302.44 
731.979 901.631 1302.44 
744.191 880.145 1302.44 
732.095 882.562 1302.44 
732.558 882.98 1302.44 
697.13 859.508 1302.44 
697.275 860.17 1302.44 
711.145 856.416 1302.44 
729.402 891.953 1302.44 
728.643 889.901 1302.44 
728.732 890.541 1302.44 
713.623 857.973 1302.44 
705.148 873.472 1302.44 
722.049 866.012 1302.44 
710.942 854.61 1302.44 
700.812 852.173 1302.44 
650.658 913.845 1302.44 
650.03 913.844 1302.44 
643.345 928.861 1302.44 
710.099 911.938 1302.44 
709.453 911.842 1302.44 
701.772 922.098 1302.44 
678.404 873.81 1302.44 
677.482 873.84 1302.44 
678.963 874.239 1302.44 
688.84 890.255 1302.44 
689.402 890.987 1302.44 
689.984 890.78 1302.44 
681.384 888.572 1302.44 
679.614 874.509 1302.44 
668.812 883.55 1302.44 
667.445 902.642 1302.44 
667.638 903.238 1302.44 
672.623 901.438 1302.44 
698.963 874.869 1302.44 
703.53 873.472 1302.44 
696.229 862.553 1302.44 
705.361 905.417 1302.44 
705.767 904.907 1302.44 
694.101 896.861 1302.44 
724.496 888.767 1302.44 
720.119 892.193 1302.44 
720.799 892.337 1302.44 
697.974 852.471 1302.44 
691.093 851.424 1302.44 
696.163 858.031 1302.44 
698.341 852.976 1302.44 
698.881 853.287 1302.44 
671.438 866.371 1302.44 
671.331 865.66 1302.44 
670.515 866.839 1302.44 
711.473 856.938 1302.44 
696.104 858.715 1302.44 
696.48 859.289 1302.44 
722.871 864.881 1302.44 
723.472 864.513 1302.44 
715.773 856.938 1302.44 
697.845 851.861 1302.44 
697.975 851.251 1302.44 
698.341 850.746 1302.44 
697.337 846.09 1302.44 
726.984 848.35 1302.44 
716.101 854.03 1302.44 
716.304 854.612 1302.44 
696.917 845.624 1302.44 
690.624 850.948 1302.44 
699.659 840.878 1302.44 
699.345 838.861 1302.44 
699.032 840.878 1302.44 
680.627 855.404 1302.44 
679.475 856.459 1302.44 
680.047 856.194 1302.44 
697.338 841.631 1302.44 
696.918 842.097 1302.44 
697.845 841.263 1302.44 
653.085 855.641 1302.44 
664.391 860.878 1302.44 
652.772 855.098 1302.44 
643.345 838.861 1302.44 
681.456 853.633 1302.44 
681.989 853.237 1302.44 
680.753 854.751 1302.44 
678.98 856.85 1302.44 
680.664 856.068 1302.44 
681.035 854.149 1302.44 
673.32 868.726 1302.44 
673.445 869.332 1302.44 
675.733 871.138 1302.44 
663.777 861.008 1302.44 
653.279 856.238 1302.44 
663.204 861.263 1302.44 
664.39 866.845 1302.44 
668.082 870.402 1302.44 
667.965 869.794 1302.44 
667.13 865.625 1302.44 
669.339 867.197 1302.44 
667.444 865.082 1302.44 
662.697 861.631 1302.44 
653.345 856.862 1302.44 
653.279 857.485 1302.44 
671.133 866.866 1302.44 
671.729 867.03 1302.44 
675.257 871.614 1302.44 
673 871.101 1302.44 
672.602 871.575 1302.44 
666.341 882.746 1302.44 
668.701 871.464 1302.44 
668.331 870.968 1302.44 
667.638 864.486 1302.44 
669.907 866.952 1302.44 
666.711 866.091 1302.44 
668.436 868.031 1302.44 
668.841 867.563 1302.44 
653.085 858.081 1302.44 
661.963 862.641 1302.44 
662.277 862.097 1302.44 
661.704 863.86 1302.44 
652.351 859.091 1302.44 
651.844 859.459 1302.44 
662.276 865.624 1302.44 
650.658 859.845 1302.44 
650.03 859.844 1302.44 
647.41 857.484 1302.44 
647.345 856.861 1302.44 
671.388 896.243 1302.44 
674.054 894.655 1302.44 
674.23 894.062 1302.44 
665.017 866.845 1302.44 
667.987 869.176 1302.44 
647.411 910.237 1302.44 
680.163 901.795 1302.44 
683.874 910.021 1302.44 
684.455 909.818 1302.44 
692.927 897.242 1302.44 
692.402 896.86 1302.44 
686.827 896.682 1302.44 
651.846 908.263 1302.44 
652.353 908.632 1302.44 
661.704 903.86 1302.44 
684.226 886.392 1302.44 
672.109 871.948 1302.44 
668.095 882.562 1302.44 
668.558 882.98 1302.44 
673.281 870.55 1302.44 
671.545 872.202 1302.44 
673.432 869.951 1302.44 
670.639 898.443 1302.44 
670.933 897.801 1302.44 
670.722 897.212 1302.44 
652.351 913.091 1302.44 
682.916 914.213 1302.44 
665.017 906.845 1302.44 
661.769 903.237 1302.44 
677.958 873.364 1302.44 
692.202 896.243 1302.44 
687.318 896.305 1302.44 
701.352 921.632 1302.44 
700.558 916.743 1302.44 
700.845 921.263 1302.44 
688.669 885.388 1302.44 
687.395 886.809 1302.44 
690.859 886.858 1302.44 
708.855 911.581 1302.44 
700.812 916.173 1302.44 
700.489 874.934 1302.44 
703.339 874.06 1302.44 
690.905 866.538 1302.44 
689.082 867.537 1302.44 
695.99 875.51 1302.44 
694.627 876.196 1302.44 
685.393 871.082 1302.44 
686.353 870.121 1302.44 
685.662 870.391 1302.44 
690.278 866.725 1302.44 
690.969 892.064 1302.44 
690.619 892.573 1302.44 
690.825 893.156 1302.44 
689.626 866.756 1302.44 
692.403 895.626 1302.44 
692.928 895.245 1302.44 
690.65 893.749 1302.44 
706.802 878.823 1302.44 
709.53 878.381 1302.44 
709.73 877.764 1302.44 
690.953 891.446 1302.44 
693.397 890.616 1302.44 
692.341 889.513 1302.44 
691.487 888.249 1302.44 
688.798 888.637 1302.44 
665.63 866.714 1302.44 
661.963 902.641 1302.44 
650.659 907.878 1302.44 
651.272 908.008 1302.44 
648.337 859.09 1302.44 
647.917 858.624 1302.44 
647.918 909.097 1302.44 
647.605 909.64 1302.44 
647.604 858.08 1302.44 
649.417 859.714 1302.44 
665.975 883.251 1302.44 
648.337 908.632 1302.44 
648.845 908.263 1302.44 
648.844 859.459 1302.44 
669.172 871.864 1302.44 
666.882 882.434 1302.44 
661.769 863.237 1302.44 
651.846 854.263 1302.44 
652.353 854.632 1302.44 
671.685 864.28 1302.44 
667.638 863.238 1302.44 
667.704 863.861 1302.44 
665.018 860.878 1302.44 
672.121 863.708 1302.44 
667.445 862.642 1302.44 
666.204 861.263 1302.44 
666.711 861.632 1302.44 
651.272 854.008 1302.44 
650.032 853.877 1302.44 
650.659 853.878 1302.44 
648.845 854.263 1302.44 
649.419 854.008 1302.44 
647.918 855.097 1302.44 
648.337 854.632 1302.44 
647.411 856.237 1302.44 
647.605 855.64 1302.44 
686.426 886.143 1302.44 
687.36 884.437 1302.44 
685.334 886 1302.44 
647.604 912.08 1302.44 
647.41 911.484 1302.44 
647.345 910.861 1302.44 
648.337 913.09 1302.44 
647.917 912.624 1302.44 
649.417 913.714 1302.44 
648.844 913.459 1302.44 
651.844 913.459 1302.44 
651.272 913.714 1302.44 
663.203 906.459 1302.44 
653.345 910.862 1302.44 
653.279 911.485 1302.44 
683.351 914.649 1302.44 
667.704 903.861 1302.44 
674.402 903.756 1302.44 
674.198 903.08 1302.44 
675.002 904.129 1302.44 
682.316 912.499 1302.44 
676.213 904.368 1302.44 
671.444 899.492 1302.44 
667.131 902.098 1302.44 
677.562 891.505 1302.44 
668.558 884.743 1302.44 
668.094 885.16 1302.44 
666.881 885.287 1302.44 
664.391 900.878 1302.44 
670.898 896.619 1302.44 
674.26 895.237 1302.44 
672.006 896.227 1302.44 
672.515 896.577 1302.44 
649.419 908.008 1302.44 
650.032 907.877 1302.44 
665.974 884.471 1302.44 
667.501 885.353 1302.44 
661.769 864.484 1302.44 
651.272 859.714 1302.44 
670.844 899.119 1302.44 
666.204 901.263 1302.44 
665.845 883.861 1302.44 
694.624 891.524 1302.44 
690.159 894.125 1302.44 
672.418 900.762 1302.44 
708.345 911.175 1302.44 
700.558 914.98 1302.44 
700.812 915.55 1302.44 
727.226 900.783 1302.44 
723.838 903.394 1302.44 
727.846 900.886 1302.44 
742.968 894.908 1302.44 
730.471 896.969 1302.44 
734.914 901.008 1302.44 
726.136 900.177 1302.44 
725.722 899.705 1302.44 
723.621 901.493 1302.44 
689.542 894.141 1302.44 
689.032 893.791 1302.44 
687.287 895.13 1302.44 
689.19 889.746 1302.44 
682.877 899.254 1302.44 
682.368 898.904 1302.44 
680.623 900.244 1302.44 
694.102 895.626 1302.44 
697.448 892.659 1302.44 
695.987 892.211 1302.44 
683.872 914.976 1302.44 
696.604 925.081 1302.44 
684.454 915.18 1302.44 
700.094 917.16 1302.44 
700.273 921.008 1302.44 
699.501 917.353 1302.44 
706.752 928.247 1302.44 
702.279 923.238 1302.44 
702.345 923.861 1302.44 
705.077 907.309 1302.44 
699.502 914.369 1302.44 
705.317 907.917 1302.44 
705.705 908.442 1302.44 
705.004 906.661 1302.44 
698.882 914.434 1302.44 
713.956 926.423 1302.44 
702.086 922.642 1302.44 
693.576 897.242 1302.44 
687.217 910.785 1302.44 
697.845 915.861 1302.44 
697.975 915.251 1302.44 
687.747 913.111 1302.44 
687.816 912.5 1302.44 
699.659 920.878 1302.44 
699.032 920.878 1302.44 
711.908 857.373 1302.44 
697.25 860.847 1302.44 
732.391 873.673 1302.44 
742.968 872.814 1302.44 
732.548 873.049 1302.44 
723.86 902.101 1302.44 
740.555 901.937 1302.44 
736.413 902.098 1302.44 
736.727 902.642 1302.44 
723.706 885.277 1302.44 
725.317 884.566 1302.44 
724.194 884.829 1302.44 
710.256 877.383 1302.44 
705.148 874.648 1302.44 
732.452 853.383 1302.44 
733.059 861.008 1302.44 
733.673 860.878 1302.44 
697.058 861.496 1302.44 
704.648 873.109 1302.44 
696.71 862.077 1302.44 
708.055 881.594 1302.44 
710.255 879.38 1302.44 
707.546 880.155 1302.44 
680.899 874.601 1302.44 
680.314 874.601 1302.44 
684.717 886.016 1302.44 
677.291 902.8 1302.44 
677.497 903.383 1302.44 
679.545 901.811 1302.44 
662.277 902.097 1302.44 
670.938 872.323 1302.44 
667.502 882.369 1302.44 
670.319 872.305 1302.44 
672.712 900.119 1302.44 
683.985 898.862 1302.44 
685.679 909.818 1302.44 
686.26 910.021 1302.44 
672.141 899.375 1302.44 
674.491 902.438 1302.44 
673.223 901.811 1302.44 
661.963 905.081 1302.44 
652.772 909.098 1302.44 
653.085 909.641 1302.44 
661.769 904.484 1302.44 
698.341 916.976 1302.44 
697.845 921.263 1302.44 
698.418 921.008 1302.44 
673.92 901.693 1302.44 
662.696 906.09 1302.44 
662.276 905.624 1302.44 
653.279 910.238 1302.44 
682.588 913.691 1302.44 
665.63 906.714 1302.44 
686.781 914.649 1302.44 
697.974 916.471 1302.44 
687.216 914.214 1302.44 
696.604 922.641 1302.44 
696.918 922.097 1302.44 
675.704 904.018 1302.44 
677.321 903.976 1302.44 
683.495 899.238 1302.44 
685.067 909.749 1302.44 
679.036 901.461 1302.44 
686.781 910.349 1302.44 
680.829 900.826 1302.44 
698.881 917.287 1302.44 
687.544 911.306 1302.44 
698.341 914.746 1302.44 
684.161 898.27 1302.44 
685.7 896.348 1302.44 
683.955 897.687 1302.44 
686.209 896.698 1302.44 
680.653 901.419 1302.44 
677.386 892.098 1302.44 
675.338 893.67 1302.44 
677.593 892.681 1302.44 
680.718 889.541 1302.44 
678.67 891.113 1302.44 
680.925 890.124 1302.44 
687.493 895.713 1302.44 
684.05 886.984 1302.44 
682.002 888.556 1302.44 
687.019 886.319 1302.44 
688.051 885.388 1302.44 
687.551 885.024 1302.44 
690.577 890.956 1302.44 
690.474 885.381 1302.44 
689.169 885.025 1302.44 
707.545 887.57 1302.44 
706.8 888.902 1302.44 
707.821 889.53 1302.44 
689.174 889.128 1302.44 
690.345 883.861 1302.44 
689.36 884.437 1302.44 
688.205 888.462 1302.44 
687.411 887.427 1302.44 
687.061 887.936 1302.44 
687.622 888.668 1302.44 
691.469 866.205 1302.44 
693.4 877.104 1302.44 
685.843 886.35 1302.44 
691.489 879.47 1302.44 
692.344 878.206 1302.44 
682.809 873.81 1302.44 
681.597 874.509 1302.44 
687.551 883.849 1302.44 
684.257 887.567 1302.44 
682.511 888.906 1302.44 
674.72 893.686 1302.44 
678.052 891.129 1302.44 
680.894 888.949 1302.44 
679.179 891.463 1302.44 
675.847 894.02 1302.44 
665.018 900.878 1302.44 
665.632 901.008 1302.44 
676.831 904.352 1302.44 
682.589 911.305 1302.44 
682.916 910.784 1302.44 
664.39 906.845 1302.44 
652.771 912.625 1302.44 
663.776 906.714 1302.44 
653.085 912.081 1302.44 
696.41 923.237 1302.44 
685.677 915.18 1302.44 
696.345 923.86 1302.44 
685.066 915.249 1302.44 
696.41 924.484 1302.44 
697.338 921.631 1302.44 
687.544 913.693 1302.44 
687.748 911.888 1302.44 
705.1 906.016 1302.44 
683.352 910.348 1302.44 
682.386 911.886 1302.44 
708.939 889.893 1302.44 
709.13 890.481 1302.44 
717.904 884.344 1302.44 
728.806 883.013 1302.44 
730.341 882.746 1302.44 
730.882 882.434 1302.44 
721.172 885.599 1302.44 
721.815 885.758 1302.44 
711.88 911.237 1302.44 
713.522 910.346 1302.44 
713.174 909.987 1302.44 
734.3 900.878 1302.44 
730.672 897.565 1302.44 
730.732 898.19 1302.44 
730.077 899.921 1302.44 
710.747 911.864 1302.44 
720.762 923.437 1302.44 
724.77 899.404 1302.44 
725.426 899.152 1302.44 
714.631 911.013 1302.44 
714.032 910.752 1302.44 
730.986 903.86 1302.44 
731.051 903.237 1302.44 
732.452 914.339 1302.44 
723.171 904.503 1302.44 
717.057 910.408 1302.44 
733.059 901.008 1302.44 
733.673 900.878 1302.44 
730.649 898.812 1302.44 
732.486 901.263 1302.44 
730.427 899.4 1302.44 
735.993 901.632 1302.44 
736.92 903.238 1302.44 
736.986 903.861 1302.44 
729.34 895.488 1302.44 
729.698 895.99 1302.44 
729.746 894.978 1302.44 
730.006 894.379 1302.44 
730.141 896.435 1302.44 
730.103 893.733 1302.44 
729.165 895.657 1302.44 
723.121 885.593 1302.44 
725.014 888.382 1302.44 
730.029 893.085 1302.44 
729.79 892.478 1302.44 
728.655 891.18 1302.44 
744.191 887.577 1302.44 
731.501 885.353 1302.44 
728.393 889.307 1302.44 
727.488 888.403 1302.44 
730.881 885.287 1302.44 
730.341 884.976 1302.44 
727.383 884.511 1302.44 
726.707 884.712 1302.44 
726.892 888.153 1302.44 
726.254 888.065 1302.44 
727.999 888.796 1302.44 
732.094 885.16 1302.44 
724.56 884.275 1302.44 
716.351 880.856 1302.44 
711.63 878.382 1302.44 
711.429 878.999 1302.44 
719.427 892.242 1302.44 
718.211 892.889 1302.44 
718.774 892.48 1302.44 
716.187 881.541 1302.44 
710.904 879.38 1302.44 
716.205 882.245 1302.44 
717.284 884.008 1302.44 
727.984 884.144 1302.44 
693.577 895.245 1302.44 
698.963 892.853 1302.44 
694.302 896.244 1302.44 
700.095 914.562 1302.44 
715.276 911.109 1302.44 
711.355 911.625 1302.44 
716.532 910.796 1302.44 
715.924 911.035 1302.44 
726.647 900.543 1302.44 
723.934 902.749 1302.44 
726.984 919.372 1302.44 
729.074 900.664 1302.44 
731.245 902.641 1302.44 
728.473 900.845 1302.44 
724.07 899.465 1302.44 
723.233 900.968 1302.44 
722.886 900.609 1302.44 
696.345 843.86 1302.44 
696.41 843.237 1302.44 
688.744 850.376 1302.44 
716.1 856.417 1302.44 
724.148 864.313 1302.44 
700.095 850.562 1302.44 
700.271 846.714 1302.44 
699.502 850.369 1302.44 
699.501 853.353 1302.44 
710.873 855.223 1302.44 
714.234 857.904 1302.44 
722.386 865.392 1302.44 
713.011 852.542 1302.44 
713.956 841.299 1302.44 
712.431 852.745 1302.44 
713.624 852.473 1302.44 
714.236 852.542 1302.44 
720.762 844.285 1302.44 
689.412 850.407 1302.44 
699.031 846.845 1302.44 
698.417 846.714 1302.44 
698.882 850.434 1302.44 
700.845 841.263 1302.44 
701.352 841.632 1302.44 
706.752 839.475 1302.44 
690.051 850.602 1302.44 
731.502 882.369 1302.44 
732.812 884.173 1302.44 
732.558 884.743 1302.44 
732.812 883.55 1302.44 
711.429 877.764 1302.44 
725.613 888.143 1302.44 
726.002 884.73 1302.44 
710.904 877.383 1302.44 
722.479 885.756 1302.44 
669.721 872.15 1302.44 
666.711 901.632 1302.44 
668.812 884.173 1302.44 
662.696 866.09 1302.44 
661.963 865.081 1302.44 
735.993 861.632 1302.44 
737.017 859.248 1302.44 
735.486 861.263 1302.44 
731.039 869.319 1302.44 
733.058 866.714 1302.44 
730.536 868.31 1302.44 
705.339 874.06 1302.44 
714.816 857.701 1302.44 
716.373 855.224 1302.44 
729.975 883.251 1302.44 
708.312 884.625 1302.44 
716.773 883.522 1302.44 
716.405 882.922 1302.44 
708.054 886.13 1302.44 
708.439 889.53 1302.44 
708.439 891.432 1302.44 
729.974 884.471 1302.44 
729.845 883.861 1302.44 
728.469 883.632 1302.44 
732.553 872.405 1302.44 
732.406 871.778 1302.44 
734.912 866.714 1302.44 
731.878 870.42 1302.44 
731.978 866.09 1302.44 
730.473 867.649 1302.44 
732.485 866.459 1302.44 
731.53 869.815 1302.44 
733.672 866.845 1302.44 
730.436 868.966 1302.44 
730.251 867.024 1302.44 
731.558 865.624 1302.44 
729.883 866.471 1302.44 
731.245 865.081 1302.44 
731.051 863.237 1302.44 
728.805 865.713 1302.44 
730.986 863.86 1302.44 
731.051 864.484 1302.44 
725.538 864.459 1302.44 
731.245 862.641 1302.44 
734.914 861.008 1302.44 
729.391 866.026 1302.44 
711.473 853.508 1302.44 
711.909 853.073 1302.44 
700.812 851.55 1302.44 
724.853 864.295 1302.44 
716.304 855.835 1302.44 
712.429 857.7 1302.44 
713.011 857.904 1302.44 
715.337 857.373 1302.44 
715.774 853.509 1302.44 
714.816 852.746 1302.44 
715.338 853.074 1302.44 
701.771 845.625 1302.44 
702.085 845.082 1302.44 
701.352 846.091 1302.44 
700.558 850.98 1302.44 
700.844 846.459 1302.44 
711.146 854.029 1302.44 
736.412 905.625 1302.44 
737.017 908.474 1302.44 
736.726 905.082 1302.44 
735.486 901.263 1302.44 
733.672 906.845 1302.44 
731.558 905.624 1302.44 
731.245 905.081 1302.44 
723.577 903.993 1302.44 
731.051 904.484 1302.44 
731.978 906.09 1302.44 
733.058 906.714 1302.44 
732.485 906.459 1302.44 
734.912 906.714 1302.44 
734.299 906.845 1302.44 
735.993 906.091 1302.44 
735.485 906.459 1302.44 
736.92 904.486 1302.44 
740.555 865.785 1302.44 
736.92 863.238 1302.44 
736.986 863.861 1302.44 
736.727 862.642 1302.44 
736.413 862.098 1302.44 
731.979 861.631 1302.44 
731.559 862.097 1302.44 
734.3 860.878 1302.44 
732.486 861.263 1302.44 
735.485 866.459 1302.44 
734.299 866.845 1302.44 
735.993 866.091 1302.44 
736.726 865.082 1302.44 
736.412 865.625 1302.44 
736.92 864.486 1302.44 
697.844 846.459 1302.44 
702.279 844.486 1302.44 
702.086 842.642 1302.44 
702.279 843.238 1302.44 
702.345 843.861 1302.44 
701.772 842.098 1302.44 
700.273 841.008 1302.44 
696.604 842.641 1302.44 
688.088 850.51 1302.44 
698.418 841.008 1302.44 
696.41 844.484 1302.44 
696.604 845.081 1302.44 
699.658 846.845 1302.44 
671.415 864.946 1302.44 
668.147 868.579 1302.44 
666.203 866.459 1302.44 
667.131 862.098 1302.44 
665.632 861.008 1302.44 
652.771 858.625 1302.44 
663.776 866.714 1302.44 
663.203 866.459 1302.44 
666.711 906.091 1302.44 
666.203 906.459 1302.44 
662.697 901.631 1302.44 
663.777 901.008 1302.44 
666.341 884.976 1302.44 
663.204 901.263 1302.44 
682.385 913.11 1302.44 
667.13 905.625 1302.44 
667.638 904.486 1302.44 
667.444 905.082 1302.44 
699.031 926.845 1302.44 
699.345 928.861 1302.44 
699.658 926.845 1302.44 
697.337 926.09 1302.44 
696.917 925.624 1302.44 
686.259 914.977 1302.44 
698.417 926.714 1302.44 
697.844 926.459 1302.44 
700.271 926.714 1302.44 
700.844 926.459 1302.44 
701.771 925.625 1302.44 
701.352 926.091 1302.44 
702.279 924.486 1302.44 
702.085 925.082 1302.44 
707.321 889.893 1302.44 
705.841 890.09 1302.44 
707.13 890.481 1302.44 
701.982 875.256 1302.44 
703.398 875.826 1302.44 
703.529 874.648 1302.44 
705.844 877.635 1302.44 
682.249 874.239 1302.44 
688.051 883.486 1302.44 
700.487 892.788 1302.44 
707.82 891.432 1302.44 
708.939 891.069 1302.44 
704.648 875.011 1302.44 
704.698 876.626 1302.44 
704.03 873.109 1302.44 
709.73 878.998 1302.44 
689.169 883.849 1302.44 
690.474 882.339 1302.44 
688.669 883.486 1302.44 
707.321 891.069 1302.44 
704.695 891.098 1302.44 
703.395 891.898 1302.44 
701.979 892.467 1302.44 
708.312 883.098 1302.44 
704.029 875.011 1302.44 
697.449 875.063 1302.44 
686.945 869.674 1302.44 
690.86 880.861 1302.44 
684.945 871.674 1302.44 
744.191 887.577 1297.68 
744.191 880.145 1302.44 
744.191 887.577 1302.44 
742.968 894.908 1302.44 
742.968 894.908 1297.68 
740.555 901.937 1302.44 
740.555 901.937 1297.68 
737.017 908.474 1297.68 
737.017 908.474 1302.44 
732.452 914.339 1302.44 
732.452 914.339 1297.68 
726.984 919.372 1302.44 
726.984 919.372 1297.68 
720.762 923.437 1297.68 
720.762 923.437 1302.44 
713.956 926.423 1302.44 
713.956 926.423 1297.68 
706.752 928.247 1302.44 
706.752 928.247 1297.68 
699.345 928.861 1297.68 
699.345 928.861 1302.44 
744.191 880.145 1297.68 
742.968 872.814 1302.44 
742.968 872.814 1297.68 
740.555 865.785 1297.68 
740.555 865.785 1302.44 
737.017 859.248 1297.68 
737.017 859.248 1302.44 
732.452 853.383 1302.44 
732.452 853.383 1297.68 
726.984 848.35 1297.68 
726.984 848.35 1302.44 
720.762 844.285 1297.68 
720.762 844.285 1302.44 
713.956 841.299 1302.44 
713.956 841.299 1297.68 
706.752 839.475 1297.68 
706.752 839.475 1302.44 
699.345 838.861 1302.44 
699.345 838.861 1297.68 
699.345 928.861 1302.44 
643.345 928.861 1302.44 
643.345 928.861 1297.68 
699.345 928.861 1297.68 
643.345 928.861 1302.44 
643.345 838.861 1302.44 
643.345 838.861 1297.68 
643.345 928.861 1297.68 
699.345 838.861 1297.68 
643.345 838.861 1302.44 
699.345 838.861 1302.44 
643.345 838.861 1297.68 
647.604 855.642 1297.68 
647.605 855.64 1302.44 
647.411 856.237 1302.44 
647.345 856.861 1302.44 
647.345 856.861 1297.68 
647.41 856.238 1297.68 
648.337 854.632 1302.44 
648.844 854.263 1297.68 
648.845 854.263 1302.44 
648.337 854.632 1297.68 
647.918 855.097 1302.44 
647.917 855.098 1297.68 
650.658 853.878 1297.68 
650.659 853.878 1302.44 
650.032 853.877 1302.44 
650.03 853.878 1297.68 
649.419 854.008 1302.44 
649.417 854.008 1297.68 
652.353 854.632 1302.44 
651.846 854.263 1302.44 
652.351 854.631 1297.68 
651.272 854.008 1302.44 
651.272 854.008 1297.68 
651.844 854.263 1297.68 
653.085 855.641 1302.44 
653.279 856.237 1297.68 
653.279 856.238 1302.44 
652.771 855.097 1297.68 
653.085 855.641 1297.68 
652.772 855.098 1302.44 
653.085 858.081 1297.68 
653.085 858.081 1302.44 
653.279 857.485 1302.44 
653.279 857.484 1297.68 
653.345 856.862 1302.44 
653.345 856.86 1297.68 
651.844 859.459 1302.44 
652.351 859.091 1302.44 
651.846 859.459 1297.68 
652.771 858.625 1302.44 
652.772 858.624 1297.68 
652.353 859.09 1297.68 
650.658 859.845 1302.44 
650.032 859.845 1297.68 
650.03 859.844 1302.44 
651.272 859.714 1297.68 
650.659 859.845 1297.68 
651.272 859.714 1302.44 
649.417 859.714 1302.44 
649.419 859.714 1297.68 
648.845 859.459 1297.68 
648.844 859.459 1302.44 
648.337 859.091 1297.68 
648.337 859.09 1302.44 
647.917 858.624 1302.44 
647.918 858.625 1297.68 
647.605 858.082 1297.68 
647.604 858.08 1302.44 
647.411 857.486 1297.68 
647.41 857.484 1302.44 
647.604 909.642 1297.68 
647.605 909.64 1302.44 
647.411 910.237 1302.44 
647.345 910.861 1302.44 
647.345 910.861 1297.68 
647.41 910.238 1297.68 
648.337 908.632 1302.44 
648.844 908.263 1297.68 
648.845 908.263 1302.44 
648.337 908.632 1297.68 
647.918 909.097 1302.44 
647.917 909.098 1297.68 
650.658 907.878 1297.68 
650.659 907.878 1302.44 
650.032 907.877 1302.44 
650.03 907.878 1297.68 
649.419 908.008 1302.44 
649.417 908.008 1297.68 
652.353 908.632 1302.44 
651.846 908.263 1302.44 
652.351 908.631 1297.68 
651.272 908.008 1302.44 
651.272 908.008 1297.68 
651.844 908.263 1297.68 
653.085 909.641 1302.44 
653.279 910.237 1297.68 
653.279 910.238 1302.44 
652.771 909.097 1297.68 
653.085 909.641 1297.68 
652.772 909.098 1302.44 
653.085 912.081 1297.68 
653.085 912.081 1302.44 
653.279 911.485 1302.44 
653.279 911.484 1297.68 
653.345 910.862 1302.44 
653.345 910.86 1297.68 
651.844 913.459 1302.44 
652.351 913.091 1302.44 
651.846 913.459 1297.68 
652.771 912.625 1302.44 
652.772 912.624 1297.68 
652.353 913.09 1297.68 
650.658 913.845 1302.44 
650.032 913.845 1297.68 
650.03 913.844 1302.44 
651.272 913.714 1297.68 
650.659 913.845 1297.68 
651.272 913.714 1302.44 
649.417 913.714 1302.44 
649.419 913.714 1297.68 
648.845 913.459 1297.68 
648.844 913.459 1302.44 
648.337 913.091 1297.68 
648.337 913.09 1302.44 
647.917 912.624 1302.44 
647.918 912.625 1297.68 
647.605 912.082 1297.68 
647.604 912.08 1302.44 
647.411 911.486 1297.68 
647.41 911.484 1302.44 
696.104 858.715 1302.44 
696.104 858.715 1297.68 
696.48 859.289 1302.44 
696.163 858.031 1297.68 
696.163 858.031 1302.44 
696.48 859.289 1297.68 
697.13 859.508 1302.44 
697.13 859.508 1297.68 
696.71 862.077 1302.44 
696.229 862.553 1297.68 
696.229 862.553 1302.44 
697.275 860.17 1302.44 
697.25 860.846 1297.68 
697.25 860.847 1302.44 
697.058 861.496 1302.44 
697.058 861.495 1297.68 
696.711 862.076 1297.68 
697.13 859.508 1302.44 
697.13 859.508 1297.68 
697.275 860.169 1297.68 
691.469 866.205 1297.68 
691.469 866.205 1302.44 
696.229 862.553 1302.44 
696.229 862.553 1297.68 
690.278 866.725 1302.44 
689.626 866.756 1297.68 
689.626 866.756 1302.44 
691.469 866.205 1302.44 
691.469 866.205 1297.68 
690.906 866.537 1297.68 
690.905 866.538 1302.44 
690.279 866.725 1297.68 
689.082 867.537 1297.68 
689.626 866.756 1302.44 
689.626 866.756 1297.68 
689.082 867.537 1302.44 
686.945 869.674 1297.68 
686.945 869.674 1302.44 
689.082 867.537 1302.44 
689.082 867.537 1297.68 
686.353 870.121 1302.44 
685.662 870.391 1297.68 
685.662 870.391 1302.44 
686.945 869.674 1302.44 
686.945 869.674 1297.68 
686.353 870.121 1297.68 
685.393 871.082 1302.44 
684.945 871.674 1297.68 
684.945 871.674 1302.44 
685.662 870.391 1302.44 
685.662 870.391 1297.68 
685.393 871.082 1297.68 
682.809 873.81 1297.68 
682.809 873.81 1302.44 
684.945 871.674 1302.44 
684.945 871.674 1297.68 
681.597 874.509 1302.44 
680.899 874.601 1297.68 
680.899 874.601 1302.44 
682.809 873.81 1302.44 
682.809 873.81 1297.68 
682.25 874.239 1297.68 
682.249 874.239 1302.44 
681.599 874.509 1297.68 
680.314 874.601 1297.68 
680.314 874.601 1302.44 
680.899 874.601 1302.44 
680.899 874.601 1297.68 
678.963 874.239 1302.44 
678.404 873.81 1297.68 
678.404 873.81 1302.44 
680.314 874.601 1302.44 
680.314 874.601 1297.68 
679.615 874.509 1297.68 
679.614 874.509 1302.44 
678.964 874.239 1297.68 
677.958 873.364 1297.68 
677.958 873.364 1302.44 
678.404 873.81 1302.44 
678.404 873.81 1297.68 
677.482 873.84 1297.68 
677.482 873.84 1302.44 
677.958 873.364 1302.44 
677.958 873.364 1297.68 
675.257 871.614 1297.68 
675.257 871.614 1302.44 
677.482 873.84 1302.44 
677.482 873.84 1297.68 
675.733 871.138 1297.68 
675.733 871.138 1302.44 
675.257 871.614 1302.44 
675.257 871.614 1297.68 
673.32 868.726 1297.68 
673.32 868.726 1302.44 
675.733 871.138 1302.44 
675.733 871.138 1297.68 
671.133 866.866 1302.44 
671.729 867.03 1297.68 
671.729 867.03 1302.44 
669.339 867.197 1302.44 
669.906 866.952 1297.68 
669.907 866.952 1302.44 
670.515 866.839 1302.44 
670.514 866.84 1297.68 
671.132 866.866 1297.68 
668.435 868.033 1297.68 
668.436 868.031 1302.44 
668.147 868.579 1302.44 
669.338 867.198 1297.68 
668.841 867.563 1302.44 
668.839 867.564 1297.68 
667.965 869.794 1302.44 
668.082 870.402 1302.44 
667.965 869.796 1297.68 
667.987 869.176 1302.44 
667.987 869.177 1297.68 
668.147 868.579 1297.68 
669.172 871.864 1302.44 
668.702 871.465 1297.68 
668.701 871.464 1302.44 
668.332 870.969 1297.68 
668.082 870.402 1297.68 
668.331 870.968 1302.44 
670.321 872.305 1297.68 
670.319 872.305 1302.44 
670.938 872.323 1302.44 
669.173 871.865 1297.68 
669.721 872.15 1302.44 
669.722 872.15 1297.68 
672.109 871.948 1302.44 
672.602 871.575 1302.44 
672.11 871.948 1297.68 
671.545 872.202 1302.44 
671.545 872.202 1297.68 
670.939 872.323 1297.68 
672.603 871.574 1297.68 
673 871.101 1302.44 
673.281 870.55 1302.44 
673 871.1 1297.68 
673.432 869.951 1302.44 
673.281 870.549 1297.68 
673.432 869.949 1297.68 
673.445 869.332 1302.44 
673.32 868.726 1302.44 
673.445 869.331 1297.68 
673.32 868.726 1297.68 
671.685 864.28 1302.44 
672.121 863.708 1297.68 
672.121 863.708 1302.44 
671.438 866.371 1302.44 
671.331 865.661 1297.68 
671.331 865.66 1302.44 
671.415 864.946 1302.44 
671.415 864.947 1297.68 
671.685 864.281 1297.68 
671.729 867.03 1302.44 
671.729 867.03 1297.68 
671.438 866.373 1297.68 
678.98 856.85 1297.68 
678.98 856.85 1302.44 
672.121 863.708 1302.44 
672.121 863.708 1297.68 
680.047 856.194 1302.44 
680.664 856.068 1297.68 
680.664 856.068 1302.44 
678.98 856.85 1302.44 
678.98 856.85 1297.68 
679.474 856.459 1297.68 
679.475 856.459 1302.44 
680.046 856.194 1297.68 
681.456 853.633 1302.44 
681.989 853.237 1297.68 
681.989 853.237 1302.44 
680.627 855.404 1302.44 
680.753 854.751 1297.68 
680.753 854.751 1302.44 
681.035 854.149 1302.44 
681.035 854.149 1297.68 
681.455 853.634 1297.68 
680.664 856.068 1302.44 
680.664 856.068 1297.68 
680.627 855.405 1297.68 
688.088 850.51 1297.68 
681.989 853.237 1302.44 
681.989 853.237 1297.68 
688.088 850.51 1302.44 
690.624 850.948 1302.44 
691.093 851.424 1297.68 
691.093 851.424 1302.44 
688.744 850.376 1302.44 
689.411 850.407 1297.68 
689.412 850.407 1302.44 
690.051 850.602 1302.44 
690.051 850.602 1297.68 
690.623 850.948 1297.68 
688.088 850.51 1302.44 
688.088 850.51 1297.68 
688.742 850.376 1297.68 
696.163 858.031 1297.68 
696.163 858.031 1302.44 
691.093 851.424 1302.44 
691.093 851.424 1297.68 
692.927 895.245 1297.68 
692.928 895.245 1302.44 
692.403 895.626 1302.44 
692.202 896.243 1302.44 
692.202 896.243 1297.68 
692.402 895.626 1297.68 
694.102 895.626 1302.44 
694.302 896.243 1297.68 
694.302 896.244 1302.44 
694.101 895.626 1297.68 
693.577 895.245 1302.44 
693.576 895.245 1297.68 
692.928 897.242 1297.68 
692.927 897.242 1302.44 
693.576 897.242 1302.44 
693.577 897.242 1297.68 
694.101 896.861 1302.44 
694.102 896.86 1297.68 
692.403 896.861 1297.68 
692.402 896.86 1302.44 
698.341 914.746 1297.68 
698.341 914.746 1302.44 
697.975 915.251 1302.44 
697.845 915.861 1302.44 
697.845 915.861 1297.68 
697.974 915.251 1297.68 
699.502 914.369 1302.44 
700.094 914.562 1297.68 
700.095 914.562 1302.44 
699.501 914.369 1297.68 
698.882 914.434 1302.44 
698.881 914.435 1297.68 
700.812 916.172 1297.68 
700.812 916.173 1302.44 
700.812 915.55 1302.44 
700.812 915.549 1297.68 
700.558 914.98 1302.44 
700.558 914.979 1297.68 
699.501 917.353 1302.44 
700.094 917.16 1302.44 
699.502 917.353 1297.68 
700.558 916.743 1302.44 
700.558 916.743 1297.68 
700.095 917.16 1297.68 
698.341 916.976 1297.68 
698.881 917.287 1302.44 
698.882 917.288 1297.68 
697.975 916.472 1297.68 
698.341 916.976 1302.44 
697.974 916.471 1302.44 
710.255 877.383 1297.68 
710.256 877.383 1302.44 
709.73 877.764 1302.44 
709.53 878.381 1302.44 
709.53 878.381 1297.68 
709.73 877.764 1297.68 
711.429 877.764 1302.44 
711.63 878.381 1297.68 
711.63 878.382 1302.44 
711.429 877.764 1297.68 
710.904 877.383 1302.44 
710.904 877.383 1297.68 
710.256 879.38 1297.68 
710.255 879.38 1302.44 
710.904 879.38 1302.44 
710.904 879.38 1297.68 
711.429 878.999 1302.44 
711.429 878.998 1297.68 
709.73 878.999 1297.68 
709.73 878.998 1302.44 
674.26 895.237 1297.68 
674.26 895.237 1302.44 
672.515 896.577 1302.44 
672.515 896.577 1297.68 
675.338 893.67 1302.44 
675.847 894.02 1297.68 
675.847 894.02 1302.44 
674.054 894.655 1302.44 
674.23 894.063 1297.68 
674.23 894.062 1302.44 
674.72 893.686 1302.44 
674.72 893.686 1297.68 
675.338 893.67 1297.68 
674.26 895.237 1302.44 
674.26 895.237 1297.68 
674.054 894.655 1297.68 
677.593 892.681 1297.68 
677.593 892.681 1302.44 
675.847 894.02 1302.44 
675.847 894.02 1297.68 
678.67 891.113 1302.44 
679.179 891.463 1297.68 
679.179 891.463 1302.44 
677.386 892.098 1302.44 
677.562 891.506 1297.68 
677.562 891.505 1302.44 
678.052 891.129 1302.44 
678.052 891.129 1297.68 
678.67 891.113 1297.68 
677.593 892.681 1302.44 
677.593 892.681 1297.68 
677.386 892.098 1297.68 
680.925 890.124 1297.68 
680.925 890.124 1302.44 
679.179 891.463 1302.44 
679.179 891.463 1297.68 
682.002 888.556 1302.44 
682.511 888.906 1297.68 
682.511 888.906 1302.44 
680.718 889.541 1302.44 
680.894 888.949 1297.68 
680.894 888.949 1302.44 
681.384 888.572 1302.44 
681.384 888.573 1297.68 
682.002 888.556 1297.68 
680.925 890.124 1302.44 
680.925 890.124 1297.68 
680.718 889.542 1297.68 
684.257 887.567 1297.68 
684.257 887.567 1302.44 
682.511 888.906 1302.44 
682.511 888.906 1297.68 
685.334 886 1302.44 
685.843 886.35 1297.68 
685.843 886.35 1302.44 
684.05 886.984 1302.44 
684.226 886.392 1297.68 
684.226 886.392 1302.44 
684.717 886.016 1302.44 
684.716 886.016 1297.68 
685.334 886 1297.68 
684.257 887.567 1302.44 
684.257 887.567 1297.68 
684.05 886.985 1297.68 
687.411 887.427 1302.44 
687.061 887.936 1297.68 
687.061 887.936 1302.44 
686.426 886.143 1302.44 
687.018 886.319 1297.68 
687.019 886.319 1302.44 
687.395 886.809 1302.44 
687.395 886.809 1297.68 
687.411 887.427 1297.68 
685.843 886.35 1302.44 
685.843 886.35 1297.68 
686.426 886.143 1297.68 
687.622 888.668 1297.68 
687.622 888.668 1302.44 
687.061 887.936 1302.44 
687.061 887.936 1297.68 
689.19 889.746 1302.44 
688.84 890.255 1297.68 
688.84 890.255 1302.44 
688.205 888.462 1302.44 
688.797 888.637 1297.68 
688.798 888.637 1302.44 
689.174 889.128 1302.44 
689.174 889.127 1297.68 
689.19 889.745 1297.68 
687.622 888.668 1302.44 
687.622 888.668 1297.68 
688.205 888.462 1297.68 
689.402 890.987 1297.68 
689.402 890.987 1302.44 
688.84 890.255 1302.44 
688.84 890.255 1297.68 
690.969 892.064 1302.44 
690.619 892.573 1297.68 
690.619 892.573 1302.44 
689.984 890.78 1302.44 
690.576 890.956 1297.68 
690.577 890.956 1302.44 
690.953 891.446 1302.44 
690.953 891.446 1297.68 
690.969 892.064 1297.68 
689.402 890.987 1302.44 
689.402 890.987 1297.68 
689.984 890.78 1297.68 
689.542 894.141 1302.44 
689.032 893.791 1297.68 
689.032 893.791 1302.44 
690.825 893.156 1302.44 
690.65 893.748 1297.68 
690.65 893.749 1302.44 
690.159 894.125 1302.44 
690.16 894.125 1297.68 
689.542 894.141 1297.68 
690.619 892.573 1302.44 
690.619 892.573 1297.68 
690.825 893.156 1297.68 
687.287 895.13 1297.68 
687.287 895.13 1302.44 
689.032 893.791 1302.44 
689.032 893.791 1297.68 
686.209 896.698 1302.44 
685.7 896.348 1297.68 
685.7 896.348 1302.44 
687.493 895.713 1302.44 
687.318 896.305 1297.68 
687.318 896.305 1302.44 
686.827 896.682 1302.44 
686.828 896.681 1297.68 
686.21 896.698 1297.68 
687.287 895.13 1302.44 
687.287 895.13 1297.68 
687.493 895.712 1297.68 
683.955 897.687 1297.68 
683.955 897.687 1302.44 
685.7 896.348 1302.44 
685.7 896.348 1297.68 
682.877 899.254 1302.44 
682.368 898.904 1297.68 
682.368 898.904 1302.44 
684.161 898.27 1302.44 
683.986 898.862 1297.68 
683.985 898.862 1302.44 
683.495 899.238 1302.44 
683.496 899.238 1297.68 
682.878 899.255 1297.68 
683.955 897.687 1302.44 
683.955 897.687 1297.68 
684.161 898.269 1297.68 
680.623 900.244 1297.68 
680.623 900.244 1302.44 
682.368 898.904 1302.44 
682.368 898.904 1297.68 
679.545 901.811 1302.44 
679.036 901.461 1297.68 
679.036 901.461 1302.44 
680.829 900.826 1302.44 
680.654 901.419 1297.68 
680.653 901.419 1302.44 
680.163 901.795 1302.44 
680.163 901.795 1297.68 
679.546 901.811 1297.68 
680.623 900.244 1302.44 
680.623 900.244 1297.68 
680.829 900.826 1297.68 
677.291 902.8 1297.68 
677.291 902.8 1302.44 
679.036 901.461 1302.44 
679.036 901.461 1297.68 
676.213 904.368 1302.44 
675.704 904.018 1297.68 
675.704 904.018 1302.44 
677.497 903.383 1302.44 
677.322 903.975 1297.68 
677.321 903.976 1302.44 
676.831 904.352 1302.44 
676.831 904.352 1297.68 
676.214 904.368 1297.68 
677.291 902.8 1302.44 
677.291 902.8 1297.68 
677.497 903.383 1297.68 
674.198 903.08 1302.44 
674.491 902.438 1297.68 
674.491 902.438 1302.44 
675.704 904.018 1302.44 
675.003 904.129 1297.68 
675.002 904.129 1302.44 
674.402 903.756 1302.44 
674.402 903.757 1297.68 
674.198 903.081 1297.68 
675.704 904.018 1297.68 
673.92 901.693 1297.68 
673.92 901.693 1302.44 
674.491 902.438 1302.44 
674.491 902.438 1297.68 
672.418 900.762 1302.44 
672.712 900.119 1297.68 
672.712 900.119 1302.44 
673.92 901.693 1302.44 
673.224 901.811 1297.68 
673.223 901.811 1302.44 
672.623 901.438 1302.44 
672.623 901.438 1297.68 
672.418 900.762 1297.68 
673.92 901.693 1297.68 
672.141 899.375 1297.68 
672.141 899.375 1302.44 
672.712 900.119 1302.44 
672.712 900.119 1297.68 
670.639 898.443 1302.44 
670.933 897.801 1297.68 
670.933 897.801 1302.44 
672.141 899.375 1302.44 
671.444 899.492 1297.68 
671.444 899.492 1302.44 
670.844 899.119 1302.44 
670.844 899.12 1297.68 
670.639 898.444 1297.68 
672.141 899.375 1297.68 
672.006 896.227 1302.44 
672.515 896.577 1297.68 
672.515 896.577 1302.44 
670.722 897.212 1302.44 
670.897 896.619 1297.68 
670.898 896.619 1302.44 
671.388 896.243 1302.44 
671.388 896.243 1297.68 
672.006 896.227 1297.68 
670.933 897.801 1302.44 
670.933 897.801 1297.68 
670.722 897.212 1297.68 
682.588 911.307 1297.68 
682.589 911.305 1302.44 
682.386 911.886 1302.44 
682.316 912.499 1302.44 
682.316 912.499 1297.68 
682.385 911.888 1297.68 
683.352 910.348 1302.44 
683.872 910.022 1297.68 
683.874 910.021 1302.44 
683.351 910.349 1297.68 
682.916 910.784 1302.44 
682.916 910.784 1297.68 
685.677 909.818 1297.68 
685.679 909.818 1302.44 
685.067 909.749 1302.44 
685.066 909.749 1297.68 
684.455 909.818 1302.44 
684.454 909.818 1297.68 
687.217 910.785 1302.44 
686.781 910.349 1302.44 
687.216 910.784 1297.68 
686.26 910.021 1302.44 
686.259 910.021 1297.68 
686.781 910.349 1297.68 
687.748 911.888 1302.44 
687.816 912.498 1297.68 
687.816 912.5 1302.44 
687.544 911.305 1297.68 
687.747 911.887 1297.68 
687.544 911.306 1302.44 
687.217 914.213 1297.68 
687.216 914.214 1302.44 
687.544 913.693 1302.44 
687.544 913.692 1297.68 
687.747 913.111 1302.44 
687.748 913.11 1297.68 
685.677 915.18 1302.44 
686.259 914.977 1302.44 
685.679 915.18 1297.68 
686.781 914.649 1302.44 
686.781 914.648 1297.68 
686.26 914.977 1297.68 
684.454 915.18 1302.44 
685.066 915.249 1302.44 
684.455 915.18 1297.68 
685.067 915.249 1297.68 
683.874 914.977 1297.68 
683.872 914.976 1302.44 
683.352 914.649 1297.68 
683.351 914.649 1302.44 
682.916 914.213 1302.44 
682.916 914.214 1297.68 
682.589 913.693 1297.68 
682.588 913.691 1302.44 
682.386 913.112 1297.68 
682.385 913.11 1302.44 
724.77 899.404 1302.44 
724.07 899.465 1297.68 
724.07 899.465 1302.44 
725.426 899.152 1302.44 
725.426 899.152 1297.68 
724.77 899.404 1297.68 
722.886 900.609 1297.68 
722.886 900.609 1302.44 
724.07 899.465 1302.44 
724.07 899.465 1297.68 
723.233 900.968 1297.68 
723.233 900.968 1302.44 
722.886 900.609 1302.44 
722.886 900.609 1297.68 
723.577 903.993 1302.44 
723.171 904.503 1297.68 
723.171 904.503 1302.44 
723.86 902.101 1302.44 
723.934 902.749 1297.68 
723.934 902.749 1302.44 
723.838 903.394 1302.44 
723.838 903.393 1297.68 
723.578 903.992 1297.68 
723.233 900.968 1302.44 
723.621 901.492 1297.68 
723.621 901.493 1302.44 
723.86 902.1 1297.68 
723.233 900.968 1297.68 
717.057 910.408 1297.68 
717.057 910.408 1302.44 
723.171 904.503 1302.44 
723.171 904.503 1297.68 
714.032 910.752 1302.44 
713.522 910.346 1297.68 
713.522 910.346 1302.44 
715.924 911.035 1302.44 
715.276 911.109 1297.68 
715.276 911.109 1302.44 
714.631 911.013 1302.44 
714.632 911.013 1297.68 
714.033 910.753 1297.68 
717.057 910.408 1302.44 
716.533 910.796 1297.68 
716.532 910.796 1302.44 
715.925 911.035 1297.68 
717.057 910.408 1297.68 
713.174 909.987 1297.68 
713.174 909.987 1302.44 
713.522 910.346 1302.44 
713.522 910.346 1297.68 
711.88 911.237 1297.68 
711.88 911.237 1302.44 
713.174 909.987 1302.44 
713.174 909.987 1297.68 
708.855 911.581 1302.44 
708.345 911.175 1297.68 
708.345 911.175 1302.44 
710.747 911.864 1302.44 
710.099 911.938 1297.68 
710.099 911.938 1302.44 
709.453 911.842 1302.44 
709.455 911.842 1297.68 
708.856 911.582 1297.68 
711.88 911.237 1302.44 
711.356 911.625 1297.68 
711.355 911.625 1302.44 
710.748 911.864 1297.68 
711.88 911.237 1297.68 
705.705 908.442 1297.68 
705.705 908.442 1302.44 
708.345 911.175 1302.44 
708.345 911.175 1297.68 
705.361 905.417 1302.44 
705.767 904.907 1297.68 
705.767 904.907 1302.44 
705.077 907.309 1302.44 
705.004 906.661 1297.68 
705.004 906.661 1302.44 
705.1 906.016 1302.44 
705.1 906.017 1297.68 
705.36 905.418 1297.68 
705.705 908.442 1302.44 
705.317 907.918 1297.68 
705.317 907.917 1302.44 
705.078 907.31 1297.68 
705.705 908.442 1297.68 
718.211 892.889 1297.68 
718.211 892.889 1302.44 
705.767 904.907 1302.44 
705.767 904.907 1297.68 
720.119 892.193 1302.44 
720.799 892.337 1297.68 
720.799 892.337 1302.44 
718.211 892.889 1302.44 
718.773 892.481 1297.68 
718.774 892.48 1302.44 
719.427 892.242 1302.44 
719.425 892.243 1297.68 
720.118 892.193 1297.68 
718.211 892.889 1297.68 
724.496 888.767 1297.68 
724.496 888.767 1302.44 
720.799 892.337 1302.44 
720.799 892.337 1297.68 
728.732 890.541 1302.44 
728.655 891.18 1297.68 
728.655 891.18 1302.44 
727.999 888.796 1302.44 
728.392 889.306 1297.68 
728.393 889.307 1302.44 
728.643 889.901 1302.44 
728.643 889.901 1297.68 
728.732 890.539 1297.68 
726.892 888.153 1297.68 
726.892 888.153 1302.44 
726.254 888.065 1302.44 
727.999 888.796 1297.68 
727.488 888.403 1302.44 
727.486 888.402 1297.68 
725.613 888.143 1297.68 
725.613 888.143 1302.44 
725.014 888.382 1302.44 
726.252 888.065 1297.68 
724.496 888.767 1302.44 
725.013 888.382 1297.68 
724.496 888.767 1297.68 
729.402 891.953 1297.68 
729.402 891.953 1302.44 
728.655 891.18 1302.44 
728.655 891.18 1297.68 
729.746 894.978 1302.44 
729.34 895.488 1297.68 
729.34 895.488 1302.44 
730.029 893.085 1302.44 
730.103 893.733 1297.68 
730.103 893.733 1302.44 
730.006 894.379 1302.44 
730.006 894.378 1297.68 
729.746 894.977 1297.68 
729.402 891.953 1302.44 
729.789 892.477 1297.68 
729.79 892.478 1302.44 
730.029 893.084 1297.68 
729.402 891.953 1297.68 
729.165 895.657 1297.68 
729.165 895.657 1302.44 
729.34 895.488 1302.44 
729.34 895.488 1297.68 
725.722 899.705 1302.44 
725.426 899.152 1297.68 
725.426 899.152 1302.44 
727.226 900.783 1302.44 
726.647 900.543 1297.68 
726.647 900.543 1302.44 
726.136 900.177 1302.44 
726.137 900.178 1297.68 
725.723 899.706 1297.68 
728.474 900.845 1297.68 
728.473 900.845 1302.44 
729.074 900.664 1302.44 
727.228 900.784 1297.68 
727.846 900.886 1302.44 
727.847 900.886 1297.68 
730.077 899.921 1302.44 
730.427 899.4 1302.44 
730.078 899.92 1297.68 
729.618 900.35 1302.44 
729.619 900.349 1297.68 
729.075 900.663 1297.68 
730.672 897.565 1302.44 
730.732 898.188 1297.68 
730.732 898.19 1302.44 
730.649 898.811 1297.68 
730.427 899.398 1297.68 
730.649 898.812 1302.44 
730.471 896.969 1302.44 
730.471 896.969 1297.68 
730.672 897.563 1297.68 
730.141 896.435 1302.44 
730.14 896.434 1297.68 
729.697 895.989 1297.68 
729.698 895.99 1302.44 
729.165 895.657 1302.44 
729.165 895.657 1297.68 
698.341 850.746 1297.68 
698.341 850.746 1302.44 
697.975 851.251 1302.44 
697.845 851.861 1302.44 
697.845 851.861 1297.68 
697.974 851.251 1297.68 
699.502 850.369 1302.44 
700.094 850.562 1297.68 
700.095 850.562 1302.44 
699.501 850.369 1297.68 
698.882 850.434 1302.44 
698.881 850.435 1297.68 
700.812 852.172 1297.68 
700.812 852.173 1302.44 
700.812 851.55 1302.44 
700.812 851.549 1297.68 
700.558 850.98 1302.44 
700.558 850.979 1297.68 
699.501 853.353 1302.44 
700.094 853.16 1302.44 
699.502 853.353 1297.68 
700.558 852.743 1302.44 
700.558 852.743 1297.68 
700.095 853.16 1297.68 
698.341 852.976 1297.68 
698.881 853.287 1302.44 
698.882 853.288 1297.68 
697.975 852.472 1297.68 
698.341 852.976 1302.44 
697.974 852.471 1302.44 
730.341 882.746 1297.68 
730.341 882.746 1302.44 
729.975 883.251 1302.44 
729.845 883.861 1302.44 
729.845 883.861 1297.68 
729.974 883.251 1297.68 
731.502 882.369 1302.44 
732.094 882.562 1297.68 
732.095 882.562 1302.44 
731.501 882.369 1297.68 
730.882 882.434 1302.44 
730.881 882.435 1297.68 
732.812 884.172 1297.68 
732.812 884.173 1302.44 
732.812 883.55 1302.44 
732.812 883.549 1297.68 
732.558 882.98 1302.44 
732.558 882.979 1297.68 
731.501 885.353 1302.44 
732.094 885.16 1302.44 
731.502 885.353 1297.68 
732.558 884.743 1302.44 
732.558 884.743 1297.68 
732.095 885.16 1297.68 
730.341 884.976 1297.68 
730.881 885.287 1302.44 
730.882 885.288 1297.68 
729.975 884.472 1297.68 
730.341 884.976 1302.44 
729.974 884.471 1302.44 
666.341 882.746 1297.68 
666.341 882.746 1302.44 
665.975 883.251 1302.44 
665.845 883.861 1302.44 
665.845 883.861 1297.68 
665.974 883.251 1297.68 
667.502 882.369 1302.44 
668.094 882.562 1297.68 
668.095 882.562 1302.44 
667.501 882.369 1297.68 
666.882 882.434 1302.44 
666.881 882.435 1297.68 
668.812 884.172 1297.68 
668.812 884.173 1302.44 
668.812 883.55 1302.44 
668.812 883.549 1297.68 
668.558 882.98 1302.44 
668.558 882.979 1297.68 
667.501 885.353 1302.44 
668.094 885.16 1302.44 
667.502 885.353 1297.68 
668.558 884.743 1302.44 
668.558 884.743 1297.68 
668.095 885.16 1297.68 
666.341 884.976 1297.68 
666.881 885.287 1302.44 
666.882 885.288 1297.68 
665.975 884.472 1297.68 
666.341 884.976 1302.44 
665.974 884.471 1302.44 
724.853 864.295 1302.44 
725.538 864.459 1297.68 
725.538 864.459 1302.44 
722.871 864.881 1302.44 
723.472 864.513 1297.68 
723.472 864.513 1302.44 
724.148 864.313 1302.44 
724.147 864.313 1297.68 
724.852 864.294 1297.68 
722.049 866.012 1302.44 
722.385 865.393 1297.68 
722.386 865.392 1302.44 
722.87 864.882 1297.68 
722.049 866.012 1297.68 
728.805 865.713 1297.68 
728.805 865.713 1302.44 
725.538 864.459 1302.44 
725.538 864.459 1297.68 
730.536 868.31 1302.44 
730.436 868.966 1297.68 
730.436 868.966 1302.44 
729.883 866.471 1302.44 
730.25 867.023 1297.68 
730.251 867.024 1302.44 
730.473 867.649 1302.44 
730.473 867.649 1297.68 
730.536 868.309 1297.68 
728.805 865.713 1302.44 
729.39 866.025 1297.68 
729.391 866.026 1302.44 
729.883 866.471 1297.68 
728.805 865.713 1297.68 
731.53 869.815 1302.44 
731.878 870.42 1297.68 
731.878 870.42 1302.44 
730.436 868.966 1302.44 
730.436 868.966 1297.68 
731.038 869.319 1297.68 
731.039 869.319 1302.44 
731.53 869.815 1297.68 
732.406 871.778 1297.68 
731.878 870.42 1302.44 
731.878 870.42 1297.68 
732.406 871.778 1302.44 
732.548 873.049 1302.44 
732.391 873.673 1297.68 
732.391 873.673 1302.44 
732.406 871.778 1302.44 
732.406 871.778 1297.68 
732.553 872.405 1297.68 
732.553 872.405 1302.44 
732.548 873.048 1297.68 
728.806 883.013 1297.68 
728.806 883.013 1302.44 
732.391 873.673 1302.44 
732.391 873.673 1297.68 
726.002 884.73 1302.44 
725.317 884.566 1297.68 
725.317 884.566 1302.44 
727.984 884.144 1302.44 
727.383 884.511 1297.68 
727.383 884.511 1302.44 
726.707 884.712 1302.44 
726.708 884.712 1297.68 
726.003 884.73 1297.68 
728.806 883.013 1302.44 
728.47 883.631 1297.68 
728.469 883.632 1302.44 
727.984 884.143 1297.68 
728.806 883.013 1297.68 
724.56 884.275 1297.68 
724.56 884.275 1302.44 
725.317 884.566 1302.44 
725.317 884.566 1297.68 
721.815 885.758 1302.44 
721.172 885.599 1297.68 
721.172 885.599 1302.44 
723.706 885.277 1302.44 
723.123 885.592 1297.68 
723.121 885.593 1302.44 
722.479 885.756 1302.44 
722.479 885.756 1297.68 
721.816 885.758 1297.68 
724.56 884.275 1302.44 
724.195 884.828 1297.68 
724.194 884.829 1302.44 
723.706 885.277 1297.68 
724.56 884.275 1297.68 
717.904 884.344 1297.68 
717.904 884.344 1302.44 
721.172 885.599 1302.44 
721.172 885.599 1297.68 
716.187 881.541 1302.44 
716.351 880.856 1297.68 
716.351 880.856 1302.44 
716.773 883.522 1302.44 
716.405 882.922 1297.68 
716.405 882.922 1302.44 
716.205 882.245 1302.44 
716.205 882.247 1297.68 
716.187 881.542 1297.68 
717.904 884.344 1302.44 
717.285 884.008 1297.68 
717.284 884.008 1302.44 
716.774 883.523 1297.68 
717.904 884.344 1297.68 
722.049 866.012 1297.68 
722.049 866.012 1302.44 
716.351 880.856 1302.44 
716.351 880.856 1297.68 
711.145 854.031 1297.68 
711.146 854.029 1302.44 
710.942 854.61 1302.44 
710.873 855.223 1302.44 
710.873 855.223 1297.68 
710.942 854.612 1297.68 
711.909 853.073 1302.44 
712.429 852.746 1297.68 
712.431 852.745 1302.44 
711.908 853.073 1297.68 
711.473 853.508 1302.44 
711.473 853.509 1297.68 
714.234 852.542 1297.68 
714.236 852.542 1302.44 
713.624 852.473 1302.44 
713.623 852.473 1297.68 
713.011 852.542 1302.44 
713.011 852.542 1297.68 
715.774 853.509 1302.44 
715.338 853.074 1302.44 
715.773 853.508 1297.68 
714.816 852.746 1302.44 
714.816 852.745 1297.68 
715.337 853.073 1297.68 
716.304 854.612 1302.44 
716.373 855.222 1297.68 
716.373 855.224 1302.44 
716.1 854.03 1297.68 
716.304 854.611 1297.68 
716.101 854.03 1302.44 
715.774 856.937 1297.68 
715.773 856.938 1302.44 
716.1 856.417 1302.44 
716.101 856.416 1297.68 
716.304 855.835 1302.44 
716.304 855.834 1297.68 
714.234 857.904 1302.44 
714.816 857.701 1302.44 
714.236 857.904 1297.68 
715.337 857.373 1302.44 
715.338 857.373 1297.68 
714.816 857.701 1297.68 
713.011 857.904 1302.44 
713.623 857.973 1302.44 
713.011 857.904 1297.68 
713.624 857.973 1297.68 
712.431 857.701 1297.68 
712.429 857.7 1302.44 
711.909 857.374 1297.68 
711.908 857.373 1302.44 
711.473 856.938 1302.44 
711.473 856.938 1297.68 
711.146 856.417 1297.68 
711.145 856.416 1302.44 
710.942 855.836 1297.68 
710.942 855.834 1302.44 
736.727 902.642 1302.44 
736.726 902.64 1297.68 
736.92 903.237 1297.68 
736.986 903.861 1297.68 
736.986 903.861 1302.44 
736.92 903.238 1302.44 
735.993 901.632 1297.68 
735.486 901.263 1302.44 
735.485 901.263 1297.68 
735.993 901.632 1302.44 
736.412 902.097 1297.68 
736.413 902.098 1302.44 
733.673 900.878 1302.44 
733.672 900.878 1297.68 
734.299 900.877 1297.68 
734.3 900.878 1302.44 
734.912 901.008 1297.68 
734.914 901.008 1302.44 
731.978 901.632 1297.68 
732.485 901.263 1297.68 
731.979 901.631 1302.44 
733.058 901.008 1297.68 
733.059 901.008 1302.44 
732.486 901.263 1302.44 
731.245 902.641 1297.68 
731.051 903.237 1302.44 
731.051 903.238 1297.68 
731.559 902.097 1302.44 
731.245 902.641 1302.44 
731.558 902.098 1297.68 
731.245 905.081 1302.44 
731.245 905.081 1297.68 
731.051 904.485 1297.68 
731.051 904.484 1302.44 
730.986 903.862 1297.68 
730.986 903.86 1302.44 
732.486 906.459 1297.68 
731.979 906.091 1297.68 
732.485 906.459 1302.44 
731.559 905.625 1297.68 
731.558 905.624 1302.44 
731.978 906.09 1302.44 
733.673 906.845 1297.68 
734.299 906.845 1302.44 
734.3 906.844 1297.68 
733.058 906.714 1302.44 
733.672 906.845 1302.44 
733.059 906.714 1297.68 
734.914 906.714 1297.68 
734.912 906.714 1302.44 
735.485 906.459 1302.44 
735.486 906.459 1297.68 
735.993 906.091 1302.44 
735.993 906.09 1297.68 
736.413 905.624 1297.68 
736.412 905.625 1302.44 
736.726 905.082 1302.44 
736.727 905.08 1297.68 
736.92 904.486 1302.44 
736.92 904.484 1297.68 
736.727 862.642 1302.44 
736.726 862.64 1297.68 
736.92 863.237 1297.68 
736.986 863.861 1297.68 
736.986 863.861 1302.44 
736.92 863.238 1302.44 
735.993 861.632 1297.68 
735.486 861.263 1302.44 
735.485 861.263 1297.68 
735.993 861.632 1302.44 
736.412 862.097 1297.68 
736.413 862.098 1302.44 
733.673 860.878 1302.44 
733.672 860.878 1297.68 
734.299 860.877 1297.68 
734.3 860.878 1302.44 
734.912 861.008 1297.68 
734.914 861.008 1302.44 
731.978 861.632 1297.68 
732.485 861.263 1297.68 
731.979 861.631 1302.44 
733.058 861.008 1297.68 
733.059 861.008 1302.44 
732.486 861.263 1302.44 
731.245 862.641 1297.68 
731.051 863.237 1302.44 
731.051 863.238 1297.68 
731.559 862.097 1302.44 
731.245 862.641 1302.44 
731.558 862.098 1297.68 
731.245 865.081 1302.44 
731.245 865.081 1297.68 
731.051 864.485 1297.68 
731.051 864.484 1302.44 
730.986 863.862 1297.68 
730.986 863.86 1302.44 
732.486 866.459 1297.68 
731.979 866.091 1297.68 
732.485 866.459 1302.44 
731.559 865.625 1297.68 
731.558 865.624 1302.44 
731.978 866.09 1302.44 
733.673 866.845 1297.68 
734.299 866.845 1302.44 
734.3 866.844 1297.68 
733.058 866.714 1302.44 
733.672 866.845 1302.44 
733.059 866.714 1297.68 
734.914 866.714 1297.68 
734.912 866.714 1302.44 
735.485 866.459 1302.44 
735.486 866.459 1297.68 
735.993 866.091 1302.44 
735.993 866.09 1297.68 
736.413 865.624 1297.68 
736.412 865.625 1302.44 
736.726 865.082 1302.44 
736.727 865.08 1297.68 
736.92 864.486 1302.44 
736.92 864.484 1297.68 
702.086 842.642 1302.44 
702.085 842.64 1297.68 
702.279 843.237 1297.68 
702.345 843.861 1297.68 
702.345 843.861 1302.44 
702.279 843.238 1302.44 
701.352 841.632 1297.68 
700.845 841.263 1302.44 
700.844 841.263 1297.68 
701.352 841.632 1302.44 
701.771 842.097 1297.68 
701.772 842.098 1302.44 
699.032 840.878 1302.44 
699.031 840.878 1297.68 
699.658 840.877 1297.68 
699.659 840.878 1302.44 
700.271 841.008 1297.68 
700.273 841.008 1302.44 
697.337 841.632 1297.68 
697.844 841.263 1297.68 
697.338 841.631 1302.44 
698.417 841.008 1297.68 
698.418 841.008 1302.44 
697.845 841.263 1302.44 
696.604 842.641 1297.68 
696.41 843.237 1302.44 
696.41 843.238 1297.68 
696.918 842.097 1302.44 
696.604 842.641 1302.44 
696.917 842.098 1297.68 
696.604 845.081 1302.44 
696.604 845.081 1297.68 
696.41 844.485 1297.68 
696.41 844.484 1302.44 
696.345 843.862 1297.68 
696.345 843.86 1302.44 
697.845 846.459 1297.68 
697.338 846.091 1297.68 
697.844 846.459 1302.44 
696.918 845.625 1297.68 
696.917 845.624 1302.44 
697.337 846.09 1302.44 
699.032 846.845 1297.68 
699.658 846.845 1302.44 
699.659 846.844 1297.68 
698.417 846.714 1302.44 
699.031 846.845 1302.44 
698.418 846.714 1297.68 
700.273 846.714 1297.68 
700.271 846.714 1302.44 
700.844 846.459 1302.44 
700.845 846.459 1297.68 
701.352 846.091 1302.44 
701.352 846.09 1297.68 
701.772 845.624 1297.68 
701.771 845.625 1302.44 
702.085 845.082 1302.44 
702.086 845.08 1297.68 
702.279 844.486 1302.44 
702.279 844.484 1297.68 
667.445 862.642 1302.44 
667.444 862.64 1297.68 
667.638 863.237 1297.68 
667.704 863.861 1297.68 
667.704 863.861 1302.44 
667.638 863.238 1302.44 
666.711 861.632 1297.68 
666.204 861.263 1302.44 
666.203 861.263 1297.68 
666.711 861.632 1302.44 
667.13 862.097 1297.68 
667.131 862.098 1302.44 
664.391 860.878 1302.44 
664.39 860.878 1297.68 
665.017 860.877 1297.68 
665.018 860.878 1302.44 
665.63 861.008 1297.68 
665.632 861.008 1302.44 
662.696 861.632 1297.68 
663.203 861.263 1297.68 
662.697 861.631 1302.44 
663.776 861.008 1297.68 
663.777 861.008 1302.44 
663.204 861.263 1302.44 
661.963 862.641 1297.68 
661.769 863.237 1302.44 
661.769 863.238 1297.68 
662.277 862.097 1302.44 
661.963 862.641 1302.44 
662.276 862.098 1297.68 
661.963 865.081 1302.44 
661.963 865.081 1297.68 
661.769 864.485 1297.68 
661.769 864.484 1302.44 
661.704 863.862 1297.68 
661.704 863.86 1302.44 
663.204 866.459 1297.68 
662.697 866.091 1297.68 
663.203 866.459 1302.44 
662.277 865.625 1297.68 
662.276 865.624 1302.44 
662.696 866.09 1302.44 
664.391 866.845 1297.68 
665.017 866.845 1302.44 
665.018 866.844 1297.68 
663.776 866.714 1302.44 
664.39 866.845 1302.44 
663.777 866.714 1297.68 
665.632 866.714 1297.68 
665.63 866.714 1302.44 
666.203 866.459 1302.44 
666.204 866.459 1297.68 
666.711 866.091 1302.44 
666.711 866.09 1297.68 
667.131 865.624 1297.68 
667.13 865.625 1302.44 
667.444 865.082 1302.44 
667.445 865.08 1297.68 
667.638 864.486 1302.44 
667.638 864.484 1297.68 
667.445 902.642 1302.44 
667.444 902.64 1297.68 
667.638 903.237 1297.68 
667.704 903.861 1297.68 
667.704 903.861 1302.44 
667.638 903.238 1302.44 
666.711 901.632 1297.68 
666.204 901.263 1302.44 
666.203 901.263 1297.68 
666.711 901.632 1302.44 
667.13 902.097 1297.68 
667.131 902.098 1302.44 
664.391 900.878 1302.44 
664.39 900.878 1297.68 
665.017 900.877 1297.68 
665.018 900.878 1302.44 
665.63 901.008 1297.68 
665.632 901.008 1302.44 
662.696 901.632 1297.68 
663.203 901.263 1297.68 
662.697 901.631 1302.44 
663.776 901.008 1297.68 
663.777 901.008 1302.44 
663.204 901.263 1302.44 
661.963 902.641 1297.68 
661.769 903.237 1302.44 
661.769 903.238 1297.68 
662.277 902.097 1302.44 
661.963 902.641 1302.44 
662.276 902.098 1297.68 
661.963 905.081 1302.44 
661.963 905.081 1297.68 
661.769 904.485 1297.68 
661.769 904.484 1302.44 
661.704 903.862 1297.68 
661.704 903.86 1302.44 
663.204 906.459 1297.68 
662.697 906.091 1297.68 
663.203 906.459 1302.44 
662.277 905.625 1297.68 
662.276 905.624 1302.44 
662.696 906.09 1302.44 
664.391 906.845 1297.68 
665.017 906.845 1302.44 
665.018 906.844 1297.68 
663.776 906.714 1302.44 
664.39 906.845 1302.44 
663.777 906.714 1297.68 
665.632 906.714 1297.68 
665.63 906.714 1302.44 
666.203 906.459 1302.44 
666.204 906.459 1297.68 
666.711 906.091 1302.44 
666.711 906.09 1297.68 
667.131 905.624 1297.68 
667.13 905.625 1302.44 
667.444 905.082 1302.44 
667.445 905.08 1297.68 
667.638 904.486 1302.44 
667.638 904.484 1297.68 
702.086 922.642 1302.44 
702.085 922.64 1297.68 
702.279 923.237 1297.68 
702.345 923.861 1297.68 
702.345 923.861 1302.44 
702.279 923.238 1302.44 
701.352 921.632 1297.68 
700.845 921.263 1302.44 
700.844 921.263 1297.68 
701.352 921.632 1302.44 
701.771 922.097 1297.68 
701.772 922.098 1302.44 
699.032 920.878 1302.44 
699.031 920.878 1297.68 
699.658 920.877 1297.68 
699.659 920.878 1302.44 
700.271 921.008 1297.68 
700.273 921.008 1302.44 
697.337 921.632 1297.68 
697.844 921.263 1297.68 
697.338 921.631 1302.44 
698.417 921.008 1297.68 
698.418 921.008 1302.44 
697.845 921.263 1302.44 
696.604 922.641 1297.68 
696.41 923.237 1302.44 
696.41 923.238 1297.68 
696.918 922.097 1302.44 
696.604 922.641 1302.44 
696.917 922.098 1297.68 
696.604 925.081 1302.44 
696.604 925.081 1297.68 
696.41 924.485 1297.68 
696.41 924.484 1302.44 
696.345 923.862 1297.68 
696.345 923.86 1302.44 
697.845 926.459 1297.68 
697.338 926.091 1297.68 
697.844 926.459 1302.44 
696.918 925.625 1297.68 
696.917 925.624 1302.44 
697.337 926.09 1302.44 
699.032 926.845 1297.68 
699.658 926.845 1302.44 
699.659 926.844 1297.68 
698.417 926.714 1302.44 
699.031 926.845 1302.44 
698.418 926.714 1297.68 
700.273 926.714 1297.68 
700.271 926.714 1302.44 
700.844 926.459 1302.44 
700.845 926.459 1297.68 
701.352 926.091 1302.44 
701.352 926.09 1297.68 
701.772 925.624 1297.68 
701.771 925.625 1302.44 
702.085 925.082 1302.44 
702.086 925.08 1297.68 
702.279 924.486 1302.44 
702.279 924.484 1297.68 
719.565 891.065 1297.78 
720.605 892.143 1297.78 
720.605 892.143 1297.68 
719.565 891.065 1297.68 
719.777 890.861 1297.78 
719.565 891.065 1297.78 
719.565 891.065 1297.68 
719.777 890.861 1297.68 
719.777 890.861 1297.68 
720.378 890.791 1297.78 
719.777 890.861 1297.78 
720.378 890.791 1297.68 
720.378 890.791 1297.68 
720.458 891.15 1297.78 
720.378 890.791 1297.78 
720.458 891.15 1297.68 
720.458 891.15 1297.68 
720.952 891.211 1297.78 
720.458 891.15 1297.78 
720.952 891.211 1297.68 
720.952 891.211 1297.68 
720.901 891.857 1297.78 
720.952 891.211 1297.78 
720.901 891.857 1297.68 
720.605 892.143 1297.78 
720.901 891.857 1297.78 
720.901 891.857 1297.68 
720.605 892.143 1297.68 
720.458 891.15 1297.78 
720.842 891.321 1297.78 
720.476 891.294 1297.78 
720.167 891.355 1297.78 
720.21 891.523 1297.78 
720.266 890.898 1297.78 
719.777 890.861 1297.78 
719.897 890.949 1297.78 
719.772 891.069 1297.78 
719.565 891.065 1297.78 
720.605 892.143 1297.78 
720.378 890.791 1297.78 
720.901 891.857 1297.78 
720.742 891.806 1297.78 
720.609 891.936 1297.78 
720.952 891.211 1297.78 
719.772 891.069 1297.78 
719.897 890.949 1297.78 
719.897 890.949 1297.68 
719.772 891.069 1297.68 
720.266 890.898 1297.68 
719.897 890.949 1297.78 
720.266 890.898 1297.78 
719.897 890.949 1297.68 
720.167 891.355 1297.68 
720.266 890.898 1297.78 
720.167 891.355 1297.78 
720.266 890.898 1297.68 
720.167 891.355 1297.78 
719.772 891.069 1297.78 
719.772 891.069 1297.68 
720.167 891.355 1297.68 
720.476 891.294 1297.68 
720.21 891.523 1297.78 
720.476 891.294 1297.78 
720.21 891.523 1297.68 
720.842 891.321 1297.68 
720.476 891.294 1297.78 
720.842 891.321 1297.78 
720.476 891.294 1297.68 
720.742 891.806 1297.68 
720.842 891.321 1297.78 
720.742 891.806 1297.78 
720.842 891.321 1297.68 
720.742 891.806 1297.78 
720.609 891.936 1297.78 
720.609 891.936 1297.68 
720.742 891.806 1297.68 
720.609 891.936 1297.78 
720.21 891.523 1297.78 
720.21 891.523 1297.68 
720.609 891.936 1297.68 
719.897 890.949 1297.68 
720.266 890.898 1297.68 
720.167 891.355 1297.68 
719.772 891.069 1297.68 
696.002 895.187 1297.78 
697.042 896.264 1297.78 
697.042 896.264 1297.68 
696.002 895.187 1297.68 
696.619 894.59 1297.78 
696.002 895.187 1297.78 
696.002 895.187 1297.68 
696.722 894.697 1297.68 
696.212 895.189 1297.68 
696.212 895.189 1297.78 
696.537 895.526 1297.78 
696.212 895.189 1297.78 
696.212 895.189 1297.68 
696.537 895.526 1297.68 
697.043 895.038 1297.78 
696.537 895.526 1297.78 
696.537 895.526 1297.68 
697.144 895.143 1297.68 
696.639 895.631 1297.68 
696.639 895.631 1297.78 
697.047 896.054 1297.78 
696.639 895.631 1297.78 
696.639 895.631 1297.68 
697.047 896.054 1297.68 
697.553 895.566 1297.78 
697.047 896.054 1297.78 
697.047 896.054 1297.68 
697.655 895.672 1297.68 
697.042 896.264 1297.68 
697.042 896.264 1297.78 
697.047 896.054 1297.78 
697.553 895.566 1297.78 
697.655 895.672 1297.68 
697.043 895.038 1297.78 
697.144 895.143 1297.68 
696.639 895.631 1297.78 
697.042 896.264 1297.78 
696.002 895.187 1297.78 
696.619 894.59 1297.78 
696.722 894.697 1297.68 
696.212 895.189 1297.78 
696.537 895.526 1297.78 
697.844 895.49 1297.78 
698.186 895.159 1297.78 
698.186 895.159 1297.68 
697.844 895.49 1297.68 
696.803 894.413 1297.78 
697.844 895.49 1297.78 
697.844 895.49 1297.68 
696.803 894.413 1297.68 
697.026 894.197 1297.78 
696.803 894.413 1297.78 
696.803 894.413 1297.68 
697.026 894.197 1297.68 
697.026 894.197 1297.68 
697.415 893.897 1297.78 
697.026 894.197 1297.78 
697.415 893.897 1297.68 
697.415 893.897 1297.68 
698.244 894.089 1297.78 
697.415 893.897 1297.78 
698.244 894.089 1297.68 
698.244 894.089 1297.68 
698.186 895.159 1297.78 
698.244 894.089 1297.78 
698.186 895.159 1297.68 
697.026 894.197 1297.78 
697.447 894.053 1297.78 
697.082 894.342 1297.78 
697.008 894.418 1297.68 
697.844 895.49 1297.78 
696.803 894.413 1297.78 
697.973 895.169 1297.78 
698.186 895.159 1297.78 
697.849 895.289 1297.78 
697.415 893.897 1297.78 
698.136 894.196 1297.78 
698.215 894.621 1297.78 
698.244 894.089 1297.78 
698.2 894.907 1297.78 
698.256 894.842 1297.78 
697.008 894.418 1297.68 
697.849 895.289 1297.68 
697.849 895.289 1297.78 
697.447 894.053 1297.68 
697.082 894.342 1297.78 
697.447 894.053 1297.78 
698.136 894.196 1297.68 
697.447 894.053 1297.78 
698.136 894.196 1297.78 
697.447 894.053 1297.68 
698.256 894.842 1297.68 
698.136 894.196 1297.78 
698.256 894.842 1297.78 
698.136 894.196 1297.68 
697.973 895.169 1297.68 
698.256 894.842 1297.78 
697.973 895.169 1297.78 
698.256 894.842 1297.68 
697.973 895.169 1297.78 
697.849 895.289 1297.78 
697.849 895.289 1297.68 
697.973 895.169 1297.68 
721.52 889.38 1297.78 
721.761 889.147 1297.78 
721.761 889.147 1297.68 
722.112 888.809 1297.68 
721.871 889.041 1297.68 
721.871 889.041 1297.78 
722.811 890.013 1297.78 
721.871 889.041 1297.78 
721.871 889.041 1297.68 
722.811 890.013 1297.68 
722.701 890.12 1297.78 
722.811 890.013 1297.78 
722.811 890.013 1297.68 
722.701 890.12 1297.68 
721.761 889.147 1297.78 
722.701 890.12 1297.78 
722.701 890.12 1297.68 
721.761 889.147 1297.68 
721.761 889.147 1297.78 
721.871 889.041 1297.78 
722.701 890.12 1297.78 
721.419 889.275 1297.68 
722.01 888.704 1297.78 
722.811 890.013 1297.78 
722.112 888.809 1297.68 
721.52 889.38 1297.78 
722.403 890.407 1297.78 
720.86 889.815 1297.78 
720.833 889.84 1297.68 
722.403 890.407 1297.68 
722.287 890.519 1297.78 
722.403 890.407 1297.78 
722.403 890.407 1297.68 
722.287 890.519 1297.68 
721.775 890.328 1297.78 
722.287 890.519 1297.78 
722.287 890.519 1297.68 
721.775 890.328 1297.68 
721.311 890.776 1297.78 
721.775 890.328 1297.78 
721.775 890.328 1297.68 
721.311 890.776 1297.68 
721.485 891.294 1297.78 
721.311 890.776 1297.78 
721.311 890.776 1297.68 
721.485 891.294 1297.68 
721.365 891.41 1297.78 
721.485 891.294 1297.78 
721.485 891.294 1297.68 
721.365 891.41 1297.68 
720.86 889.815 1297.78 
721.365 891.41 1297.78 
721.365 891.41 1297.68 
720.833 889.84 1297.68 
722.287 890.519 1297.78 
721.775 890.328 1297.78 
722.403 890.407 1297.78 
721.311 890.776 1297.78 
721.485 891.294 1297.78 
721.365 891.41 1297.78 
721.627 890.27 1297.78 
721.259 890.625 1297.78 
720.86 889.815 1297.78 
721.067 890.057 1297.78 
721.067 890.057 1297.78 
721.627 890.27 1297.78 
721.627 890.27 1297.68 
721.067 890.057 1297.68 
721.627 890.27 1297.78 
721.259 890.625 1297.78 
721.259 890.625 1297.68 
721.627 890.27 1297.68 
721.259 890.625 1297.78 
721.067 890.057 1297.78 
721.067 890.057 1297.68 
721.259 890.625 1297.68 
691.397 901.716 1297.68 
690.356 900.639 1297.68 
690.356 900.639 1297.78 
690.571 900.431 1297.78 
690.356 900.639 1297.78 
690.356 900.639 1297.68 
690.571 900.431 1297.68 
690.571 900.431 1297.68 
690.835 900.207 1297.78 
690.571 900.431 1297.78 
690.835 900.207 1297.68 
690.835 900.207 1297.68 
691.307 900.276 1297.78 
690.835 900.207 1297.78 
691.307 900.276 1297.68 
691.307 900.276 1297.68 
691.354 900.755 1297.78 
691.307 900.276 1297.78 
691.354 900.755 1297.68 
691.354 900.755 1297.68 
691.097 901.037 1297.78 
691.354 900.755 1297.78 
691.397 901.716 1297.68 
691.02 901.111 1297.68 
691.504 901.612 1297.78 
691.195 900.384 1297.78 
690.755 900.455 1297.78 
690.835 900.207 1297.78 
691.307 900.276 1297.78 
690.571 900.431 1297.78 
690.565 900.64 1297.78 
690.919 901.006 1297.78 
690.356 900.639 1297.78 
691.097 901.037 1297.78 
691.103 900.832 1297.78 
691.354 900.755 1297.78 
690.565 900.64 1297.78 
690.755 900.455 1297.78 
690.755 900.455 1297.68 
690.565 900.64 1297.68 
691.195 900.384 1297.68 
690.755 900.455 1297.78 
691.195 900.384 1297.78 
690.755 900.455 1297.68 
691.103 900.832 1297.68 
691.195 900.384 1297.78 
691.103 900.832 1297.78 
691.195 900.384 1297.68 
691.103 900.832 1297.78 
690.919 901.006 1297.78 
690.919 901.006 1297.68 
691.103 900.832 1297.68 
690.919 901.006 1297.78 
690.565 900.64 1297.78 
690.565 900.64 1297.68 
690.919 901.006 1297.68 
691.678 900.124 1297.68 
691.854 899.695 1297.78 
691.678 900.124 1297.78 
691.854 899.695 1297.68 
691.854 899.695 1297.68 
692.287 899.534 1297.78 
691.854 899.695 1297.78 
692.287 899.534 1297.68 
692.287 899.534 1297.68 
692.675 899.716 1297.78 
692.287 899.534 1297.78 
692.675 899.716 1297.68 
692.675 899.716 1297.68 
692.663 900.533 1297.78 
692.675 899.716 1297.78 
692.663 900.533 1297.68 
692.663 900.533 1297.68 
691.845 900.517 1297.78 
692.663 900.533 1297.78 
691.845 900.517 1297.68 
691.845 900.517 1297.68 
691.678 900.124 1297.78 
691.845 900.517 1297.78 
691.678 900.124 1297.68 
691.678 900.124 1297.78 
691.952 900.419 1297.78 
691.845 900.517 1297.78 
692.663 900.533 1297.78 
692.573 899.819 1297.78 
692.675 899.716 1297.78 
691.951 899.795 1297.78 
692.287 899.534 1297.78 
691.854 899.695 1297.78 
692.569 900.435 1297.78 
692.573 899.819 1297.68 
691.951 899.795 1297.78 
692.573 899.819 1297.78 
691.951 899.795 1297.68 
692.569 900.435 1297.68 
692.573 899.819 1297.78 
692.569 900.435 1297.78 
692.573 899.819 1297.68 
691.952 900.419 1297.68 
692.569 900.435 1297.78 
691.952 900.419 1297.78 
692.569 900.435 1297.68 
691.951 899.795 1297.68 
691.952 900.419 1297.78 
691.951 899.795 1297.78 
691.952 900.419 1297.68 
694.758 896.93 1297.68 
694.87 897.047 1297.68 
694.87 897.047 1297.78 
694.87 897.047 1297.68 
694.945 896.71 1297.78 
694.87 897.047 1297.78 
695.024 896.826 1297.68 
695.02 897.164 1297.68 
695.02 897.164 1297.78 
695.02 897.164 1297.68 
695.267 897.458 1297.78 
695.02 897.164 1297.78 
695.267 897.458 1297.68 
695.527 897.727 1297.78 
695.267 897.458 1297.78 
695.267 897.458 1297.68 
695.423 897.829 1297.68 
695.267 897.458 1297.78 
695.527 897.727 1297.78 
694.653 897.032 1297.78 
695.02 897.164 1297.78 
694.945 896.71 1297.78 
695.024 896.826 1297.68 
694.87 897.047 1297.78 
695.062 896.649 1297.68 
694.758 896.93 1297.68 
695.309 895.856 1297.78 
696.35 896.933 1297.78 
696.35 896.933 1297.68 
695.418 895.751 1297.68 
696.358 896.724 1297.68 
696.358 896.724 1297.78 
696.772 896.325 1297.78 
696.358 896.724 1297.78 
696.358 896.724 1297.68 
696.872 896.429 1297.68 
696.35 896.933 1297.68 
696.35 896.933 1297.78 
695.309 895.856 1297.78 
695.418 895.751 1297.68 
696.358 896.724 1297.78 
696.35 896.933 1297.78 
696.772 896.325 1297.78 
696.872 896.429 1297.68 
692.371 899.235 1297.78 
693.48 899.704 1297.78 
693.499 899.686 1297.68 
692.476 899.134 1297.68 
693.279 899.477 1297.68 
693.279 899.477 1297.78 
692.976 898.651 1297.78 
693.279 899.477 1297.78 
693.279 899.477 1297.68 
692.976 898.651 1297.68 
693.808 898.966 1297.78 
692.976 898.651 1297.78 
692.976 898.651 1297.68 
693.808 898.966 1297.68 
693.497 898.147 1297.78 
693.808 898.966 1297.78 
693.808 898.966 1297.68 
693.604 898.044 1297.68 
694.028 899.175 1297.68 
694.028 899.175 1297.78 
693.204 898.868 1297.78 
694.028 899.175 1297.78 
694.028 899.175 1297.68 
693.204 898.868 1297.68 
693.48 899.704 1297.78 
693.204 898.868 1297.78 
693.204 898.868 1297.68 
693.499 899.686 1297.68 
693.279 899.477 1297.78 
693.204 898.868 1297.78 
693.48 899.704 1297.78 
693.497 898.147 1297.78 
693.604 898.044 1297.68 
693.808 898.966 1297.78 
694.028 899.175 1297.78 
692.976 898.651 1297.78 
692.371 899.235 1297.78 
692.476 899.134 1297.68 
694.79 898.298 1297.68 
694.909 897.814 1297.78 
694.79 898.298 1297.78 
695.039 897.775 1297.68 
694.89 898.383 1297.68 
694.89 898.383 1297.78 
694.89 898.383 1297.68 
694.072 898.366 1297.78 
694.89 898.383 1297.78 
694.072 898.366 1297.68 
694.072 898.366 1297.68 
693.904 898.006 1297.78 
694.072 898.366 1297.78 
693.904 898.006 1297.68 
693.904 898.006 1297.68 
694.074 897.55 1297.78 
693.904 898.006 1297.78 
694.074 897.55 1297.68 
694.074 897.55 1297.68 
694.549 897.391 1297.78 
694.074 897.55 1297.78 
694.549 897.391 1297.68 
694.549 897.391 1297.68 
694.9 897.579 1297.78 
694.549 897.391 1297.78 
694.9 897.579 1297.68 
694.183 898.271 1297.78 
694.9 897.579 1297.78 
694.9 897.579 1297.68 
694.183 898.271 1297.68 
694.183 898.271 1297.68 
694.79 898.298 1297.78 
694.183 898.271 1297.78 
694.79 898.298 1297.68 
694.701 897.599 1297.78 
694.549 897.391 1297.78 
694.9 897.579 1297.78 
694.79 898.298 1297.78 
694.072 898.366 1297.78 
694.183 898.271 1297.78 
694.171 897.647 1297.78 
695.039 897.775 1297.68 
694.89 898.383 1297.78 
694.909 897.814 1297.78 
694.074 897.55 1297.78 
694.042 897.917 1297.78 
693.904 898.006 1297.78 
694.108 898.172 1297.78 
694.701 897.599 1297.78 
694.108 898.172 1297.78 
694.108 898.172 1297.68 
694.701 897.599 1297.68 
694.042 897.917 1297.68 
694.108 898.172 1297.78 
694.042 897.917 1297.78 
694.108 898.172 1297.68 
694.171 897.647 1297.68 
694.042 897.917 1297.78 
694.171 897.647 1297.78 
694.042 897.917 1297.68 
694.701 897.599 1297.68 
694.171 897.647 1297.78 
694.701 897.599 1297.78 
694.171 897.647 1297.68 
720.476 891.294 1297.68 
720.842 891.321 1297.68 
720.742 891.806 1297.68 
720.21 891.523 1297.68 
720.609 891.936 1297.68 
697.447 894.053 1297.68 
698.136 894.196 1297.68 
698.256 894.842 1297.68 
697.973 895.169 1297.68 
697.082 894.342 1297.78 
697.849 895.289 1297.68 
697.008 894.418 1297.68 
721.067 890.057 1297.68 
721.627 890.27 1297.68 
721.259 890.625 1297.68 
690.755 900.455 1297.68 
691.195 900.384 1297.68 
691.103 900.832 1297.68 
690.565 900.64 1297.68 
690.919 901.006 1297.68 
691.952 900.419 1297.68 
692.573 899.819 1297.68 
692.569 900.435 1297.68 
691.951 899.795 1297.68 
694.108 898.172 1297.68 
694.171 897.647 1297.68 
694.701 897.599 1297.68 
694.042 897.917 1297.68 
687.551 885.024 1302.44 
687.36 884.437 1297.68 
687.36 884.437 1302.44 
689.169 885.025 1302.44 
688.669 885.388 1297.68 
688.669 885.388 1302.44 
688.051 885.388 1302.44 
688.051 885.388 1297.68 
687.551 885.025 1297.68 
689.169 883.849 1297.68 
689.169 883.849 1302.44 
688.669 883.486 1302.44 
689.169 885.024 1297.68 
689.36 884.437 1302.44 
689.36 884.436 1297.68 
688.051 883.486 1297.68 
688.051 883.486 1302.44 
687.551 883.849 1302.44 
688.669 883.486 1297.68 
687.551 883.849 1297.68 
707.321 891.069 1302.44 
707.13 890.481 1297.68 
707.13 890.481 1302.44 
708.939 891.069 1302.44 
708.439 891.432 1297.68 
708.439 891.432 1302.44 
707.82 891.432 1302.44 
707.821 891.432 1297.68 
707.321 891.069 1297.68 
708.939 889.893 1297.68 
708.939 889.893 1302.44 
708.439 889.53 1302.44 
708.939 891.069 1297.68 
709.13 890.481 1302.44 
709.13 890.481 1297.68 
707.82 889.53 1297.68 
707.821 889.53 1302.44 
707.321 889.893 1302.44 
708.439 889.53 1297.68 
707.321 889.893 1297.68 
703.529 874.648 1302.44 
703.339 874.06 1297.68 
703.339 874.06 1302.44 
705.148 874.648 1302.44 
704.648 875.011 1297.68 
704.648 875.011 1302.44 
704.029 875.011 1302.44 
704.03 875.011 1297.68 
703.53 874.648 1297.68 
705.148 873.472 1297.68 
705.148 873.472 1302.44 
704.648 873.109 1302.44 
705.148 874.648 1297.68 
705.339 874.06 1302.44 
705.339 874.06 1297.68 
704.029 873.109 1297.68 
704.03 873.109 1302.44 
703.53 873.472 1302.44 
704.648 873.109 1297.68 
703.529 873.472 1297.68 
690.859 880.864 1297.68 
690.86 880.861 1302.44 
690.474 882.339 1302.44 
690.345 883.861 1302.44 
690.345 883.861 1297.68 
690.474 882.341 1297.68 
692.344 878.206 1302.44 
693.397 877.106 1297.68 
693.4 877.104 1302.44 
692.341 878.209 1297.68 
691.489 879.47 1302.44 
691.487 879.473 1297.68 
697.448 875.063 1297.68 
697.449 875.063 1302.44 
695.99 875.51 1302.44 
695.987 875.511 1297.68 
694.627 876.196 1302.44 
694.624 876.198 1297.68 
701.982 875.256 1302.44 
700.489 874.934 1302.44 
701.979 875.255 1297.68 
698.963 874.869 1302.44 
698.963 874.869 1297.68 
700.487 874.934 1297.68 
704.698 876.626 1302.44 
705.841 877.632 1297.68 
705.844 877.635 1302.44 
703.395 875.824 1297.68 
704.695 876.624 1297.68 
703.398 875.826 1302.44 
708.054 881.592 1297.68 
708.055 881.594 1302.44 
707.546 880.155 1302.44 
707.545 880.152 1297.68 
706.802 878.823 1302.44 
706.8 878.82 1297.68 
708.054 886.13 1302.44 
708.312 884.625 1302.44 
708.055 886.128 1297.68 
708.312 883.098 1302.44 
708.312 883.097 1297.68 
708.312 884.624 1297.68 
706.8 888.902 1302.44 
705.844 890.087 1297.68 
705.841 890.09 1302.44 
707.546 887.567 1297.68 
706.802 888.899 1297.68 
707.545 887.57 1302.44 
701.982 892.466 1297.68 
701.979 892.467 1302.44 
703.395 891.898 1302.44 
703.398 891.896 1297.68 
704.695 891.098 1302.44 
704.698 891.096 1297.68 
697.449 892.659 1297.68 
698.963 892.853 1302.44 
698.963 892.853 1297.68 
700.487 892.788 1302.44 
700.489 892.788 1297.68 
695.99 892.212 1297.68 
697.448 892.659 1302.44 
695.987 892.211 1302.44 
694.627 891.526 1297.68 
693.4 890.618 1297.68 
694.624 891.524 1302.44 
692.344 889.517 1297.68 
693.397 890.616 1302.44 
692.341 889.513 1302.44 
691.489 888.252 1297.68 
690.86 886.861 1297.68 
691.487 888.249 1302.44 
690.474 885.383 1297.68 
690.859 886.858 1302.44 
690.474 885.381 1302.44 
</float_array>
				<technique_common>
					<accessor source="#A_Joint_4_Hub_Back_Plate-1-solid110-mesh-positions-array" count="3792" stride="3">
						<param name="X" type="float"/>
						<param name="Y" type="float"/>
						<param name="Z" type="float"/>
					</accessor>
				</technique_common>
			</source>
			<source id="A_Joint_4_Hub_Back_Plate-1-solid110-mesh-normals">
				<float_array id="A_Joint_4_Hub_Back_Plate-1-solid110-mesh-normals-array" count="11376">
-0 -0 -1 
-0 -0 -1 
-0 -0 -1 
-0 -0 -1 
-0 -0 -1 
-0 -0 -1 
-0 -0 -1 
-0 -0 -1 
-0 -0 -1 
-0 -0 -1 
-0 -0 -1 
-0 -0 -1 
-0 -0 -1 
-0 -0 -1 
-0 -0 -1 
-0 -0 -1 
-0 -0 -1 
-0 -0 -1 
-0 -0 -1 
-0 -0 -1 
-0 -0 -1 
-0 -0 -1 
-0 -0 -1 
-0 -0 -1 
-0 -0 -1 
-0 -0 -1 
-0 -0 -1 
-0 -0 -1 
-0 -0 -1 
-0 -0 -1 
-0 -0 -1 
-0 -0 -1 
-0 -0 -1 
-0 -0 -1 
-0 -0 -1 
-0 -0 -1 
-0 -0 -1 
-0 -0 -1 
-0 -0 -1 
-0 -0 -1 
-0 -0 -1 
-0 -0 -1 
-0 -0 -1 
-0 -0 -1 
-0 -0 -1 
-0 -0 -1 
-0 -0 -1 
-0 -0 -1 
-0 -0 -1 
-0 -0 -1 
-0 -0 -1 
-0 -0 -1 
-0 -0 -1 
-0 -0 -1 
-0 -0 -1 
-0 -0 -1 
-0 -0 -1 
-0 -0 -1 
-0 -0 -1 
-0 -0 -1 
-0 -0 -1 
-0 -0 -1 
-0 -0 -1 
-0 -0 -1 
-0 -0 -1 
-0 -0 -1 
-0 -0 -1 
-0 -0 -1 
-0 -0 -1 
-0 -0 -1 
-0 -0 -1 
-0 -0 -1 
-0 -0 -1 
-0 -0 -1 
-0 -0 -1 
-0 -0 -1 
-0 -0 -1 
-0 -0 -1 
-0 -0 -1 
-0 -0 -1 
-0 -0 -1 
-0 -0 -1 
-0 -0 -1 
-0 -0 -1 
-0 -0 -1 
-0 -0 -1 
-0 -0 -1 
-0 -0 -1 
-0 -0 -1 
-0 -0 -1 
-0 -0 -1 
-0 -0 -1 
-0 -0 -1 
-0 -0 -1 
-0 -0 -1 
-0 -0 -1 
-0 -0 -1 
-0 -0 -1 
-0 -0 -1 
-0 -0 -1 
-0 -0 -1 
-0 -0 -1 
-0 -0 -1 
-0 -0 -1 
-0 -0 -1 
-0 -0 -1 
-0 -0 -1 
-0 -0 -1 
-0 -0 -1 
-0 -0 -1 
-0 -0 -1 
-0 -0 -1 
-0 -0 -1 
-0 -0 -1 
-0 -0 -1 
-0 -0 -1 
-0 -0 -1 
-0 -0 -1 
-0 -0 -1 
-0 -0 -1 
-0 -0 -1 
-0 -0 -1 
-0 -0 -1 
-0 -0 -1 
-0 -0 -1 
-0 -0 -1 
-0 -0 -1 
-0 -0 -1 
-0 -0 -1 
-0 -0 -1 
-0 -0 -1 
-0 -0 -1 
-0 -0 -1 
-0 -0 -1 
-0 -0 -1 
-0 -0 -1 
-0 -0 -1 
-0 -0 -1 
-0 -0 -1 
-0 -0 -1 
-0 -0 -1 
-0 -0 -1 
-0 -0 -1 
-0 -0 -1 
-0 -0 -1 
-0 -0 -1 
-0 -0 -1 
-0 -0 -1 
-0 -0 -1 
-0 -0 -1 
-0 -0 -1 
-0 -0 -1 
-0 -0 -1 
-0 -0 -1 
-0 -0 -1 
-0 -0 -1 
-0 -0 -1 
-0 -0 -1 
-0 -0 -1 
-0 -0 -1 
-0 -0 -1 
-0 -0 -1 
-0 -0 -1 
-0 -0 -1 
-0 -0 -1 
-0 -0 -1 
-0 -0 -1 
-0 -0 -1 
-0 -0 -1 
-0 -0 -1 
-0 -0 -1 
-0 -0 -1 
-0 -0 -1 
-0 -0 -1 
-0 -0 -1 
-0 -0 -1 
-0 -0 -1 
-0 -0 -1 
-0 -0 -1 
-0 -0 -1 
-0 -0 -1 
-0 -0 -1 
-0 -0 -1 
-0 -0 -1 
-0 -0 -1 
-0 -0 -1 
-0 -0 -1 
-0 -0 -1 
-0 -0 -1 
-0 -0 -1 
-0 -0 -1 
-0 -0 -1 
-0 -0 -1 
-0 -0 -1 
-0 -0 -1 
-0 -0 -1 
-0 -0 -1 
-0 -0 -1 
-0 -0 -1 
-0 -0 -1 
-0 -0 -1 
-0 -0 -1 
-0 -0 -1 
-0 -0 -1 
-0 -0 -1 
-0 -0 -1 
-0 -0 -1 
-0 -0 -1 
-0 -0 -1 
-0 -0 -1 
-0 -0 -1 
-0 -0 -1 
-0 -0 -1 
-0 -0 -1 
-0 -0 -1 
-0 -0 -1 
-0 -0 -1 
-0 -0 -1 
-0 -0 -1 
-0 -0 -1 
-0 -0 -1 
-0 -0 -1 
-0 -0 -1 
-0 -0 -1 
-0 -0 -1 
-0 -0 -1 
-0 -0 -1 
-0 -0 -1 
-0 -0 -1 
-0 -0 -1 
-0 -0 -1 
-0 -0 -1 
-0 -0 -1 
-0 -0 -1 
-0 -0 -1 
-0 -0 -1 
-0 -0 -1 
-0 -0 -1 
-0 -0 -1 
-0 -0 -1 
-0 -0 -1 
-0 -0 -1 
-0 -0 -1 
-0 -0 -1 
-0 -0 -1 
-0 -0 -1 
-0 -0 -1 
-0 -0 -1 
-0 -0 -1 
-0 -0 -1 
-0 -0 -1 
-0 -0 -1 
-0 -0 -1 
-0 -0 -1 
-0 -0 -1 
-0 -0 -1 
-0 -0 -1 
-0 -0 -1 
-0 -0 -1 
-0 -0 -1 
-0 -0 -1 
-0 -0 -1 
-0 -0 -1 
-0 -0 -1 
-0 -0 -1 
-0 -0 -1 
-0 -0 -1 
-0 -0 -1 
-0 -0 -1 
-0 -0 -1 
-0 -0 -1 
-0 -0 -1 
-0 -0 -1 
-0 -0 -1 
-0 -0 -1 
-0 -0 -1 
-0 -0 -1 
-0 -0 -1 
-0 -0 -1 
-0 -0 -1 
-0 -0 -1 
-0 -0 -1 
-0 -0 -1 
-0 -0 -1 
-0 -0 -1 
-0 -0 -1 
-0 -0 -1 
-0 -0 -1 
-0 -0 -1 
-0 -0 -1 
-0 -0 -1 
-0 -0 -1 
-0 -0 -1 
-0 -0 -1 
-0 -0 -1 
-0 -0 -1 
-0 -0 -1 
-0 -0 -1 
-0 -0 -1 
-0 -0 -1 
-0 -0 -1 
-0 -0 -1 
-0 -0 -1 
-0 -0 -1 
-0 -0 -1 
-0 -0 -1 
-0 -0 -1 
-0 -0 -1 
-0 -0 -1 
-0 -0 -1 
-0 -0 -1 
-0 -0 -1 
-0 -0 -1 
-0 -0 -1 
-0 -0 -1 
-0 -0 -1 
-0 -0 -1 
-0 -0 -1 
-0 -0 -1 
-0 -0 -1 
-0 -0 -1 
-0 -0 -1 
-0 -0 -1 
-0 -0 -1 
-0 -0 -1 
-0 -0 -1 
-0 -0 -1 
-0 -0 -1 
-0 -0 -1 
-0 -0 -1 
-0 -0 -1 
-0 -0 -1 
-0 -0 -1 
-0 -0 -1 
-0 -0 -1 
-0 -0 -1 
-0 -0 -1 
-0 -0 -1 
-0 -0 -1 
-0 -0 -1 
-0 -0 -1 
-0 -0 -1 
-0 -0 -1 
-0 -0 -1 
-0 -0 -1 
-0 -0 -1 
-0 -0 -1 
-0 -0 -1 
-0 -0 -1 
-0 -0 -1 
-0 -0 -1 
-0 -0 -1 
-0 -0 -1 
-0 -0 -1 
-0 -0 -1 
-0 -0 -1 
-0 -0 -1 
-0 -0 -1 
-0 -0 -1 
-0 -0 -1 
-0 -0 -1 
-0 -0 -1 
-0 -0 -1 
-0 -0 -1 
-0 -0 -1 
-0 -0 -1 
-0 -0 -1 
-0 -0 -1 
-0 -0 -1 
-0 -0 -1 
-0 -0 -1 
-0 -0 -1 
-0 -0 -1 
-0 -0 -1 
-0 -0 -1 
-0 -0 -1 
-0 -0 -1 
-0 -0 -1 
-0 -0 -1 
-0 -0 -1 
-0 -0 -1 
-0 -0 -1 
-0 -0 -1 
-0 -0 -1 
-0 -0 -1 
-0 -0 -1 
-0 -0 -1 
-0 -0 -1 
-0 -0 -1 
-0 -0 -1 
-0 -0 -1 
-0 -0 -1 
-0 -0 -1 
-0 -0 -1 
-0 -0 -1 
-0 -0 -1 
-0 -0 -1 
-0 -0 -1 
-0 -0 -1 
-0 -0 -1 
-0 -0 -1 
-0 -0 -1 
-0 -0 -1 
-0 -0 -1 
-0 -0 -1 
-0 -0 -1 
-0 -0 -1 
-0 -0 -1 
-0 -0 -1 
-0 -0 -1 
-0 -0 -1 
-0 -0 -1 
-0 -0 -1 
-0 -0 -1 
-0 -0 -1 
-0 -0 -1 
-0 -0 -1 
-0 -0 -1 
-0 -0 -1 
-0 -0 -1 
-0 -0 -1 
-0 -0 -1 
-0 -0 -1 
-0 -0 -1 
-0 -0 -1 
-0 -0 -1 
-0 -0 -1 
-0 -0 -1 
-0 -0 -1 
-0 -0 -1 
-0 -0 -1 
-0 -0 -1 
-0 -0 -1 
-0 -0 -1 
-0 -0 -1 
-0 -0 -1 
-0 -0 -1 
-0 -0 -1 
-0 -0 -1 
-0 -0 -1 
-0 -0 -1 
-0 -0 -1 
-0 -0 -1 
-0 -0 -1 
-0 -0 -1 
-0 -0 -1 
-0 -0 -1 
-0 -0 -1 
-0 -0 -1 
-0 -0 -1 
-0 -0 -1 
-0 -0 -1 
-0 -0 -1 
-0 -0 -1 
-0 -0 -1 
-0 -0 -1 
-0 -0 -1 
-0 -0 -1 
-0 -0 -1 
-0 -0 -1 
-0 -0 -1 
-0 -0 -1 
-0 -0 -1 
-0 -0 -1 
-0 -0 -1 
-0 -0 -1 
-0 -0 -1 
-0 -0 -1 
-0 -0 -1 
-0 -0 -1 
-0 -0 -1 
-0 -0 -1 
-0 -0 -1 
-0 -0 -1 
-0 -0 -1 
-0 -0 -1 
-0 -0 -1 
-0 -0 -1 
-0 -0 -1 
-0 -0 -1 
-0 -0 -1 
-0 -0 -1 
-0 -0 -1 
-0 -0 -1 
-0 -0 -1 
-0 -0 -1 
-0 -0 -1 
-0 -0 -1 
-0 -0 -1 
-0 -0 -1 
-0 -0 -1 
-0 -0 -1 
-0 -0 -1 
-0 -0 -1 
-0 -0 -1 
-0 -0 -1 
-0 -0 -1 
-0 -0 -1 
-0 -0 -1 
-0 -0 -1 
-0 -0 -1 
-0 -0 -1 
-0 -0 -1 
-0 -0 -1 
-0 -0 -1 
-0 -0 -1 
-0 -0 -1 
-0 -0 -1 
-0 -0 -1 
-0 -0 -1 
-0 -0 -1 
-0 -0 -1 
-0 -0 -1 
-0 -0 -1 
-0 -0 -1 
-0 -0 -1 
-0 -0 -1 
-0 -0 -1 
-0 -0 -1 
-0 -0 -1 
-0 -0 -1 
-0 -0 -1 
-0 -0 -1 
-0 -0 -1 
-0 -0 -1 
-0 -0 -1 
-0 -0 -1 
-0 -0 -1 
-0 -0 -1 
-0 -0 -1 
-0 -0 -1 
-0 -0 -1 
-0 -0 -1 
-0 -0 -1 
-0 -0 -1 
-0 -0 -1 
-0 -0 -1 
-0 -0 -1 
-0 -0 -1 
-0 -0 -1 
-0 -0 -1 
-0 -0 -1 
-0 -0 -1 
-0 -0 -1 
-0 -0 -1 
-0 -0 -1 
-0 -0 -1 
-0 -0 -1 
-0 -0 -1 
-0 -0 -1 
-0 -0 -1 
-0 -0 -1 
-0 -0 -1 
-0 -0 -1 
-0 -0 -1 
-0 -0 -1 
-0 -0 -1 
-0 -0 -1 
-0 -0 -1 
-0 -0 -1 
-0 -0 -1 
-0 -0 -1 
-0 -0 -1 
-0 -0 -1 
-0 -0 -1 
-0 -0 -1 
-0 -0 -1 
-0 -0 -1 
-0 -0 -1 
-0 -0 -1 
-0 -0 -1 
-0 -0 -1 
-0 -0 -1 
-0 -0 -1 
-0 -0 -1 
-0 -0 -1 
-0 -0 -1 
-0 -0 -1 
-0 -0 -1 
-0 -0 -1 
-0 -0 -1 
-0 -0 -1 
-0 -0 -1 
-0 -0 -1 
-0 -0 -1 
-0 -0 -1 
-0 -0 -1 
-0 -0 -1 
-0 -0 -1 
-0 -0 -1 
-0 -0 -1 
-0 -0 -1 
-0 -0 -1 
-0 -0 -1 
-0 -0 -1 
-0 -0 -1 
-0 -0 -1 
-0 -0 -1 
-0 -0 -1 
-0 -0 -1 
-0 -0 -1 
-0 -0 -1 
-0 -0 -1 
-0 -0 -1 
-0 -0 -1 
-0 -0 -1 
-0 -0 -1 
-0 -0 -1 
-0 -0 -1 
-0 -0 -1 
-0 -0 -1 
-0 -0 -1 
-0 -0 -1 
-0 -0 -1 
-0 -0 -1 
-0 -0 -1 
-0 -0 -1 
-0 -0 -1 
-0 -0 -1 
-0 -0 -1 
-0 -0 -1 
-0 -0 -1 
-0 -0 -1 
-0 -0 -1 
-0 -0 -1 
-0 -0 -1 
-0 -0 -1 
-0 -0 -1 
-0 -0 -1 
-0 -0 -1 
-0 -0 -1 
-0 -0 -1 
-0 -0 -1 
-0 -0 -1 
-0 -0 -1 
-0 -0 -1 
-0 -0 -1 
-0 -0 -1 
-0 -0 -1 
-0 -0 -1 
-0 -0 -1 
-0 -0 -1 
-0 -0 -1 
-0 -0 -1 
-0 -0 -1 
-0 -0 -1 
-0 -0 -1 
-0 -0 -1 
-0 -0 -1 
-0 -0 -1 
-0 -0 -1 
-0 -0 -1 
-0 -0 -1 
-0 -0 -1 
-0 -0 -1 
-0 -0 -1 
-0 -0 -1 
-0 -0 -1 
-0 -0 -1 
-0 -0 -1 
-0 -0 -1 
-0 -0 -1 
-0 -0 -1 
-0 -0 -1 
-0 -0 -1 
-0 -0 -1 
-0 -0 -1 
-0 -0 -1 
-0 -0 -1 
-0 -0 -1 
-0 -0 -1 
-0 -0 -1 
-0 -0 -1 
-0 -0 -1 
-0 -0 -1 
-0 -0 -1 
-0 -0 -1 
-0 -0 -1 
-0 -0 -1 
-0 -0 -1 
-0 -0 -1 
-0 -0 -1 
-0 -0 -1 
-0 -0 -1 
-0 -0 -1 
-0 -0 -1 
-0 -0 -1 
-0 -0 -1 
-0 -0 -1 
-0 -0 -1 
-0 -0 -1 
-0 -0 -1 
-0 -0 -1 
-0 -0 -1 
-0 -0 -1 
-0 -0 -1 
-0 -0 -1 
-0 -0 -1 
-0 -0 -1 
-0 -0 -1 
-0 -0 -1 
-0 -0 -1 
-0 -0 -1 
-0 -0 -1 
-0 -0 -1 
-0 -0 -1 
-0 -0 -1 
-0 -0 -1 
-0 -0 -1 
-0 -0 -1 
-0 -0 -1 
-0 -0 -1 
-0 -0 -1 
-0 -0 -1 
-0 -0 -1 
-0 -0 -1 
-0 -0 -1 
-0 -0 -1 
-0 -0 -1 
-0 -0 -1 
-0 -0 -1 
-0 -0 -1 
-0 -0 -1 
-0 -0 -1 
-0 -0 -1 
-0 -0 -1 
-0 -0 -1 
-0 -0 -1 
-0 -0 -1 
-0 -0 -1 
-0 -0 -1 
-0 -0 -1 
-0 -0 -1 
-0 -0 -1 
-0 -0 -1 
-0 -0 -1 
-0 -0 -1 
-0 -0 -1 
-0 -0 -1 
-0 -0 -1 
-0 -0 -1 
-0 -0 -1 
-0 -0 -1 
-0 -0 -1 
-0 -0 -1 
-0 -0 -1 
-0 -0 -1 
-0 -0 -1 
-0 -0 -1 
-0 -0 -1 
-0 -0 -1 
-0 -0 -1 
-0 -0 -1 
-0 -0 -1 
-0 -0 -1 
-0 -0 -1 
-0 -0 -1 
-0 -0 -1 
-0 -0 -1 
-0 -0 -1 
-0 -0 -1 
-0 -0 -1 
-0 -0 -1 
-0 -0 -1 
-0 -0 -1 
-0 -0 -1 
-0 -0 -1 
-0 -0 -1 
-0 -0 -1 
-0 -0 -1 
-0 -0 -1 
-0 -0 -1 
-0 -0 -1 
-0 -0 -1 
-0 -0 -1 
-0 -0 -1 
-0 -0 -1 
-0 -0 -1 
-0 -0 -1 
-0 -0 -1 
-0 -0 -1 
-0 -0 -1 
-0 -0 -1 
-0 -0 -1 
-0 -0 -1 
-0 -0 -1 
-0 -0 -1 
-0 -0 -1 
-0 -0 -1 
-0 -0 -1 
-0 -0 -1 
-0 -0 -1 
-0 -0 -1 
-0 -0 -1 
-0 -0 -1 
-0 -0 -1 
-0 -0 -1 
-0 -0 -1 
-0 -0 -1 
-0 -0 -1 
-0 -0 -1 
-0 -0 -1 
-0 -0 -1 
-0 -0 -1 
-0 -0 -1 
-0 -0 -1 
-0 -0 -1 
-0 -0 -1 
-0 -0 -1 
-0 -0 -1 
-0 -0 -1 
-0 -0 -1 
-0 -0 -1 
-0 -0 -1 
-0 -0 -1 
-0 -0 -1 
-0 -0 -1 
-0 -0 -1 
-0 -0 -1 
-0 -0 -1 
-0 -0 -1 
-0 -0 -1 
-0 -0 -1 
-0 -0 -1 
-0 -0 -1 
-0 -0 -1 
-0 -0 -1 
-0 -0 -1 
-0 -0 -1 
-0 -0 -1 
-0 -0 -1 
-0 -0 -1 
-0 -0 -1 
-0 -0 -1 
-0 -0 -1 
-0 -0 -1 
0 0 1 
0 0 1 
0 0 1 
0 0 1 
0 0 1 
0 0 1 
0 0 1 
0 0 1 
0 0 1 
0 0 1 
0 0 1 
0 0 1 
0 0 1 
0 0 1 
0 0 1 
0 0 1 
0 0 1 
0 0 1 
0 0 1 
0 0 1 
0 0 1 
0 0 1 
0 0 1 
0 0 1 
0 0 1 
0 0 1 
0 0 1 
0 0 1 
0 0 1 
0 0 1 
0 0 1 
0 0 1 
0 0 1 
0 0 1 
0 0 1 
0 0 1 
0 0 1 
0 0 1 
0 0 1 
0 0 1 
0 0 1 
0 0 1 
0 0 1 
0 0 1 
0 0 1 
0 0 1 
0 0 1 
0 0 1 
0 0 1 
0 0 1 
0 0 1 
0 0 1 
0 0 1 
0 0 1 
0 0 1 
0 0 1 
0 0 1 
0 0 1 
0 0 1 
0 0 1 
0 0 1 
0 0 1 
0 0 1 
0 0 1 
0 0 1 
0 0 1 
0 0 1 
0 0 1 
0 0 1 
0 0 1 
0 0 1 
0 0 1 
0 0 1 
0 0 1 
0 0 1 
0 0 1 
0 0 1 
0 0 1 
0 0 1 
0 0 1 
0 0 1 
0 0 1 
0 0 1 
0 0 1 
0 0 1 
0 0 1 
0 0 1 
0 0 1 
0 0 1 
0 0 1 
0 0 1 
0 0 1 
0 0 1 
0 0 1 
0 0 1 
0 0 1 
0 0 1 
0 0 1 
0 0 1 
0 0 1 
0 0 1 
0 0 1 
0 0 1 
0 0 1 
0 0 1 
0 0 1 
0 0 1 
0 0 1 
0 0 1 
0 0 1 
0 0 1 
0 0 1 
0 0 1 
0 0 1 
0 0 1 
0 0 1 
0 0 1 
0 0 1 
0 0 1 
0 0 1 
0 0 1 
0 0 1 
0 0 1 
0 0 1 
0 0 1 
0 0 1 
0 0 1 
0 0 1 
0 0 1 
0 0 1 
0 0 1 
0 0 1 
0 0 1 
0 0 1 
0 0 1 
0 0 1 
0 0 1 
0 0 1 
0 0 1 
0 0 1 
0 0 1 
0 0 1 
0 0 1 
0 0 1 
0 0 1 
0 0 1 
0 0 1 
0 0 1 
0 0 1 
0 0 1 
0 0 1 
0 0 1 
0 0 1 
0 0 1 
0 0 1 
0 0 1 
0 0 1 
0 0 1 
0 0 1 
0 0 1 
0 0 1 
0 0 1 
0 0 1 
0 0 1 
0 0 1 
0 0 1 
0 0 1 
0 0 1 
0 0 1 
0 0 1 
0 0 1 
0 0 1 
0 0 1 
0 0 1 
0 0 1 
0 0 1 
0 0 1 
0 0 1 
0 0 1 
0 0 1 
0 0 1 
0 0 1 
0 0 1 
0 0 1 
0 0 1 
0 0 1 
0 0 1 
0 0 1 
0 0 1 
0 0 1 
0 0 1 
0 0 1 
0 0 1 
0 0 1 
0 0 1 
0 0 1 
0 0 1 
0 0 1 
0 0 1 
0 0 1 
0 0 1 
0 0 1 
0 0 1 
0 0 1 
0 0 1 
0 0 1 
0 0 1 
0 0 1 
0 0 1 
0 0 1 
0 0 1 
0 0 1 
0 0 1 
0 0 1 
0 0 1 
0 0 1 
0 0 1 
0 0 1 
0 0 1 
0 0 1 
0 0 1 
0 0 1 
0 0 1 
0 0 1 
0 0 1 
0 0 1 
0 0 1 
0 0 1 
0 0 1 
0 0 1 
0 0 1 
0 0 1 
0 0 1 
0 0 1 
0 0 1 
0 0 1 
0 0 1 
0 0 1 
0 0 1 
0 0 1 
0 0 1 
0 0 1 
0 0 1 
0 0 1 
0 0 1 
0 0 1 
0 0 1 
0 0 1 
0 0 1 
0 0 1 
0 0 1 
0 0 1 
0 0 1 
0 0 1 
0 0 1 
0 0 1 
0 0 1 
0 0 1 
0 0 1 
0 0 1 
0 0 1 
0 0 1 
0 0 1 
0 0 1 
0 0 1 
0 0 1 
0 0 1 
0 0 1 
0 0 1 
0 0 1 
0 0 1 
0 0 1 
0 0 1 
0 0 1 
0 0 1 
0 0 1 
0 0 1 
0 0 1 
0 0 1 
0 0 1 
0 0 1 
0 0 1 
0 0 1 
0 0 1 
0 0 1 
0 0 1 
0 0 1 
0 0 1 
0 0 1 
0 0 1 
0 0 1 
0 0 1 
0 0 1 
0 0 1 
0 0 1 
0 0 1 
0 0 1 
0 0 1 
0 0 1 
0 0 1 
0 0 1 
0 0 1 
0 0 1 
0 0 1 
0 0 1 
0 0 1 
0 0 1 
0 0 1 
0 0 1 
0 0 1 
0 0 1 
0 0 1 
0 0 1 
0 0 1 
0 0 1 
0 0 1 
0 0 1 
0 0 1 
0 0 1 
0 0 1 
0 0 1 
0 0 1 
0 0 1 
0 0 1 
0 0 1 
0 0 1 
0 0 1 
0 0 1 
0 0 1 
0 0 1 
0 0 1 
0 0 1 
0 0 1 
0 0 1 
0 0 1 
0 0 1 
0 0 1 
0 0 1 
0 0 1 
0 0 1 
0 0 1 
0 0 1 
0 0 1 
0 0 1 
0 0 1 
0 0 1 
0 0 1 
0 0 1 
0 0 1 
0 0 1 
0 0 1 
0 0 1 
0 0 1 
0 0 1 
0 0 1 
0 0 1 
0 0 1 
0 0 1 
0 0 1 
0 0 1 
0 0 1 
0 0 1 
0 0 1 
0 0 1 
0 0 1 
0 0 1 
0 0 1 
0 0 1 
0 0 1 
0 0 1 
0 0 1 
0 0 1 
0 0 1 
0 0 1 
0 0 1 
0 0 1 
0 0 1 
0 0 1 
0 0 1 
0 0 1 
0 0 1 
0 0 1 
0 0 1 
0 0 1 
0 0 1 
0 0 1 
0 0 1 
0 0 1 
0 0 1 
0 0 1 
0 0 1 
0 0 1 
0 0 1 
0 0 1 
0 0 1 
0 0 1 
0 0 1 
0 0 1 
0 0 1 
0 0 1 
0 0 1 
0 0 1 
0 0 1 
0 0 1 
0 0 1 
0 0 1 
0 0 1 
0 0 1 
0 0 1 
0 0 1 
0 0 1 
0 0 1 
0 0 1 
0 0 1 
0 0 1 
0 0 1 
0 0 1 
0 0 1 
0 0 1 
0 0 1 
0 0 1 
0 0 1 
0 0 1 
0 0 1 
0 0 1 
0 0 1 
0 0 1 
0 0 1 
0 0 1 
0 0 1 
0 0 1 
0 0 1 
0 0 1 
0 0 1 
0 0 1 
0 0 1 
0 0 1 
0 0 1 
0 0 1 
0 0 1 
0 0 1 
0 0 1 
0 0 1 
0 0 1 
0 0 1 
0 0 1 
0 0 1 
0 0 1 
0 0 1 
0 0 1 
0 0 1 
0 0 1 
0 0 1 
0 0 1 
0 0 1 
0 0 1 
0 0 1 
0 0 1 
0 0 1 
0 0 1 
0 0 1 
0 0 1 
0 0 1 
0 0 1 
0 0 1 
0 0 1 
0 0 1 
0 0 1 
0 0 1 
0 0 1 
0 0 1 
0 0 1 
0 0 1 
0 0 1 
0 0 1 
0 0 1 
0 0 1 
0 0 1 
0 0 1 
0 0 1 
0 0 1 
0 0 1 
0 0 1 
0 0 1 
0 0 1 
0 0 1 
0 0 1 
0 0 1 
0 0 1 
0 0 1 
0 0 1 
0 0 1 
0 0 1 
0 0 1 
0 0 1 
0 0 1 
0 0 1 
0 0 1 
0 0 1 
0 0 1 
0 0 1 
0 0 1 
0 0 1 
0 0 1 
0 0 1 
0 0 1 
0 0 1 
0 0 1 
0 0 1 
0 0 1 
0 0 1 
0 0 1 
0 0 1 
0 0 1 
0 0 1 
0 0 1 
0 0 1 
0 0 1 
0 0 1 
0 0 1 
0 0 1 
0 0 1 
0 0 1 
0 0 1 
0 0 1 
0 0 1 
0 0 1 
0 0 1 
0 0 1 
0 0 1 
0 0 1 
0 0 1 
0 0 1 
0 0 1 
0 0 1 
0 0 1 
0 0 1 
0 0 1 
0 0 1 
0 0 1 
0 0 1 
0 0 1 
0 0 1 
0 0 1 
0 0 1 
0 0 1 
0 0 1 
0 0 1 
0 0 1 
0 0 1 
0 0 1 
0 0 1 
0 0 1 
0 0 1 
0 0 1 
0 0 1 
0 0 1 
0 0 1 
0 0 1 
0 0 1 
0 0 1 
0 0 1 
0 0 1 
0 0 1 
0 0 1 
0 0 1 
0 0 1 
0 0 1 
0 0 1 
0 0 1 
0 0 1 
0 0 1 
0 0 1 
0 0 1 
0 0 1 
0 0 1 
0 0 1 
0 0 1 
0 0 1 
0 0 1 
0 0 1 
0 0 1 
0 0 1 
0 0 1 
0 0 1 
0 0 1 
0 0 1 
0 0 1 
0 0 1 
0 0 1 
0 0 1 
0 0 1 
0 0 1 
0 0 1 
0 0 1 
0 0 1 
0 0 1 
0 0 1 
0 0 1 
0 0 1 
0 0 1 
0 0 1 
0 0 1 
0 0 1 
0 0 1 
0 0 1 
0 0 1 
0 0 1 
0 0 1 
0 0 1 
0 0 1 
0 0 1 
0 0 1 
0 0 1 
0 0 1 
0 0 1 
0 0 1 
0 0 1 
0 0 1 
0 0 1 
0 0 1 
0 0 1 
0 0 1 
0 0 1 
0 0 1 
0 0 1 
0 0 1 
0 0 1 
0 0 1 
0 0 1 
0 0 1 
0 0 1 
0 0 1 
0 0 1 
0 0 1 
0 0 1 
0 0 1 
0 0 1 
0 0 1 
0 0 1 
0 0 1 
0 0 1 
0 0 1 
0 0 1 
0 0 1 
0 0 1 
0 0 1 
0 0 1 
0 0 1 
0 0 1 
0 0 1 
0 0 1 
0 0 1 
0 0 1 
0 0 1 
0 0 1 
0 0 1 
0 0 1 
0 0 1 
0 0 1 
0 0 1 
0 0 1 
0 0 1 
0 0 1 
0 0 1 
0 0 1 
0 0 1 
0 0 1 
0 0 1 
0 0 1 
0 0 1 
0 0 1 
0 0 1 
0 0 1 
0 0 1 
0 0 1 
0 0 1 
0 0 1 
0 0 1 
0 0 1 
0 0 1 
0 0 1 
0 0 1 
0 0 1 
0 0 1 
0 0 1 
0 0 1 
0 0 1 
0 0 1 
0 0 1 
0 0 1 
0 0 1 
0 0 1 
0 0 1 
0 0 1 
0 0 1 
0 0 1 
0 0 1 
0 0 1 
0 0 1 
0 0 1 
0 0 1 
0 0 1 
0 0 1 
0 0 1 
0 0 1 
0 0 1 
0 0 1 
0 0 1 
0 0 1 
0 0 1 
0 0 1 
0 0 1 
0 0 1 
0 0 1 
0 0 1 
0 0 1 
0 0 1 
0 0 1 
0 0 1 
0 0 1 
0 0 1 
0 0 1 
0 0 1 
0 0 1 
0 0 1 
0 0 1 
0 0 1 
0 0 1 
0 0 1 
0 0 1 
0 0 1 
0 0 1 
0 0 1 
0 0 1 
0 0 1 
0 0 1 
0 0 1 
0 0 1 
0 0 1 
0 0 1 
0 0 1 
0 0 1 
0 0 1 
0 0 1 
0.996584 0.0825793 0 
0.996584 -0.0825795 -0 
0.996584 0.0825793 0 
0.9694 0.245486 0 
0.9694 0.245486 0 
0.915773 0.401695 0 
0.915773 0.401695 0 
0.837166 0.546948 0 
0.837166 0.546948 0 
0.735724 0.677282 0 
0.735724 0.677282 0 
0.614213 0.789141 0 
0.614213 0.789141 0 
0.475947 0.879474 0 
0.475947 0.879474 0 
0.3247 0.945817 0 
0.3247 0.945817 0 
0.164595 0.986361 0 
0.164595 0.986361 0 
4.37114e-08 1 0 
4.37114e-08 1 0 
0.996584 -0.0825795 -0 
0.9694 -0.245486 -0 
0.9694 -0.245486 -0 
0.915773 -0.401695 -0 
0.915773 -0.401695 -0 
0.837166 -0.546948 -0 
0.837166 -0.546948 -0 
0.735724 -0.677281 -0 
0.735724 -0.677281 -0 
0.614213 -0.789141 -0 
0.614213 -0.789141 -0 
0.475947 -0.879474 -0 
0.475947 -0.879474 -0 
0.3247 -0.945817 -0 
0.3247 -0.945817 -0 
0.164595 -0.986361 -0 
0.164595 -0.986361 -0 
-1.19249e-08 -1 0 
-1.19249e-08 -1 0 
-0 1 -0 
-0 1 -0 
-0 1 -0 
-0 1 -0 
-1 -0 0 
-1 -0 0 
-1 -0 0 
-1 -0 0 
-0 -1 -0 
-0 -1 -0 
-0 -1 -0 
-0 -1 -0 
0.913545 0.406737 -0 
0.913546 0.406736 -0 
0.978148 0.207912 -0 
1 -1.74846e-07 -0 
1 3.01992e-07 -0 
0.978148 0.207912 -0 
0.669131 0.743145 -0 
0.5 0.866025 -0 
0.5 0.866025 -0 
0.66913 0.743145 -0 
0.809017 0.587785 -0 
0.809017 0.587785 -0 
-0.104528 0.994522 0 
-0.104528 0.994522 0 
0.104528 0.994522 -0 
0.104528 0.994522 -0 
0.309017 0.951056 -0 
0.309017 0.951057 -0 
-0.669131 0.743145 0 
-0.5 0.866025 0 
-0.669131 0.743145 0 
-0.309017 0.951056 0 
-0.309017 0.951056 0 
-0.5 0.866025 0 
-0.913545 0.406737 0 
-0.978148 0.207912 0 
-0.978148 0.207912 0 
-0.809017 0.587785 0 
-0.913545 0.406737 0 
-0.809017 0.587785 0 
-0.913545 -0.406737 -0 
-0.913545 -0.406737 -0 
-0.978148 -0.207912 -0 
-0.978148 -0.207912 -0 
-1 8.74228e-08 0 
-1 -1.50996e-07 -0 
-0.5 -0.866025 -0 
-0.669131 -0.743145 -0 
-0.5 -0.866025 -0 
-0.809017 -0.587785 -0 
-0.809017 -0.587785 -0 
-0.669131 -0.743145 -0 
-0.104529 -0.994522 -0 
0.104528 -0.994522 -0 
0.104528 -0.994522 -0 
-0.309017 -0.951056 -0 
-0.104528 -0.994522 -0 
-0.309017 -0.951056 -0 
0.309017 -0.951057 -0 
0.309017 -0.951057 -0 
0.5 -0.866025 -0 
0.5 -0.866025 -0 
0.669131 -0.743145 -0 
0.669131 -0.743145 -0 
0.809017 -0.587785 -0 
0.809017 -0.587785 -0 
0.913545 -0.406737 -0 
0.913545 -0.406737 -0 
0.978148 -0.207912 -0 
0.978148 -0.207912 -0 
0.913545 0.406737 -0 
0.913546 0.406736 -0 
0.978148 0.207912 -0 
1 -1.74846e-07 -0 
1 3.01992e-07 -0 
0.978148 0.207912 -0 
0.669131 0.743145 -0 
0.5 0.866025 -0 
0.5 0.866025 -0 
0.66913 0.743145 -0 
0.809017 0.587785 -0 
0.809017 0.587785 -0 
-0.104528 0.994522 0 
-0.104528 0.994522 0 
0.104528 0.994522 -0 
0.104528 0.994522 -0 
0.309017 0.951056 -0 
0.309017 0.951057 -0 
-0.669131 0.743145 0 
-0.5 0.866025 0 
-0.669131 0.743145 0 
-0.309017 0.951056 0 
-0.309017 0.951056 0 
-0.5 0.866025 0 
-0.913545 0.406737 0 
-0.978148 0.207912 0 
-0.978148 0.207912 0 
-0.809017 0.587785 0 
-0.913545 0.406737 0 
-0.809017 0.587785 0 
-0.913545 -0.406737 -0 
-0.913545 -0.406737 -0 
-0.978148 -0.207912 -0 
-0.978148 -0.207912 -0 
-1 8.74228e-08 0 
-1 -1.50996e-07 -0 
-0.5 -0.866025 -0 
-0.669131 -0.743145 -0 
-0.5 -0.866025 -0 
-0.809017 -0.587785 -0 
-0.809017 -0.587785 -0 
-0.669131 -0.743145 -0 
-0.104529 -0.994522 -0 
0.104528 -0.994522 -0 
0.104528 -0.994522 -0 
-0.309017 -0.951056 -0 
-0.104528 -0.994522 -0 
-0.309017 -0.951056 -0 
0.309017 -0.951057 -0 
0.309017 -0.951057 -0 
0.5 -0.866025 -0 
0.5 -0.866025 -0 
0.669131 -0.743145 -0 
0.669131 -0.743145 -0 
0.809017 -0.587785 -0 
0.809017 -0.587785 -0 
0.913545 -0.406737 -0 
0.913545 -0.406737 -0 
0.978148 -0.207912 -0 
0.978148 -0.207912 -0 
-0.969662 0.244448 -0 
-0.969662 0.244448 -0 
-0.611655 0.791125 0 
-0.9136 -0.406615 -0 
-0.9136 -0.406614 -0 
-0.611655 0.791125 0 
0.00754535 0.999972 0 
0.00754535 0.999972 0 
-0.786993 -0.616962 -0 
-0.608761 -0.793353 -0 
-0.608761 -0.793353 -0 
-0.996008 0.0892685 0 
-0.986901 -0.161326 0 
-0.986901 -0.161326 0 
-0.915738 -0.401776 -0 
-0.915738 -0.401776 -0 
-0.786993 -0.616962 -0 
-0.942485 0.334249 0 
-0.942485 0.334249 0 
-0.996008 0.0892685 0 
-0.608761 -0.793353 0 
-0.608761 -0.793353 0 
-0.608761 -0.793353 0 
-0.608761 -0.793353 0 
-0.167987 -0.985789 -0 
0.0740012 -0.997258 -0 
0.0740012 -0.997258 -0 
-0.608761 -0.793353 0 
-0.608761 -0.793353 0 
-0.400115 -0.916465 0 
-0.400115 -0.916465 0 
-0.167987 -0.985789 -0 
-0.707107 -0.707107 -0 
-0.908558 -0.417759 0 
-0.908558 -0.417759 0 
-0.707107 -0.707107 -0 
-0.707107 -0.707107 0 
-0.707107 -0.707107 0 
-0.707107 -0.707107 0 
-0.707107 -0.707107 0 
-0.487964 -0.872864 0 
-0.23198 -0.972721 -0 
-0.23198 -0.972721 -0 
-0.707107 -0.707107 0 
-0.707107 -0.707107 0 
-0.487964 -0.872864 0 
-0.872864 -0.487964 0 
-0.707107 -0.707107 -0 
-0.707107 -0.707107 -0 
-0.972721 -0.23198 0 
-0.972721 -0.23198 0 
-0.872864 -0.487964 0 
-0.707107 -0.707107 0 
-0.707107 -0.707107 0 
-0.707107 -0.707107 0 
-0.707107 -0.707107 0 
-0.258819 -0.965926 -0 
7.25167e-08 -1 -0 
7.25167e-08 -1 -0 
-0.707107 -0.707107 0 
-0.707107 -0.707107 0 
-0.5 -0.866025 0 
-0.5 -0.866025 0 
-0.258819 -0.965926 -0 
8.88407e-15 -1 -0 
8.88407e-15 -1 -0 
8.88407e-15 -1 -0 
8.88407e-15 -1 -0 
0.5 -0.866025 0 
0.707107 -0.707107 0 
0.707107 -0.707107 0 
-8.9437e-09 -1 -0 
-8.9437e-09 -1 -0 
0.258819 -0.965926 -0 
0.258819 -0.965926 -0 
0.5 -0.866025 0 
0.707107 -0.707107 -0 
0.707107 -0.707107 -0 
0.707107 -0.707107 -0 
0.707107 -0.707107 -0 
-0.707107 -0.707107 0 
-0.707107 -0.707107 0 
-0.707107 -0.707107 0 
-0.707107 -0.707107 0 
0.707107 -0.707107 -0 
0.707107 -0.707107 -0 
0.707107 -0.707107 -0 
0.707107 -0.707107 -0 
0.707107 0.707107 -0 
0.707107 0.707107 -0 
0.707107 0.707107 -0 
0.707107 0.707107 -0 
0.707107 -0.707107 -0 
0.707107 -0.707107 -0 
0.707107 -0.707107 -0 
0.707107 -0.707107 -0 
-0.154778 0.987949 -0 
-0.371688 0.928358 -0 
-0.371688 0.928358 -0 
0.497634 0.867387 -0 
0.291165 0.956673 -0 
0.291165 0.956673 -0 
0.0699635 0.99755 -0 
0.0699635 0.99755 -0 
-0.154778 0.987949 -0 
0.825854 0.563883 0 
0.825854 0.563883 0 
0.930999 0.365022 0 
0.497633 0.867387 -0 
0.678921 0.734211 -0 
0.678921 0.734211 -0 
0.997022 -0.0771143 0 
0.954561 -0.298017 0 
0.997022 -0.0771143 0 
0.989034 0.147691 0 
0.989034 0.147691 0 
0.930999 0.365022 0 
0.557947 -0.829876 -0 
0.729325 -0.684168 0 
0.729324 -0.684168 -0 
0.863797 -0.50384 0 
0.954561 -0.298017 0 
0.863797 -0.50384 0 
0.140595 -0.990067 -0 
0.140595 -0.990067 -0 
-0.0842611 -0.996444 -0 
0.557947 -0.829876 -0 
0.358337 -0.933592 -0 
0.358337 -0.933592 -0 
-0.510021 -0.860162 -0 
-0.68938 -0.7244 -0 
-0.510021 -0.860162 -0 
-0.304854 -0.952399 -0 
-0.304854 -0.952399 -0 
-0.0842611 -0.996444 -0 
-0.68938 -0.7244 -0 
-0.833856 -0.551983 -0 
-0.936137 -0.351634 -0 
-0.833856 -0.551983 -0 
-0.99105 -0.133493 -0 
-0.936137 -0.351634 -0 
-0.99105 -0.133493 -0 
-0.995814 0.0914037 -0 
-0.950189 0.311675 -0 
-0.995814 0.0914037 -0 
-0.950189 0.311675 -0 
0.868687 0.495361 -0 
0.707107 0.707107 -0 
0.707107 0.707107 -0 
0.960168 -0.279423 0 
0.999871 -0.0160448 0 
0.999871 -0.0160451 0 
0.968639 0.248472 -0 
0.968639 0.248472 -0 
0.868687 0.495361 -0 
0.852346 -0.522978 0 
0.852346 -0.522978 0 
0.960168 -0.279423 0 
0.707107 0.707107 -0 
0.707107 0.707107 -0 
0.707107 0.707107 -0 
0.707107 0.707107 -0 
0.312162 0.950029 -0 
0.0834061 0.996516 -0 
0.0834061 0.996516 -0 
0.707107 0.707107 0 
0.707107 0.707107 0 
0.523909 0.851775 0 
0.523909 0.851775 0 
0.312162 0.950029 -0 
0.690761 0.723083 -0 
0.493049 0.870002 -0 
0.493049 0.870002 -0 
0.997729 0.0673543 0 
0.950996 0.309204 0 
0.950996 0.309203 0 
0.846561 0.532292 -0 
0.846561 0.532292 -0 
0.690761 0.723083 -0 
0.983925 -0.178582 0 
0.983925 -0.178582 0 
0.997729 0.067354 0 
0.319801 0.947485 -0 
0.493049 0.870002 0 
0.493049 0.870002 0 
0.319801 0.947485 -0 
-0.619366 0.785103 -0 
-0.793353 0.608761 -0 
-0.793353 0.608761 -0 
0.0770796 0.997025 0 
-0.170372 0.98538 0 
-0.170372 0.98538 0 
-0.407369 0.913264 -0 
-0.407369 0.913264 -0 
-0.619366 0.785103 -0 
0.319801 0.947485 0 
0.319801 0.947485 0 
0.0770796 0.997025 0 
-0.793353 0.608761 -0 
-0.793353 0.608761 -0 
-0.793353 0.608761 -0 
-0.793353 0.608761 -0 
0.309017 0.951056 -0 
0.309017 0.951056 -0 
0.809017 0.587785 -0 
1 -1.74846e-07 -0 
1 -1.74846e-07 -0 
0.809017 0.587785 -0 
-0.809017 0.587785 0 
-1 -1.50996e-07 -0 
-1 8.74228e-08 0 
-0.809017 0.587785 0 
-0.309017 0.951056 0 
-0.309017 0.951057 0 
0.309017 -0.951057 -0 
0.309017 -0.951057 -0 
-0.309017 -0.951056 -0 
-0.309017 -0.951057 -0 
-0.809017 -0.587785 -0 
-0.809017 -0.587785 -0 
0.809017 -0.587785 -0 
0.809017 -0.587785 -0 
0.669131 0.743145 -0 
0.669131 0.743145 -0 
0.913546 0.406736 -0 
1 -1.74846e-07 -0 
1 3.01992e-07 -0 
0.913546 0.406736 -0 
-0.104528 0.994522 0 
-0.5 0.866025 0 
-0.5 0.866025 0 
-0.104528 0.994522 0 
0.309017 0.951056 -0 
0.309017 0.951056 -0 
-0.978148 -0.207912 -0 
-0.978148 -0.207912 -0 
-0.978148 0.207912 0 
-0.978148 0.207912 0 
-0.809017 0.587785 0 
-0.809017 0.587785 0 
-0.104529 -0.994522 -0 
-0.5 -0.866025 -0 
-0.104528 -0.994522 -0 
-0.809017 -0.587785 -0 
-0.809017 -0.587785 -0 
-0.5 -0.866025 -0 
0.669131 -0.743145 -0 
0.309017 -0.951057 -0 
0.309017 -0.951057 -0 
0.913545 -0.406737 -0 
0.669131 -0.743145 -0 
0.913545 -0.406737 -0 
0.309017 0.951056 -0 
0.309017 0.951056 -0 
0.809017 0.587785 -0 
1 -1.74846e-07 -0 
1 -1.74846e-07 -0 
0.809017 0.587785 -0 
-0.809017 0.587785 0 
-1 -1.50996e-07 -0 
-1 8.74228e-08 0 
-0.809017 0.587785 0 
-0.309017 0.951056 0 
-0.309017 0.951057 0 
0.309017 -0.951057 -0 
0.309017 -0.951057 -0 
-0.309017 -0.951056 -0 
-0.309017 -0.951057 -0 
-0.809017 -0.587785 -0 
-0.809017 -0.587785 -0 
0.809017 -0.587785 -0 
0.809017 -0.587785 -0 
0.608761 0.793353 -0 
0.608761 0.793353 -0 
0.608761 0.793353 -0 
0.608761 0.793353 -0 
-0.284015 0.95882 -0 
-0.793353 0.608761 -0 
-0.793353 0.608761 -0 
0.999657 -0.0261772 0 
0.824126 0.566406 0 
0.824126 0.566406 0 
0.333807 0.942641 -0 
0.333807 0.942641 -0 
-0.284015 0.95882 -0 
0.793353 -0.608761 -0 
0.793353 -0.608761 -0 
0.999657 -0.0261772 0 
0.608761 0.793353 -0 
0.608761 0.793353 -0 
0.608761 0.793353 -0 
0.608761 0.793353 -0 
-0.284015 0.95882 -0 
-0.793353 0.608761 -0 
-0.793353 0.608761 -0 
0.999657 -0.0261772 0 
0.824126 0.566406 0 
0.824126 0.566406 0 
0.333807 0.942641 -0 
0.333807 0.942641 -0 
-0.284015 0.95882 -0 
0.793353 -0.608761 -0 
0.793353 -0.608761 -0 
0.999657 -0.0261772 0 
0.608761 0.793353 -0 
0.608761 0.793353 -0 
0.608761 0.793353 -0 
0.608761 0.793353 -0 
-0.284015 0.95882 -0 
-0.793353 0.608761 -0 
-0.793353 0.608761 -0 
0.999657 -0.0261772 0 
0.824126 0.566406 0 
0.824126 0.566406 0 
0.333807 0.942641 -0 
0.333807 0.942641 -0 
-0.284015 0.95882 -0 
0.793353 -0.608761 -0 
0.793353 -0.608761 -0 
0.999657 -0.0261772 0 
0.608761 0.793353 -0 
0.608761 0.793353 -0 
0.608761 0.793353 -0 
0.608761 0.793353 -0 
-0.284015 0.95882 -0 
-0.793353 0.608761 -0 
-0.793353 0.608761 -0 
0.999657 -0.0261772 0 
0.824126 0.566406 0 
0.824126 0.566406 0 
0.333807 0.942641 -0 
0.333807 0.942641 -0 
-0.284015 0.95882 -0 
0.793353 -0.608761 -0 
0.793353 -0.608761 -0 
0.999657 -0.0261772 0 
-0.95882 -0.284015 -0 
-0.608761 -0.793353 -0 
-0.608761 -0.793353 -0 
0.0261772 0.999657 0 
-0.566406 0.824126 0 
-0.566406 0.824126 0 
-0.942641 0.333807 -0 
-0.942641 0.333807 -0 
-0.95882 -0.284015 -0 
0.608761 0.793353 -0 
0.608761 0.793353 -0 
0.0261772 0.999657 0 
-0.793353 0.608761 -0 
-0.793353 0.608761 -0 
-0.793353 0.608761 -0 
-0.793353 0.608761 -0 
-0.95882 -0.284015 -0 
-0.608761 -0.793353 -0 
-0.608761 -0.793353 -0 
0.0261772 0.999657 0 
-0.566406 0.824126 0 
-0.566406 0.824126 0 
-0.942641 0.333807 -0 
-0.942641 0.333807 -0 
-0.95882 -0.284015 -0 
0.608761 0.793353 -0 
0.608761 0.793353 -0 
0.0261772 0.999657 0 
-0.793353 0.608761 -0 
-0.793353 0.608761 -0 
-0.793353 0.608761 -0 
-0.793353 0.608761 -0 
-0.95882 -0.284015 -0 
-0.608761 -0.793353 -0 
-0.608761 -0.793353 -0 
0.0261772 0.999657 0 
-0.566406 0.824126 0 
-0.566406 0.824126 0 
-0.942641 0.333807 -0 
-0.942641 0.333807 -0 
-0.95882 -0.284015 -0 
0.608761 0.793353 -0 
0.608761 0.793353 -0 
0.0261772 0.999657 0 
0.284015 -0.95882 -0 
0.793353 -0.608761 -0 
0.793353 -0.608761 -0 
-0.999657 0.0261772 0 
-0.824126 -0.566406 0 
-0.824126 -0.566406 0 
-0.333807 -0.942641 -0 
-0.333807 -0.942641 -0 
0.284015 -0.95882 -0 
-0.793353 0.608761 -0 
-0.793353 0.608761 -0 
-0.999657 0.0261772 0 
-0.608761 -0.793353 0 
-0.608761 -0.793353 0 
-0.608761 -0.793353 0 
-0.608761 -0.793353 0 
0.284015 -0.95882 -0 
0.793353 -0.608761 -0 
0.793353 -0.608761 -0 
-0.999657 0.0261772 0 
-0.824126 -0.566406 0 
-0.824126 -0.566406 0 
-0.333807 -0.942641 -0 
-0.333807 -0.942641 -0 
0.284015 -0.95882 -0 
-0.793353 0.608761 -0 
-0.793353 0.608761 -0 
-0.999657 0.0261772 0 
-0.608761 -0.793353 0 
-0.608761 -0.793353 0 
-0.608761 -0.793353 0 
-0.608761 -0.793353 0 
0.284015 -0.95882 -0 
0.793353 -0.608761 -0 
0.793353 -0.608761 -0 
-0.999657 0.0261772 0 
-0.824126 -0.566406 0 
-0.824126 -0.566406 0 
-0.333807 -0.942641 -0 
-0.333807 -0.942641 -0 
0.284015 -0.95882 -0 
-0.793353 0.608761 -0 
-0.793353 0.608761 -0 
-0.999657 0.0261772 0 
-0.608761 -0.793353 0 
-0.608761 -0.793353 0 
-0.608761 -0.793353 0 
-0.608761 -0.793353 0 
0.284015 -0.95882 -0 
0.793353 -0.608761 -0 
0.793353 -0.608761 -0 
-0.999657 0.0261772 0 
-0.824126 -0.566406 0 
-0.824126 -0.566406 0 
-0.333807 -0.942641 -0 
-0.333807 -0.942641 -0 
0.284015 -0.95882 -0 
-0.793353 0.608761 -0 
-0.793353 0.608761 -0 
-0.999657 0.0261772 0 
-0.608761 -0.793353 0 
-0.608761 -0.793353 0 
-0.608761 -0.793353 0 
-0.608761 -0.793353 0 
0.284015 -0.95882 -0 
0.793353 -0.608761 -0 
0.793353 -0.608761 -0 
-0.999657 0.0261772 0 
-0.824126 -0.566406 0 
-0.824126 -0.566406 0 
-0.333807 -0.942641 -0 
-0.333807 -0.942641 -0 
0.284015 -0.95882 -0 
-0.793353 0.608761 -0 
-0.793353 0.608761 -0 
-0.999657 0.0261772 0 
0.997707 0.0676799 0 
0.703872 0.710326 0 
0.703872 0.710326 0 
-0.503947 -0.863735 -0 
0.192852 -0.981228 -0 
0.192852 -0.981228 -0 
0.793353 -0.608761 -0 
0.793353 -0.608761 -0 
0.997707 0.0676799 0 
-0.503947 -0.863735 -0 
0.793353 -0.608761 -0 
0.793353 -0.608761 -0 
0.793353 -0.608761 -0 
0.793353 -0.608761 -0 
0.997707 0.0676799 0 
0.703872 0.710326 0 
0.703872 0.710326 0 
-0.503947 -0.863735 -0 
0.192852 -0.981228 -0 
0.192852 -0.981228 -0 
0.793353 -0.608761 -0 
0.793353 -0.608761 -0 
0.997707 0.0676799 0 
-0.503947 -0.863735 -0 
0.793353 -0.608761 -0 
0.793353 -0.608761 -0 
0.793353 -0.608761 -0 
0.793353 -0.608761 -0 
0.997707 0.0676799 0 
0.703872 0.710326 0 
0.703872 0.710326 0 
-0.503947 -0.863735 -0 
0.192852 -0.981228 -0 
0.192852 -0.981228 -0 
0.793353 -0.608761 -0 
0.793353 -0.608761 -0 
0.997707 0.0676799 0 
-0.503947 -0.863735 -0 
-0.284015 0.95882 -0 
-0.793353 0.608761 -0 
-0.793353 0.608761 -0 
0.999657 -0.0261772 0 
0.824126 0.566406 0 
0.824126 0.566406 0 
0.333807 0.942641 -0 
0.333807 0.942641 -0 
-0.284015 0.95882 -0 
0.793353 -0.608761 -0 
0.793353 -0.608761 -0 
0.999657 -0.0261772 0 
0.900969 0.433884 -0 
0.900969 0.433884 -0 
0.974928 0.222521 -0 
1 -1.74846e-07 -0 
1 3.01992e-07 -0 
0.974928 0.222521 -0 
0.62349 0.781831 -0 
0.433884 0.900969 -0 
0.433884 0.900969 -0 
0.62349 0.781832 -0 
0.781831 0.62349 -0 
0.781832 0.623489 -0 
-0.222521 0.974928 0 
-0.222521 0.974928 0 
1.19249e-08 1 -0 
1.19249e-08 1 -0 
0.222521 0.974928 -0 
0.222521 0.974928 -0 
-0.781831 0.62349 0 
-0.62349 0.781831 0 
-0.781832 0.62349 0 
-0.433884 0.900969 0 
-0.433883 0.900969 0 
-0.62349 0.781832 0 
-0.974928 0.222521 0 
-1 -1.50996e-07 -0 
-1 8.74228e-08 0 
-0.900969 0.433884 0 
-0.974928 0.222521 0 
-0.900969 0.433884 0 
-0.781832 -0.62349 -0 
-0.781832 -0.62349 -0 
-0.900969 -0.433884 -0 
-0.900969 -0.433884 -0 
-0.974928 -0.222521 -0 
-0.974928 -0.222521 -0 
-0.222521 -0.974928 -0 
-0.433884 -0.900969 -0 
-0.222521 -0.974928 -0 
-0.62349 -0.781832 -0 
-0.62349 -0.781832 -0 
-0.433884 -0.900969 -0 
0.222521 -0.974928 -0 
-4.37114e-08 -1 -0 
0.222521 -0.974928 -0 
-4.37114e-08 -1 -0 
0.433884 -0.900969 -0 
0.433884 -0.900969 -0 
0.62349 -0.781832 -0 
0.62349 -0.781832 -0 
0.781831 -0.62349 -0 
0.781831 -0.62349 -0 
0.900969 -0.433884 -0 
0.900969 -0.433884 -0 
0.974928 -0.222521 -0 
0.974928 -0.222521 -0 
-0.224948 -0.974371 0 
0.0550609 -0.998483 -0 
0.0550609 -0.998483 -0 
-0.487189 -0.873297 0 
-0.487189 -0.873297 0 
-0.224948 -0.974371 0 
-0.694658 -0.71934 0 
-0.694658 -0.71934 0 
-0.694658 -0.71934 0 
-0.694658 -0.71934 0 
-0.71934 0.694658 -0 
-0.71934 0.694658 -0 
-0.71934 0.694658 -0 
-0.71934 0.694658 -0 
-0.857167 -0.515038 -0 
-0.694658 -0.71934 -0 
-0.694658 -0.71934 -0 
-0.970296 0.241922 0 
-0.999848 -0.0174526 -0 
-0.999848 -0.0174523 0 
-0.961262 -0.275637 -0 
-0.961262 -0.275637 -0 
-0.857167 -0.515038 -0 
-0.71934 0.694658 0 
-0.87462 0.48481 0 
-0.87462 0.48481 0 
-0.970296 0.241922 0 
-0.71934 0.694658 0 
-0.694658 -0.71934 0 
-0.694658 -0.71934 0 
-0.694658 -0.71934 0 
-0.694658 -0.71934 0 
0.515038 -0.857167 0 
0.71934 -0.694658 0 
0.71934 -0.694658 0 
-0.241922 -0.970296 -0 
0.0174526 -0.999848 0 
0.0174523 -0.999848 -0 
0.275637 -0.961262 0 
0.275637 -0.961262 0 
0.515038 -0.857167 0 
-0.694658 -0.71934 -0 
-0.48481 -0.87462 -0 
-0.48481 -0.87462 -0 
-0.241922 -0.970296 -0 
-0.694658 -0.71934 -0 
0.71934 -0.694658 -0 
0.71934 -0.694658 -0 
0.71934 -0.694658 -0 
0.71934 -0.694658 -0 
-0.694658 -0.71934 0 
-0.694658 -0.71934 0 
-0.694658 -0.71934 0 
-0.694658 -0.71934 0 
0.515038 -0.857167 0 
0.71934 -0.694658 0 
0.71934 -0.694658 0 
-0.241922 -0.970296 -0 
0.0174526 -0.999848 0 
0.0174523 -0.999848 -0 
0.275637 -0.961262 0 
0.275637 -0.961262 0 
0.515038 -0.857167 0 
-0.694658 -0.71934 -0 
-0.48481 -0.87462 -0 
-0.48481 -0.87462 -0 
-0.241922 -0.970296 -0 
-0.694658 -0.71934 -0 
0.71934 -0.694658 -0 
0.71934 -0.694658 -0 
0.71934 -0.694658 -0 
0.71934 -0.694658 -0 
0.857167 0.515038 -0 
0.694658 0.71934 -0 
0.694658 0.71934 -0 
0.970296 -0.241922 0 
0.999848 0.0174526 -0 
0.999848 0.0174523 0 
0.961262 0.275637 -0 
0.961262 0.275637 -0 
0.857167 0.515038 -0 
0.71934 -0.694658 0 
0.87462 -0.48481 0 
0.87462 -0.48481 0 
0.970296 -0.241922 0 
0.71934 -0.694658 0 
0.694658 0.71934 -0 
0.694658 0.71934 -0 
0.694658 0.71934 -0 
0.694658 0.71934 -0 
-0.0684 0.997658 -0 
-0.340316 0.940311 -0 
-0.340316 0.940311 -0 
0.694658 0.71934 0 
0.469872 0.882735 0 
0.469872 0.882735 0 
0.208798 0.977959 0 
0.208798 0.977959 0 
-0.0684 0.997658 -0 
0.694658 0.71934 0 
0.694658 0.71934 -0 
0.694658 0.71934 -0 
0.694658 0.71934 -0 
0.694658 0.71934 -0 
-0.99995 0.0100505 -0 
-0.969235 -0.246137 -0 
-0.969235 -0.246137 -0 
-0.706482 0.707731 -0 
-0.864049 0.503407 -0 
-0.864049 0.503407 -0 
-0.964092 0.265569 -0 
-0.964092 0.265569 -0 
-0.99995 0.0100505 -0 
-0.263867 0.964559 0 
-0.263867 0.964559 0 
-0.00828535 0.999966 0 
-0.706482 0.707731 -0 
-0.501881 0.864937 0 
-0.501881 0.864937 -0 
0.247848 0.968799 0 
0.247848 0.968799 0 
0.48748 0.873134 0 
-0.00828511 0.999966 0 
0.694658 0.71934 0 
0.48748 0.873134 0 
0.694659 0.71934 0 
-0.71934 0.694658 -0 
-0.71934 0.694658 -0 
-0.71934 0.694658 -0 
-0.71934 0.694658 -0 
-0.857167 -0.515038 -0 
-0.694658 -0.71934 -0 
-0.694658 -0.71934 -0 
-0.970296 0.241922 0 
-0.999848 -0.0174526 -0 
-0.999848 -0.0174523 0 
-0.961262 -0.275637 -0 
-0.961262 -0.275637 -0 
-0.857167 -0.515038 -0 
-0.71934 0.694658 0 
-0.87462 0.48481 0 
-0.87462 0.48481 0 
-0.970296 0.241922 0 
-0.71934 0.694658 0 
-0.694658 -0.71934 0 
-0.694658 -0.71934 0 
-0.694658 -0.71934 0 
-0.694658 -0.71934 0 
0.822012 -0.569471 -0 
0.929779 -0.368118 -0 
0.929779 -0.368118 -0 
0.274725 -0.961523 -0 
0.485715 -0.874117 -0 
0.485715 -0.874117 -0 
0.671371 -0.741121 -0 
0.671371 -0.741121 -0 
0.822012 -0.56947 -0 
-0.178489 -0.983942 -0 
-0.178489 -0.983942 -0 
-0.397075 -0.917786 -0 
0.274725 -0.961523 -0 
0.0494059 -0.998779 -0 
0.0494062 -0.998779 -0 
-0.761797 -0.647816 0 
-0.88891 -0.458082 0 
-0.761797 -0.647816 0 
-0.594951 -0.803762 -0 
-0.594952 -0.803762 -0 
-0.397075 -0.917786 -0 
-0.977865 0.209237 0 
-0.999837 -0.0180814 0 
-0.999837 -0.0180814 0 
-0.96966 -0.244457 0 
-0.88891 -0.458082 0 
-0.96966 -0.244457 0 
-0.904891 0.425642 0 
-0.904891 0.425642 0 
-0.977865 0.209237 0 
-0.784722 0.619848 0 
-0.784722 0.619848 0 
-0.623624 0.781725 -0 
-0.623624 0.781725 -0 
-0.43 0.902829 -0 
-0.43 0.902829 -0 
0.669131 0.743145 -0 
0.669131 0.743145 -0 
0.913546 0.406736 -0 
1 -1.74846e-07 -0 
1 3.01992e-07 -0 
0.913546 0.406736 -0 
-0.104528 0.994522 0 
-0.5 0.866025 0 
-0.5 0.866025 0 
-0.104528 0.994522 0 
0.309017 0.951056 -0 
0.309017 0.951056 -0 
-0.978148 -0.207912 -0 
-0.978148 -0.207912 -0 
-0.978148 0.207912 0 
-0.978148 0.207912 0 
-0.809017 0.587785 0 
-0.809017 0.587785 0 
-0.104529 -0.994522 -0 
-0.5 -0.866025 -0 
-0.104528 -0.994522 -0 
-0.809017 -0.587785 -0 
-0.809017 -0.587785 -0 
-0.5 -0.866025 -0 
0.669131 -0.743145 -0 
0.309017 -0.951057 -0 
0.309017 -0.951057 -0 
0.913545 -0.406737 -0 
0.669131 -0.743145 -0 
0.913545 -0.406737 -0 
0.669131 0.743145 -0 
0.669131 0.743145 -0 
0.913546 0.406736 -0 
1 -1.74846e-07 -0 
1 3.01992e-07 -0 
0.913546 0.406736 -0 
-0.104528 0.994522 0 
-0.5 0.866025 0 
-0.5 0.866025 0 
-0.104528 0.994522 0 
0.309017 0.951056 -0 
0.309017 0.951056 -0 
-0.978148 -0.207912 -0 
-0.978148 -0.207912 -0 
-0.978148 0.207912 0 
-0.978148 0.207912 0 
-0.809017 0.587785 0 
-0.809017 0.587785 0 
-0.104529 -0.994522 -0 
-0.5 -0.866025 -0 
-0.104528 -0.994522 -0 
-0.809017 -0.587785 -0 
-0.809017 -0.587785 -0 
-0.5 -0.866025 -0 
0.669131 -0.743145 -0 
0.309017 -0.951057 -0 
0.309017 -0.951057 -0 
0.913545 -0.406737 -0 
0.669131 -0.743145 -0 
0.913545 -0.406737 -0 
0.669131 0.743145 -0 
0.669131 0.743145 -0 
0.913546 0.406736 -0 
1 -1.74846e-07 -0 
1 3.01992e-07 -0 
0.913546 0.406736 -0 
-0.104528 0.994522 0 
-0.5 0.866025 0 
-0.5 0.866025 0 
-0.104528 0.994522 0 
0.309017 0.951056 -0 
0.309017 0.951056 -0 
-0.978148 -0.207912 -0 
-0.978148 -0.207912 -0 
-0.978148 0.207912 0 
-0.978148 0.207912 0 
-0.809017 0.587785 0 
-0.809017 0.587785 0 
-0.104529 -0.994522 -0 
-0.5 -0.866025 -0 
-0.104528 -0.994522 -0 
-0.809017 -0.587785 -0 
-0.809017 -0.587785 -0 
-0.5 -0.866025 -0 
0.669131 -0.743145 -0 
0.309017 -0.951057 -0 
0.309017 -0.951057 -0 
0.913545 -0.406737 -0 
0.669131 -0.743145 -0 
0.913545 -0.406737 -0 
-0.104529 0.994522 -0 
-0.358368 0.93358 -0 
-0.358368 0.93358 -0 
0.62932 0.777146 0 
0.406736 0.913546 -0 
0.406737 0.913545 0 
0.156434 0.987688 -0 
0.156434 0.987688 -0 
-0.104529 0.994522 -0 
0.93358 0.358368 0 
0.809017 0.587785 0 
0.809017 0.587785 0 
0.62932 0.777146 0 
0.93358 0.358368 0 
-0.358368 0.93358 -0 
-0.358368 0.93358 -0 
-0.358368 0.93358 -0 
-0.358368 0.93358 -0 
-0.999609 -0.0279467 -0 
-0.962589 -0.270965 -0 
-0.962589 -0.270965 -0 
-0.757458 0.652884 0 
-0.893848 0.44837 -0 
-0.893848 0.44837 0 
-0.976225 0.216761 -0 
-0.976225 0.216761 -0 
-0.999609 -0.0279467 -0 
-0.358368 0.93358 0 
-0.575295 0.817946 0 
-0.575295 0.817946 0 
-0.757458 0.652884 0 
-0.358368 0.93358 0 
-0.795433 0.606041 -0 
-0.924228 0.38184 -0 
-0.924228 0.38184 -0 
-0.390475 0.920614 0 
-0.390475 0.920614 0 
-0.61346 0.789726 0 
-0.61346 0.789726 0 
-0.795433 0.606041 -0 
-0.939242 0.343256 -0 
-0.924228 0.38184 0 
-0.924228 0.38184 0 
-0.939242 0.343256 -0 
-0.991876 -0.127207 -0 
-0.93358 -0.358368 -0 
-0.93358 -0.358368 -0 
-0.939242 0.343256 0 
-0.939242 0.343256 0 
-0.9938 0.111184 0 
-0.9938 0.111184 0 
-0.991876 -0.127207 -0 
-0.93358 -0.358368 0 
-0.93358 -0.358368 0 
-0.93358 -0.358368 0 
-0.93358 -0.358368 0 
0.104529 -0.994522 -0 
0.358368 -0.93358 -0 
0.358368 -0.93358 -0 
-0.62932 -0.777146 0 
-0.406736 -0.913546 -0 
-0.406737 -0.913545 0 
-0.156434 -0.987688 -0 
-0.156434 -0.987688 -0 
0.104529 -0.994522 -0 
-0.93358 -0.358368 0 
-0.809017 -0.587785 0 
-0.809017 -0.587785 0 
-0.62932 -0.777146 0 
-0.93358 -0.358368 0 
0.358368 -0.93358 -0 
0.358368 -0.93358 -0 
0.358368 -0.93358 -0 
0.358368 -0.93358 -0 
0.119885 -0.992788 -0 
0.358368 -0.93358 -0 
0.358368 -0.93358 -0 
-0.580108 -0.814539 0 
-0.36396 -0.931414 -0 
-0.36396 -0.931414 0 
-0.125837 -0.992051 -0 
-0.125837 -0.992051 -0 
0.119885 -0.992788 -0 
-0.896388 -0.443271 0 
-0.761229 -0.648483 0 
-0.761229 -0.648483 0 
-0.580108 -0.814539 0 
-0.896388 -0.443271 0 
0.358368 -0.93358 -0 
0.358368 -0.93358 -0 
0.358368 -0.93358 -0 
0.358368 -0.93358 -0 
0.994522 0.104529 0 
0.93358 0.358368 0 
0.93358 0.358368 0 
0.777146 -0.62932 -0 
0.913546 -0.406736 0 
0.913545 -0.406737 -0 
0.987688 -0.156434 0 
0.987688 -0.156434 0 
0.994522 0.104529 0 
0.358368 -0.93358 -0 
0.587785 -0.809017 -0 
0.587785 -0.809017 -0 
0.777146 -0.62932 -0 
0.358368 -0.93358 -0 
0.93358 0.358368 -0 
0.93358 0.358368 -0 
0.93358 0.358368 -0 
0.93358 0.358368 -0 
0.900969 0.433884 -0 
0.900969 0.433884 -0 
0.974928 0.222521 -0 
1 -1.74846e-07 -0 
1 3.01992e-07 -0 
0.974928 0.222521 -0 
0.62349 0.781831 -0 
0.433884 0.900969 -0 
0.433884 0.900969 -0 
0.62349 0.781832 -0 
0.781831 0.62349 -0 
0.781832 0.623489 -0 
-0.222521 0.974928 0 
-0.222521 0.974928 0 
1.19249e-08 1 -0 
1.19249e-08 1 -0 
0.222521 0.974928 -0 
0.222521 0.974928 -0 
-0.781831 0.62349 0 
-0.62349 0.781831 0 
-0.781832 0.62349 0 
-0.433884 0.900969 0 
-0.433883 0.900969 0 
-0.62349 0.781832 0 
-0.974928 0.222521 0 
-1 -1.50996e-07 -0 
-1 8.74228e-08 0 
-0.900969 0.433884 0 
-0.974928 0.222521 0 
-0.900969 0.433884 0 
-0.781832 -0.62349 -0 
-0.781832 -0.62349 -0 
-0.900969 -0.433884 -0 
-0.900969 -0.433884 -0 
-0.974928 -0.222521 -0 
-0.974928 -0.222521 -0 
-0.222521 -0.974928 -0 
-0.433884 -0.900969 -0 
-0.222521 -0.974928 -0 
-0.62349 -0.781832 -0 
-0.62349 -0.781832 -0 
-0.433884 -0.900969 -0 
0.222521 -0.974928 -0 
-4.37114e-08 -1 -0 
0.222521 -0.974928 -0 
-4.37114e-08 -1 -0 
0.433884 -0.900969 -0 
0.433884 -0.900969 -0 
0.62349 -0.781832 -0 
0.62349 -0.781832 -0 
0.781831 -0.62349 -0 
0.781831 -0.62349 -0 
0.900969 -0.433884 -0 
0.900969 -0.433884 -0 
0.974928 -0.222521 -0 
0.974928 -0.222521 -0 
-0.913545 0.406737 -0 
-0.913546 0.406736 -0 
-0.978148 0.207912 -0 
-1 -1.74846e-07 -0 
-1 3.01992e-07 -0 
-0.978148 0.207912 -0 
-0.669131 0.743145 -0 
-0.5 0.866025 -0 
-0.5 0.866025 -0 
-0.66913 0.743145 -0 
-0.809017 0.587785 -0 
-0.809017 0.587785 -0 
0.104528 0.994522 -0 
0.104528 0.994522 -0 
-0.104528 0.994522 -0 
-0.104528 0.994522 -0 
-0.309017 0.951056 -0 
-0.309017 0.951057 -0 
0.669131 0.743145 -0 
0.5 0.866025 -0 
0.669131 0.743145 -0 
0.309017 0.951056 -0 
0.309017 0.951056 -0 
0.5 0.866025 -0 
0.913545 0.406737 -0 
0.978148 0.207912 -0 
0.978148 0.207912 -0 
0.809017 0.587785 -0 
0.913545 0.406737 -0 
0.809017 0.587785 -0 
0.913545 -0.406737 -0 
0.913545 -0.406737 -0 
0.978148 -0.207912 -0 
0.978148 -0.207912 -0 
1 8.74228e-08 -0 
1 -1.50996e-07 -0 
0.5 -0.866025 -0 
0.669131 -0.743145 -0 
0.5 -0.866025 -0 
0.809017 -0.587785 -0 
0.809017 -0.587785 -0 
0.669131 -0.743145 -0 
0.104529 -0.994522 -0 
-0.104528 -0.994522 -0 
-0.104528 -0.994522 -0 
0.309017 -0.951056 -0 
0.104528 -0.994522 -0 
0.309017 -0.951056 -0 
-0.309017 -0.951057 -0 
-0.309017 -0.951057 -0 
-0.5 -0.866025 -0 
-0.5 -0.866025 -0 
-0.669131 -0.743145 -0 
-0.669131 -0.743145 -0 
-0.809017 -0.587785 -0 
-0.809017 -0.587785 -0 
-0.913545 -0.406737 -0 
-0.913545 -0.406737 -0 
-0.978148 -0.207912 -0 
-0.978148 -0.207912 -0 
-0.913545 0.406737 -0 
-0.913546 0.406736 -0 
-0.978148 0.207912 -0 
-1 -1.74846e-07 -0 
-1 3.01992e-07 -0 
-0.978148 0.207912 -0 
-0.669131 0.743145 -0 
-0.5 0.866025 -0 
-0.5 0.866025 -0 
-0.66913 0.743145 -0 
-0.809017 0.587785 -0 
-0.809017 0.587785 -0 
0.104528 0.994522 -0 
0.104528 0.994522 -0 
-0.104528 0.994522 -0 
-0.104528 0.994522 -0 
-0.309017 0.951056 -0 
-0.309017 0.951057 -0 
0.669131 0.743145 -0 
0.5 0.866025 -0 
0.669131 0.743145 -0 
0.309017 0.951056 -0 
0.309017 0.951056 -0 
0.5 0.866025 -0 
0.913545 0.406737 -0 
0.978148 0.207912 -0 
0.978148 0.207912 -0 
0.809017 0.587785 -0 
0.913545 0.406737 -0 
0.809017 0.587785 -0 
0.913545 -0.406737 -0 
0.913545 -0.406737 -0 
0.978148 -0.207912 -0 
0.978148 -0.207912 -0 
1 8.74228e-08 -0 
1 -1.50996e-07 -0 
0.5 -0.866025 -0 
0.669131 -0.743145 -0 
0.5 -0.866025 -0 
0.809017 -0.587785 -0 
0.809017 -0.587785 -0 
0.669131 -0.743145 -0 
0.104529 -0.994522 -0 
-0.104528 -0.994522 -0 
-0.104528 -0.994522 -0 
0.309017 -0.951056 -0 
0.104528 -0.994522 -0 
0.309017 -0.951056 -0 
-0.309017 -0.951057 -0 
-0.309017 -0.951057 -0 
-0.5 -0.866025 -0 
-0.5 -0.866025 -0 
-0.669131 -0.743145 -0 
-0.669131 -0.743145 -0 
-0.809017 -0.587785 -0 
-0.809017 -0.587785 -0 
-0.913545 -0.406737 -0 
-0.913545 -0.406737 -0 
-0.978148 -0.207912 -0 
-0.978148 -0.207912 -0 
-0.913545 0.406737 -0 
-0.913546 0.406736 -0 
-0.978148 0.207912 -0 
-1 -1.74846e-07 -0 
-1 3.01992e-07 -0 
-0.978148 0.207912 -0 
-0.669131 0.743145 -0 
-0.5 0.866025 -0 
-0.5 0.866025 -0 
-0.66913 0.743145 -0 
-0.809017 0.587785 -0 
-0.809017 0.587785 -0 
0.104528 0.994522 -0 
0.104528 0.994522 -0 
-0.104528 0.994522 -0 
-0.104528 0.994522 -0 
-0.309017 0.951056 -0 
-0.309017 0.951057 -0 
0.669131 0.743145 -0 
0.5 0.866025 -0 
0.669131 0.743145 -0 
0.309017 0.951056 -0 
0.309017 0.951056 -0 
0.5 0.866025 -0 
0.913545 0.406737 -0 
0.978148 0.207912 -0 
0.978148 0.207912 -0 
0.809017 0.587785 -0 
0.913545 0.406737 -0 
0.809017 0.587785 -0 
0.913545 -0.406737 -0 
0.913545 -0.406737 -0 
0.978148 -0.207912 -0 
0.978148 -0.207912 -0 
1 8.74228e-08 -0 
1 -1.50996e-07 -0 
0.5 -0.866025 -0 
0.669131 -0.743145 -0 
0.5 -0.866025 -0 
0.809017 -0.587785 -0 
0.809017 -0.587785 -0 
0.669131 -0.743145 -0 
0.104529 -0.994522 -0 
-0.104528 -0.994522 -0 
-0.104528 -0.994522 -0 
0.309017 -0.951056 -0 
0.104528 -0.994522 -0 
0.309017 -0.951056 -0 
-0.309017 -0.951057 -0 
-0.309017 -0.951057 -0 
-0.5 -0.866025 -0 
-0.5 -0.866025 -0 
-0.669131 -0.743145 -0 
-0.669131 -0.743145 -0 
-0.809017 -0.587785 -0 
-0.809017 -0.587785 -0 
-0.913545 -0.406737 -0 
-0.913545 -0.406737 -0 
-0.978148 -0.207912 -0 
-0.978148 -0.207912 -0 
-0.913545 0.406737 -0 
-0.913546 0.406736 -0 
-0.978148 0.207912 -0 
-1 -1.74846e-07 -0 
-1 3.01992e-07 -0 
-0.978148 0.207912 -0 
-0.669131 0.743145 -0 
-0.5 0.866025 -0 
-0.5 0.866025 -0 
-0.66913 0.743145 -0 
-0.809017 0.587785 -0 
-0.809017 0.587785 -0 
0.104528 0.994522 -0 
0.104528 0.994522 -0 
-0.104528 0.994522 -0 
-0.104528 0.994522 -0 
-0.309017 0.951056 -0 
-0.309017 0.951057 -0 
0.669131 0.743145 -0 
0.5 0.866025 -0 
0.669131 0.743145 -0 
0.309017 0.951056 -0 
0.309017 0.951056 -0 
0.5 0.866025 -0 
0.913545 0.406737 -0 
0.978148 0.207912 -0 
0.978148 0.207912 -0 
0.809017 0.587785 -0 
0.913545 0.406737 -0 
0.809017 0.587785 -0 
0.913545 -0.406737 -0 
0.913545 -0.406737 -0 
0.978148 -0.207912 -0 
0.978148 -0.207912 -0 
1 8.74228e-08 -0 
1 -1.50996e-07 -0 
0.5 -0.866025 -0 
0.669131 -0.743145 -0 
0.5 -0.866025 -0 
0.809017 -0.587785 -0 
0.809017 -0.587785 -0 
0.669131 -0.743145 -0 
0.104529 -0.994522 -0 
-0.104528 -0.994522 -0 
-0.104528 -0.994522 -0 
0.309017 -0.951056 -0 
0.104528 -0.994522 -0 
0.309017 -0.951056 -0 
-0.309017 -0.951057 -0 
-0.309017 -0.951057 -0 
-0.5 -0.866025 -0 
-0.5 -0.866025 -0 
-0.669131 -0.743145 -0 
-0.669131 -0.743145 -0 
-0.809017 -0.587785 -0 
-0.809017 -0.587785 -0 
-0.913545 -0.406737 -0 
-0.913545 -0.406737 -0 
-0.978148 -0.207912 -0 
-0.978148 -0.207912 -0 
-0.913545 0.406737 -0 
-0.913546 0.406736 -0 
-0.978148 0.207912 -0 
-1 -1.74846e-07 -0 
-1 3.01992e-07 -0 
-0.978148 0.207912 -0 
-0.669131 0.743145 -0 
-0.5 0.866025 -0 
-0.5 0.866025 -0 
-0.66913 0.743145 -0 
-0.809017 0.587785 -0 
-0.809017 0.587785 -0 
0.104528 0.994522 -0 
0.104528 0.994522 -0 
-0.104528 0.994522 -0 
-0.104528 0.994522 -0 
-0.309017 0.951056 -0 
-0.309017 0.951057 -0 
0.669131 0.743145 -0 
0.5 0.866025 -0 
0.669131 0.743145 -0 
0.309017 0.951056 -0 
0.309017 0.951056 -0 
0.5 0.866025 -0 
0.913545 0.406737 -0 
0.978148 0.207912 -0 
0.978148 0.207912 -0 
0.809017 0.587785 -0 
0.913545 0.406737 -0 
0.809017 0.587785 -0 
0.913545 -0.406737 -0 
0.913545 -0.406737 -0 
0.978148 -0.207912 -0 
0.978148 -0.207912 -0 
1 8.74228e-08 -0 
1 -1.50996e-07 -0 
0.5 -0.866025 -0 
0.669131 -0.743145 -0 
0.5 -0.866025 -0 
0.809017 -0.587785 -0 
0.809017 -0.587785 -0 
0.669131 -0.743145 -0 
0.104529 -0.994522 -0 
-0.104528 -0.994522 -0 
-0.104528 -0.994522 -0 
0.309017 -0.951056 -0 
0.104528 -0.994522 -0 
0.309017 -0.951056 -0 
-0.309017 -0.951057 -0 
-0.309017 -0.951057 -0 
-0.5 -0.866025 -0 
-0.5 -0.866025 -0 
-0.669131 -0.743145 -0 
-0.669131 -0.743145 -0 
-0.809017 -0.587785 -0 
-0.809017 -0.587785 -0 
-0.913545 -0.406737 -0 
-0.913545 -0.406737 -0 
-0.978148 -0.207912 -0 
-0.978148 -0.207912 -0 
-0.913545 0.406737 -0 
-0.913546 0.406736 -0 
-0.978148 0.207912 -0 
-1 -1.74846e-07 -0 
-1 3.01992e-07 -0 
-0.978148 0.207912 -0 
-0.669131 0.743145 -0 
-0.5 0.866025 -0 
-0.5 0.866025 -0 
-0.66913 0.743145 -0 
-0.809017 0.587785 -0 
-0.809017 0.587785 -0 
0.104528 0.994522 -0 
0.104528 0.994522 -0 
-0.104528 0.994522 -0 
-0.104528 0.994522 -0 
-0.309017 0.951056 -0 
-0.309017 0.951057 -0 
0.669131 0.743145 -0 
0.5 0.866025 -0 
0.669131 0.743145 -0 
0.309017 0.951056 -0 
0.309017 0.951056 -0 
0.5 0.866025 -0 
0.913545 0.406737 -0 
0.978148 0.207912 -0 
0.978148 0.207912 -0 
0.809017 0.587785 -0 
0.913545 0.406737 -0 
0.809017 0.587785 -0 
0.913545 -0.406737 -0 
0.913545 -0.406737 -0 
0.978148 -0.207912 -0 
0.978148 -0.207912 -0 
1 8.74228e-08 -0 
1 -1.50996e-07 -0 
0.5 -0.866025 -0 
0.669131 -0.743145 -0 
0.5 -0.866025 -0 
0.809017 -0.587785 -0 
0.809017 -0.587785 -0 
0.669131 -0.743145 -0 
0.104529 -0.994522 -0 
-0.104528 -0.994522 -0 
-0.104528 -0.994522 -0 
0.309017 -0.951056 -0 
0.104528 -0.994522 -0 
0.309017 -0.951056 -0 
-0.309017 -0.951057 -0 
-0.309017 -0.951057 -0 
-0.5 -0.866025 -0 
-0.5 -0.866025 -0 
-0.669131 -0.743145 -0 
-0.669131 -0.743145 -0 
-0.809017 -0.587785 -0 
-0.809017 -0.587785 -0 
-0.913545 -0.406737 -0 
-0.913545 -0.406737 -0 
-0.978148 -0.207912 -0 
-0.978148 -0.207912 -0 
0.719336 -0.694663 0 
0.719336 -0.694663 0 
0.719336 -0.694663 0 
0.719336 -0.694663 0 
0.694794 0.719209 -0 
0.694794 0.719209 -0 
0.694794 0.719209 -0 
0.694794 0.719209 -0 
0.686013 0.72759 -0 
-0.694685 0.719314 0 
0.686013 0.72759 -0 
-0.694685 0.719314 0 
-0.745383 0.666636 0 
-0.961506 -0.274785 0 
-0.745383 0.666636 0 
-0.961506 -0.274785 0 
0.412308 0.911045 -0 
-0.699027 0.715095 0 
0.412308 0.911045 -0 
-0.699027 0.715095 0 
-0.740732 0.6718 0 
-0.709725 -0.704479 0 
-0.740732 0.6718 0 
-0.709725 -0.704479 0 
-0.694582 -0.719414 0 
-0.694582 -0.719414 0 
-0.694582 -0.719414 0 
-0.694582 -0.719414 0 
0 0 -1 
0 0 -1 
0 0 -1 
-0 -0 1 
-0 -0 1 
0 0 -1 
0 0 -1 
0 0 -1 
0 0 -1 
0 0 -1 
0 0 -1 
0 0 -1 
0 0 -1 
0 0 -1 
0 0 -1 
0 0 -1 
-0.694842 -0.719162 0 
-0.694842 -0.719162 0 
-0.694842 -0.719162 0 
-0.694842 -0.719162 0 
0.694121 -0.719858 0 
-0.683032 -0.730389 0 
0.694121 -0.719858 0 
-0.683032 -0.730389 0 
0.699749 0.714389 -0 
0.747594 -0.664156 0 
0.699749 0.714389 -0 
0.747594 -0.664156 0 
-0.719531 0.69446 0 
-0.719531 0.69446 0 
-0.719531 0.69446 0 
-0.719531 0.69446 0 
-0.524134 -0.851636 0 
-0.693792 -0.720175 0 
-0.524134 -0.851636 0 
-0.693792 -0.720175 0 
0.7028 -0.711387 0 
-0.479707 -0.877429 0 
0.7028 -0.711387 0 
-0.479707 -0.877429 0 
0.698996 0.715126 -0 
0.748501 -0.663134 0 
0.698996 0.715126 -0 
0.748501 -0.663134 0 
0.694855 0.71915 -0 
0.694855 0.71915 -0 
0.694855 0.71915 -0 
0.694855 0.71915 -0 
-0.719293 0.694707 0 
-0.719293 0.694707 0 
-0.719293 0.694707 0 
-0.719293 0.694707 0 
-0 -0 -1 
-0 -0 -1 
-0 -0 -1 
-0 -0 -1 
0.719336 -0.694663 0 
0.719336 -0.694663 0 
0.719336 -0.694663 0 
0.719336 -0.694663 0 
0.694751 0.719251 -0 
0.694751 0.719251 -0 
0.694751 0.719251 -0 
-0.694708 -0.719292 0 
-0.694708 -0.719292 0 
-0.694708 -0.719292 0 
-0.719512 0.69448 0 
-0.719512 0.69448 0 
-0.719512 0.69448 0 
-0.719512 0.69448 0 
0.694595 0.719401 -0 
0.694595 0.719401 -0 
0.694595 0.719401 -0 
-0.694595 -0.719401 0 
-0.694595 -0.719401 0 
-0.694595 -0.719401 0 
-0.719269 0.694731 0 
-0.719269 0.694731 0 
-0.719269 0.694731 0 
-0.719269 0.694731 0 
0.694595 0.719401 -0 
0.694595 0.719401 -0 
0.694595 0.719401 -0 
-0.694657 -0.719341 0 
-0.694657 -0.719341 0 
-0.694657 -0.719341 0 
0 0 -1 
0 0 -1 
0 0 -1 
0 0 -1 
0 0 -1 
0 0 -1 
0 0 -1 
0 0 -1 
0 0 -1 
0 0 -1 
0 0 -1 
0 0 -1 
-0.694707 -0.719293 0 
-0.694707 -0.719293 0 
-0.694707 -0.719293 0 
-0.694707 -0.719293 0 
0.719336 -0.694663 0 
0.719336 -0.694663 0 
0.719336 -0.694663 0 
0.719336 -0.694663 0 
0.694922 0.719085 -0 
0.694922 0.719085 -0 
0.694922 0.719085 -0 
0.694922 0.719085 -0 
0.689588 0.724202 -0 
0.437901 0.899023 -0 
0.689588 0.724202 -0 
0.437901 0.899023 -0 
0.401611 0.91581 -0 
-0.707224 0.706989 0 
0.401611 0.91581 -0 
-0.707224 0.706989 0 
-0.732065 0.681235 0 
-0.700527 -0.713626 0 
-0.732065 0.681235 0 
-0.700527 -0.713626 0 
0 0 -1 
0 0 -1 
0 0 -1 
0 0 -1 
0 0 -1 
0 0 -1 
0 0 -1 
0 0 -1 
0 0 -1 
0 0 -1 
0 0 -1 
0 0 -1 
0 0 -1 
0 0 -1 
0 0 -1 
-0.719286 0.694714 0 
-0.719286 0.694714 0 
-0.719286 0.694714 0 
-0.477519 -0.878622 0 
-0.689687 -0.724108 0 
-0.477519 -0.878622 0 
0.709726 -0.704477 0 
-0.431521 -0.902103 0 
0.709726 -0.704477 0 
-0.431521 -0.902103 0 
0.894277 0.447514 -0 
0.728678 -0.684857 0 
0.894277 0.447514 -0 
0.728678 -0.684857 0 
0.698378 0.715729 -0 
0.86847 0.495741 -0 
0.698378 0.715729 -0 
0.86847 0.495741 -0 
0.694842 0.719162 -0 
0.694842 0.719162 -0 
0.694842 0.719162 -0 
0.694842 0.719162 -0 
-0.694898 -0.719108 0 
-0.694898 -0.719108 0 
-0.694898 -0.719108 0 
-0.694867 -0.719138 0 
-0.694867 -0.719138 0 
-0.694867 -0.719138 0 
-0.719333 0.694666 0 
-0.719333 0.694666 0 
-0.719333 0.694666 0 
-0.719333 0.694666 0 
-0.694208 -0.719774 0 
-0.694208 -0.719774 0 
-0.694208 -0.719774 0 
-0.694208 -0.719774 0 
0.719333 -0.694666 0 
0.719333 -0.694666 0 
0.719333 -0.694666 0 
0.719333 -0.694666 0 
0 0 -1 
0 0 -1 
0 0 -1 
0 0 -1 
0 0 -1 
0 0 -1 
0 0 -1 
0 0 -1 
-0.358345 0.933589 0 
-0.358345 0.933589 0 
-0.358345 0.933589 0 
-0.358345 0.933589 0 
-0.694861 -0.719144 0 
-0.694861 -0.719144 0 
-0.694861 -0.719144 0 
-0.694861 -0.719144 0 
0.349857 -0.936803 0 
0.349857 -0.936803 0 
0.349857 -0.936803 0 
0.349857 -0.936803 0 
-0.694661 -0.719337 0 
-0.694661 -0.719337 0 
-0.694661 -0.719337 0 
-0.694661 -0.719337 0 
-0.947854 0.318704 0 
-0.947854 0.318704 0 
-0.947854 0.318704 0 
-0.947854 0.318704 0 
-0.694402 -0.719587 0 
-0.694402 -0.719587 0 
-0.694402 -0.719587 0 
-0.694402 -0.719587 0 
0.947204 -0.320631 0 
0.947204 -0.320631 0 
0.947204 -0.320631 0 
0.947204 -0.320631 0 
0 -0 -1 
0 -0 -1 
0 -0 -1 
0 -0 -1 
0 -0 -1 
0 -0 -1 
0 -0 -1 
0 -0 -1 
0 -0 -1 
0 -0 -1 
0.355516 -0.93467 0 
0.355516 -0.93467 0 
0.355516 -0.93467 0 
0.355516 -0.93467 0 
0.694678 0.719321 -0 
0.694678 0.719321 -0 
0.694678 0.719321 -0 
0.694678 0.719321 -0 
-0.947627 0.31938 0 
-0.947627 0.31938 0 
-0.947627 0.31938 0 
-0.947627 0.31938 0 
0.719336 -0.694663 0 
0.719336 -0.694663 0 
0.719336 -0.694663 0 
0.694918 0.719089 -0 
0.694918 0.719089 -0 
0.694918 0.719089 -0 
0.694918 0.719089 -0 
0.690757 0.723087 -0 
0.51961 0.854404 -0 
0.690757 0.723087 -0 
0.51961 0.854404 -0 
0.481784 0.87629 -0 
-0.705612 0.708598 0 
0.481784 0.87629 -0 
-0.705612 0.708598 0 
-0.72722 0.686405 0 
-0.850868 -0.52538 0 
-0.72722 0.686405 0 
-0.850868 -0.52538 0 
-0.832991 -0.553287 0 
-0.699476 -0.714656 0 
-0.832991 -0.553287 0 
0 0 -1 
0 0 -1 
0 0 -1 
0 0 -1 
0 0 -1 
0 0 -1 
0 0 -1 
0 0 -1 
0 0 -1 
0 0 -1 
0 0 -1 
0 0 -1 
0 0 -1 
0 0 -1 
-0.694513 -0.71948 0 
-0.694513 -0.71948 0 
-0.694513 -0.71948 0 
-0.694513 -0.71948 0 
0.691396 -0.722476 0 
-0.691505 -0.722372 0 
0.691396 -0.722476 0 
-0.691505 -0.722372 0 
0.700251 0.713897 -0 
0.744787 -0.667302 0 
0.700251 0.713897 -0 
0.744787 -0.667302 0 
0.686067 0.727539 -0 
0.686067 0.727539 -0 
0.686067 0.727539 -0 
0.686067 0.727539 -0 
-0.719391 0.694605 0 
-0.719391 0.694605 0 
-0.719391 0.694605 0 
-0.719391 0.694605 0 
0.999976 -0.00692733 0 
0.71023 0.703969 -0 
0.999976 -0.00692733 0 
0.71023 0.703969 -0 
0.674237 0.738515 -0 
-0.0340368 0.999421 0 
0.674237 0.738515 -0 
-0.0340368 0.999421 0 
-0.0939403 0.995578 0 
-0.701047 0.713115 0 
-0.0939403 0.995578 0 
-0.701047 0.713115 0 
-0.737968 0.674835 0 
-0.713076 -0.701087 0 
-0.737968 0.674835 0 
-0.713076 -0.701087 0 
-0.676536 -0.73641 0 
0.702456 -0.711727 0 
-0.676536 -0.73641 0 
0.702456 -0.711727 0 
0.735762 -0.67724 0 
0.998422 -0.0561602 0 
0.735762 -0.67724 0 
0.998422 -0.0561602 0 
0 0 -1 
0 0 -1 
0 0 -1 
0 0 -1 
0 0 -1 
0 0 -1 
0 0 -1 
0 0 -1 
0 0 -1 
0 0 -1 
0.701582 -0.712589 0 
-0.675525 -0.737337 0 
0.701582 -0.712589 0 
-0.675525 -0.737337 0 
0.719364 0.694634 -0 
0.747165 -0.664639 0 
0.719364 0.694634 -0 
0.747165 -0.664639 0 
-0.695176 0.71884 0 
0.667172 0.744904 -0 
-0.695176 0.71884 0 
0.667172 0.744904 -0 
-0.713221 -0.700939 0 
-0.736167 0.6768 0 
-0.713221 -0.700939 0 
-0.736167 0.6768 0 
-0.719977 0.693998 0 
-0.719977 0.693998 0 
-0.719977 0.693998 0 
0.988476 -0.151375 0 
0.725887 0.687814 -0 
0.988476 -0.151375 0 
-0.733903 -0.679255 0 
-0.885597 0.464455 0 
-0.885597 0.464455 0 
-0.863221 0.504827 0 
-0.720067 0.693904 0 
-0.863221 0.504827 0 
-0.720067 0.693904 0 
-0.719429 0.694566 0 
-0.719429 0.694566 0 
-0.719429 0.694566 0 
0 0 -1 
0 0 -1 
0 0 -1 
0 0 -1 
0 0 -1 
0 0 -1 
0 0 -1 
0 0 -1 
0 0 -1 
0 0 -1 
0.719336 -0.694663 0 
0.719336 -0.694663 0 
0.719336 -0.694663 0 
-0.719321 0.694678 0 
-0.719321 0.694678 0 
-0.719321 0.694678 0 
0.694725 0.719275 -0 
0.694725 0.719275 -0 
0.694725 0.719275 -0 
-0.694794 -0.719209 0 
-0.694794 -0.719209 0 
-0.694794 -0.719209 0 
-0 -0 -1 
-0 -0 -1 
-0 -0 -1 
-0 -0 -1 
-0 -0 -1 
-0 -0 -1 
0.389005 -0.921236 0 
0.389005 -0.921236 0 
0.389005 -0.921236 0 
-0.393005 0.919536 0 
-0.393005 0.919536 0 
-0.393005 0.919536 0 
0.93857 -0.345088 0 
0.93857 -0.345088 0 
0.93857 -0.345088 0 
0.93857 -0.345088 0 
-0.377981 0.925813 0 
-0.377981 0.925813 0 
-0.377981 0.925813 0 
-0.377981 0.925813 0 
0.934911 -0.354882 0 
0.934911 -0.354882 0 
0.934911 -0.354882 0 
-0.936452 0.350796 0 
-0.936452 0.350796 0 
-0.936452 0.350796 0 
0.375625 -0.926772 0 
0.375625 -0.926772 0 
0.375625 -0.926772 0 
0.375625 -0.926772 0 
-0.940508 0.339772 0 
-0.940508 0.339772 0 
-0.940508 0.339772 0 
-0.940508 0.339772 0 
0 0 -1 
0 0 -1 
0 0 -1 
0 0 -1 
0 0 -1 
0 0 -1 
0 0 -1 
0 0 -1 
0 0 -1 
0 0 -1 
0.711016 0.703176 -0 
0.976263 -0.216587 0 
0.711016 0.703176 -0 
-0.961479 0.274877 0 
-0.709718 -0.704486 0 
-0.709718 -0.704486 0 
-0.680144 -0.733078 0 
0.702053 -0.712125 0 
-0.680144 -0.733078 0 
0.702053 -0.712125 0 
0.736076 -0.676899 0 
0.992843 -0.119425 0 
0.736076 -0.676899 0 
0.992843 -0.119425 0 
0.997282 -0.0736783 0 
0.713783 0.700367 -0 
0.997282 -0.0736783 0 
0.713783 0.700367 -0 
0.673172 0.739486 -0 
-0.10926 0.994013 0 
0.673172 0.739486 -0 
-0.10926 0.994013 0 
-0.154398 0.988009 0 
-0.700738 0.713418 0 
-0.154398 0.988009 0 
-0.700738 0.713418 0 
-0.694778 -0.719225 0 
-0.694778 -0.719225 0 
-0.694778 -0.719225 0 
-0.694778 -0.719225 0 
-0.691137 0.722724 0 
0.679758 0.733436 -0 
-0.691137 0.722724 0 
0.679758 0.733436 -0 
-0 -0 -1 
-0 -0 -1 
-0 -0 -1 
-0 -0 -1 
-0 -0 -1 
-0 -0 -1 
-0 -0 -1 
-0 -0 -1 
-0 -0 -1 
-0 -0 -1 
-0 -0 -1 
-0 -0 -1 
-0 -0 -1 
-0 -0 -1 
0.694796 0.719207 -0 
0.694796 0.719207 -0 
0.694796 0.719207 -0 
0.694796 0.719207 -0 
-0.998745 -0.0500814 0 
-0.888612 0.45866 0 
-0.998745 -0.0500814 0 
-0.888612 0.45866 0 
-0.713357 -0.7008 0 
-0.995153 -0.0983377 0 
-0.713357 -0.7008 0 
-0.995153 -0.0983377 0 
0.511651 -0.859193 0 
-0.668605 -0.743618 0 
0.511651 -0.859193 0 
-0.668605 -0.743618 0 
-0 -0 -1 
-0 -0 -1 
-0 -0 -1 
-0 -0 -1 
-0 -0 -1 
-0 -0 -1 
-0 -0 -1 
-0 -0 -1 
-0 -0 -1 
-0 -0 -1 
-0 -0 -1 
-0 -0 -1 
-0 -0 -1 
-0 -0 -1 
-0 -0 -1 
-0 -0 -1 
-0 -0 -1 
-0 -0 -1 
-0 -0 -1 
-0 -0 -1 
-0 -0 -1 
-0 -0 -1 
-0 -0 -1 
-0 -0 -1 
-0 -0 -1 
-0 -0 -1 
-0 -0 -1 
-0 -0 -1 
0.809017 -0.587785 -0 
1 3.66101e-12 -0 
1 -2.04303e-23 -0 
-0.809017 -0.587785 -0 
-0.309017 -0.951057 -0 
-0.309017 -0.951056 -0 
0.309017 -0.951057 -0 
0.309017 -0.951057 -0 
0.809017 -0.587785 -0 
-0.809017 0.587785 0 
-0.809017 0.587785 0 
-0.309017 0.951056 0 
-0.809017 -0.587785 -0 
-1 8.74228e-08 0 
-1 -1.50996e-07 -0 
0.309017 0.951056 -0 
0.309017 0.951056 -0 
0.809017 0.587785 -0 
-0.309017 0.951057 0 
0.809017 0.587785 -0 
0.809017 -0.587785 -0 
1 3.66101e-12 -0 
1 -2.04303e-23 -0 
-0.809017 -0.587785 -0 
-0.309017 -0.951057 -0 
-0.309017 -0.951056 -0 
0.309017 -0.951057 -0 
0.309017 -0.951057 -0 
0.809017 -0.587785 -0 
-0.809017 0.587785 0 
-0.809017 0.587785 0 
-0.309017 0.951056 0 
-0.809017 -0.587785 -0 
-1 8.74228e-08 0 
-1 -1.50996e-07 -0 
0.309017 0.951056 -0 
0.309017 0.951056 -0 
0.809017 0.587785 -0 
-0.309017 0.951057 0 
0.809017 0.587785 -0 
0.809017 -0.587785 -0 
1 3.66101e-12 -0 
1 -2.04303e-23 -0 
-0.809017 -0.587785 -0 
-0.309017 -0.951057 -0 
-0.309017 -0.951056 -0 
0.309017 -0.951057 -0 
0.309017 -0.951057 -0 
0.809017 -0.587785 -0 
-0.809017 0.587785 0 
-0.809017 0.587785 0 
-0.309017 0.951056 0 
-0.809017 -0.587785 -0 
-1 8.74228e-08 0 
-1 -1.50996e-07 -0 
0.309017 0.951056 -0 
0.309017 0.951056 -0 
0.809017 0.587785 -0 
-0.309017 0.951057 0 
0.809017 0.587785 -0 
0.942877 0.33314 -0 
0.942877 0.33314 -0 
0.985616 0.169001 -0 
1 -1.74846e-07 -0 
1 3.01992e-07 -0 
0.985616 0.169001 -0 
0.778036 0.62822 -0 
0.660675 0.750672 -0 
0.660675 0.750672 -0 
0.778036 0.62822 -0 
0.873014 0.487695 -0 
0.873014 0.487695 -0 
0.210679 0.977555 -0 
0.210679 0.977555 -0 
0.372856 0.927889 -0 
0.372857 0.927889 -0 
0.524307 0.851529 -0 
0.524307 0.851529 -0 
-0.292823 0.956167 0 
-0.127018 0.9919 0 
-0.292823 0.956167 0 
0.0424415 0.999099 -0 
0.042441 0.999099 -0 
-0.127018 0.9919 0 
-0.594633 0.803997 0 
-0.721956 0.691939 0 
-0.721956 0.691939 0 
-0.450204 0.892926 0 
-0.594633 0.803997 0 
-0.450204 0.892926 0 
-0.967733 0.251978 0 
-0.967733 0.251978 0 
-0.911228 0.411901 0 
-0.911228 0.411901 0 
-0.82851 0.559975 0 
-0.82851 0.559975 0 
-0.967733 -0.251978 -0 
-0.996397 -0.0848059 -0 
-0.967733 -0.251978 -0 
-0.996397 0.0848059 0 
-0.996397 0.0848059 0 
-0.996397 -0.0848059 -0 
-0.82851 -0.559975 -0 
-0.721956 -0.691939 -0 
-0.721956 -0.691939 -0 
-0.911228 -0.411901 -0 
-0.82851 -0.559975 -0 
-0.911229 -0.411901 -0 
-0.292823 -0.956167 -0 
-0.292823 -0.956167 -0 
-0.450204 -0.892926 -0 
-0.450204 -0.892926 -0 
-0.594633 -0.803997 -0 
-0.594633 -0.803997 -0 
0.210679 -0.977555 -0 
0.0424412 -0.999099 -0 
0.0424412 -0.999099 -0 
-0.127018 -0.9919 -0 
-0.127018 -0.9919 -0 
0.372857 -0.927889 -0 
0.210679 -0.977555 -0 
0.372856 -0.927889 -0 
0.524307 -0.851529 -0 
0.660675 -0.750672 -0 
0.524307 -0.851529 -0 
0.778036 -0.62822 -0 
0.660675 -0.750672 -0 
0.778036 -0.62822 -0 
0.873014 -0.487695 -0 
0.942877 -0.33314 -0 
0.873014 -0.487695 -0 
0.985616 -0.169001 -0 
0.942877 -0.33314 -0 
0.985616 -0.169001 -0 
</float_array>
				<technique_common>
					<accessor source="#A_Joint_4_Hub_Back_Plate-1-solid110-mesh-normals-array" count="3792" stride="3">
						<param name="X" type="float"/>
						<param name="Y" type="float"/>
						<param name="Z" type="float"/>
					</accessor>
				</technique_common>
			</source>
			<vertices id="A_Joint_4_Hub_Back_Plate-1-solid110-mesh-vertices">
				<input semantic="POSITION" source="#A_Joint_4_Hub_Back_Plate-1-solid110-mesh-positions"/>
			</vertices>
			<triangles count="904" material="Material0-satin_finish_aluminum">
				<input semantic="VERTEX" source="#A_Joint_4_Hub_Back_Plate-1-solid110-mesh-vertices" offset="0"/>
				<input semantic="NORMAL" source="#A_Joint_4_Hub_Back_Plate-1-solid110-mesh-normals" offset="1"/>
				<p>
0 0 2 2 1 1 
3 3 5 5 4 4 
6 6 8 8 7 7 
9 9 11 11 10 10 
12 12 14 14 13 13 
15 15 17 17 16 16 
18 18 20 20 19 19 
21 21 23 23 22 22 
24 24 26 26 25 25 
27 27 29 29 28 28 
30 30 32 32 31 31 
33 33 35 35 34 34 
36 36 38 38 37 37 
39 39 41 41 40 40 
42 42 44 44 43 43 
45 45 47 47 46 46 
48 48 50 50 49 49 
51 51 53 53 52 52 
54 54 56 56 55 55 
57 57 59 59 58 58 
60 60 62 62 61 61 
63 63 60 60 61 61 
64 64 36 36 37 37 
65 65 35 35 33 33 
50 50 66 66 49 49 
48 48 49 49 67 67 
68 68 33 33 69 69 
70 70 72 72 71 71 
73 73 75 75 74 74 
76 76 78 78 77 77 
79 79 65 65 68 68 
80 80 82 82 81 81 
83 83 85 85 84 84 
84 84 44 44 42 42 
86 86 88 88 87 87 
89 89 91 91 90 90 
92 92 94 94 93 93 
33 33 34 34 95 95 
96 96 98 98 97 97 
58 58 99 99 57 57 
100 100 102 102 101 101 
103 103 105 105 104 104 
106 106 107 107 15 15 
108 108 110 110 109 109 
111 111 21 21 22 22 
112 112 114 114 113 113 
109 109 106 106 108 108 
115 115 117 117 116 116 
34 34 102 102 118 118 
119 119 2 2 107 107 
120 120 122 122 121 121 
123 123 125 125 124 124 
126 126 128 128 127 127 
129 129 131 131 130 130 
100 100 133 133 132 132 
134 134 136 136 135 135 
137 137 139 139 138 138 
140 140 142 142 141 141 
143 143 145 145 144 144 
107 107 2 2 146 146 
119 119 1 1 2 2 
147 147 34 34 148 148 
119 119 149 149 1 1 
15 15 151 151 150 150 
152 152 154 154 153 153 
155 155 32 32 156 156 
157 157 159 159 158 158 
160 160 139 139 137 137 
36 36 64 64 161 161 
34 34 163 163 162 162 
62 62 60 60 164 164 
60 60 34 34 164 164 
165 165 167 167 166 166 
63 63 168 168 92 92 
157 157 165 165 166 166 
169 169 158 158 159 159 
63 63 61 61 170 170 
171 171 172 172 169 169 
169 169 159 159 171 171 
173 173 30 30 174 174 
175 175 134 134 176 176 
177 177 179 179 178 178 
180 180 181 181 179 179 
182 182 183 183 92 92 
32 32 30 30 179 179 
184 184 185 185 32 32 
32 32 185 185 31 31 
156 156 32 32 186 186 
32 32 155 155 184 184 
37 37 187 187 32 32 
186 186 32 32 187 187 
188 188 189 189 37 37 
37 37 189 189 187 187 
190 190 191 191 37 37 
37 37 191 191 188 188 
38 38 190 190 37 37 
192 192 131 131 193 193 
194 194 196 196 195 195 
197 197 199 199 198 198 
200 200 55 55 56 56 
201 201 203 203 202 202 
204 204 206 206 205 205 
207 207 209 209 208 208 
210 210 212 212 211 211 
213 213 215 215 214 214 
216 216 218 218 217 217 
219 219 221 221 220 220 
204 204 205 205 222 222 
223 223 225 225 224 224 
226 226 228 228 227 227 
229 229 225 225 179 179 
230 230 232 232 231 231 
227 227 230 230 231 231 
233 233 235 235 234 234 
236 236 238 238 237 237 
232 232 236 236 237 237 
226 226 227 227 231 231 
237 237 238 238 239 239 
234 234 134 134 175 175 
233 233 234 234 175 175 
174 174 241 241 240 240 
174 174 240 240 173 173 
241 241 242 242 240 240 
243 243 245 245 244 244 
246 246 182 182 93 93 
247 247 249 249 248 248 
250 250 252 252 251 251 
253 253 255 255 254 254 
256 256 258 258 257 257 
259 259 261 261 260 260 
262 262 223 223 263 263 
264 264 210 210 211 211 
265 265 223 223 266 266 
267 267 223 223 268 268 
269 269 271 271 270 270 
272 272 274 274 273 273 
269 269 275 275 271 271 
276 276 278 278 277 277 
279 279 276 276 280 280 
281 281 283 283 282 282 
282 282 277 277 278 278 
197 197 284 284 281 281 
283 283 281 281 284 284 
197 197 198 198 284 284 
222 222 256 256 285 285 
286 286 288 288 287 287 
289 289 291 291 290 290 
292 292 293 293 193 193 
55 55 200 200 294 294 
295 295 296 296 54 54 
135 135 136 136 297 297 
298 298 300 300 299 299 
94 94 302 302 301 301 
303 303 305 305 304 304 
306 306 308 308 307 307 
309 309 307 307 310 310 
311 311 313 313 312 312 
51 51 314 314 53 53 
315 315 7 7 316 316 
124 124 262 262 317 317 
318 318 319 319 124 124 
124 124 319 319 320 320 
124 124 317 317 321 321 
124 124 321 321 318 318 
260 260 261 261 322 322 
124 124 223 223 262 262 
261 261 259 259 323 323 
223 223 265 265 263 263 
324 324 326 326 325 325 
268 268 223 223 327 327 
223 223 267 267 266 266 
327 327 223 223 224 224 
212 212 328 328 211 211 
261 261 311 311 322 322 
313 313 330 330 329 329 
329 329 331 331 313 313 
332 332 312 312 313 313 
333 333 335 335 334 334 
336 336 312 312 337 337 
338 338 340 340 339 339 
8 8 6 6 341 341 
342 342 344 344 343 343 
300 300 346 346 345 345 
347 347 120 120 121 121 
348 348 350 350 349 349 
351 351 353 353 352 352 
354 354 125 125 355 355 
123 123 340 340 125 125 
124 124 320 320 123 123 
356 356 358 358 357 357 
359 359 77 77 78 78 
120 120 360 360 74 74 
73 73 74 74 360 360 
120 120 347 347 360 360 
361 361 122 122 120 120 
362 362 120 120 76 76 
362 362 361 361 120 120 
76 76 120 120 78 78 
363 363 365 365 364 364 
78 78 366 366 359 359 
342 342 367 367 344 344 
348 348 349 349 368 368 
78 78 363 363 366 366 
365 365 370 370 369 369 
371 371 373 373 372 372 
374 374 375 375 52 52 
376 376 378 378 377 377 
114 114 379 379 113 113 
380 380 381 381 114 114 
105 105 383 383 382 382 
384 384 154 154 149 149 
379 379 3 3 4 4 
385 385 27 27 386 386 
5 5 387 387 4 4 
388 388 389 389 74 74 
4 4 74 74 389 389 
390 390 391 391 74 74 
74 74 391 391 388 388 
75 75 392 392 74 74 
74 74 392 392 390 390 
40 40 393 393 64 64 
394 394 396 396 395 395 
20 20 398 398 397 397 
21 21 400 400 399 399 
23 23 21 21 399 399 
21 21 71 71 72 72 
400 400 21 21 72 72 
401 401 403 403 402 402 
15 15 16 16 108 108 
106 106 15 15 108 108 
404 404 406 406 405 405 
146 146 15 15 107 107 
146 146 151 151 15 15 
403 403 406 406 407 407 
408 408 410 410 409 409 
411 411 413 413 412 412 
414 414 160 160 161 161 
415 415 397 397 416 416 
417 417 418 418 40 40 
419 419 420 420 397 397 
397 397 420 420 421 421 
397 397 398 398 419 419 
422 422 423 423 20 20 
20 20 423 423 398 398 
424 424 425 425 20 20 
20 20 425 425 422 422 
20 20 21 21 19 19 
20 20 18 18 424 424 
111 111 426 426 21 21 
21 21 426 426 19 19 
380 380 343 343 381 381 
341 341 6 6 427 427 
428 428 78 78 352 352 
429 429 431 431 430 430 
432 432 434 434 433 433 
314 314 435 435 53 53 
436 436 46 46 47 47 
437 437 439 439 438 438 
440 440 45 45 441 441 
442 442 343 343 443 443 
370 370 444 444 369 369 
370 370 368 368 445 445 
364 364 365 365 446 446 
365 365 369 369 446 446 
447 447 78 78 428 428 
363 363 364 364 366 366 
448 448 449 449 352 352 
428 428 352 352 353 353 
351 351 352 352 449 449 
448 448 451 451 450 450 
449 449 448 448 450 450 
355 355 125 125 452 452 
448 448 125 125 354 354 
451 451 448 448 354 354 
125 125 340 340 338 338 
338 338 452 452 125 125 
339 339 340 340 374 374 
453 453 115 115 454 454 
371 371 339 339 373 373 
52 52 373 373 374 374 
453 453 455 455 115 115 
456 456 116 116 117 117 
154 154 148 148 153 153 
457 457 459 459 458 458 
149 149 119 119 384 384 
460 460 462 462 461 461 
97 97 464 464 463 463 
464 464 466 466 465 465 
98 98 154 154 384 384 
343 343 442 442 381 381 
384 384 119 119 467 467 
468 468 470 470 469 469 
17 17 471 471 468 468 
17 17 468 468 469 469 
472 472 105 105 103 103 
473 473 474 474 385 385 
144 144 71 71 475 475 
476 476 478 478 477 477 
472 472 103 103 479 479 
357 357 28 28 356 356 
357 357 386 386 28 28 
480 480 482 482 481 481 
483 483 484 484 477 477 
485 485 358 358 356 356 
486 486 475 475 487 487 
4 4 387 387 488 488 
389 389 379 379 4 4 
379 379 389 389 113 113 
114 114 112 112 380 380 
442 442 443 443 489 489 
490 490 447 447 491 491 
348 348 492 492 350 350 
344 344 443 443 343 343 
432 432 490 490 491 491 
492 492 367 367 350 350 
492 492 344 344 367 367 
490 490 363 363 447 447 
370 370 445 445 444 444 
368 368 349 349 445 445 
363 363 78 78 447 447 
434 434 432 432 491 491 
434 434 493 493 433 433 
433 433 438 438 439 439 
438 438 433 433 493 493 
440 440 439 439 437 437 
440 440 437 437 494 494 
440 440 494 494 495 495 
54 54 296 296 56 56 
496 496 192 192 193 193 
295 295 194 194 296 296 
196 196 497 497 195 195 
194 194 499 499 498 498 
85 85 498 498 499 499 
307 307 309 309 306 306 
500 500 502 502 501 501 
500 500 501 501 99 99 
503 503 505 505 504 504 
286 286 287 287 506 506 
507 507 290 290 508 508 
291 291 289 289 509 509 
253 253 510 510 255 255 
511 511 206 206 294 294 
358 358 485 485 481 481 
512 512 513 513 488 488 
514 514 145 145 143 143 
515 515 516 516 71 71 
478 478 483 483 477 477 
475 475 486 486 143 143 
144 144 515 515 71 71 
517 517 487 487 488 488 
475 475 488 488 487 487 
488 488 513 513 517 517 
518 518 512 512 387 387 
488 488 387 387 512 512 
481 481 482 482 387 387 
387 387 482 482 518 518 
485 485 519 519 481 481 
481 481 519 519 480 480 
330 330 520 520 329 329 
335 335 435 435 521 521 
522 522 524 524 523 523 
525 525 14 14 12 12 
526 526 528 528 527 527 
115 115 116 116 454 454 
372 372 373 373 455 455 
455 455 453 453 372 372 
374 374 373 373 339 339 
375 375 51 51 52 52 
435 435 335 335 333 333 
435 435 314 314 521 521 
333 333 334 334 337 337 
312 312 332 332 337 337 
334 334 336 336 337 337 
332 332 313 313 331 331 
529 529 531 531 530 530 
532 532 514 514 143 143 
533 533 534 534 70 70 
535 535 534 534 533 533 
536 536 71 71 516 516 
144 144 475 475 143 143 
537 537 145 145 538 538 
514 514 538 538 145 145 
27 27 539 539 29 29 
104 104 382 382 474 474 
532 532 29 29 540 540 
540 540 514 514 532 532 
540 540 29 29 539 539 
27 27 28 28 386 386 
385 385 386 386 473 473 
474 474 473 473 104 104 
383 383 105 105 471 471 
382 382 104 104 105 105 
383 383 471 471 17 17 
541 541 542 542 119 119 
17 17 543 543 16 16 
140 140 404 404 405 405 
544 544 545 545 416 416 
152 152 150 150 154 154 
154 154 150 150 151 151 
546 546 148 148 547 547 
421 421 416 416 397 397 
34 34 548 548 102 102 
549 549 551 551 550 550 
34 34 118 118 552 552 
63 63 170 170 168 168 
553 553 554 554 183 183 
555 555 556 556 24 24 
24 24 25 25 555 555 
555 555 557 557 556 556 
558 558 556 556 559 559 
414 414 139 139 160 160 
560 560 562 562 561 561 
414 414 64 64 393 393 
414 414 161 161 64 64 
563 563 413 413 564 564 
393 393 40 40 418 418 
397 397 415 415 565 565 
416 416 566 566 544 544 
407 407 545 545 544 544 
564 564 413 413 418 418 
412 412 413 413 563 563 
564 564 418 418 417 417 
417 417 40 40 41 41 
39 39 565 565 415 415 
39 39 40 40 565 565 
416 416 421 421 566 566 
545 545 407 407 406 406 
567 567 569 569 568 568 
567 567 141 141 142 142 
567 567 570 570 569 569 
567 567 571 571 570 570 
572 572 570 570 571 571 
573 573 568 568 569 569 
530 530 394 394 574 574 
402 402 395 395 396 396 
401 401 406 406 403 403 
142 142 571 571 567 567 
401 401 405 405 406 406 
141 141 404 404 140 140 
401 401 402 402 396 396 
394 394 395 395 574 574 
531 531 529 529 484 484 
530 530 574 574 529 529 
575 575 577 577 576 576 
578 578 577 577 579 579 
531 531 484 484 483 483 
478 478 476 476 535 535 
516 516 578 578 536 536 
536 536 533 533 70 70 
476 476 534 534 535 535 
70 70 71 71 536 536 
578 578 579 579 536 536 
577 577 575 575 579 579 
580 580 575 575 576 576 
171 171 242 242 172 172 
239 239 581 581 235 235 
235 235 233 233 239 239 
179 179 30 30 173 173 
582 582 179 179 583 583 
179 179 173 173 584 584 
242 242 241 241 172 172 
166 166 551 551 585 585 
158 158 165 165 157 157 
551 551 549 549 585 585 
166 166 585 585 157 157 
26 26 166 166 167 167 
586 586 588 588 587 587 
589 589 591 591 590 590 
592 592 589 589 593 593 
246 246 93 93 594 594 
183 183 182 182 553 553 
595 595 596 596 93 93 
597 597 594 594 93 93 
598 598 600 600 599 599 
252 252 602 602 601 601 
595 595 305 305 601 601 
603 603 605 605 604 604 
243 243 42 42 43 43 
606 606 245 245 607 607 
249 249 604 604 605 605 
90 90 609 609 608 608 
610 610 608 608 606 606 
176 176 611 611 91 91 
89 89 90 90 612 612 
84 84 42 42 83 83 
243 243 607 607 245 245 
607 607 243 243 43 43 
244 244 613 613 243 243 
611 611 135 135 614 614 
430 430 616 616 615 615 
617 617 606 606 608 608 
610 610 606 606 607 607 
608 608 612 612 90 90 
618 618 617 617 609 609 
609 609 617 617 608 608 
619 619 135 135 297 297 
135 135 611 611 134 134 
617 617 618 618 620 620 
90 90 91 91 611 611 
611 611 176 176 134 134 
621 621 619 619 297 297 
619 619 603 603 604 604 
619 619 621 621 603 603 
248 248 622 622 247 247 
604 604 249 249 247 247 
623 623 622 622 248 248 
600 600 250 250 599 599 
127 127 128 128 624 624 
602 602 252 252 249 249 
249 249 605 605 602 602 
305 305 251 251 252 252 
301 301 625 625 94 94 
500 500 58 58 626 626 
305 305 252 252 601 601 
599 599 250 250 251 251 
215 215 627 627 304 304 
628 628 629 629 208 208 
457 457 528 528 459 459 
630 630 10 10 631 631 
304 304 627 627 303 303 
213 213 627 627 215 215 
99 99 58 58 500 500 
632 632 634 634 633 633 
13 13 524 524 12 12 
9 9 635 635 11 11 
636 636 638 638 637 637 
527 527 634 634 639 639 
458 458 459 459 640 640 
641 641 642 642 457 457 
643 643 645 645 644 644 
643 643 646 646 645 645 
644 644 640 640 643 643 
647 647 644 644 648 648 
649 649 129 129 130 130 
650 650 647 647 648 648 
651 651 13 13 14 14 
14 14 525 525 652 652 
653 653 655 655 654 654 
330 330 656 656 520 520 
657 657 656 656 330 330 
658 658 660 660 659 659 
661 661 663 663 662 662 
664 664 522 522 523 523 
315 315 666 666 665 665 
667 667 669 669 668 668 
522 522 646 646 524 524 
670 670 672 672 671 671 
673 673 675 675 674 674 
669 669 677 677 676 676 
678 678 661 661 662 662 
679 679 192 192 496 496 
616 616 660 660 615 615 
660 660 658 658 615 615 
680 680 207 207 629 629 
616 616 209 209 207 207 
678 678 209 209 431 431 
629 629 681 681 680 680 
681 681 682 682 680 680 
624 624 629 629 628 628 
682 682 681 681 683 683 
629 629 207 207 208 208 
684 684 128 128 126 126 
628 628 685 685 624 624 
686 686 688 688 687 687 
127 127 624 624 685 685 
684 684 126 126 689 689 
127 127 685 685 497 497 
687 687 688 688 196 196 
685 685 195 195 497 497 
497 497 196 196 688 688 
686 686 687 687 690 690 
295 295 499 499 194 194 
195 195 296 296 194 194 
498 498 83 83 691 691 
83 83 498 498 85 85 
692 692 460 460 461 461 
431 431 616 616 430 430 
98 98 96 96 154 154 
693 693 695 695 694 694 
96 96 97 97 463 463 
441 441 697 697 696 696 
696 696 697 697 462 462 
460 460 696 696 462 462 
698 698 46 46 436 436 
696 696 440 440 441 441 
698 698 700 700 699 699 
456 456 117 117 701 701 
591 591 138 138 590 590 
702 702 586 586 246 246 
703 703 25 25 26 26 
26 26 167 167 703 703 
558 558 559 559 561 561 
556 556 557 557 559 559 
160 160 137 137 562 562 
562 562 560 560 160 160 
558 558 561 561 562 562 
137 137 138 138 591 591 
589 589 590 590 593 593 
592 592 593 593 554 554 
182 182 246 246 586 586 
592 592 554 554 553 553 
182 182 92 92 93 93 
702 702 588 588 586 586 
588 588 550 550 587 587 
551 551 587 587 550 550 
59 59 705 705 704 704 
306 306 59 59 308 308 
59 59 704 704 706 706 
630 630 9 9 10 10 
707 707 69 69 633 633 
10 10 708 708 631 631 
636 636 642 642 638 638 
68 68 65 65 33 33 
457 457 642 642 528 528 
632 632 80 80 634 634 
528 528 642 642 636 636 
638 638 626 626 637 637 
58 58 637 637 626 626 
510 510 199 199 255 255 
225 225 229 229 709 709 
276 276 279 279 278 278 
710 710 712 712 711 711 
258 258 714 714 713 713 
715 715 717 717 716 716 
255 255 199 199 718 718 
719 719 255 255 718 718 
719 719 218 218 720 720 
510 510 198 198 199 199 
277 277 282 282 283 283 
279 279 280 280 270 270 
323 323 259 259 721 721 
280 280 269 269 270 270 
722 722 275 275 274 274 
275 275 722 722 271 271 
723 723 272 272 273 273 
272 272 722 722 274 274 
264 264 211 211 723 723 
723 723 273 273 264 264 
724 724 725 725 328 328 
224 224 326 326 726 726 
727 727 725 725 225 225 
724 724 728 728 225 225 
729 729 730 730 225 225 
225 225 730 730 727 727 
731 731 732 732 225 225 
225 225 732 732 729 729 
733 733 734 734 225 225 
225 225 734 734 731 731 
735 735 736 736 225 225 
225 225 736 736 733 733 
709 709 735 735 225 225 
229 229 179 179 711 711 
720 720 200 200 719 719 
238 238 737 737 239 239 
179 179 177 177 738 738 
739 739 740 740 179 179 
179 179 740 740 178 178 
581 581 239 239 737 737 
179 179 181 181 739 739 
179 179 742 742 741 741 
741 741 583 583 179 179 
179 179 582 582 180 180 
584 584 737 737 742 742 
742 742 179 179 584 584 
584 584 581 581 737 737 
230 230 236 236 232 232 
226 226 715 715 228 228 
717 717 714 714 716 716 
715 715 716 716 228 228 
257 257 258 258 713 713 
713 713 714 714 717 717 
285 285 256 256 257 257 
204 204 222 222 285 285 
205 205 206 206 511 511 
200 200 511 511 294 294 
719 719 718 718 218 218 
720 720 511 511 200 200 
216 216 217 217 221 221 
218 218 718 718 217 217 
219 219 220 220 710 710 
216 216 221 221 219 219 
712 712 229 229 711 711 
220 220 712 712 710 710 
179 179 738 738 711 711 
663 663 661 661 743 743 
744 744 316 316 7 7 
212 212 210 210 7 7 
311 311 312 312 322 322 
721 721 324 324 325 325 
325 325 323 323 721 721 
726 726 326 326 324 324 
326 326 224 224 728 728 
728 728 224 224 225 225 
212 212 724 724 328 328 
725 725 724 724 225 225 
212 212 7 7 8 8 
666 666 745 745 665 665 
670 670 671 671 746 746 
747 747 665 665 745 745 
748 748 665 665 747 747 
210 210 744 744 7 7 
341 341 427 427 749 749 
7 7 315 315 665 665 
750 750 752 752 751 751 
679 679 748 748 747 747 
649 649 504 504 505 505 
496 496 748 748 679 679 
753 753 755 755 754 754 
292 292 756 756 293 293 
131 131 292 292 193 193 
254 254 507 507 253 253 
201 201 254 254 203 203 
192 192 130 130 131 131 
293 293 756 756 757 757 
505 505 129 129 649 649 
288 288 503 503 504 504 
507 507 508 508 253 253 
286 286 503 503 288 288 
506 506 287 287 509 509 
291 291 508 508 290 290 
506 506 509 509 289 289 
201 201 507 507 254 254 
758 758 759 759 663 663 
760 760 203 203 759 759 
203 203 760 760 202 202 
758 758 760 760 759 759 
761 761 663 663 743 743 
761 761 758 758 663 663 
661 661 670 670 762 762 
662 662 209 209 678 678 
672 672 670 670 750 750 
678 678 763 763 661 661 
750 750 764 764 672 672 
753 753 765 765 755 755 
751 751 764 764 750 750 
661 661 762 762 743 743 
746 746 762 762 670 670 
209 209 616 616 431 431 
766 766 661 661 763 763 
430 430 767 767 429 429 
768 768 770 770 769 769 
767 767 769 769 429 429 
677 677 771 771 767 767 
772 772 774 774 773 773 
775 775 777 777 776 776 
771 771 677 677 669 669 
675 675 777 777 775 775 
675 675 778 778 777 777 
12 12 524 524 646 646 
674 674 675 675 775 775 
779 779 781 781 780 780 
782 782 781 781 779 779 
783 783 779 779 784 784 
495 495 45 45 440 440 
298 298 785 785 300 300 
299 299 786 786 298 298 
701 701 788 788 787 787 
456 456 790 790 789 789 
786 786 789 789 790 790 
786 786 299 299 789 789 
117 117 657 657 701 701 
790 790 456 456 701 701 
330 330 701 701 657 657 
701 701 330 330 788 788 
34 34 552 552 95 95 
81 81 95 95 552 552 
639 639 80 80 81 81 
102 102 100 100 118 118 
639 639 81 81 552 552 
101 101 102 102 378 378 
791 791 793 793 792 792 
100 100 101 101 133 133 
791 791 101 101 378 378 
378 378 376 376 791 791 
80 80 639 639 634 634 
791 791 376 376 793 793 
636 636 527 527 528 528 
526 526 527 527 639 639 
467 467 542 542 469 469 
794 794 796 796 795 795 
541 541 16 16 543 543 
794 794 543 543 17 17 
797 797 541 541 543 543 
17 17 796 796 794 794 
469 469 470 470 467 467 
17 17 469 469 796 796 
467 467 119 119 542 542 
119 119 16 16 541 541 
596 596 597 597 93 93 
168 168 94 94 92 92 
310 310 94 94 168 168 
595 595 93 93 305 305 
798 798 308 308 304 304 
310 310 302 302 94 94 
310 310 307 307 302 302 
59 59 57 57 308 308 
57 57 304 304 308 308 
798 798 304 304 305 305 
303 303 251 251 305 305 
62 62 164 164 67 67 
48 48 799 799 708 708 
34 34 35 35 164 164 
67 67 164 164 48 48 
48 48 164 164 799 799 
800 800 707 707 801 801 
632 632 69 69 33 33 
633 633 69 69 632 632 
707 707 633 633 801 801 
633 633 631 631 801 801 
708 708 799 799 631 631 
631 631 799 799 801 801 
168 168 170 170 88 88 
802 802 706 706 704 704 
61 61 635 635 9 9 
803 803 170 170 61 61 
635 635 61 61 62 62 
630 630 706 706 9 9 
802 802 704 704 804 804 
706 706 802 802 9 9 
705 705 805 805 704 704 
87 87 88 88 170 170 
705 705 59 59 87 87 
86 86 87 87 306 306 
59 59 306 306 87 87 
669 669 667 667 771 771 
806 806 808 808 807 807 
668 668 13 13 651 651 
667 667 668 668 651 651 
809 809 810 810 525 525 
810 810 652 652 525 525 
811 811 695 695 812 812 
813 813 815 815 814 814 
783 783 811 811 812 812 
776 776 780 780 781 781 
816 816 770 770 817 817 
768 768 767 767 771 771 
769 769 767 767 768 768 
770 770 768 768 817 817 
378 378 818 818 526 526 
547 547 154 154 96 96 
408 408 548 548 162 162 
548 548 408 408 409 409 
34 34 147 147 819 819 
148 148 546 546 147 147 
148 148 154 154 547 547 
97 97 98 98 655 655 
464 464 465 465 463 463 
655 655 653 653 97 97 
694 694 436 436 693 693 
820 820 822 822 821 821 
823 823 822 822 820 820 
698 698 824 824 700 700 
466 466 808 808 806 806 
825 825 807 807 808 808 
494 494 346 346 495 495 
47 47 45 45 495 495 
300 300 345 345 299 299 
495 495 346 346 300 300 
781 781 782 782 785 785 
300 300 785 785 782 782 
784 784 779 779 780 780 
784 784 811 811 783 783 
826 826 827 827 818 818 
815 815 810 810 809 809 
640 640 644 644 647 647 
643 643 12 12 646 646 
458 458 640 640 828 828 
640 640 647 647 828 828 
377 377 378 378 526 526 
639 639 377 377 526 526 
526 526 818 818 827 827 
825 825 829 829 819 819 
410 410 827 827 409 409 
826 826 409 409 827 827 
163 163 819 819 829 829 
162 162 548 548 34 34 
34 34 819 819 163 163 
829 829 825 825 808 808 
461 461 823 823 830 830 
830 830 692 692 461 461 
806 806 465 465 466 466 
654 654 830 830 653 653 
830 830 654 654 692 692 
436 436 694 694 824 824 
823 823 461 461 822 822 
700 700 820 820 699 699 
821 821 699 699 820 820 
436 436 824 824 698 698 
695 695 693 693 831 831 
777 777 832 832 776 776 
831 831 812 812 695 695 
776 776 832 832 780 780 
778 778 675 675 833 833 
816 816 817 817 834 834 
765 765 833 833 755 755 
833 833 765 765 778 778 
765 765 753 753 835 835 
774 774 816 816 834 834 
772 772 773 773 835 835 
765 765 835 835 773 773 
774 774 772 772 816 816 
813 813 814 814 817 817 
834 834 817 817 814 814 
815 815 809 809 814 814 
</p>
			</triangles>
			<triangles count="791" material="Material1-satin_finish_aluminum">
				<input semantic="VERTEX" source="#A_Joint_4_Hub_Back_Plate-1-solid110-mesh-vertices" offset="0"/>
				<input semantic="NORMAL" source="#A_Joint_4_Hub_Back_Plate-1-solid110-mesh-normals" offset="1"/>
				<p>
836 836 838 838 837 837 
839 839 841 841 840 840 
842 842 844 844 843 843 
845 845 847 847 846 846 
848 848 850 850 849 849 
851 851 853 853 852 852 
854 854 838 838 855 855 
856 856 858 858 857 857 
859 859 861 861 860 860 
862 862 864 864 863 863 
865 865 867 867 866 866 
868 868 870 870 869 869 
871 871 873 873 872 872 
874 874 876 876 875 875 
877 877 879 879 878 878 
880 880 882 882 881 881 
883 883 885 885 884 884 
886 886 887 887 885 885 
888 888 890 890 889 889 
847 847 891 891 846 846 
886 886 885 885 883 883 
845 845 893 893 892 892 
892 892 885 885 845 845 
894 894 896 896 895 895 
884 884 897 897 883 883 
898 898 900 900 899 899 
901 901 903 903 902 902 
900 900 905 905 904 904 
906 906 908 908 907 907 
909 909 911 911 910 910 
912 912 913 913 907 907 
912 912 907 907 914 914 
915 915 917 917 916 916 
918 918 920 920 919 919 
921 921 910 910 922 922 
923 923 911 911 909 909 
922 922 924 924 921 921 
921 921 909 909 910 910 
925 925 927 927 926 926 
928 928 930 930 929 929 
931 931 933 933 932 932 
934 934 936 936 935 935 
937 937 939 939 938 938 
940 940 888 888 941 941 
940 940 890 890 888 888 
942 942 944 944 943 943 
945 945 947 947 946 946 
948 948 949 949 936 936 
889 889 890 890 949 949 
950 950 952 952 951 951 
949 949 948 948 889 889 
953 953 955 955 954 954 
956 956 958 958 957 957 
959 959 961 961 960 960 
918 918 963 963 962 962 
964 964 966 966 965 965 
967 967 968 968 933 933 
969 969 858 858 962 962 
970 970 972 972 971 971 
973 973 975 975 974 974 
976 976 978 978 977 977 
868 868 869 869 979 979 
944 944 942 942 980 980 
863 863 982 982 981 981 
942 942 983 983 927 927 
984 984 980 980 863 863 
985 985 926 926 927 927 
983 983 985 985 927 927 
942 942 943 943 983 983 
986 986 988 988 987 987 
942 942 863 863 980 980 
989 989 991 991 990 990 
992 992 978 978 976 976 
863 863 993 993 862 862 
994 994 974 974 995 995 
996 996 998 998 997 997 
999 999 1001 1001 1000 1000 
860 860 1003 1003 1002 1002 
997 997 861 861 996 996 
1004 1004 875 875 1005 1005 
1006 1006 1008 1008 1007 1007 
1009 1009 1007 1007 1008 1008 
1010 1010 1012 1012 1011 1011 
1007 1007 1013 1013 1006 1006 
1014 1014 1016 1016 1015 1015 
1017 1017 1013 1013 1007 1007 
1018 1018 1020 1020 1019 1019 
1021 1021 1023 1023 1022 1022 
1024 1024 1026 1026 1025 1025 
1027 1027 1028 1028 1001 1001 
967 967 1029 1029 968 968 
1030 1030 1032 1032 1031 1031 
918 918 962 962 858 858 
1033 1033 1035 1035 1034 1034 
1036 1036 969 969 1037 1037 
961 961 1039 1039 1038 1038 
1040 1040 1042 1042 1041 1041 
1043 1043 1044 1044 946 946 
1045 1045 956 956 957 957 
955 955 939 939 937 937 
930 930 937 937 938 938 
1046 1046 919 919 1047 1047 
1048 1048 1050 1050 1049 1049 
915 915 916 916 928 928 
916 916 917 917 1051 1051 
1052 1052 1049 1049 1053 1053 
1049 1049 1052 1052 1048 1048 
1054 1054 922 922 1055 1055 
924 924 1047 1047 919 919 
917 917 1047 1047 924 924 
1056 1056 918 918 1046 1046 
919 919 1046 1046 918 918 
1057 1057 918 918 1058 1058 
918 918 1056 1056 1058 1058 
1059 1059 918 918 1060 1060 
918 918 1057 1057 1060 1060 
1061 1061 918 918 1062 1062 
918 918 1059 1059 1062 1062 
1063 1063 918 918 1064 1064 
918 918 1061 1061 1064 1064 
963 963 918 918 1063 1063 
864 864 869 869 870 870 
1065 1065 1067 1067 1066 1066 
1068 1068 858 858 1069 1069 
858 858 1070 1070 1069 1069 
1071 1071 858 858 1072 1072 
858 858 1068 1068 1072 1072 
1073 1073 858 858 1074 1074 
858 858 1071 1071 1074 1074 
858 858 1073 1073 857 857 
858 858 1076 1076 1075 1075 
856 856 1076 1076 858 858 
1077 1077 1079 1079 1078 1078 
990 990 1080 1080 989 989 
1081 1081 1083 1083 1082 1082 
1084 1084 1086 1086 1085 1085 
1087 1087 871 871 1088 1088 
1089 1089 1091 1091 1090 1090 
1092 1092 1094 1094 1093 1093 
1095 1095 1097 1097 1096 1096 
1098 1098 1100 1100 1099 1099 
1091 1091 966 966 1101 1101 
1102 1102 1103 1103 958 958 
1104 1104 1105 1105 986 986 
1038 1038 1106 1106 1041 1041 
1098 1098 1041 1041 1106 1106 
1040 1040 1033 1033 1042 1042 
1041 1041 1042 1042 1038 1038 
1035 1035 1036 1036 1034 1034 
1040 1040 1035 1035 1033 1033 
1037 1037 969 969 962 962 
1034 1034 1036 1036 1037 1037 
858 858 969 969 1070 1070 
1107 1107 1014 1014 1025 1025 
1018 1018 1108 1108 1020 1020 
1109 1109 871 871 1087 1087 
1110 1110 1112 1112 1111 1111 
1113 1113 1115 1115 1114 1114 
1116 1116 1118 1118 1117 1117 
1119 1119 1121 1121 1120 1120 
1122 1122 1124 1124 1123 1123 
1125 1125 1027 1027 1026 1026 
1126 1126 1128 1128 1127 1127 
1129 1129 1131 1131 1130 1130 
1014 1014 1024 1024 1025 1025 
1132 1132 1134 1134 1133 1133 
998 998 1136 1136 1135 1135 
1137 1137 1135 1135 1136 1136 
1138 1138 1140 1140 1139 1139 
1141 1141 1143 1143 1142 1142 
1111 1111 1144 1144 1110 1110 
1145 1145 1141 1141 1146 1146 
1139 1139 1148 1148 1147 1147 
1142 1142 1146 1146 1141 1141 
1145 1145 1150 1150 1149 1149 
1151 1151 1153 1153 1152 1152 
1154 1154 1152 1152 1153 1153 
872 872 873 873 1081 1081 
1155 1155 1156 1156 1137 1137 
1157 1157 1158 1158 891 891 
1159 1159 1161 1161 1160 1160 
1121 1121 1119 1119 1162 1162 
1163 1163 1165 1165 1164 1164 
1166 1166 1168 1168 1167 1167 
1023 1023 1170 1170 1169 1169 
1171 1171 1173 1173 1172 1172 
1174 1174 1157 1157 1175 1175 
1175 1175 1176 1176 1174 1174 
1177 1177 1179 1179 1178 1178 
1180 1180 1182 1182 1181 1181 
1183 1183 1185 1185 1184 1184 
1185 1185 970 970 1184 1184 
1186 1186 1030 1030 1031 1031 
1098 1098 1106 1106 1100 1100 
981 981 1187 1187 984 984 
1188 1188 1189 1189 981 981 
1186 1186 1031 1031 1099 1099 
873 873 871 871 1109 1109 
976 976 1032 1032 992 992 
1109 1109 1087 1087 1190 1190 
1191 1191 1193 1193 1192 1192 
1087 1087 1194 1194 1190 1190 
1083 1083 1196 1196 1195 1195 
1081 1081 1196 1196 1083 1083 
1197 1197 1199 1199 1198 1198 
978 978 1200 1200 977 977 
1201 1201 1203 1203 1202 1202 
1196 1196 1204 1204 1195 1195 
1205 1205 1207 1207 1206 1206 
991 991 1209 1209 1208 1208 
991 991 1208 1208 990 990 
1210 1210 1212 1212 1211 1211 
1213 1213 1210 1210 1214 1214 
1084 1084 1215 1215 1086 1086 
970 970 1216 1216 1184 1184 
1192 1192 1218 1218 1217 1217 
1219 1219 1185 1185 1183 1183 
1150 1150 1220 1220 1149 1149 
1126 1126 1221 1221 1128 1128 
1203 1203 1201 1201 1222 1222 
1220 1220 973 973 1149 1149 
1223 1223 1146 1146 1224 1224 
1221 1221 1126 1126 1217 1217 
965 965 1096 1096 964 964 
1191 1191 1225 1225 975 975 
1226 1226 1228 1228 1227 1227 
1227 1227 1228 1228 1225 1225 
1221 1221 1217 1217 1229 1229 
1230 1230 1232 1232 1231 1231 
1225 1225 1228 1228 975 975 
1233 1233 1235 1235 1234 1234 
1124 1124 1122 1122 1236 1236 
994 994 995 995 1236 1236 
975 975 973 973 1191 1191 
974 974 975 975 995 995 
1237 1237 1238 1238 868 868 
994 994 1236 1236 1122 1122 
1239 1239 1241 1241 1240 1240 
865 865 1125 1125 867 867 
1018 1018 994 994 1108 1108 
994 994 1122 1122 1108 1108 
1016 1016 1107 1107 1019 1019 
1020 1020 1016 1016 1019 1019 
1024 1024 1242 1242 1026 1026 
999 999 1244 1244 1243 1243 
1245 1245 1247 1247 1246 1246 
1248 1248 1027 1027 1125 1125 
1249 1249 1243 1243 1250 1250 
1251 1251 1253 1253 1252 1252 
1253 1253 1251 1251 1254 1254 
1006 1006 1255 1255 1008 1008 
1000 1000 1240 1240 999 999 
1001 1001 1252 1252 1000 1000 
1011 1011 1256 1256 1010 1010 
1067 1067 1182 1182 1066 1066 
1257 1257 1067 1067 1065 1065 
1066 1066 1241 1241 1065 1065 
1251 1251 1252 1252 1028 1028 
1065 1065 1241 1241 1239 1239 
1258 1258 1260 1260 1259 1259 
1261 1261 1262 1262 1180 1180 
979 979 1181 1181 1182 1182 
1237 1237 868 868 979 979 
979 979 869 869 1181 1181 
1263 1263 1238 1238 1237 1237 
1263 1263 1264 1264 1238 1238 
1265 1265 1091 1091 1089 1089 
1089 1089 1090 1090 1266 1266 
1234 1234 1266 1266 1233 1233 
1266 1266 1267 1267 1233 1233 
1234 1234 1235 1235 1268 1268 
1232 1232 1269 1269 1231 1231 
870 870 868 868 1267 1267 
1265 1265 1089 1089 1230 1230 
966 966 964 964 1101 1101 
982 982 863 863 864 864 
1231 1231 1265 1265 1230 1230 
988 988 1271 1271 1270 1270 
1094 1094 1101 1101 964 964 
1095 1095 1096 1096 965 965 
1272 1272 1274 1274 1273 1273 
991 991 1276 1276 1275 1275 
1277 1277 1275 1275 1278 1278 
858 858 1075 1075 1080 1080 
1075 1075 989 989 1080 1080 
858 858 1080 1080 1132 1132 
1279 1279 1281 1281 1280 1280 
1282 1282 1283 1283 1134 1134 
1284 1284 1201 1201 1202 1202 
1217 1217 1191 1191 1192 1192 
1212 1212 1285 1285 1151 1151 
1151 1151 1211 1211 1212 1212 
1154 1154 1286 1286 1224 1224 
1153 1153 1151 1151 1285 1285 
1154 1154 1224 1224 1152 1152 
1223 1223 1224 1224 1286 1286 
877 877 1287 1287 1149 1149 
1150 1150 1146 1146 1223 1223 
1193 1193 1191 1191 973 973 
1193 1193 973 973 1220 1220 
1229 1229 1217 1217 1218 1218 
1229 1229 972 972 970 970 
972 972 1229 1229 1218 1218 
971 971 1216 1216 970 970 
1272 1272 1216 1216 1288 1288 
971 971 1288 1288 1216 1216 
1272 1272 1273 1273 1086 1086 
1272 1272 1288 1288 1274 1274 
1085 1085 1086 1086 1289 1289 
1086 1086 1273 1273 1289 1289 
1290 1290 1292 1292 1291 1291 
1293 1293 1295 1295 1294 1294 
1296 1296 1297 1297 881 881 
1298 1298 1300 1300 1299 1299 
1301 1301 1303 1303 1302 1302 
841 841 839 839 1304 1304 
1305 1305 1306 1306 1147 1147 
1307 1307 1308 1308 1120 1120 
1298 1298 1310 1310 1309 1309 
1311 1311 1115 1115 1312 1312 
1313 1313 1315 1315 1314 1314 
1115 1115 1311 1311 1114 1114 
1316 1316 1318 1318 1317 1317 
1319 1319 1320 1320 1316 1316 
1301 1301 1302 1302 1118 1118 
1164 1164 1321 1321 1163 1163 
1163 1163 1323 1323 1322 1322 
1324 1324 1326 1326 1325 1325 
1327 1327 1328 1328 1326 1326 
1117 1117 1329 1329 1116 1116 
1325 1325 1330 1330 1324 1324 
1325 1325 1326 1326 1328 1328 
1331 1331 1332 1332 880 880 
1329 1329 1117 1117 1327 1327 
1327 1327 1117 1117 1328 1328 
1333 1333 1334 1334 1116 1116 
1333 1333 1116 1116 1329 1329 
850 850 848 848 1335 1335 
1334 1334 1336 1336 1116 1116 
849 849 1338 1338 1337 1337 
1339 1339 1341 1341 1340 1340 
1340 1340 1337 1337 1338 1338 
1342 1342 1344 1344 1343 1343 
1345 1345 1343 1343 1344 1344 
1346 1346 1339 1339 1340 1340 
1347 1347 1334 1334 848 848 
1168 1168 1348 1348 1167 1167 
1349 1349 1351 1351 1350 1350 
1296 1296 881 881 1352 1352 
1353 1353 1291 1291 1292 1292 
1354 1354 1353 1353 1292 1292 
1355 1355 1357 1357 1356 1356 
1358 1358 1292 1292 1290 1290 
1351 1351 1349 1349 1355 1355 
1359 1359 1341 1341 1342 1342 
1150 1150 1145 1145 1146 1146 
1129 1129 1360 1360 1131 1131 
1361 1361 1362 1362 1130 1130 
1145 1145 1149 1149 1287 1287 
879 879 877 877 1149 1149 
1143 1143 1144 1144 1363 1363 
1363 1363 1142 1142 1143 1143 
1112 1112 1110 1110 1002 1002 
1144 1144 1111 1111 1363 1363 
1112 1112 1002 1002 1003 1003 
1147 1147 1148 1148 859 859 
859 859 1305 1305 1147 1147 
1139 1139 1147 1147 1138 1138 
1364 1364 1306 1306 1365 1365 
1305 1305 1365 1365 1306 1306 
1310 1310 1298 1298 1299 1299 
1306 1306 1367 1367 1366 1366 
1368 1368 1113 1113 1369 1369 
1309 1309 1364 1364 1365 1365 
1365 1365 1298 1298 1309 1309 
1364 1364 1367 1367 1306 1306 
1370 1370 1366 1366 1315 1315 
1366 1366 1370 1370 1306 1306 
840 840 1371 1371 839 839 
1370 1370 1315 1315 1313 1313 
1372 1372 1312 1312 1373 1373 
1371 1371 1372 1372 1373 1373 
1307 1307 1120 1120 1121 1121 
1114 1114 1369 1369 1113 1113 
1368 1368 1162 1162 1119 1119 
1369 1369 1162 1162 1368 1368 
1374 1374 1121 1121 1375 1375 
1307 1307 1121 1121 1374 1374 
1375 1375 1376 1376 1374 1374 
1377 1377 1379 1379 1378 1378 
1380 1380 1381 1381 895 895 
1382 1382 1384 1384 1383 1383 
1385 1385 885 885 887 887 
845 845 1385 1385 836 836 
1385 1385 845 845 885 885 
837 837 838 838 1386 1386 
1387 1387 1388 1388 853 853 
1389 1389 1391 1391 1390 1390 
1392 1392 1390 1390 1393 1393 
1394 1394 1393 1393 1390 1390 
1395 1395 1379 1379 1377 1377 
1396 1396 1398 1398 1397 1397 
1399 1399 1401 1401 1400 1400 
905 905 1402 1402 904 904 
897 897 884 884 898 898 
884 884 905 905 900 900 
1159 1159 1403 1403 1295 1295 
1336 1336 1404 1404 842 842 
1404 1404 1336 1336 1405 1405 
849 849 1337 1337 1347 1347 
1340 1340 1338 1338 1346 1346 
1347 1347 848 848 849 849 
1336 1336 1347 1347 1405 1405 
1334 1334 1347 1347 1336 1336 
1404 1404 1406 1406 842 842 
1159 1159 842 842 843 843 
1406 1406 844 844 842 842 
853 853 1349 1349 1407 1407 
1403 1403 1159 1159 843 843 
1159 1159 1295 1295 1293 1293 
1408 1408 1409 1409 1345 1345 
1410 1410 853 853 1407 1407 
880 880 1297 1297 1411 1411 
1412 1412 1188 1188 1044 1044 
1413 1413 1104 1104 1088 1088 
981 981 984 984 863 863 
988 988 986 986 1271 1271 
1092 1092 1101 1101 1094 1094 
1091 1091 1265 1265 966 966 
1266 1266 1414 1414 1267 1267 
1414 1414 1266 1266 1090 1090 
1414 1414 870 870 1267 1267 
870 870 982 982 864 864 
981 981 1189 1189 1187 1187 
1188 1188 1412 1412 1189 1189 
1044 1044 1043 1043 1412 1412 
1044 1044 945 945 946 946 
1415 1415 961 961 959 959 
1102 1102 1416 1416 1103 1103 
1038 1038 1039 1039 1106 1106 
1417 1417 1419 1419 1418 1418 
1420 1420 1422 1422 1421 1421 
1170 1170 1423 1423 1169 1169 
1424 1424 1388 1388 1387 1387 
1171 1171 1425 1425 901 901 
837 837 847 847 836 836 
847 847 845 845 836 836 
853 853 1410 1410 852 852 
1426 1426 1293 1293 1294 1294 
1350 1350 1407 1407 1349 1349 
1408 1408 1166 1166 1409 1409 
1427 1427 1429 1429 1428 1428 
1351 1351 1355 1355 1356 1356 
1430 1430 1431 1431 1245 1245 
878 878 1432 1432 1353 1353 
1292 1292 1352 1352 1354 1354 
1292 1292 1296 1296 1352 1352 
1297 1297 880 880 881 881 
1166 1166 1332 1332 1331 1331 
1331 1331 880 880 1411 1411 
1167 1167 1409 1409 1166 1166 
1166 1166 1408 1408 1332 1332 
1433 1433 1341 1341 1359 1359 
1434 1434 1433 1433 1435 1435 
1434 1434 1435 1435 1293 1293 
1339 1339 1344 1344 1342 1342 
1409 1409 1343 1343 1345 1345 
1339 1339 1342 1342 1341 1341 
1359 1359 1435 1435 1433 1433 
1293 1293 1426 1426 1434 1434 
1161 1161 1436 1436 1160 1160 
1159 1159 1160 1160 842 842 
1436 1436 1437 1437 1160 1160 
1438 1438 1437 1437 1439 1439 
1440 1440 1442 1442 1441 1441 
1443 1443 1444 1444 1439 1439 
1420 1420 1445 1445 1422 1422 
1446 1446 1440 1440 1441 1441 
1440 1440 1446 1446 1447 1447 
1448 1448 1449 1449 1447 1447 
1450 1450 1452 1452 1451 1451 
1451 1451 1452 1452 1453 1453 
1454 1454 1455 1455 1450 1450 
1456 1456 1418 1418 1419 1419 
1449 1449 1457 1457 1453 1453 
1458 1458 1460 1460 1459 1459 
1461 1461 1381 1381 1462 1462 
1174 1174 1158 1158 1157 1157 
1158 1158 846 846 891 891 
1463 1463 1464 1464 1175 1175 
1423 1423 1410 1410 1169 1169 
1387 1387 853 853 851 851 
1424 1424 1465 1465 894 894 
894 894 1388 1388 1424 1424 
1380 1380 895 895 896 896 
896 896 894 894 1465 1465 
1381 1381 1380 1380 1462 1462 
1462 1462 1425 1425 1171 1171 
1462 1462 1171 1171 1461 1461 
1394 1394 901 901 1466 1466 
1425 1425 903 903 901 901 
902 902 1466 1466 901 901 
1394 1394 1468 1468 1467 1467 
1466 1466 1468 1468 1394 1394 
1460 1460 1469 1469 1459 1459 
1467 1467 1393 1393 1394 1394 
1389 1389 1390 1390 1392 1392 
1459 1459 1470 1470 1391 1391 
1471 1471 1469 1469 1472 1472 
1473 1473 1471 1471 1472 1472 
1458 1458 1474 1474 1460 1460 
854 854 855 855 1474 1474 
1460 1460 1474 1474 855 855 
838 838 854 854 1386 1386 
1318 1318 1303 1303 1317 1317 
1475 1475 1477 1477 1476 1476 
1320 1320 1319 1319 1304 1304 
1116 1116 1478 1478 1118 1118 
1163 1163 1322 1322 1165 1165 
1163 1163 1478 1478 1116 1116 
1321 1321 1478 1478 1163 1163 
1118 1118 1302 1302 1117 1117 
1301 1301 1317 1317 1303 1303 
1316 1316 1320 1320 1318 1318 
1313 1313 1479 1479 1476 1476 
841 841 1304 1304 1319 1319 
1372 1372 1371 1371 840 840 
1314 1314 1481 1481 1480 1480 
1312 1312 1115 1115 1373 1373 
1114 1114 1483 1483 1482 1482 
1483 1483 1114 1114 1311 1311 
1482 1482 1481 1481 1314 1314 
1483 1483 1481 1481 1482 1482 
1313 1313 1314 1314 1484 1484 
1480 1480 1484 1484 1314 1314 
1485 1485 1313 1313 1486 1486 
1313 1313 1484 1484 1486 1486 
1313 1313 1485 1485 1479 1479 
1487 1487 1476 1476 1488 1488 
1476 1476 1479 1479 1488 1488 
1489 1489 1476 1476 1490 1490 
1476 1476 1487 1487 1490 1490 
1476 1476 1477 1477 1163 1163 
1476 1476 1489 1489 1475 1475 
1323 1323 1163 1163 1491 1491 
1163 1163 1477 1477 1491 1491 
1492 1492 1494 1494 1493 1493 
1418 1418 1492 1492 1495 1495 
1493 1493 1495 1495 1492 1492 
1417 1417 1418 1418 1496 1496 
1418 1418 1495 1495 1496 1496 
1497 1497 1498 1498 1461 1461 
1418 1418 1499 1499 1173 1173 
1456 1456 1499 1499 1418 1418 
1497 1497 1171 1171 1500 1500 
1418 1418 1173 1173 1171 1171 
1171 1171 1172 1172 1500 1500 
1171 1171 1497 1497 1461 1461 
1454 1454 1498 1498 1455 1455 
1461 1461 1498 1498 1454 1454 
1454 1454 1450 1450 1451 1451 
1453 1453 1457 1457 1451 1451 
1447 1447 1446 1446 1448 1448 
1449 1449 1448 1448 1457 1457 
1421 1421 1441 1441 1442 1442 
1421 1421 1443 1443 1420 1420 
1422 1422 1441 1441 1421 1421 
1501 1501 1160 1160 1437 1437 
1444 1444 1502 1502 1439 1439 
1421 1421 1444 1444 1443 1443 
1501 1501 1437 1437 1438 1438 
1502 1502 1438 1438 1439 1439 
1503 1503 1492 1492 1501 1501 
1160 1160 1501 1501 1492 1492 
1504 1504 1492 1492 1505 1505 
1492 1492 1503 1503 1505 1505 
1494 1494 1492 1492 1506 1506 
1492 1492 1504 1504 1506 1506 
899 899 900 900 1507 1507 
1390 1390 1508 1508 1401 1401 
1509 1509 1401 1401 1510 1510 
1401 1401 1511 1511 1510 1510 
1401 1401 1512 1512 1400 1400 
1401 1401 1509 1509 1512 1512 
1513 1513 907 907 1399 1399 
1401 1401 1399 1399 907 907 
1514 1514 1378 1378 1515 1515 
1515 1515 913 913 1514 1514 
907 907 1513 1513 906 906 
913 913 1515 1515 920 920 
914 914 907 907 1516 1516 
907 907 908 908 1516 1516 
920 920 918 918 913 913 
907 907 913 913 918 918 
1378 1378 1379 1379 1515 1515 
1395 1395 1517 1517 1402 1402 
1517 1517 1395 1395 1377 1377 
1518 1518 904 904 1402 1402 
1517 1517 1518 1518 1402 1402 
898 898 884 884 900 900 
899 899 1397 1397 1398 1398 
1397 1397 899 899 1507 1507 
1396 1396 1384 1384 1398 1398 
1384 1384 1519 1519 1383 1383 
1396 1396 1519 1519 1384 1384 
1383 1383 1473 1473 1382 1382 
1460 1460 1472 1472 1469 1469 
1382 1382 1473 1473 1472 1472 
1469 1469 1470 1470 1459 1459 
1391 1391 1470 1470 1390 1390 
1401 1401 1508 1508 1511 1511 
1390 1390 1470 1470 1508 1508 
915 915 928 928 929 929 
1050 1050 1048 1048 1520 1520 
1521 1521 1029 1029 1522 1522 
1052 1052 1523 1523 1055 1055 
1053 1053 1523 1523 1052 1052 
922 922 1051 1051 924 924 
1054 1054 1524 1524 922 922 
1052 1052 1055 1055 922 922 
1524 1524 1051 1051 922 922 
924 924 1051 1051 917 917 
938 938 929 929 930 930 
953 953 954 954 1525 1525 
939 939 955 955 953 953 
932 932 1526 1526 931 931 
1045 1045 957 957 1525 1525 
1525 1525 954 954 1045 1045 
947 947 1527 1527 1526 1526 
947 947 945 945 1527 1527 
1102 1102 958 958 956 956 
1416 1416 960 960 1103 1103 
1416 1416 959 959 960 960 
1039 1039 1415 1415 1527 1527 
1415 1415 1039 1039 961 961 
1039 1039 1527 1527 945 945 
947 947 1526 1526 932 932 
931 931 967 967 933 933 
1029 1029 1521 1521 968 968 
951 951 1522 1522 950 950 
1522 1522 951 951 1521 1521 
950 950 934 934 952 952 
935 935 936 936 949 949 
952 952 934 934 935 935 
948 948 1520 1520 889 889 
1050 1050 1520 1520 948 948 
1081 1081 873 873 1196 1196 
1528 1528 1085 1085 1529 1529 
1104 1104 1413 1413 1105 1105 
1104 1104 1087 1087 1088 1088 
1099 1099 1530 1530 1186 1186 
1105 1105 1271 1271 986 986 
1270 1270 1093 1093 1094 1094 
988 988 1270 1270 1094 1094 
1531 1531 1092 1092 1093 1093 
1530 1530 1099 1099 1100 1100 
1532 1532 1531 1531 1533 1533 
1531 1531 1532 1532 1092 1092 
1100 1100 1533 1533 1530 1530 
1532 1532 1533 1533 1100 1100 
992 992 1032 1032 1030 1030 
977 977 1200 1200 1198 1198 
1199 1199 1197 1197 1206 1206 
1198 1198 1200 1200 1197 1197 
1078 1078 1207 1207 1205 1205 
1207 1207 1199 1199 1206 1206 
1085 1085 1528 1528 1084 1084 
1277 1277 1079 1079 1077 1077 
1077 1077 1078 1078 1205 1205 
991 991 989 989 1276 1276 
1277 1277 1278 1278 1079 1079 
1278 1278 1275 1275 1276 1276 
1534 1534 1209 1209 1529 1529 
1209 1209 1534 1534 1208 1208 
1534 1534 1529 1529 1085 1085 
1082 1082 1084 1084 1535 1535 
1528 1528 1535 1535 1084 1084 
1536 1536 1082 1082 1537 1537 
1082 1082 1535 1535 1537 1537 
1081 1081 1082 1082 1536 1536 
1003 1003 860 860 861 861 
1538 1538 1540 1540 1539 1539 
1539 1539 1542 1542 1541 1541 
1148 1148 861 861 859 859 
1003 1003 861 861 997 997 
998 998 1135 1135 997 997 
1222 1222 1156 1156 1203 1203 
1155 1155 1137 1137 1136 1136 
1156 1156 1222 1222 1137 1137 
1201 1201 1284 1284 1211 1211 
1214 1214 1210 1210 1211 1211 
1211 1211 1284 1284 1214 1214 
1543 1543 1210 1210 1213 1213 
1543 1543 1279 1279 1280 1280 
1279 1279 1543 1543 1213 1213 
1281 1281 1282 1282 1280 1280 
1283 1283 1133 1133 1134 1134 
1281 1281 1283 1283 1282 1282 
1133 1133 1542 1542 1132 1132 
1539 1539 858 858 1542 1542 
1132 1132 1542 1542 858 858 
1544 1544 1539 1539 1545 1545 
1539 1539 1541 1541 1545 1545 
1540 1540 1546 1546 1539 1539 
1539 1539 1544 1544 1538 1538 
1138 1138 1539 1539 1547 1547 
1546 1546 1547 1547 1539 1539 
1548 1548 1138 1138 1549 1549 
1138 1138 1547 1547 1549 1549 
1550 1550 1138 1138 1551 1551 
1138 1138 1548 1548 1551 1551 
1140 1140 1138 1138 1550 1550 
1552 1552 1554 1554 1553 1553 
1252 1252 1001 1001 1028 1028 
1239 1239 1240 1240 1000 1000 
999 999 1243 1243 1001 1001 
1243 1243 1244 1244 1250 1250 
1555 1555 1557 1557 1556 1556 
1021 1021 1558 1558 1023 1023 
1005 1005 1557 1557 1555 1555 
1255 1255 876 876 874 874 
1559 1559 1560 1560 1261 1261 
1262 1262 1066 1066 1182 1182 
1180 1180 1262 1262 1182 1182 
1261 1261 1560 1560 1262 1262 
1430 1430 1290 1290 1431 1431 
1561 1561 879 879 1361 1361 
1290 1290 1430 1430 1358 1358 
878 878 1562 1562 1432 1432 
1362 1362 1361 1361 879 879 
1353 1353 1563 1563 1291 1291 
1353 1353 1432 1432 1563 1563 
1430 1430 1428 1428 1358 1358 
1245 1245 1431 1431 1247 1247 
1428 1428 1430 1430 1427 1427 
1564 1564 1565 1565 1556 1556 
1242 1242 867 867 1026 1026 
875 875 876 876 1566 1566 
1179 1179 1567 1567 1178 1178 
1250 1250 1568 1568 1249 1249 
1569 1569 1568 1568 1570 1570 
1246 1246 1552 1552 1553 1553 
851 851 852 852 1464 1464 
1423 1423 852 852 1410 1410 
1175 1175 1157 1157 1463 1463 
852 852 1175 1175 1464 1464 
876 876 1176 1176 1566 1566 
1175 1175 1566 1566 1176 1176 
1004 1004 874 874 875 875 
1004 1004 1005 1005 1555 1555 
1553 1553 1554 1554 1571 1571 
1028 1028 1027 1027 1248 1248 
1565 1565 1564 1564 1170 1170 
1572 1572 1571 1571 1562 1562 
1026 1026 867 867 1125 1125 
1107 1107 1016 1016 1014 1014 
1360 1360 1107 1107 1131 1131 
1360 1360 1019 1019 1107 1107 
1573 1573 1572 1572 1562 1562 
878 878 1574 1574 1573 1573 
1129 1129 1130 1130 1362 1362 
878 878 1561 1561 1574 1574 
879 879 1561 1561 878 878 
878 878 1573 1573 1562 1562 
1572 1572 1553 1553 1571 1571 
1356 1356 1575 1575 1177 1177 
1575 1575 1356 1356 1357 1357 
1552 1552 1246 1246 1247 1247 
1429 1429 1427 1427 1575 1575 
1575 1575 1357 1357 1429 1429 
1170 1170 1558 1558 1565 1565 
1177 1177 1178 1178 1356 1356 
1021 1021 1022 1022 1179 1179 
1567 1567 1179 1179 1022 1022 
1170 1170 1023 1023 1558 1558 
1556 1556 1576 1576 1564 1564 
1008 1008 1255 1255 1577 1577 
1576 1576 1556 1556 1557 1557 
1255 1255 874 874 1577 1577 
1009 1009 1578 1578 1007 1007 
1559 1559 1579 1579 1560 1560 
1256 1256 1011 1011 1578 1578 
1578 1578 1009 1009 1256 1256 
1256 1256 1580 1580 1010 1010 
1258 1258 1579 1579 1559 1559 
1260 1260 1580 1580 1259 1259 
1256 1256 1259 1259 1580 1580 
1258 1258 1559 1559 1260 1260 
1570 1570 1560 1560 1569 1569 
1579 1579 1569 1569 1560 1560 
1568 1568 1569 1569 1249 1249 
</p>
			</triangles>
			<triangles count="38" material="Material2-satin_finish_aluminum">
				<input semantic="VERTEX" source="#A_Joint_4_Hub_Back_Plate-1-solid110-mesh-vertices" offset="0"/>
				<input semantic="NORMAL" source="#A_Joint_4_Hub_Back_Plate-1-solid110-mesh-normals" offset="1"/>
				<p>
1581 1581 1583 1583 1582 1582 
1583 1583 1585 1585 1584 1584 
1585 1585 1583 1583 1581 1581 
1586 1586 1584 1584 1587 1587 
1585 1585 1587 1587 1584 1584 
1588 1588 1589 1589 1586 1586 
1586 1586 1587 1587 1588 1588 
1589 1589 1591 1591 1590 1590 
1591 1591 1589 1589 1588 1588 
1592 1592 1590 1590 1593 1593 
1591 1591 1593 1593 1590 1590 
1594 1594 1595 1595 1592 1592 
1592 1592 1593 1593 1594 1594 
1595 1595 1597 1597 1596 1596 
1597 1597 1595 1595 1594 1594 
1598 1598 1596 1596 1599 1599 
1597 1597 1599 1599 1596 1596 
1600 1600 1601 1601 1598 1598 
1598 1598 1599 1599 1600 1600 
1581 1581 1582 1582 1602 1602 
1603 1603 1604 1604 1602 1602 
1602 1602 1582 1582 1603 1603 
1604 1604 1606 1606 1605 1605 
1606 1606 1604 1604 1603 1603 
1607 1607 1605 1605 1608 1608 
1606 1606 1608 1608 1605 1605 
1609 1609 1610 1610 1607 1607 
1607 1607 1608 1608 1609 1609 
1610 1610 1612 1612 1611 1611 
1612 1612 1610 1610 1609 1609 
1613 1613 1611 1611 1614 1614 
1612 1612 1614 1614 1611 1611 
1615 1615 1616 1616 1613 1613 
1613 1613 1614 1614 1615 1615 
1616 1616 1618 1618 1617 1617 
1618 1618 1616 1616 1615 1615 
1618 1618 1619 1619 1617 1617 
1617 1617 1619 1619 1620 1620 
</p>
			</triangles>
			<triangles count="2" material="Material3-satin_finish_aluminum">
				<input semantic="VERTEX" source="#A_Joint_4_Hub_Back_Plate-1-solid110-mesh-vertices" offset="0"/>
				<input semantic="NORMAL" source="#A_Joint_4_Hub_Back_Plate-1-solid110-mesh-normals" offset="1"/>
				<p>
1621 1621 1623 1623 1622 1622 
1621 1621 1624 1624 1623 1623 
</p>
			</triangles>
			<triangles count="2" material="Material4-satin_finish_aluminum">
				<input semantic="VERTEX" source="#A_Joint_4_Hub_Back_Plate-1-solid110-mesh-vertices" offset="0"/>
				<input semantic="NORMAL" source="#A_Joint_4_Hub_Back_Plate-1-solid110-mesh-normals" offset="1"/>
				<p>
1625 1625 1627 1627 1626 1626 
1625 1625 1628 1628 1627 1627 
</p>
			</triangles>
			<triangles count="2" material="Material5-satin_finish_aluminum">
				<input semantic="VERTEX" source="#A_Joint_4_Hub_Back_Plate-1-solid110-mesh-vertices" offset="0"/>
				<input semantic="NORMAL" source="#A_Joint_4_Hub_Back_Plate-1-solid110-mesh-normals" offset="1"/>
				<p>
1629 1629 1631 1631 1630 1630 
1630 1630 1632 1632 1629 1629 
</p>
			</triangles>
			<triangles count="60" material="Material6-satin_finish_aluminum">
				<input semantic="VERTEX" source="#A_Joint_4_Hub_Back_Plate-1-solid110-mesh-vertices" offset="0"/>
				<input semantic="NORMAL" source="#A_Joint_4_Hub_Back_Plate-1-solid110-mesh-normals" offset="1"/>
				<p>
1633 1633 1635 1635 1634 1634 
1636 1636 1638 1638 1637 1637 
1639 1639 1641 1641 1640 1640 
1642 1642 1644 1644 1643 1643 
1645 1645 1647 1647 1646 1646 
1648 1648 1650 1650 1649 1649 
1651 1651 1653 1653 1652 1652 
1654 1654 1656 1656 1655 1655 
1657 1657 1659 1659 1658 1658 
1660 1660 1662 1662 1661 1661 
1663 1663 1665 1665 1664 1664 
1666 1666 1668 1668 1667 1667 
1669 1669 1671 1671 1670 1670 
1672 1672 1674 1674 1673 1673 
1675 1675 1677 1677 1676 1676 
1678 1678 1680 1680 1679 1679 
1681 1681 1682 1682 1677 1677 
1676 1676 1677 1677 1682 1682 
1683 1683 1681 1681 1684 1684 
1681 1681 1683 1683 1682 1682 
1684 1684 1686 1686 1685 1685 
1685 1685 1683 1683 1684 1684 
1687 1687 1688 1688 1686 1686 
1685 1685 1686 1686 1688 1688 
1689 1689 1687 1687 1690 1690 
1687 1687 1689 1689 1688 1688 
1690 1690 1692 1692 1691 1691 
1691 1691 1689 1689 1690 1690 
1636 1636 1637 1637 1692 1692 
1691 1691 1692 1692 1637 1637 
1680 1680 1675 1675 1679 1679 
1675 1675 1676 1676 1679 1679 
1678 1678 1671 1671 1669 1669 
1680 1680 1678 1678 1669 1669 
1674 1674 1672 1672 1670 1670 
1671 1671 1674 1674 1670 1670 
1663 1663 1664 1664 1673 1673 
1673 1673 1664 1664 1672 1672 
1667 1667 1665 1665 1666 1666 
1666 1666 1665 1665 1663 1663 
1659 1659 1668 1668 1658 1658 
1659 1659 1667 1667 1668 1668 
1657 1657 1661 1661 1662 1662 
1657 1657 1658 1658 1661 1661 
1660 1660 1653 1653 1651 1651 
1662 1662 1660 1660 1651 1651 
1656 1656 1654 1654 1652 1652 
1653 1653 1656 1656 1652 1652 
1645 1645 1646 1646 1655 1655 
1655 1655 1646 1646 1654 1654 
1649 1649 1647 1647 1648 1648 
1648 1648 1647 1647 1645 1645 
1641 1641 1650 1650 1640 1640 
1641 1641 1649 1649 1650 1650 
1639 1639 1642 1642 1643 1643 
1639 1639 1640 1640 1642 1642 
1644 1644 1633 1633 1634 1634 
1643 1643 1644 1644 1634 1634 
1638 1638 1636 1636 1635 1635 
1633 1633 1638 1638 1635 1635 
</p>
			</triangles>
			<triangles count="60" material="Material7-satin_finish_aluminum">
				<input semantic="VERTEX" source="#A_Joint_4_Hub_Back_Plate-1-solid110-mesh-vertices" offset="0"/>
				<input semantic="NORMAL" source="#A_Joint_4_Hub_Back_Plate-1-solid110-mesh-normals" offset="1"/>
				<p>
1693 1693 1695 1695 1694 1694 
1696 1696 1698 1698 1697 1697 
1699 1699 1701 1701 1700 1700 
1702 1702 1704 1704 1703 1703 
1705 1705 1707 1707 1706 1706 
1708 1708 1710 1710 1709 1709 
1711 1711 1713 1713 1712 1712 
1714 1714 1716 1716 1715 1715 
1717 1717 1719 1719 1718 1718 
1720 1720 1722 1722 1721 1721 
1723 1723 1725 1725 1724 1724 
1726 1726 1728 1728 1727 1727 
1729 1729 1731 1731 1730 1730 
1732 1732 1734 1734 1733 1733 
1735 1735 1737 1737 1736 1736 
1738 1738 1740 1740 1739 1739 
1741 1741 1742 1742 1737 1737 
1736 1736 1737 1737 1742 1742 
1743 1743 1741 1741 1744 1744 
1741 1741 1743 1743 1742 1742 
1744 1744 1746 1746 1745 1745 
1745 1745 1743 1743 1744 1744 
1747 1747 1748 1748 1746 1746 
1745 1745 1746 1746 1748 1748 
1749 1749 1747 1747 1750 1750 
1747 1747 1749 1749 1748 1748 
1750 1750 1752 1752 1751 1751 
1751 1751 1749 1749 1750 1750 
1696 1696 1697 1697 1752 1752 
1751 1751 1752 1752 1697 1697 
1740 1740 1735 1735 1739 1739 
1735 1735 1736 1736 1739 1739 
1738 1738 1731 1731 1729 1729 
1740 1740 1738 1738 1729 1729 
1734 1734 1732 1732 1730 1730 
1731 1731 1734 1734 1730 1730 
1723 1723 1724 1724 1733 1733 
1733 1733 1724 1724 1732 1732 
1727 1727 1725 1725 1726 1726 
1726 1726 1725 1725 1723 1723 
1719 1719 1728 1728 1718 1718 
1719 1719 1727 1727 1728 1728 
1717 1717 1721 1721 1722 1722 
1717 1717 1718 1718 1721 1721 
1720 1720 1713 1713 1711 1711 
1722 1722 1720 1720 1711 1711 
1716 1716 1714 1714 1712 1712 
1713 1713 1716 1716 1712 1712 
1705 1705 1706 1706 1715 1715 
1715 1715 1706 1706 1714 1714 
1709 1709 1707 1707 1708 1708 
1708 1708 1707 1707 1705 1705 
1701 1701 1710 1710 1700 1700 
1701 1701 1709 1709 1710 1710 
1699 1699 1702 1702 1703 1703 
1699 1699 1700 1700 1702 1702 
1704 1704 1693 1693 1694 1694 
1703 1703 1704 1704 1694 1694 
1698 1698 1696 1696 1695 1695 
1693 1693 1698 1698 1695 1695 
</p>
			</triangles>
			<triangles count="6" material="Material8-satin_finish_aluminum">
				<input semantic="VERTEX" source="#A_Joint_4_Hub_Back_Plate-1-solid110-mesh-vertices" offset="0"/>
				<input semantic="NORMAL" source="#A_Joint_4_Hub_Back_Plate-1-solid110-mesh-normals" offset="1"/>
				<p>
1753 1753 1755 1755 1754 1754 
1756 1756 1757 1757 1753 1753 
1753 1753 1754 1754 1756 1756 
1754 1754 1755 1755 1758 1758 
1755 1755 1759 1759 1758 1758 
1758 1758 1759 1759 1760 1760 
</p>
			</triangles>
			<triangles count="10" material="Material9-satin_finish_aluminum">
				<input semantic="VERTEX" source="#A_Joint_4_Hub_Back_Plate-1-solid110-mesh-vertices" offset="0"/>
				<input semantic="NORMAL" source="#A_Joint_4_Hub_Back_Plate-1-solid110-mesh-normals" offset="1"/>
				<p>
1761 1761 1763 1763 1762 1762 
1764 1764 1766 1766 1765 1765 
1767 1767 1769 1769 1768 1768 
1770 1770 1772 1772 1771 1771 
1772 1772 1770 1770 1764 1764 
1765 1765 1766 1766 1768 1768 
1772 1772 1764 1764 1765 1765 
1767 1767 1761 1761 1769 1769 
1766 1766 1767 1767 1768 1768 
1762 1762 1769 1769 1761 1761 
</p>
			</triangles>
			<triangles count="2" material="Material10-satin_finish_aluminum">
				<input semantic="VERTEX" source="#A_Joint_4_Hub_Back_Plate-1-solid110-mesh-vertices" offset="0"/>
				<input semantic="NORMAL" source="#A_Joint_4_Hub_Back_Plate-1-solid110-mesh-normals" offset="1"/>
				<p>
1773 1773 1775 1775 1774 1774 
1773 1773 1776 1776 1775 1775 
</p>
			</triangles>
			<triangles count="6" material="Material11-satin_finish_aluminum">
				<input semantic="VERTEX" source="#A_Joint_4_Hub_Back_Plate-1-solid110-mesh-vertices" offset="0"/>
				<input semantic="NORMAL" source="#A_Joint_4_Hub_Back_Plate-1-solid110-mesh-normals" offset="1"/>
				<p>
1777 1777 1779 1779 1778 1778 
1780 1780 1782 1782 1781 1781 
1783 1783 1784 1784 1782 1782 
1777 1777 1784 1784 1783 1783 
1780 1780 1783 1783 1782 1782 
1778 1778 1784 1784 1777 1777 
</p>
			</triangles>
			<triangles count="2" material="Material12-satin_finish_aluminum">
				<input semantic="VERTEX" source="#A_Joint_4_Hub_Back_Plate-1-solid110-mesh-vertices" offset="0"/>
				<input semantic="NORMAL" source="#A_Joint_4_Hub_Back_Plate-1-solid110-mesh-normals" offset="1"/>
				<p>
1785 1785 1787 1787 1786 1786 
1786 1786 1788 1788 1785 1785 
</p>
			</triangles>
			<triangles count="2" material="Material13-satin_finish_aluminum">
				<input semantic="VERTEX" source="#A_Joint_4_Hub_Back_Plate-1-solid110-mesh-vertices" offset="0"/>
				<input semantic="NORMAL" source="#A_Joint_4_Hub_Back_Plate-1-solid110-mesh-normals" offset="1"/>
				<p>
1789 1789 1791 1791 1790 1790 
1789 1789 1792 1792 1791 1791 
</p>
			</triangles>
			<triangles count="4" material="Material14-satin_finish_aluminum">
				<input semantic="VERTEX" source="#A_Joint_4_Hub_Back_Plate-1-solid110-mesh-vertices" offset="0"/>
				<input semantic="NORMAL" source="#A_Joint_4_Hub_Back_Plate-1-solid110-mesh-normals" offset="1"/>
				<p>
1793 1793 1795 1795 1794 1794 
1796 1796 1798 1798 1797 1797 
1798 1798 1793 1793 1794 1794 
1796 1796 1793 1793 1798 1798 
</p>
			</triangles>
			<triangles count="4" material="Material15-satin_finish_aluminum">
				<input semantic="VERTEX" source="#A_Joint_4_Hub_Back_Plate-1-solid110-mesh-vertices" offset="0"/>
				<input semantic="NORMAL" source="#A_Joint_4_Hub_Back_Plate-1-solid110-mesh-normals" offset="1"/>
				<p>
1799 1799 1801 1801 1800 1800 
1802 1802 1804 1804 1803 1803 
1804 1804 1799 1799 1800 1800 
1802 1802 1799 1799 1804 1804 
</p>
			</triangles>
			<triangles count="2" material="Material16-satin_finish_aluminum">
				<input semantic="VERTEX" source="#A_Joint_4_Hub_Back_Plate-1-solid110-mesh-vertices" offset="0"/>
				<input semantic="NORMAL" source="#A_Joint_4_Hub_Back_Plate-1-solid110-mesh-normals" offset="1"/>
				<p>
1805 1805 1807 1807 1806 1806 
1805 1805 1808 1808 1807 1807 
</p>
			</triangles>
			<triangles count="6" material="Material17-satin_finish_aluminum">
				<input semantic="VERTEX" source="#A_Joint_4_Hub_Back_Plate-1-solid110-mesh-vertices" offset="0"/>
				<input semantic="NORMAL" source="#A_Joint_4_Hub_Back_Plate-1-solid110-mesh-normals" offset="1"/>
				<p>
1809 1809 1811 1811 1810 1810 
1812 1812 1814 1814 1813 1813 
1815 1815 1816 1816 1814 1814 
1809 1809 1816 1816 1815 1815 
1812 1812 1815 1815 1814 1814 
1810 1810 1816 1816 1809 1809 
</p>
			</triangles>
			<triangles count="2" material="Material18-satin_finish_aluminum">
				<input semantic="VERTEX" source="#A_Joint_4_Hub_Back_Plate-1-solid110-mesh-vertices" offset="0"/>
				<input semantic="NORMAL" source="#A_Joint_4_Hub_Back_Plate-1-solid110-mesh-normals" offset="1"/>
				<p>
1817 1817 1819 1819 1818 1818 
1817 1817 1820 1820 1819 1819 
</p>
			</triangles>
			<triangles count="6" material="Material19-satin_finish_aluminum">
				<input semantic="VERTEX" source="#A_Joint_4_Hub_Back_Plate-1-solid110-mesh-vertices" offset="0"/>
				<input semantic="NORMAL" source="#A_Joint_4_Hub_Back_Plate-1-solid110-mesh-normals" offset="1"/>
				<p>
1821 1821 1823 1823 1822 1822 
1824 1824 1826 1826 1825 1825 
1827 1827 1828 1828 1826 1826 
1821 1821 1828 1828 1827 1827 
1824 1824 1827 1827 1826 1826 
1822 1822 1828 1828 1821 1821 
</p>
			</triangles>
			<triangles count="2" material="Material20-satin_finish_aluminum">
				<input semantic="VERTEX" source="#A_Joint_4_Hub_Back_Plate-1-solid110-mesh-vertices" offset="0"/>
				<input semantic="NORMAL" source="#A_Joint_4_Hub_Back_Plate-1-solid110-mesh-normals" offset="1"/>
				<p>
1829 1829 1831 1831 1830 1830 
1829 1829 1832 1832 1831 1831 
</p>
			</triangles>
			<triangles count="2" material="Material21-satin_finish_aluminum">
				<input semantic="VERTEX" source="#A_Joint_4_Hub_Back_Plate-1-solid110-mesh-vertices" offset="0"/>
				<input semantic="NORMAL" source="#A_Joint_4_Hub_Back_Plate-1-solid110-mesh-normals" offset="1"/>
				<p>
1833 1833 1835 1835 1834 1834 
1833 1833 1836 1836 1835 1835 
</p>
			</triangles>
			<triangles count="2" material="Material22-satin_finish_aluminum">
				<input semantic="VERTEX" source="#A_Joint_4_Hub_Back_Plate-1-solid110-mesh-vertices" offset="0"/>
				<input semantic="NORMAL" source="#A_Joint_4_Hub_Back_Plate-1-solid110-mesh-normals" offset="1"/>
				<p>
1837 1837 1839 1839 1838 1838 
1837 1837 1840 1840 1839 1839 
</p>
			</triangles>
			<triangles count="2" material="Material23-satin_finish_aluminum">
				<input semantic="VERTEX" source="#A_Joint_4_Hub_Back_Plate-1-solid110-mesh-vertices" offset="0"/>
				<input semantic="NORMAL" source="#A_Joint_4_Hub_Back_Plate-1-solid110-mesh-normals" offset="1"/>
				<p>
1841 1841 1843 1843 1842 1842 
1841 1841 1844 1844 1843 1843 
</p>
			</triangles>
			<triangles count="2" material="Material24-satin_finish_aluminum">
				<input semantic="VERTEX" source="#A_Joint_4_Hub_Back_Plate-1-solid110-mesh-vertices" offset="0"/>
				<input semantic="NORMAL" source="#A_Joint_4_Hub_Back_Plate-1-solid110-mesh-normals" offset="1"/>
				<p>
1845 1845 1847 1847 1846 1846 
1845 1845 1848 1848 1847 1847 
</p>
			</triangles>
			<triangles count="48" material="Material25-satin_finish_aluminum">
				<input semantic="VERTEX" source="#A_Joint_4_Hub_Back_Plate-1-solid110-mesh-vertices" offset="0"/>
				<input semantic="NORMAL" source="#A_Joint_4_Hub_Back_Plate-1-solid110-mesh-normals" offset="1"/>
				<p>
1849 1849 1851 1851 1850 1850 
1852 1852 1854 1854 1853 1853 
1855 1855 1857 1857 1856 1856 
1858 1858 1860 1860 1859 1859 
1861 1861 1863 1863 1862 1862 
1864 1864 1866 1866 1865 1865 
1867 1867 1869 1869 1868 1868 
1870 1870 1872 1872 1871 1871 
1873 1873 1875 1875 1874 1874 
1876 1876 1878 1878 1877 1877 
1879 1879 1881 1881 1880 1880 
1882 1882 1884 1884 1883 1883 
1885 1885 1887 1887 1886 1886 
1888 1888 1889 1889 1883 1883 
1883 1883 1884 1884 1888 1888 
1890 1890 1889 1889 1891 1891 
1888 1888 1891 1891 1889 1889 
1890 1890 1893 1893 1892 1892 
1893 1893 1890 1890 1891 1891 
1894 1894 1895 1895 1892 1892 
1892 1892 1893 1893 1894 1894 
1896 1896 1895 1895 1897 1897 
1894 1894 1897 1897 1895 1895 
1898 1898 1896 1896 1897 1897 
1885 1885 1886 1886 1882 1882 
1882 1882 1886 1886 1884 1884 
1876 1876 1887 1887 1878 1878 
1878 1878 1887 1887 1885 1885 
1881 1881 1877 1877 1880 1880 
1881 1881 1876 1876 1877 1877 
1879 1879 1870 1870 1871 1871 
1879 1879 1880 1880 1870 1870 
1872 1872 1875 1875 1873 1873 
1871 1871 1872 1872 1873 1873 
1865 1865 1866 1866 1874 1874 
1875 1875 1865 1865 1874 1874 
1867 1867 1868 1868 1864 1864 
1864 1864 1868 1868 1866 1866 
1858 1858 1869 1869 1860 1860 
1860 1860 1869 1869 1867 1867 
1863 1863 1859 1859 1862 1862 
1863 1863 1858 1858 1859 1859 
1861 1861 1852 1852 1853 1853 
1861 1861 1862 1862 1852 1852 
1854 1854 1855 1855 1856 1856 
1853 1853 1854 1854 1856 1856 
1849 1849 1850 1850 1857 1857 
1855 1855 1849 1849 1857 1857 
</p>
			</triangles>
			<triangles count="10" material="Material26-satin_finish_aluminum">
				<input semantic="VERTEX" source="#A_Joint_4_Hub_Back_Plate-1-solid110-mesh-vertices" offset="0"/>
				<input semantic="NORMAL" source="#A_Joint_4_Hub_Back_Plate-1-solid110-mesh-normals" offset="1"/>
				<p>
1899 1899 1901 1901 1900 1900 
1902 1902 1904 1904 1903 1903 
1905 1905 1907 1907 1906 1906 
1908 1908 1910 1910 1909 1909 
1910 1910 1908 1908 1902 1902 
1903 1903 1904 1904 1906 1906 
1910 1910 1902 1902 1903 1903 
1905 1905 1899 1899 1907 1907 
1904 1904 1905 1905 1906 1906 
1900 1900 1907 1907 1899 1899 
</p>
			</triangles>
			<triangles count="2" material="Material27-satin_finish_aluminum">
				<input semantic="VERTEX" source="#A_Joint_4_Hub_Back_Plate-1-solid110-mesh-vertices" offset="0"/>
				<input semantic="NORMAL" source="#A_Joint_4_Hub_Back_Plate-1-solid110-mesh-normals" offset="1"/>
				<p>
1911 1911 1913 1913 1912 1912 
1911 1911 1914 1914 1913 1913 
</p>
			</triangles>
			<triangles count="6" material="Material28-satin_finish_aluminum">
				<input semantic="VERTEX" source="#A_Joint_4_Hub_Back_Plate-1-solid110-mesh-vertices" offset="0"/>
				<input semantic="NORMAL" source="#A_Joint_4_Hub_Back_Plate-1-solid110-mesh-normals" offset="1"/>
				<p>
1915 1915 1917 1917 1916 1916 
1918 1918 1920 1920 1919 1919 
1921 1921 1922 1922 1920 1920 
1915 1915 1922 1922 1921 1921 
1918 1918 1921 1921 1920 1920 
1916 1916 1922 1922 1915 1915 
</p>
			</triangles>
			<triangles count="10" material="Material29-satin_finish_aluminum">
				<input semantic="VERTEX" source="#A_Joint_4_Hub_Back_Plate-1-solid110-mesh-vertices" offset="0"/>
				<input semantic="NORMAL" source="#A_Joint_4_Hub_Back_Plate-1-solid110-mesh-normals" offset="1"/>
				<p>
1923 1923 1925 1925 1924 1924 
1926 1926 1928 1928 1927 1927 
1929 1929 1931 1931 1930 1930 
1932 1932 1934 1934 1933 1933 
1934 1934 1932 1932 1926 1926 
1927 1927 1928 1928 1930 1930 
1934 1934 1926 1926 1927 1927 
1929 1929 1923 1923 1931 1931 
1928 1928 1929 1929 1930 1930 
1924 1924 1931 1931 1923 1923 
</p>
			</triangles>
			<triangles count="2" material="Material30-satin_finish_aluminum">
				<input semantic="VERTEX" source="#A_Joint_4_Hub_Back_Plate-1-solid110-mesh-vertices" offset="0"/>
				<input semantic="NORMAL" source="#A_Joint_4_Hub_Back_Plate-1-solid110-mesh-normals" offset="1"/>
				<p>
1935 1935 1937 1937 1936 1936 
1936 1936 1938 1938 1935 1935 
</p>
			</triangles>
			<triangles count="10" material="Material31-satin_finish_aluminum">
				<input semantic="VERTEX" source="#A_Joint_4_Hub_Back_Plate-1-solid110-mesh-vertices" offset="0"/>
				<input semantic="NORMAL" source="#A_Joint_4_Hub_Back_Plate-1-solid110-mesh-normals" offset="1"/>
				<p>
1939 1939 1941 1941 1940 1940 
1942 1942 1944 1944 1943 1943 
1945 1945 1947 1947 1946 1946 
1948 1948 1950 1950 1949 1949 
1950 1950 1948 1948 1942 1942 
1943 1943 1944 1944 1946 1946 
1950 1950 1942 1942 1943 1943 
1945 1945 1939 1939 1947 1947 
1944 1944 1945 1945 1946 1946 
1940 1940 1947 1947 1939 1939 
</p>
			</triangles>
			<triangles count="2" material="Material32-satin_finish_aluminum">
				<input semantic="VERTEX" source="#A_Joint_4_Hub_Back_Plate-1-solid110-mesh-vertices" offset="0"/>
				<input semantic="NORMAL" source="#A_Joint_4_Hub_Back_Plate-1-solid110-mesh-normals" offset="1"/>
				<p>
1951 1951 1953 1953 1952 1952 
1951 1951 1954 1954 1953 1953 
</p>
			</triangles>
			<triangles count="20" material="Material33-satin_finish_aluminum">
				<input semantic="VERTEX" source="#A_Joint_4_Hub_Back_Plate-1-solid110-mesh-vertices" offset="0"/>
				<input semantic="NORMAL" source="#A_Joint_4_Hub_Back_Plate-1-solid110-mesh-normals" offset="1"/>
				<p>
1955 1955 1957 1957 1956 1956 
1958 1958 1960 1960 1959 1959 
1961 1961 1963 1963 1962 1962 
1964 1964 1966 1966 1965 1965 
1967 1967 1969 1969 1968 1968 
1970 1970 1972 1972 1971 1971 
1968 1968 1974 1974 1973 1973 
1973 1973 1967 1967 1968 1968 
1958 1958 1959 1959 1974 1974 
1973 1973 1974 1974 1959 1959 
1971 1971 1969 1969 1970 1970 
1970 1970 1969 1969 1967 1967 
1963 1963 1972 1972 1962 1962 
1963 1963 1971 1971 1972 1972 
1961 1961 1964 1964 1965 1965 
1961 1961 1962 1962 1964 1964 
1966 1966 1955 1955 1956 1956 
1965 1965 1966 1966 1956 1956 
1960 1960 1958 1958 1957 1957 
1955 1955 1960 1960 1957 1957 
</p>
			</triangles>
			<triangles count="30" material="Material34-satin_finish_aluminum">
				<input semantic="VERTEX" source="#A_Joint_4_Hub_Back_Plate-1-solid110-mesh-vertices" offset="0"/>
				<input semantic="NORMAL" source="#A_Joint_4_Hub_Back_Plate-1-solid110-mesh-normals" offset="1"/>
				<p>
1975 1975 1977 1977 1976 1976 
1978 1978 1980 1980 1979 1979 
1981 1981 1983 1983 1982 1982 
1984 1984 1986 1986 1985 1985 
1987 1987 1989 1989 1988 1988 
1990 1990 1992 1992 1991 1991 
1993 1993 1995 1995 1994 1994 
1996 1996 1998 1998 1997 1997 
1999 1999 2001 2001 2000 2000 
1993 1993 2000 2000 2001 2001 
1999 1999 2003 2003 2002 2002 
2003 2003 1999 1999 2000 2000 
2004 2004 1979 1979 2002 2002 
2002 2002 2003 2003 2004 2004 
1998 1998 1994 1994 1995 1995 
2004 2004 1978 1978 1979 1979 
2001 2001 1995 1995 1993 1993 
1997 1997 1988 1988 1996 1996 
1998 1998 1996 1996 1994 1994 
1990 1990 1989 1989 1987 1987 
1987 1987 1988 1988 1997 1997 
1983 1983 1991 1991 1992 1992 
1991 1991 1989 1989 1990 1990 
1981 1981 1982 1982 1984 1984 
1983 1983 1992 1992 1982 1982 
1985 1985 1986 1986 1976 1976 
1981 1981 1984 1984 1985 1985 
1975 1975 1980 1980 1977 1977 
1986 1986 1975 1975 1976 1976 
1978 1978 1977 1977 1980 1980 
</p>
			</triangles>
			<triangles count="20" material="Material35-satin_finish_aluminum">
				<input semantic="VERTEX" source="#A_Joint_4_Hub_Back_Plate-1-solid110-mesh-vertices" offset="0"/>
				<input semantic="NORMAL" source="#A_Joint_4_Hub_Back_Plate-1-solid110-mesh-normals" offset="1"/>
				<p>
2005 2005 2007 2007 2006 2006 
2008 2008 2010 2010 2009 2009 
2011 2011 2013 2013 2012 2012 
2014 2014 2016 2016 2015 2015 
2017 2017 2019 2019 2018 2018 
2020 2020 2022 2022 2021 2021 
2018 2018 2024 2024 2023 2023 
2023 2023 2017 2017 2018 2018 
2008 2008 2009 2009 2024 2024 
2023 2023 2024 2024 2009 2009 
2021 2021 2019 2019 2020 2020 
2020 2020 2019 2019 2017 2017 
2013 2013 2022 2022 2012 2012 
2013 2013 2021 2021 2022 2022 
2011 2011 2014 2014 2015 2015 
2011 2011 2012 2012 2014 2014 
2016 2016 2005 2005 2006 2006 
2015 2015 2016 2016 2006 2006 
2010 2010 2008 2008 2007 2007 
2005 2005 2010 2010 2007 2007 
</p>
			</triangles>
			<triangles count="2" material="Material36-satin_finish_aluminum">
				<input semantic="VERTEX" source="#A_Joint_4_Hub_Back_Plate-1-solid110-mesh-vertices" offset="0"/>
				<input semantic="NORMAL" source="#A_Joint_4_Hub_Back_Plate-1-solid110-mesh-normals" offset="1"/>
				<p>
2025 2025 2027 2027 2026 2026 
2025 2025 2028 2028 2027 2027 
</p>
			</triangles>
			<triangles count="10" material="Material37-satin_finish_aluminum">
				<input semantic="VERTEX" source="#A_Joint_4_Hub_Back_Plate-1-solid110-mesh-vertices" offset="0"/>
				<input semantic="NORMAL" source="#A_Joint_4_Hub_Back_Plate-1-solid110-mesh-normals" offset="1"/>
				<p>
2029 2029 2031 2031 2030 2030 
2032 2032 2034 2034 2033 2033 
2035 2035 2037 2037 2036 2036 
2038 2038 2040 2040 2039 2039 
2040 2040 2038 2038 2032 2032 
2033 2033 2034 2034 2036 2036 
2040 2040 2032 2032 2033 2033 
2035 2035 2029 2029 2037 2037 
2034 2034 2035 2035 2036 2036 
2030 2030 2037 2037 2029 2029 
</p>
			</triangles>
			<triangles count="2" material="Material38-satin_finish_aluminum">
				<input semantic="VERTEX" source="#A_Joint_4_Hub_Back_Plate-1-solid110-mesh-vertices" offset="0"/>
				<input semantic="NORMAL" source="#A_Joint_4_Hub_Back_Plate-1-solid110-mesh-normals" offset="1"/>
				<p>
2041 2041 2043 2043 2042 2042 
2041 2041 2044 2044 2043 2043 
</p>
			</triangles>
			<triangles count="10" material="Material39-satin_finish_aluminum">
				<input semantic="VERTEX" source="#A_Joint_4_Hub_Back_Plate-1-solid110-mesh-vertices" offset="0"/>
				<input semantic="NORMAL" source="#A_Joint_4_Hub_Back_Plate-1-solid110-mesh-normals" offset="1"/>
				<p>
2045 2045 2047 2047 2046 2046 
2048 2048 2050 2050 2049 2049 
2051 2051 2053 2053 2052 2052 
2054 2054 2056 2056 2055 2055 
2056 2056 2054 2054 2048 2048 
2049 2049 2050 2050 2052 2052 
2056 2056 2048 2048 2049 2049 
2051 2051 2045 2045 2053 2053 
2050 2050 2051 2051 2052 2052 
2046 2046 2053 2053 2045 2045 
</p>
			</triangles>
			<triangles count="2" material="Material40-satin_finish_aluminum">
				<input semantic="VERTEX" source="#A_Joint_4_Hub_Back_Plate-1-solid110-mesh-vertices" offset="0"/>
				<input semantic="NORMAL" source="#A_Joint_4_Hub_Back_Plate-1-solid110-mesh-normals" offset="1"/>
				<p>
2057 2057 2059 2059 2058 2058 
2057 2057 2060 2060 2059 2059 
</p>
			</triangles>
			<triangles count="10" material="Material41-satin_finish_aluminum">
				<input semantic="VERTEX" source="#A_Joint_4_Hub_Back_Plate-1-solid110-mesh-vertices" offset="0"/>
				<input semantic="NORMAL" source="#A_Joint_4_Hub_Back_Plate-1-solid110-mesh-normals" offset="1"/>
				<p>
2061 2061 2063 2063 2062 2062 
2064 2064 2066 2066 2065 2065 
2067 2067 2069 2069 2068 2068 
2070 2070 2072 2072 2071 2071 
2072 2072 2070 2070 2064 2064 
2065 2065 2066 2066 2068 2068 
2072 2072 2064 2064 2065 2065 
2067 2067 2061 2061 2069 2069 
2066 2066 2067 2067 2068 2068 
2062 2062 2069 2069 2061 2061 
</p>
			</triangles>
			<triangles count="2" material="Material42-satin_finish_aluminum">
				<input semantic="VERTEX" source="#A_Joint_4_Hub_Back_Plate-1-solid110-mesh-vertices" offset="0"/>
				<input semantic="NORMAL" source="#A_Joint_4_Hub_Back_Plate-1-solid110-mesh-normals" offset="1"/>
				<p>
2073 2073 2075 2075 2074 2074 
2073 2073 2076 2076 2075 2075 
</p>
			</triangles>
			<triangles count="10" material="Material43-satin_finish_aluminum">
				<input semantic="VERTEX" source="#A_Joint_4_Hub_Back_Plate-1-solid110-mesh-vertices" offset="0"/>
				<input semantic="NORMAL" source="#A_Joint_4_Hub_Back_Plate-1-solid110-mesh-normals" offset="1"/>
				<p>
2077 2077 2079 2079 2078 2078 
2080 2080 2082 2082 2081 2081 
2083 2083 2085 2085 2084 2084 
2086 2086 2088 2088 2087 2087 
2088 2088 2086 2086 2080 2080 
2081 2081 2082 2082 2084 2084 
2088 2088 2080 2080 2081 2081 
2083 2083 2077 2077 2085 2085 
2082 2082 2083 2083 2084 2084 
2078 2078 2085 2085 2077 2077 
</p>
			</triangles>
			<triangles count="10" material="Material44-satin_finish_aluminum">
				<input semantic="VERTEX" source="#A_Joint_4_Hub_Back_Plate-1-solid110-mesh-vertices" offset="0"/>
				<input semantic="NORMAL" source="#A_Joint_4_Hub_Back_Plate-1-solid110-mesh-normals" offset="1"/>
				<p>
2089 2089 2091 2091 2090 2090 
2092 2092 2094 2094 2093 2093 
2095 2095 2097 2097 2096 2096 
2098 2098 2100 2100 2099 2099 
2100 2100 2098 2098 2092 2092 
2093 2093 2094 2094 2096 2096 
2100 2100 2092 2092 2093 2093 
2095 2095 2089 2089 2097 2097 
2094 2094 2095 2095 2096 2096 
2090 2090 2097 2097 2089 2089 
</p>
			</triangles>
			<triangles count="2" material="Material45-satin_finish_aluminum">
				<input semantic="VERTEX" source="#A_Joint_4_Hub_Back_Plate-1-solid110-mesh-vertices" offset="0"/>
				<input semantic="NORMAL" source="#A_Joint_4_Hub_Back_Plate-1-solid110-mesh-normals" offset="1"/>
				<p>
2101 2101 2103 2103 2102 2102 
2101 2101 2104 2104 2103 2103 
</p>
			</triangles>
			<triangles count="10" material="Material46-satin_finish_aluminum">
				<input semantic="VERTEX" source="#A_Joint_4_Hub_Back_Plate-1-solid110-mesh-vertices" offset="0"/>
				<input semantic="NORMAL" source="#A_Joint_4_Hub_Back_Plate-1-solid110-mesh-normals" offset="1"/>
				<p>
2105 2105 2107 2107 2106 2106 
2108 2108 2110 2110 2109 2109 
2111 2111 2113 2113 2112 2112 
2114 2114 2116 2116 2115 2115 
2116 2116 2114 2114 2108 2108 
2109 2109 2110 2110 2112 2112 
2116 2116 2108 2108 2109 2109 
2111 2111 2105 2105 2113 2113 
2110 2110 2111 2111 2112 2112 
2106 2106 2113 2113 2105 2105 
</p>
			</triangles>
			<triangles count="2" material="Material47-satin_finish_aluminum">
				<input semantic="VERTEX" source="#A_Joint_4_Hub_Back_Plate-1-solid110-mesh-vertices" offset="0"/>
				<input semantic="NORMAL" source="#A_Joint_4_Hub_Back_Plate-1-solid110-mesh-normals" offset="1"/>
				<p>
2117 2117 2119 2119 2118 2118 
2117 2117 2120 2120 2119 2119 
</p>
			</triangles>
			<triangles count="10" material="Material48-satin_finish_aluminum">
				<input semantic="VERTEX" source="#A_Joint_4_Hub_Back_Plate-1-solid110-mesh-vertices" offset="0"/>
				<input semantic="NORMAL" source="#A_Joint_4_Hub_Back_Plate-1-solid110-mesh-normals" offset="1"/>
				<p>
2121 2121 2123 2123 2122 2122 
2124 2124 2126 2126 2125 2125 
2127 2127 2129 2129 2128 2128 
2130 2130 2132 2132 2131 2131 
2132 2132 2130 2130 2124 2124 
2125 2125 2126 2126 2128 2128 
2132 2132 2124 2124 2125 2125 
2127 2127 2121 2121 2129 2129 
2126 2126 2127 2127 2128 2128 
2122 2122 2129 2129 2121 2121 
</p>
			</triangles>
			<triangles count="10" material="Material49-satin_finish_aluminum">
				<input semantic="VERTEX" source="#A_Joint_4_Hub_Back_Plate-1-solid110-mesh-vertices" offset="0"/>
				<input semantic="NORMAL" source="#A_Joint_4_Hub_Back_Plate-1-solid110-mesh-normals" offset="1"/>
				<p>
2133 2133 2135 2135 2134 2134 
2136 2136 2138 2138 2137 2137 
2139 2139 2141 2141 2140 2140 
2142 2142 2144 2144 2143 2143 
2144 2144 2142 2142 2136 2136 
2137 2137 2138 2138 2140 2140 
2144 2144 2136 2136 2137 2137 
2139 2139 2133 2133 2141 2141 
2138 2138 2139 2139 2140 2140 
2134 2134 2141 2141 2133 2133 
</p>
			</triangles>
			<triangles count="2" material="Material50-satin_finish_aluminum">
				<input semantic="VERTEX" source="#A_Joint_4_Hub_Back_Plate-1-solid110-mesh-vertices" offset="0"/>
				<input semantic="NORMAL" source="#A_Joint_4_Hub_Back_Plate-1-solid110-mesh-normals" offset="1"/>
				<p>
2145 2145 2147 2147 2146 2146 
2145 2145 2148 2148 2147 2147 
</p>
			</triangles>
			<triangles count="10" material="Material51-satin_finish_aluminum">
				<input semantic="VERTEX" source="#A_Joint_4_Hub_Back_Plate-1-solid110-mesh-vertices" offset="0"/>
				<input semantic="NORMAL" source="#A_Joint_4_Hub_Back_Plate-1-solid110-mesh-normals" offset="1"/>
				<p>
2149 2149 2151 2151 2150 2150 
2152 2152 2154 2154 2153 2153 
2155 2155 2157 2157 2156 2156 
2158 2158 2160 2160 2159 2159 
2160 2160 2158 2158 2152 2152 
2153 2153 2154 2154 2156 2156 
2160 2160 2152 2152 2153 2153 
2155 2155 2149 2149 2157 2157 
2154 2154 2155 2155 2156 2156 
2150 2150 2157 2157 2149 2149 
</p>
			</triangles>
			<triangles count="2" material="Material52-satin_finish_aluminum">
				<input semantic="VERTEX" source="#A_Joint_4_Hub_Back_Plate-1-solid110-mesh-vertices" offset="0"/>
				<input semantic="NORMAL" source="#A_Joint_4_Hub_Back_Plate-1-solid110-mesh-normals" offset="1"/>
				<p>
2161 2161 2163 2163 2162 2162 
2161 2161 2164 2164 2163 2163 
</p>
			</triangles>
			<triangles count="10" material="Material53-satin_finish_aluminum">
				<input semantic="VERTEX" source="#A_Joint_4_Hub_Back_Plate-1-solid110-mesh-vertices" offset="0"/>
				<input semantic="NORMAL" source="#A_Joint_4_Hub_Back_Plate-1-solid110-mesh-normals" offset="1"/>
				<p>
2165 2165 2167 2167 2166 2166 
2168 2168 2170 2170 2169 2169 
2171 2171 2173 2173 2172 2172 
2174 2174 2176 2176 2175 2175 
2176 2176 2174 2174 2168 2168 
2169 2169 2170 2170 2172 2172 
2176 2176 2168 2168 2169 2169 
2171 2171 2165 2165 2173 2173 
2170 2170 2171 2171 2172 2172 
2166 2166 2173 2173 2165 2165 
</p>
			</triangles>
			<triangles count="2" material="Material54-satin_finish_aluminum">
				<input semantic="VERTEX" source="#A_Joint_4_Hub_Back_Plate-1-solid110-mesh-vertices" offset="0"/>
				<input semantic="NORMAL" source="#A_Joint_4_Hub_Back_Plate-1-solid110-mesh-normals" offset="1"/>
				<p>
2177 2177 2179 2179 2178 2178 
2177 2177 2180 2180 2179 2179 
</p>
			</triangles>
			<triangles count="10" material="Material55-satin_finish_aluminum">
				<input semantic="VERTEX" source="#A_Joint_4_Hub_Back_Plate-1-solid110-mesh-vertices" offset="0"/>
				<input semantic="NORMAL" source="#A_Joint_4_Hub_Back_Plate-1-solid110-mesh-normals" offset="1"/>
				<p>
2181 2181 2183 2183 2182 2182 
2184 2184 2186 2186 2185 2185 
2187 2187 2189 2189 2188 2188 
2190 2190 2192 2192 2191 2191 
2192 2192 2190 2190 2184 2184 
2185 2185 2186 2186 2188 2188 
2192 2192 2184 2184 2185 2185 
2187 2187 2181 2181 2189 2189 
2186 2186 2187 2187 2188 2188 
2182 2182 2189 2189 2181 2181 
</p>
			</triangles>
			<triangles count="2" material="Material56-satin_finish_aluminum">
				<input semantic="VERTEX" source="#A_Joint_4_Hub_Back_Plate-1-solid110-mesh-vertices" offset="0"/>
				<input semantic="NORMAL" source="#A_Joint_4_Hub_Back_Plate-1-solid110-mesh-normals" offset="1"/>
				<p>
2193 2193 2195 2195 2194 2194 
2193 2193 2196 2196 2195 2195 
</p>
			</triangles>
			<triangles count="10" material="Material57-satin_finish_aluminum">
				<input semantic="VERTEX" source="#A_Joint_4_Hub_Back_Plate-1-solid110-mesh-vertices" offset="0"/>
				<input semantic="NORMAL" source="#A_Joint_4_Hub_Back_Plate-1-solid110-mesh-normals" offset="1"/>
				<p>
2197 2197 2199 2199 2198 2198 
2200 2200 2202 2202 2201 2201 
2203 2203 2205 2205 2204 2204 
2206 2206 2208 2208 2207 2207 
2208 2208 2206 2206 2200 2200 
2201 2201 2202 2202 2204 2204 
2208 2208 2200 2200 2201 2201 
2203 2203 2197 2197 2205 2205 
2202 2202 2203 2203 2204 2204 
2198 2198 2205 2205 2197 2197 
</p>
			</triangles>
			<triangles count="8" material="Material58-satin_finish_aluminum">
				<input semantic="VERTEX" source="#A_Joint_4_Hub_Back_Plate-1-solid110-mesh-vertices" offset="0"/>
				<input semantic="NORMAL" source="#A_Joint_4_Hub_Back_Plate-1-solid110-mesh-normals" offset="1"/>
				<p>
2209 2209 2211 2211 2210 2210 
2212 2212 2214 2214 2213 2213 
2215 2215 2217 2217 2216 2216 
2218 2218 2212 2212 2213 2213 
2215 2215 2216 2216 2214 2214 
2213 2213 2214 2214 2216 2216 
2209 2209 2210 2210 2217 2217 
2215 2215 2209 2209 2217 2217 
</p>
			</triangles>
			<triangles count="2" material="Material59-satin_finish_aluminum">
				<input semantic="VERTEX" source="#A_Joint_4_Hub_Back_Plate-1-solid110-mesh-vertices" offset="0"/>
				<input semantic="NORMAL" source="#A_Joint_4_Hub_Back_Plate-1-solid110-mesh-normals" offset="1"/>
				<p>
2219 2219 2221 2221 2220 2220 
2219 2219 2222 2222 2221 2221 
</p>
			</triangles>
			<triangles count="8" material="Material60-satin_finish_aluminum">
				<input semantic="VERTEX" source="#A_Joint_4_Hub_Back_Plate-1-solid110-mesh-vertices" offset="0"/>
				<input semantic="NORMAL" source="#A_Joint_4_Hub_Back_Plate-1-solid110-mesh-normals" offset="1"/>
				<p>
2223 2223 2225 2225 2224 2224 
2226 2226 2228 2228 2227 2227 
2229 2229 2231 2231 2230 2230 
2232 2232 2226 2226 2227 2227 
2229 2229 2230 2230 2228 2228 
2227 2227 2228 2228 2230 2230 
2223 2223 2224 2224 2231 2231 
2229 2229 2223 2223 2231 2231 
</p>
			</triangles>
			<triangles count="2" material="Material61-satin_finish_aluminum">
				<input semantic="VERTEX" source="#A_Joint_4_Hub_Back_Plate-1-solid110-mesh-vertices" offset="0"/>
				<input semantic="NORMAL" source="#A_Joint_4_Hub_Back_Plate-1-solid110-mesh-normals" offset="1"/>
				<p>
2233 2233 2235 2235 2234 2234 
2233 2233 2236 2236 2235 2235 
</p>
			</triangles>
			<triangles count="8" material="Material62-satin_finish_aluminum">
				<input semantic="VERTEX" source="#A_Joint_4_Hub_Back_Plate-1-solid110-mesh-vertices" offset="0"/>
				<input semantic="NORMAL" source="#A_Joint_4_Hub_Back_Plate-1-solid110-mesh-normals" offset="1"/>
				<p>
2237 2237 2239 2239 2238 2238 
2240 2240 2242 2242 2241 2241 
2243 2243 2245 2245 2244 2244 
2246 2246 2240 2240 2241 2241 
2243 2243 2244 2244 2242 2242 
2241 2241 2242 2242 2244 2244 
2237 2237 2238 2238 2245 2245 
2243 2243 2237 2237 2245 2245 
</p>
			</triangles>
			<triangles count="10" material="Material63-satin_finish_aluminum">
				<input semantic="VERTEX" source="#A_Joint_4_Hub_Back_Plate-1-solid110-mesh-vertices" offset="0"/>
				<input semantic="NORMAL" source="#A_Joint_4_Hub_Back_Plate-1-solid110-mesh-normals" offset="1"/>
				<p>
2247 2247 2249 2249 2248 2248 
2250 2250 2252 2252 2251 2251 
2253 2253 2255 2255 2254 2254 
2256 2256 2258 2258 2257 2257 
2258 2258 2256 2256 2250 2250 
2251 2251 2252 2252 2254 2254 
2258 2258 2250 2250 2251 2251 
2253 2253 2247 2247 2255 2255 
2252 2252 2253 2253 2254 2254 
2248 2248 2255 2255 2247 2247 
</p>
			</triangles>
			<triangles count="56" material="Material64-satin_finish_aluminum">
				<input semantic="VERTEX" source="#A_Joint_4_Hub_Back_Plate-1-solid110-mesh-vertices" offset="0"/>
				<input semantic="NORMAL" source="#A_Joint_4_Hub_Back_Plate-1-solid110-mesh-normals" offset="1"/>
				<p>
2259 2259 2261 2261 2260 2260 
2262 2262 2264 2264 2263 2263 
2265 2265 2267 2267 2266 2266 
2268 2268 2270 2270 2269 2269 
2271 2271 2273 2273 2272 2272 
2274 2274 2276 2276 2275 2275 
2277 2277 2279 2279 2278 2278 
2280 2280 2282 2282 2281 2281 
2283 2283 2285 2285 2284 2284 
2286 2286 2288 2288 2287 2287 
2289 2289 2291 2291 2290 2290 
2292 2292 2294 2294 2293 2293 
2295 2295 2297 2297 2296 2296 
2298 2298 2300 2300 2299 2299 
2301 2301 2303 2303 2302 2302 
2304 2304 2302 2302 2303 2303 
2305 2305 2301 2301 2306 2306 
2301 2301 2305 2305 2303 2303 
2306 2306 2308 2308 2307 2307 
2307 2307 2305 2305 2306 2306 
2309 2309 2310 2310 2308 2308 
2307 2307 2308 2308 2310 2310 
2311 2311 2309 2309 2312 2312 
2309 2309 2311 2311 2310 2310 
2312 2312 2314 2314 2313 2313 
2313 2313 2311 2311 2312 2312 
2262 2262 2263 2263 2314 2314 
2313 2313 2314 2314 2263 2263 
2304 2304 2297 2297 2295 2295 
2302 2302 2304 2304 2295 2295 
2300 2300 2298 2298 2296 2296 
2297 2297 2300 2300 2296 2296 
2289 2289 2290 2290 2299 2299 
2299 2299 2290 2290 2298 2298 
2293 2293 2291 2291 2292 2292 
2292 2292 2291 2291 2289 2289 
2285 2285 2294 2294 2284 2284 
2285 2285 2293 2293 2294 2294 
2283 2283 2287 2287 2288 2288 
2283 2283 2284 2284 2287 2287 
2286 2286 2279 2279 2277 2277 
2288 2288 2286 2286 2277 2277 
2282 2282 2280 2280 2278 2278 
2279 2279 2282 2282 2278 2278 
2271 2271 2272 2272 2281 2281 
2281 2281 2272 2272 2280 2280 
2275 2275 2273 2273 2274 2274 
2274 2274 2273 2273 2271 2271 
2267 2267 2276 2276 2266 2266 
2267 2267 2275 2275 2276 2276 
2265 2265 2268 2268 2269 2269 
2265 2265 2266 2266 2268 2268 
2270 2270 2259 2259 2260 2260 
2269 2269 2270 2270 2260 2260 
2264 2264 2262 2262 2261 2261 
2259 2259 2264 2264 2261 2261 
</p>
			</triangles>
			<triangles count="4" material="Material65-satin_finish_aluminum">
				<input semantic="VERTEX" source="#A_Joint_4_Hub_Back_Plate-1-solid110-mesh-vertices" offset="0"/>
				<input semantic="NORMAL" source="#A_Joint_4_Hub_Back_Plate-1-solid110-mesh-normals" offset="1"/>
				<p>
2315 2315 2317 2317 2316 2316 
2318 2318 2320 2320 2319 2319 
2320 2320 2315 2315 2316 2316 
2318 2318 2315 2315 2320 2320 
</p>
			</triangles>
			<triangles count="2" material="Material66-satin_finish_aluminum">
				<input semantic="VERTEX" source="#A_Joint_4_Hub_Back_Plate-1-solid110-mesh-vertices" offset="0"/>
				<input semantic="NORMAL" source="#A_Joint_4_Hub_Back_Plate-1-solid110-mesh-normals" offset="1"/>
				<p>
2321 2321 2323 2323 2322 2322 
2321 2321 2324 2324 2323 2323 
</p>
			</triangles>
			<triangles count="2" material="Material67-satin_finish_aluminum">
				<input semantic="VERTEX" source="#A_Joint_4_Hub_Back_Plate-1-solid110-mesh-vertices" offset="0"/>
				<input semantic="NORMAL" source="#A_Joint_4_Hub_Back_Plate-1-solid110-mesh-normals" offset="1"/>
				<p>
2325 2325 2327 2327 2326 2326 
2325 2325 2328 2328 2327 2327 
</p>
			</triangles>
			<triangles count="12" material="Material68-satin_finish_aluminum">
				<input semantic="VERTEX" source="#A_Joint_4_Hub_Back_Plate-1-solid110-mesh-vertices" offset="0"/>
				<input semantic="NORMAL" source="#A_Joint_4_Hub_Back_Plate-1-solid110-mesh-normals" offset="1"/>
				<p>
2329 2329 2331 2331 2330 2330 
2332 2332 2334 2334 2333 2333 
2335 2335 2337 2337 2336 2336 
2338 2338 2340 2340 2339 2339 
2341 2341 2339 2339 2340 2340 
2342 2342 2338 2338 2339 2339 
2341 2341 2332 2332 2333 2333 
2341 2341 2340 2340 2332 2332 
2334 2334 2335 2335 2336 2336 
2333 2333 2334 2334 2336 2336 
2329 2329 2330 2330 2337 2337 
2335 2335 2329 2329 2337 2337 
</p>
			</triangles>
			<triangles count="2" material="Material69-satin_finish_aluminum">
				<input semantic="VERTEX" source="#A_Joint_4_Hub_Back_Plate-1-solid110-mesh-vertices" offset="0"/>
				<input semantic="NORMAL" source="#A_Joint_4_Hub_Back_Plate-1-solid110-mesh-normals" offset="1"/>
				<p>
2343 2343 2345 2345 2344 2344 
2343 2343 2346 2346 2345 2345 
</p>
			</triangles>
			<triangles count="12" material="Material70-satin_finish_aluminum">
				<input semantic="VERTEX" source="#A_Joint_4_Hub_Back_Plate-1-solid110-mesh-vertices" offset="0"/>
				<input semantic="NORMAL" source="#A_Joint_4_Hub_Back_Plate-1-solid110-mesh-normals" offset="1"/>
				<p>
2347 2347 2349 2349 2348 2348 
2350 2350 2352 2352 2351 2351 
2353 2353 2355 2355 2354 2354 
2356 2356 2358 2358 2357 2357 
2359 2359 2357 2357 2358 2358 
2360 2360 2356 2356 2357 2357 
2359 2359 2350 2350 2351 2351 
2359 2359 2358 2358 2350 2350 
2352 2352 2353 2353 2354 2354 
2351 2351 2352 2352 2354 2354 
2347 2347 2348 2348 2355 2355 
2353 2353 2347 2347 2355 2355 
</p>
			</triangles>
			<triangles count="2" material="Material71-satin_finish_aluminum">
				<input semantic="VERTEX" source="#A_Joint_4_Hub_Back_Plate-1-solid110-mesh-vertices" offset="0"/>
				<input semantic="NORMAL" source="#A_Joint_4_Hub_Back_Plate-1-solid110-mesh-normals" offset="1"/>
				<p>
2361 2361 2363 2363 2362 2362 
2361 2361 2364 2364 2363 2363 
</p>
			</triangles>
			<triangles count="2" material="Material72-satin_finish_aluminum">
				<input semantic="VERTEX" source="#A_Joint_4_Hub_Back_Plate-1-solid110-mesh-vertices" offset="0"/>
				<input semantic="NORMAL" source="#A_Joint_4_Hub_Back_Plate-1-solid110-mesh-normals" offset="1"/>
				<p>
2365 2365 2367 2367 2366 2366 
2365 2365 2368 2368 2367 2367 
</p>
			</triangles>
			<triangles count="12" material="Material73-satin_finish_aluminum">
				<input semantic="VERTEX" source="#A_Joint_4_Hub_Back_Plate-1-solid110-mesh-vertices" offset="0"/>
				<input semantic="NORMAL" source="#A_Joint_4_Hub_Back_Plate-1-solid110-mesh-normals" offset="1"/>
				<p>
2369 2369 2371 2371 2370 2370 
2372 2372 2374 2374 2373 2373 
2375 2375 2377 2377 2376 2376 
2378 2378 2380 2380 2379 2379 
2381 2381 2379 2379 2380 2380 
2382 2382 2378 2378 2379 2379 
2381 2381 2372 2372 2373 2373 
2381 2381 2380 2380 2372 2372 
2374 2374 2375 2375 2376 2376 
2373 2373 2374 2374 2376 2376 
2369 2369 2370 2370 2377 2377 
2375 2375 2369 2369 2377 2377 
</p>
			</triangles>
			<triangles count="2" material="Material74-satin_finish_aluminum">
				<input semantic="VERTEX" source="#A_Joint_4_Hub_Back_Plate-1-solid110-mesh-vertices" offset="0"/>
				<input semantic="NORMAL" source="#A_Joint_4_Hub_Back_Plate-1-solid110-mesh-normals" offset="1"/>
				<p>
2383 2383 2385 2385 2384 2384 
2383 2383 2386 2386 2385 2385 
</p>
			</triangles>
			<triangles count="12" material="Material75-satin_finish_aluminum">
				<input semantic="VERTEX" source="#A_Joint_4_Hub_Back_Plate-1-solid110-mesh-vertices" offset="0"/>
				<input semantic="NORMAL" source="#A_Joint_4_Hub_Back_Plate-1-solid110-mesh-normals" offset="1"/>
				<p>
2387 2387 2389 2389 2388 2388 
2390 2390 2392 2392 2391 2391 
2393 2393 2395 2395 2394 2394 
2396 2396 2398 2398 2397 2397 
2399 2399 2397 2397 2398 2398 
2400 2400 2396 2396 2397 2397 
2399 2399 2390 2390 2391 2391 
2399 2399 2398 2398 2390 2390 
2392 2392 2393 2393 2394 2394 
2391 2391 2392 2392 2394 2394 
2387 2387 2388 2388 2395 2395 
2393 2393 2387 2387 2395 2395 
</p>
			</triangles>
			<triangles count="2" material="Material76-satin_finish_aluminum">
				<input semantic="VERTEX" source="#A_Joint_4_Hub_Back_Plate-1-solid110-mesh-vertices" offset="0"/>
				<input semantic="NORMAL" source="#A_Joint_4_Hub_Back_Plate-1-solid110-mesh-normals" offset="1"/>
				<p>
2401 2401 2403 2403 2402 2402 
2401 2401 2404 2404 2403 2403 
</p>
			</triangles>
			<triangles count="8" material="Material77-satin_finish_aluminum">
				<input semantic="VERTEX" source="#A_Joint_4_Hub_Back_Plate-1-solid110-mesh-vertices" offset="0"/>
				<input semantic="NORMAL" source="#A_Joint_4_Hub_Back_Plate-1-solid110-mesh-normals" offset="1"/>
				<p>
2405 2405 2407 2407 2406 2406 
2408 2408 2410 2410 2409 2409 
2411 2411 2413 2413 2412 2412 
2414 2414 2408 2408 2409 2409 
2411 2411 2412 2412 2410 2410 
2409 2409 2410 2410 2412 2412 
2405 2405 2406 2406 2413 2413 
2411 2411 2405 2405 2413 2413 
</p>
			</triangles>
			<triangles count="2" material="Material78-satin_finish_aluminum">
				<input semantic="VERTEX" source="#A_Joint_4_Hub_Back_Plate-1-solid110-mesh-vertices" offset="0"/>
				<input semantic="NORMAL" source="#A_Joint_4_Hub_Back_Plate-1-solid110-mesh-normals" offset="1"/>
				<p>
2415 2415 2417 2417 2416 2416 
2415 2415 2418 2418 2417 2417 
</p>
			</triangles>
			<triangles count="20" material="Material79-satin_finish_aluminum">
				<input semantic="VERTEX" source="#A_Joint_4_Hub_Back_Plate-1-solid110-mesh-vertices" offset="0"/>
				<input semantic="NORMAL" source="#A_Joint_4_Hub_Back_Plate-1-solid110-mesh-normals" offset="1"/>
				<p>
2419 2419 2421 2421 2420 2420 
2422 2422 2424 2424 2423 2423 
2425 2425 2427 2427 2426 2426 
2428 2428 2430 2430 2429 2429 
2431 2431 2433 2433 2432 2432 
2434 2434 2436 2436 2435 2435 
2435 2435 2437 2437 2434 2434 
2438 2438 2436 2436 2439 2439 
2434 2434 2439 2439 2436 2436 
2440 2440 2438 2438 2439 2439 
2437 2437 2430 2430 2428 2428 
2430 2430 2437 2437 2435 2435 
2433 2433 2429 2429 2432 2432 
2433 2433 2428 2428 2429 2429 
2431 2431 2422 2422 2423 2423 
2431 2431 2432 2432 2422 2422 
2424 2424 2425 2425 2426 2426 
2423 2423 2424 2424 2426 2426 
2419 2419 2420 2420 2427 2427 
2425 2425 2419 2419 2427 2427 
</p>
			</triangles>
			<triangles count="2" material="Material80-satin_finish_aluminum">
				<input semantic="VERTEX" source="#A_Joint_4_Hub_Back_Plate-1-solid110-mesh-vertices" offset="0"/>
				<input semantic="NORMAL" source="#A_Joint_4_Hub_Back_Plate-1-solid110-mesh-normals" offset="1"/>
				<p>
2441 2441 2443 2443 2442 2442 
2441 2441 2444 2444 2443 2443 
</p>
			</triangles>
			<triangles count="12" material="Material81-satin_finish_aluminum">
				<input semantic="VERTEX" source="#A_Joint_4_Hub_Back_Plate-1-solid110-mesh-vertices" offset="0"/>
				<input semantic="NORMAL" source="#A_Joint_4_Hub_Back_Plate-1-solid110-mesh-normals" offset="1"/>
				<p>
2445 2445 2447 2447 2446 2446 
2448 2448 2450 2450 2449 2449 
2451 2451 2453 2453 2452 2452 
2454 2454 2456 2456 2455 2455 
2457 2457 2455 2455 2456 2456 
2458 2458 2454 2454 2455 2455 
2457 2457 2448 2448 2449 2449 
2457 2457 2456 2456 2448 2448 
2450 2450 2451 2451 2452 2452 
2449 2449 2450 2450 2452 2452 
2445 2445 2446 2446 2453 2453 
2451 2451 2445 2445 2453 2453 
</p>
			</triangles>
			<triangles count="2" material="Material82-satin_finish_aluminum">
				<input semantic="VERTEX" source="#A_Joint_4_Hub_Back_Plate-1-solid110-mesh-vertices" offset="0"/>
				<input semantic="NORMAL" source="#A_Joint_4_Hub_Back_Plate-1-solid110-mesh-normals" offset="1"/>
				<p>
2459 2459 2461 2461 2460 2460 
2459 2459 2462 2462 2461 2461 
</p>
			</triangles>
			<triangles count="34" material="Material83-satin_finish_aluminum">
				<input semantic="VERTEX" source="#A_Joint_4_Hub_Back_Plate-1-solid110-mesh-vertices" offset="0"/>
				<input semantic="NORMAL" source="#A_Joint_4_Hub_Back_Plate-1-solid110-mesh-normals" offset="1"/>
				<p>
2463 2463 2465 2465 2464 2464 
2466 2466 2468 2468 2467 2467 
2469 2469 2471 2471 2470 2470 
2472 2472 2474 2474 2473 2473 
2475 2475 2477 2477 2476 2476 
2478 2478 2480 2480 2479 2479 
2481 2481 2483 2483 2482 2482 
2484 2484 2486 2486 2485 2485 
2487 2487 2489 2489 2488 2488 
2490 2490 2492 2492 2491 2491 
2492 2492 2490 2490 2484 2484 
2491 2491 2494 2494 2493 2493 
2493 2493 2490 2490 2491 2491 
2495 2495 2496 2496 2494 2494 
2493 2493 2494 2494 2496 2496 
2497 2497 2495 2495 2498 2498 
2495 2495 2497 2497 2496 2496 
2485 2485 2486 2486 2487 2487 
2492 2492 2484 2484 2485 2485 
2489 2489 2479 2479 2488 2488 
2486 2486 2489 2489 2487 2487 
2478 2478 2482 2482 2480 2480 
2479 2479 2480 2480 2488 2488 
2474 2474 2483 2483 2481 2481 
2481 2481 2482 2482 2478 2478 
2477 2477 2472 2472 2473 2473 
2472 2472 2483 2483 2474 2474 
2475 2475 2476 2476 2466 2466 
2477 2477 2473 2473 2476 2476 
2467 2467 2468 2468 2470 2470 
2475 2475 2466 2466 2467 2467 
2469 2469 2463 2463 2471 2471 
2468 2468 2469 2469 2470 2470 
2464 2464 2471 2471 2463 2463 
</p>
			</triangles>
			<triangles count="30" material="Material84-satin_finish_aluminum">
				<input semantic="VERTEX" source="#A_Joint_4_Hub_Back_Plate-1-solid110-mesh-vertices" offset="0"/>
				<input semantic="NORMAL" source="#A_Joint_4_Hub_Back_Plate-1-solid110-mesh-normals" offset="1"/>
				<p>
2499 2499 2501 2501 2500 2500 
2502 2502 2504 2504 2503 2503 
2505 2505 2507 2507 2506 2506 
2508 2508 2510 2510 2509 2509 
2511 2511 2513 2513 2512 2512 
2514 2514 2516 2516 2515 2515 
2517 2517 2519 2519 2518 2518 
2520 2520 2522 2522 2521 2521 
2523 2523 2525 2525 2524 2524 
2517 2517 2524 2524 2525 2525 
2523 2523 2527 2527 2526 2526 
2527 2527 2523 2523 2524 2524 
2528 2528 2503 2503 2526 2526 
2526 2526 2527 2527 2528 2528 
2522 2522 2518 2518 2519 2519 
2528 2528 2502 2502 2503 2503 
2525 2525 2519 2519 2517 2517 
2521 2521 2512 2512 2520 2520 
2522 2522 2520 2520 2518 2518 
2514 2514 2513 2513 2511 2511 
2511 2511 2512 2512 2521 2521 
2507 2507 2515 2515 2516 2516 
2515 2515 2513 2513 2514 2514 
2505 2505 2506 2506 2508 2508 
2507 2507 2516 2516 2506 2506 
2509 2509 2510 2510 2500 2500 
2505 2505 2508 2508 2509 2509 
2499 2499 2504 2504 2501 2501 
2510 2510 2499 2499 2500 2500 
2502 2502 2501 2501 2504 2504 
</p>
			</triangles>
			<triangles count="30" material="Material85-satin_finish_aluminum">
				<input semantic="VERTEX" source="#A_Joint_4_Hub_Back_Plate-1-solid110-mesh-vertices" offset="0"/>
				<input semantic="NORMAL" source="#A_Joint_4_Hub_Back_Plate-1-solid110-mesh-normals" offset="1"/>
				<p>
2529 2529 2531 2531 2530 2530 
2532 2532 2534 2534 2533 2533 
2535 2535 2537 2537 2536 2536 
2538 2538 2540 2540 2539 2539 
2541 2541 2543 2543 2542 2542 
2544 2544 2546 2546 2545 2545 
2547 2547 2549 2549 2548 2548 
2550 2550 2552 2552 2551 2551 
2553 2553 2555 2555 2554 2554 
2547 2547 2554 2554 2555 2555 
2553 2553 2557 2557 2556 2556 
2557 2557 2553 2553 2554 2554 
2558 2558 2533 2533 2556 2556 
2556 2556 2557 2557 2558 2558 
2552 2552 2548 2548 2549 2549 
2558 2558 2532 2532 2533 2533 
2555 2555 2549 2549 2547 2547 
2551 2551 2542 2542 2550 2550 
2552 2552 2550 2550 2548 2548 
2544 2544 2543 2543 2541 2541 
2541 2541 2542 2542 2551 2551 
2537 2537 2545 2545 2546 2546 
2545 2545 2543 2543 2544 2544 
2535 2535 2536 2536 2538 2538 
2537 2537 2546 2546 2536 2536 
2539 2539 2540 2540 2530 2530 
2535 2535 2538 2538 2539 2539 
2529 2529 2534 2534 2531 2531 
2540 2540 2529 2529 2530 2530 
2532 2532 2531 2531 2534 2534 
</p>
			</triangles>
			<triangles count="30" material="Material86-satin_finish_aluminum">
				<input semantic="VERTEX" source="#A_Joint_4_Hub_Back_Plate-1-solid110-mesh-vertices" offset="0"/>
				<input semantic="NORMAL" source="#A_Joint_4_Hub_Back_Plate-1-solid110-mesh-normals" offset="1"/>
				<p>
2559 2559 2561 2561 2560 2560 
2562 2562 2564 2564 2563 2563 
2565 2565 2567 2567 2566 2566 
2568 2568 2570 2570 2569 2569 
2571 2571 2573 2573 2572 2572 
2574 2574 2576 2576 2575 2575 
2577 2577 2579 2579 2578 2578 
2580 2580 2582 2582 2581 2581 
2583 2583 2585 2585 2584 2584 
2577 2577 2584 2584 2585 2585 
2583 2583 2587 2587 2586 2586 
2587 2587 2583 2583 2584 2584 
2588 2588 2563 2563 2586 2586 
2586 2586 2587 2587 2588 2588 
2582 2582 2578 2578 2579 2579 
2588 2588 2562 2562 2563 2563 
2585 2585 2579 2579 2577 2577 
2581 2581 2572 2572 2580 2580 
2582 2582 2580 2580 2578 2578 
2574 2574 2573 2573 2571 2571 
2571 2571 2572 2572 2581 2581 
2567 2567 2575 2575 2576 2576 
2575 2575 2573 2573 2574 2574 
2565 2565 2566 2566 2568 2568 
2567 2567 2576 2576 2566 2566 
2569 2569 2570 2570 2560 2560 
2565 2565 2568 2568 2569 2569 
2559 2559 2564 2564 2561 2561 
2570 2570 2559 2559 2560 2560 
2562 2562 2561 2561 2564 2564 
</p>
			</triangles>
			<triangles count="12" material="Material87-satin_finish_aluminum">
				<input semantic="VERTEX" source="#A_Joint_4_Hub_Back_Plate-1-solid110-mesh-vertices" offset="0"/>
				<input semantic="NORMAL" source="#A_Joint_4_Hub_Back_Plate-1-solid110-mesh-normals" offset="1"/>
				<p>
2589 2589 2591 2591 2590 2590 
2592 2592 2594 2594 2593 2593 
2595 2595 2597 2597 2596 2596 
2598 2598 2600 2600 2599 2599 
2601 2601 2599 2599 2600 2600 
2602 2602 2598 2598 2599 2599 
2601 2601 2592 2592 2593 2593 
2601 2601 2600 2600 2592 2592 
2594 2594 2595 2595 2596 2596 
2593 2593 2594 2594 2596 2596 
2589 2589 2590 2590 2597 2597 
2595 2595 2589 2589 2597 2597 
</p>
			</triangles>
			<triangles count="2" material="Material88-satin_finish_aluminum">
				<input semantic="VERTEX" source="#A_Joint_4_Hub_Back_Plate-1-solid110-mesh-vertices" offset="0"/>
				<input semantic="NORMAL" source="#A_Joint_4_Hub_Back_Plate-1-solid110-mesh-normals" offset="1"/>
				<p>
2603 2603 2605 2605 2604 2604 
2603 2603 2606 2606 2605 2605 
</p>
			</triangles>
			<triangles count="12" material="Material89-satin_finish_aluminum">
				<input semantic="VERTEX" source="#A_Joint_4_Hub_Back_Plate-1-solid110-mesh-vertices" offset="0"/>
				<input semantic="NORMAL" source="#A_Joint_4_Hub_Back_Plate-1-solid110-mesh-normals" offset="1"/>
				<p>
2607 2607 2609 2609 2608 2608 
2610 2610 2612 2612 2611 2611 
2613 2613 2615 2615 2614 2614 
2616 2616 2618 2618 2617 2617 
2619 2619 2617 2617 2618 2618 
2620 2620 2616 2616 2617 2617 
2619 2619 2610 2610 2611 2611 
2619 2619 2618 2618 2610 2610 
2612 2612 2613 2613 2614 2614 
2611 2611 2612 2612 2614 2614 
2607 2607 2608 2608 2615 2615 
2613 2613 2607 2607 2615 2615 
</p>
			</triangles>
			<triangles count="6" material="Material90-satin_finish_aluminum">
				<input semantic="VERTEX" source="#A_Joint_4_Hub_Back_Plate-1-solid110-mesh-vertices" offset="0"/>
				<input semantic="NORMAL" source="#A_Joint_4_Hub_Back_Plate-1-solid110-mesh-normals" offset="1"/>
				<p>
2621 2621 2623 2623 2622 2622 
2624 2624 2626 2626 2625 2625 
2627 2627 2628 2628 2626 2626 
2621 2621 2628 2628 2627 2627 
2624 2624 2627 2627 2626 2626 
2622 2622 2628 2628 2621 2621 
</p>
			</triangles>
			<triangles count="2" material="Material91-satin_finish_aluminum">
				<input semantic="VERTEX" source="#A_Joint_4_Hub_Back_Plate-1-solid110-mesh-vertices" offset="0"/>
				<input semantic="NORMAL" source="#A_Joint_4_Hub_Back_Plate-1-solid110-mesh-normals" offset="1"/>
				<p>
2629 2629 2631 2631 2630 2630 
2630 2630 2632 2632 2629 2629 
</p>
			</triangles>
			<triangles count="6" material="Material92-satin_finish_aluminum">
				<input semantic="VERTEX" source="#A_Joint_4_Hub_Back_Plate-1-solid110-mesh-vertices" offset="0"/>
				<input semantic="NORMAL" source="#A_Joint_4_Hub_Back_Plate-1-solid110-mesh-normals" offset="1"/>
				<p>
2633 2633 2635 2635 2634 2634 
2636 2636 2638 2638 2637 2637 
2639 2639 2640 2640 2638 2638 
2633 2633 2640 2640 2639 2639 
2636 2636 2639 2639 2638 2638 
2634 2634 2640 2640 2633 2633 
</p>
			</triangles>
			<triangles count="2" material="Material93-satin_finish_aluminum">
				<input semantic="VERTEX" source="#A_Joint_4_Hub_Back_Plate-1-solid110-mesh-vertices" offset="0"/>
				<input semantic="NORMAL" source="#A_Joint_4_Hub_Back_Plate-1-solid110-mesh-normals" offset="1"/>
				<p>
2641 2641 2643 2643 2642 2642 
2641 2641 2644 2644 2643 2643 
</p>
			</triangles>
			<triangles count="12" material="Material94-satin_finish_aluminum">
				<input semantic="VERTEX" source="#A_Joint_4_Hub_Back_Plate-1-solid110-mesh-vertices" offset="0"/>
				<input semantic="NORMAL" source="#A_Joint_4_Hub_Back_Plate-1-solid110-mesh-normals" offset="1"/>
				<p>
2645 2645 2647 2647 2646 2646 
2648 2648 2650 2650 2649 2649 
2651 2651 2653 2653 2652 2652 
2654 2654 2656 2656 2655 2655 
2657 2657 2655 2655 2656 2656 
2658 2658 2654 2654 2655 2655 
2657 2657 2648 2648 2649 2649 
2657 2657 2656 2656 2648 2648 
2650 2650 2651 2651 2652 2652 
2649 2649 2650 2650 2652 2652 
2645 2645 2646 2646 2653 2653 
2651 2651 2645 2645 2653 2653 
</p>
			</triangles>
			<triangles count="2" material="Material95-satin_finish_aluminum">
				<input semantic="VERTEX" source="#A_Joint_4_Hub_Back_Plate-1-solid110-mesh-vertices" offset="0"/>
				<input semantic="NORMAL" source="#A_Joint_4_Hub_Back_Plate-1-solid110-mesh-normals" offset="1"/>
				<p>
2659 2659 2661 2661 2660 2660 
2659 2659 2662 2662 2661 2661 
</p>
			</triangles>
			<triangles count="12" material="Material96-satin_finish_aluminum">
				<input semantic="VERTEX" source="#A_Joint_4_Hub_Back_Plate-1-solid110-mesh-vertices" offset="0"/>
				<input semantic="NORMAL" source="#A_Joint_4_Hub_Back_Plate-1-solid110-mesh-normals" offset="1"/>
				<p>
2663 2663 2665 2665 2664 2664 
2666 2666 2668 2668 2667 2667 
2669 2669 2671 2671 2670 2670 
2672 2672 2674 2674 2673 2673 
2675 2675 2673 2673 2674 2674 
2676 2676 2672 2672 2673 2673 
2675 2675 2666 2666 2667 2667 
2675 2675 2674 2674 2666 2666 
2668 2668 2669 2669 2670 2670 
2667 2667 2668 2668 2670 2670 
2663 2663 2664 2664 2671 2671 
2669 2669 2663 2663 2671 2671 
</p>
			</triangles>
			<triangles count="2" material="Material97-satin_finish_aluminum">
				<input semantic="VERTEX" source="#A_Joint_4_Hub_Back_Plate-1-solid110-mesh-vertices" offset="0"/>
				<input semantic="NORMAL" source="#A_Joint_4_Hub_Back_Plate-1-solid110-mesh-normals" offset="1"/>
				<p>
2677 2677 2679 2679 2678 2678 
2677 2677 2680 2680 2679 2679 
</p>
			</triangles>
			<triangles count="12" material="Material98-satin_finish_aluminum">
				<input semantic="VERTEX" source="#A_Joint_4_Hub_Back_Plate-1-solid110-mesh-vertices" offset="0"/>
				<input semantic="NORMAL" source="#A_Joint_4_Hub_Back_Plate-1-solid110-mesh-normals" offset="1"/>
				<p>
2681 2681 2683 2683 2682 2682 
2684 2684 2686 2686 2685 2685 
2687 2687 2689 2689 2688 2688 
2690 2690 2692 2692 2691 2691 
2693 2693 2691 2691 2692 2692 
2694 2694 2690 2690 2691 2691 
2693 2693 2684 2684 2685 2685 
2693 2693 2692 2692 2684 2684 
2686 2686 2687 2687 2688 2688 
2685 2685 2686 2686 2688 2688 
2681 2681 2682 2682 2689 2689 
2687 2687 2681 2681 2689 2689 
</p>
			</triangles>
			<triangles count="2" material="Material99-satin_finish_aluminum">
				<input semantic="VERTEX" source="#A_Joint_4_Hub_Back_Plate-1-solid110-mesh-vertices" offset="0"/>
				<input semantic="NORMAL" source="#A_Joint_4_Hub_Back_Plate-1-solid110-mesh-normals" offset="1"/>
				<p>
2695 2695 2697 2697 2696 2696 
2695 2695 2698 2698 2697 2697 
</p>
			</triangles>
			<triangles count="56" material="Material100-satin_finish_aluminum">
				<input semantic="VERTEX" source="#A_Joint_4_Hub_Back_Plate-1-solid110-mesh-vertices" offset="0"/>
				<input semantic="NORMAL" source="#A_Joint_4_Hub_Back_Plate-1-solid110-mesh-normals" offset="1"/>
				<p>
2699 2699 2701 2701 2700 2700 
2702 2702 2704 2704 2703 2703 
2705 2705 2707 2707 2706 2706 
2708 2708 2710 2710 2709 2709 
2711 2711 2713 2713 2712 2712 
2714 2714 2716 2716 2715 2715 
2717 2717 2719 2719 2718 2718 
2720 2720 2722 2722 2721 2721 
2723 2723 2725 2725 2724 2724 
2726 2726 2728 2728 2727 2727 
2729 2729 2731 2731 2730 2730 
2732 2732 2734 2734 2733 2733 
2735 2735 2737 2737 2736 2736 
2738 2738 2740 2740 2739 2739 
2741 2741 2743 2743 2742 2742 
2744 2744 2742 2742 2743 2743 
2745 2745 2741 2741 2746 2746 
2741 2741 2745 2745 2743 2743 
2746 2746 2748 2748 2747 2747 
2747 2747 2745 2745 2746 2746 
2749 2749 2750 2750 2748 2748 
2747 2747 2748 2748 2750 2750 
2751 2751 2749 2749 2752 2752 
2749 2749 2751 2751 2750 2750 
2752 2752 2754 2754 2753 2753 
2753 2753 2751 2751 2752 2752 
2702 2702 2703 2703 2754 2754 
2753 2753 2754 2754 2703 2703 
2744 2744 2737 2737 2735 2735 
2742 2742 2744 2744 2735 2735 
2740 2740 2738 2738 2736 2736 
2737 2737 2740 2740 2736 2736 
2729 2729 2730 2730 2739 2739 
2739 2739 2730 2730 2738 2738 
2733 2733 2731 2731 2732 2732 
2732 2732 2731 2731 2729 2729 
2725 2725 2734 2734 2724 2724 
2725 2725 2733 2733 2734 2734 
2723 2723 2727 2727 2728 2728 
2723 2723 2724 2724 2727 2727 
2726 2726 2719 2719 2717 2717 
2728 2728 2726 2726 2717 2717 
2722 2722 2720 2720 2718 2718 
2719 2719 2722 2722 2718 2718 
2711 2711 2712 2712 2721 2721 
2721 2721 2712 2712 2720 2720 
2715 2715 2713 2713 2714 2714 
2714 2714 2713 2713 2711 2711 
2707 2707 2716 2716 2706 2706 
2707 2707 2715 2715 2716 2716 
2705 2705 2708 2708 2709 2709 
2705 2705 2706 2706 2708 2708 
2710 2710 2699 2699 2700 2700 
2709 2709 2710 2710 2700 2700 
2704 2704 2702 2702 2701 2701 
2699 2699 2704 2704 2701 2701 
</p>
			</triangles>
			<triangles count="60" material="Material101-satin_finish_aluminum">
				<input semantic="VERTEX" source="#A_Joint_4_Hub_Back_Plate-1-solid110-mesh-vertices" offset="0"/>
				<input semantic="NORMAL" source="#A_Joint_4_Hub_Back_Plate-1-solid110-mesh-normals" offset="1"/>
				<p>
2755 2755 2757 2757 2756 2756 
2758 2758 2760 2760 2759 2759 
2761 2761 2763 2763 2762 2762 
2764 2764 2766 2766 2765 2765 
2767 2767 2769 2769 2768 2768 
2770 2770 2772 2772 2771 2771 
2773 2773 2775 2775 2774 2774 
2776 2776 2778 2778 2777 2777 
2779 2779 2781 2781 2780 2780 
2782 2782 2784 2784 2783 2783 
2785 2785 2787 2787 2786 2786 
2788 2788 2790 2790 2789 2789 
2791 2791 2793 2793 2792 2792 
2794 2794 2796 2796 2795 2795 
2797 2797 2799 2799 2798 2798 
2800 2800 2802 2802 2801 2801 
2803 2803 2804 2804 2799 2799 
2798 2798 2799 2799 2804 2804 
2805 2805 2803 2803 2806 2806 
2803 2803 2805 2805 2804 2804 
2806 2806 2808 2808 2807 2807 
2807 2807 2805 2805 2806 2806 
2809 2809 2810 2810 2808 2808 
2807 2807 2808 2808 2810 2810 
2811 2811 2809 2809 2812 2812 
2809 2809 2811 2811 2810 2810 
2812 2812 2814 2814 2813 2813 
2813 2813 2811 2811 2812 2812 
2758 2758 2759 2759 2814 2814 
2813 2813 2814 2814 2759 2759 
2802 2802 2797 2797 2801 2801 
2797 2797 2798 2798 2801 2801 
2800 2800 2793 2793 2791 2791 
2802 2802 2800 2800 2791 2791 
2796 2796 2794 2794 2792 2792 
2793 2793 2796 2796 2792 2792 
2785 2785 2786 2786 2795 2795 
2795 2795 2786 2786 2794 2794 
2789 2789 2787 2787 2788 2788 
2788 2788 2787 2787 2785 2785 
2781 2781 2790 2790 2780 2780 
2781 2781 2789 2789 2790 2790 
2779 2779 2783 2783 2784 2784 
2779 2779 2780 2780 2783 2783 
2782 2782 2775 2775 2773 2773 
2784 2784 2782 2782 2773 2773 
2778 2778 2776 2776 2774 2774 
2775 2775 2778 2778 2774 2774 
2767 2767 2768 2768 2777 2777 
2777 2777 2768 2768 2776 2776 
2771 2771 2769 2769 2770 2770 
2770 2770 2769 2769 2767 2767 
2763 2763 2772 2772 2762 2762 
2763 2763 2771 2771 2772 2772 
2761 2761 2764 2764 2765 2765 
2761 2761 2762 2762 2764 2764 
2766 2766 2755 2755 2756 2756 
2765 2765 2766 2766 2756 2756 
2760 2760 2758 2758 2757 2757 
2755 2755 2760 2760 2757 2757 
</p>
			</triangles>
			<triangles count="60" material="Material102-satin_finish_aluminum">
				<input semantic="VERTEX" source="#A_Joint_4_Hub_Back_Plate-1-solid110-mesh-vertices" offset="0"/>
				<input semantic="NORMAL" source="#A_Joint_4_Hub_Back_Plate-1-solid110-mesh-normals" offset="1"/>
				<p>
2815 2815 2817 2817 2816 2816 
2818 2818 2820 2820 2819 2819 
2821 2821 2823 2823 2822 2822 
2824 2824 2826 2826 2825 2825 
2827 2827 2829 2829 2828 2828 
2830 2830 2832 2832 2831 2831 
2833 2833 2835 2835 2834 2834 
2836 2836 2838 2838 2837 2837 
2839 2839 2841 2841 2840 2840 
2842 2842 2844 2844 2843 2843 
2845 2845 2847 2847 2846 2846 
2848 2848 2850 2850 2849 2849 
2851 2851 2853 2853 2852 2852 
2854 2854 2856 2856 2855 2855 
2857 2857 2859 2859 2858 2858 
2860 2860 2862 2862 2861 2861 
2863 2863 2864 2864 2859 2859 
2858 2858 2859 2859 2864 2864 
2865 2865 2863 2863 2866 2866 
2863 2863 2865 2865 2864 2864 
2866 2866 2868 2868 2867 2867 
2867 2867 2865 2865 2866 2866 
2869 2869 2870 2870 2868 2868 
2867 2867 2868 2868 2870 2870 
2871 2871 2869 2869 2872 2872 
2869 2869 2871 2871 2870 2870 
2872 2872 2874 2874 2873 2873 
2873 2873 2871 2871 2872 2872 
2818 2818 2819 2819 2874 2874 
2873 2873 2874 2874 2819 2819 
2862 2862 2857 2857 2861 2861 
2857 2857 2858 2858 2861 2861 
2860 2860 2853 2853 2851 2851 
2862 2862 2860 2860 2851 2851 
2856 2856 2854 2854 2852 2852 
2853 2853 2856 2856 2852 2852 
2845 2845 2846 2846 2855 2855 
2855 2855 2846 2846 2854 2854 
2849 2849 2847 2847 2848 2848 
2848 2848 2847 2847 2845 2845 
2841 2841 2850 2850 2840 2840 
2841 2841 2849 2849 2850 2850 
2839 2839 2843 2843 2844 2844 
2839 2839 2840 2840 2843 2843 
2842 2842 2835 2835 2833 2833 
2844 2844 2842 2842 2833 2833 
2838 2838 2836 2836 2834 2834 
2835 2835 2838 2838 2834 2834 
2827 2827 2828 2828 2837 2837 
2837 2837 2828 2828 2836 2836 
2831 2831 2829 2829 2830 2830 
2830 2830 2829 2829 2827 2827 
2823 2823 2832 2832 2822 2822 
2823 2823 2831 2831 2832 2832 
2821 2821 2824 2824 2825 2825 
2821 2821 2822 2822 2824 2824 
2826 2826 2815 2815 2816 2816 
2825 2825 2826 2826 2816 2816 
2820 2820 2818 2818 2817 2817 
2815 2815 2820 2820 2817 2817 
</p>
			</triangles>
			<triangles count="60" material="Material103-satin_finish_aluminum">
				<input semantic="VERTEX" source="#A_Joint_4_Hub_Back_Plate-1-solid110-mesh-vertices" offset="0"/>
				<input semantic="NORMAL" source="#A_Joint_4_Hub_Back_Plate-1-solid110-mesh-normals" offset="1"/>
				<p>
2875 2875 2877 2877 2876 2876 
2878 2878 2880 2880 2879 2879 
2881 2881 2883 2883 2882 2882 
2884 2884 2886 2886 2885 2885 
2887 2887 2889 2889 2888 2888 
2890 2890 2892 2892 2891 2891 
2893 2893 2895 2895 2894 2894 
2896 2896 2898 2898 2897 2897 
2899 2899 2901 2901 2900 2900 
2902 2902 2904 2904 2903 2903 
2905 2905 2907 2907 2906 2906 
2908 2908 2910 2910 2909 2909 
2911 2911 2913 2913 2912 2912 
2914 2914 2916 2916 2915 2915 
2917 2917 2919 2919 2918 2918 
2920 2920 2922 2922 2921 2921 
2923 2923 2924 2924 2919 2919 
2918 2918 2919 2919 2924 2924 
2925 2925 2923 2923 2926 2926 
2923 2923 2925 2925 2924 2924 
2926 2926 2928 2928 2927 2927 
2927 2927 2925 2925 2926 2926 
2929 2929 2930 2930 2928 2928 
2927 2927 2928 2928 2930 2930 
2931 2931 2929 2929 2932 2932 
2929 2929 2931 2931 2930 2930 
2932 2932 2934 2934 2933 2933 
2933 2933 2931 2931 2932 2932 
2878 2878 2879 2879 2934 2934 
2933 2933 2934 2934 2879 2879 
2922 2922 2917 2917 2921 2921 
2917 2917 2918 2918 2921 2921 
2920 2920 2913 2913 2911 2911 
2922 2922 2920 2920 2911 2911 
2916 2916 2914 2914 2912 2912 
2913 2913 2916 2916 2912 2912 
2905 2905 2906 2906 2915 2915 
2915 2915 2906 2906 2914 2914 
2909 2909 2907 2907 2908 2908 
2908 2908 2907 2907 2905 2905 
2901 2901 2910 2910 2900 2900 
2901 2901 2909 2909 2910 2910 
2899 2899 2903 2903 2904 2904 
2899 2899 2900 2900 2903 2903 
2902 2902 2895 2895 2893 2893 
2904 2904 2902 2902 2893 2893 
2898 2898 2896 2896 2894 2894 
2895 2895 2898 2898 2894 2894 
2887 2887 2888 2888 2897 2897 
2897 2897 2888 2888 2896 2896 
2891 2891 2889 2889 2890 2890 
2890 2890 2889 2889 2887 2887 
2883 2883 2892 2892 2882 2882 
2883 2883 2891 2891 2892 2892 
2881 2881 2884 2884 2885 2885 
2881 2881 2882 2882 2884 2884 
2886 2886 2875 2875 2876 2876 
2885 2885 2886 2886 2876 2876 
2880 2880 2878 2878 2877 2877 
2875 2875 2880 2880 2877 2877 
</p>
			</triangles>
			<triangles count="60" material="Material104-satin_finish_aluminum">
				<input semantic="VERTEX" source="#A_Joint_4_Hub_Back_Plate-1-solid110-mesh-vertices" offset="0"/>
				<input semantic="NORMAL" source="#A_Joint_4_Hub_Back_Plate-1-solid110-mesh-normals" offset="1"/>
				<p>
2935 2935 2937 2937 2936 2936 
2938 2938 2940 2940 2939 2939 
2941 2941 2943 2943 2942 2942 
2944 2944 2946 2946 2945 2945 
2947 2947 2949 2949 2948 2948 
2950 2950 2952 2952 2951 2951 
2953 2953 2955 2955 2954 2954 
2956 2956 2958 2958 2957 2957 
2959 2959 2961 2961 2960 2960 
2962 2962 2964 2964 2963 2963 
2965 2965 2967 2967 2966 2966 
2968 2968 2970 2970 2969 2969 
2971 2971 2973 2973 2972 2972 
2974 2974 2976 2976 2975 2975 
2977 2977 2979 2979 2978 2978 
2980 2980 2982 2982 2981 2981 
2983 2983 2984 2984 2979 2979 
2978 2978 2979 2979 2984 2984 
2985 2985 2983 2983 2986 2986 
2983 2983 2985 2985 2984 2984 
2986 2986 2988 2988 2987 2987 
2987 2987 2985 2985 2986 2986 
2989 2989 2990 2990 2988 2988 
2987 2987 2988 2988 2990 2990 
2991 2991 2989 2989 2992 2992 
2989 2989 2991 2991 2990 2990 
2992 2992 2994 2994 2993 2993 
2993 2993 2991 2991 2992 2992 
2938 2938 2939 2939 2994 2994 
2993 2993 2994 2994 2939 2939 
2982 2982 2977 2977 2981 2981 
2977 2977 2978 2978 2981 2981 
2980 2980 2973 2973 2971 2971 
2982 2982 2980 2980 2971 2971 
2976 2976 2974 2974 2972 2972 
2973 2973 2976 2976 2972 2972 
2965 2965 2966 2966 2975 2975 
2975 2975 2966 2966 2974 2974 
2969 2969 2967 2967 2968 2968 
2968 2968 2967 2967 2965 2965 
2961 2961 2970 2970 2960 2960 
2961 2961 2969 2969 2970 2970 
2959 2959 2963 2963 2964 2964 
2959 2959 2960 2960 2963 2963 
2962 2962 2955 2955 2953 2953 
2964 2964 2962 2962 2953 2953 
2958 2958 2956 2956 2954 2954 
2955 2955 2958 2958 2954 2954 
2947 2947 2948 2948 2957 2957 
2957 2957 2948 2948 2956 2956 
2951 2951 2949 2949 2950 2950 
2950 2950 2949 2949 2947 2947 
2943 2943 2952 2952 2942 2942 
2943 2943 2951 2951 2952 2952 
2941 2941 2944 2944 2945 2945 
2941 2941 2942 2942 2944 2944 
2946 2946 2935 2935 2936 2936 
2945 2945 2946 2946 2936 2936 
2940 2940 2938 2938 2937 2937 
2935 2935 2940 2940 2937 2937 
</p>
			</triangles>
			<triangles count="60" material="Material105-satin_finish_aluminum">
				<input semantic="VERTEX" source="#A_Joint_4_Hub_Back_Plate-1-solid110-mesh-vertices" offset="0"/>
				<input semantic="NORMAL" source="#A_Joint_4_Hub_Back_Plate-1-solid110-mesh-normals" offset="1"/>
				<p>
2995 2995 2997 2997 2996 2996 
2998 2998 3000 3000 2999 2999 
3001 3001 3003 3003 3002 3002 
3004 3004 3006 3006 3005 3005 
3007 3007 3009 3009 3008 3008 
3010 3010 3012 3012 3011 3011 
3013 3013 3015 3015 3014 3014 
3016 3016 3018 3018 3017 3017 
3019 3019 3021 3021 3020 3020 
3022 3022 3024 3024 3023 3023 
3025 3025 3027 3027 3026 3026 
3028 3028 3030 3030 3029 3029 
3031 3031 3033 3033 3032 3032 
3034 3034 3036 3036 3035 3035 
3037 3037 3039 3039 3038 3038 
3040 3040 3042 3042 3041 3041 
3043 3043 3044 3044 3039 3039 
3038 3038 3039 3039 3044 3044 
3045 3045 3043 3043 3046 3046 
3043 3043 3045 3045 3044 3044 
3046 3046 3048 3048 3047 3047 
3047 3047 3045 3045 3046 3046 
3049 3049 3050 3050 3048 3048 
3047 3047 3048 3048 3050 3050 
3051 3051 3049 3049 3052 3052 
3049 3049 3051 3051 3050 3050 
3052 3052 3054 3054 3053 3053 
3053 3053 3051 3051 3052 3052 
2998 2998 2999 2999 3054 3054 
3053 3053 3054 3054 2999 2999 
3042 3042 3037 3037 3041 3041 
3037 3037 3038 3038 3041 3041 
3040 3040 3033 3033 3031 3031 
3042 3042 3040 3040 3031 3031 
3036 3036 3034 3034 3032 3032 
3033 3033 3036 3036 3032 3032 
3025 3025 3026 3026 3035 3035 
3035 3035 3026 3026 3034 3034 
3029 3029 3027 3027 3028 3028 
3028 3028 3027 3027 3025 3025 
3021 3021 3030 3030 3020 3020 
3021 3021 3029 3029 3030 3030 
3019 3019 3023 3023 3024 3024 
3019 3019 3020 3020 3023 3023 
3022 3022 3015 3015 3013 3013 
3024 3024 3022 3022 3013 3013 
3018 3018 3016 3016 3014 3014 
3015 3015 3018 3018 3014 3014 
3007 3007 3008 3008 3017 3017 
3017 3017 3008 3008 3016 3016 
3011 3011 3009 3009 3010 3010 
3010 3010 3009 3009 3007 3007 
3003 3003 3012 3012 3002 3002 
3003 3003 3011 3011 3012 3012 
3001 3001 3004 3004 3005 3005 
3001 3001 3002 3002 3004 3004 
3006 3006 2995 2995 2996 2996 
3005 3005 3006 3006 2996 2996 
3000 3000 2998 2998 2997 2997 
2995 2995 3000 3000 2997 2997 
</p>
			</triangles>
			<triangles count="60" material="Material106-satin_finish_aluminum">
				<input semantic="VERTEX" source="#A_Joint_4_Hub_Back_Plate-1-solid110-mesh-vertices" offset="0"/>
				<input semantic="NORMAL" source="#A_Joint_4_Hub_Back_Plate-1-solid110-mesh-normals" offset="1"/>
				<p>
3055 3055 3057 3057 3056 3056 
3058 3058 3060 3060 3059 3059 
3061 3061 3063 3063 3062 3062 
3064 3064 3066 3066 3065 3065 
3067 3067 3069 3069 3068 3068 
3070 3070 3072 3072 3071 3071 
3073 3073 3075 3075 3074 3074 
3076 3076 3078 3078 3077 3077 
3079 3079 3081 3081 3080 3080 
3082 3082 3084 3084 3083 3083 
3085 3085 3087 3087 3086 3086 
3088 3088 3090 3090 3089 3089 
3091 3091 3093 3093 3092 3092 
3094 3094 3096 3096 3095 3095 
3097 3097 3099 3099 3098 3098 
3100 3100 3102 3102 3101 3101 
3103 3103 3104 3104 3099 3099 
3098 3098 3099 3099 3104 3104 
3105 3105 3103 3103 3106 3106 
3103 3103 3105 3105 3104 3104 
3106 3106 3108 3108 3107 3107 
3107 3107 3105 3105 3106 3106 
3109 3109 3110 3110 3108 3108 
3107 3107 3108 3108 3110 3110 
3111 3111 3109 3109 3112 3112 
3109 3109 3111 3111 3110 3110 
3112 3112 3114 3114 3113 3113 
3113 3113 3111 3111 3112 3112 
3058 3058 3059 3059 3114 3114 
3113 3113 3114 3114 3059 3059 
3102 3102 3097 3097 3101 3101 
3097 3097 3098 3098 3101 3101 
3100 3100 3093 3093 3091 3091 
3102 3102 3100 3100 3091 3091 
3096 3096 3094 3094 3092 3092 
3093 3093 3096 3096 3092 3092 
3085 3085 3086 3086 3095 3095 
3095 3095 3086 3086 3094 3094 
3089 3089 3087 3087 3088 3088 
3088 3088 3087 3087 3085 3085 
3081 3081 3090 3090 3080 3080 
3081 3081 3089 3089 3090 3090 
3079 3079 3083 3083 3084 3084 
3079 3079 3080 3080 3083 3083 
3082 3082 3075 3075 3073 3073 
3084 3084 3082 3082 3073 3073 
3078 3078 3076 3076 3074 3074 
3075 3075 3078 3078 3074 3074 
3067 3067 3068 3068 3077 3077 
3077 3077 3068 3068 3076 3076 
3071 3071 3069 3069 3070 3070 
3070 3070 3069 3069 3067 3067 
3063 3063 3072 3072 3062 3062 
3063 3063 3071 3071 3072 3072 
3061 3061 3064 3064 3065 3065 
3061 3061 3062 3062 3064 3064 
3066 3066 3055 3055 3056 3056 
3065 3065 3066 3066 3056 3056 
3060 3060 3058 3058 3057 3057 
3055 3055 3060 3060 3057 3057 
</p>
			</triangles>
			<triangles count="2" material="Material107-satin_finish_aluminum">
				<input semantic="VERTEX" source="#A_Joint_4_Hub_Back_Plate-1-solid110-mesh-vertices" offset="0"/>
				<input semantic="NORMAL" source="#A_Joint_4_Hub_Back_Plate-1-solid110-mesh-normals" offset="1"/>
				<p>
3115 3115 3117 3117 3116 3116 
3117 3117 3115 3115 3118 3118 
</p>
			</triangles>
			<triangles count="2" material="Material108-satin_finish_aluminum">
				<input semantic="VERTEX" source="#A_Joint_4_Hub_Back_Plate-1-solid110-mesh-vertices" offset="0"/>
				<input semantic="NORMAL" source="#A_Joint_4_Hub_Back_Plate-1-solid110-mesh-normals" offset="1"/>
				<p>
3119 3119 3121 3121 3120 3120 
3121 3121 3119 3119 3122 3122 
</p>
			</triangles>
			<triangles count="2" material="Material109-satin_finish_aluminum">
				<input semantic="VERTEX" source="#A_Joint_4_Hub_Back_Plate-1-solid110-mesh-vertices" offset="0"/>
				<input semantic="NORMAL" source="#A_Joint_4_Hub_Back_Plate-1-solid110-mesh-normals" offset="1"/>
				<p>
3123 3123 3125 3125 3124 3124 
3123 3123 3124 3124 3126 3126 
</p>
			</triangles>
			<triangles count="2" material="Material110-satin_finish_aluminum">
				<input semantic="VERTEX" source="#A_Joint_4_Hub_Back_Plate-1-solid110-mesh-vertices" offset="0"/>
				<input semantic="NORMAL" source="#A_Joint_4_Hub_Back_Plate-1-solid110-mesh-normals" offset="1"/>
				<p>
3127 3127 3129 3129 3128 3128 
3127 3127 3128 3128 3130 3130 
</p>
			</triangles>
			<triangles count="2" material="Material111-satin_finish_aluminum">
				<input semantic="VERTEX" source="#A_Joint_4_Hub_Back_Plate-1-solid110-mesh-vertices" offset="0"/>
				<input semantic="NORMAL" source="#A_Joint_4_Hub_Back_Plate-1-solid110-mesh-normals" offset="1"/>
				<p>
3131 3131 3133 3133 3132 3132 
3131 3131 3132 3132 3134 3134 
</p>
			</triangles>
			<triangles count="2" material="Material112-satin_finish_aluminum">
				<input semantic="VERTEX" source="#A_Joint_4_Hub_Back_Plate-1-solid110-mesh-vertices" offset="0"/>
				<input semantic="NORMAL" source="#A_Joint_4_Hub_Back_Plate-1-solid110-mesh-normals" offset="1"/>
				<p>
3135 3135 3137 3137 3136 3136 
3135 3135 3136 3136 3138 3138 
</p>
			</triangles>
			<triangles count="2" material="Material113-satin_finish_aluminum">
				<input semantic="VERTEX" source="#A_Joint_4_Hub_Back_Plate-1-solid110-mesh-vertices" offset="0"/>
				<input semantic="NORMAL" source="#A_Joint_4_Hub_Back_Plate-1-solid110-mesh-normals" offset="1"/>
				<p>
3139 3139 3141 3141 3140 3140 
3141 3141 3139 3139 3142 3142 
</p>
			</triangles>
			<triangles count="18" material="Material114-satin_finish_aluminum">
				<input semantic="VERTEX" source="#A_Joint_4_Hub_Back_Plate-1-solid110-mesh-vertices" offset="0"/>
				<input semantic="NORMAL" source="#A_Joint_4_Hub_Back_Plate-1-solid110-mesh-normals" offset="1"/>
				<p>
3143 3143 3145 3145 3144 3144 
3146 3146 3147 3147 3143 3143 
3143 3143 3148 3148 3146 3146 
3149 3149 3150 3150 3148 3148 
3151 3151 3149 3149 3152 3152 
3146 3146 3152 3152 3153 3153 
3148 3148 3154 3154 3149 3149 
3149 3149 3151 3151 3150 3150 
3143 3143 3154 3154 3148 3148 
3152 3152 3146 3146 3151 3151 
3155 3155 3144 3144 3156 3156 
3157 3157 3146 3146 3153 3153 
3144 3144 3158 3158 3143 3143 
3143 3143 3147 3147 3145 3145 
3155 3155 3158 3158 3144 3144 
3155 3155 3156 3156 3157 3157 
3146 3146 3157 3157 3147 3147 
3155 3155 3157 3157 3153 3153 
</p>
			</triangles>
			<triangles count="2" material="Material115-satin_finish_aluminum">
				<input semantic="VERTEX" source="#A_Joint_4_Hub_Back_Plate-1-solid110-mesh-vertices" offset="0"/>
				<input semantic="NORMAL" source="#A_Joint_4_Hub_Back_Plate-1-solid110-mesh-normals" offset="1"/>
				<p>
3159 3159 3161 3161 3160 3160 
3161 3161 3159 3159 3162 3162 
</p>
			</triangles>
			<triangles count="2" material="Material116-satin_finish_aluminum">
				<input semantic="VERTEX" source="#A_Joint_4_Hub_Back_Plate-1-solid110-mesh-vertices" offset="0"/>
				<input semantic="NORMAL" source="#A_Joint_4_Hub_Back_Plate-1-solid110-mesh-normals" offset="1"/>
				<p>
3163 3163 3165 3165 3164 3164 
3163 3163 3164 3164 3166 3166 
</p>
			</triangles>
			<triangles count="2" material="Material117-satin_finish_aluminum">
				<input semantic="VERTEX" source="#A_Joint_4_Hub_Back_Plate-1-solid110-mesh-vertices" offset="0"/>
				<input semantic="NORMAL" source="#A_Joint_4_Hub_Back_Plate-1-solid110-mesh-normals" offset="1"/>
				<p>
3167 3167 3169 3169 3168 3168 
3167 3167 3168 3168 3170 3170 
</p>
			</triangles>
			<triangles count="2" material="Material118-satin_finish_aluminum">
				<input semantic="VERTEX" source="#A_Joint_4_Hub_Back_Plate-1-solid110-mesh-vertices" offset="0"/>
				<input semantic="NORMAL" source="#A_Joint_4_Hub_Back_Plate-1-solid110-mesh-normals" offset="1"/>
				<p>
3171 3171 3173 3173 3172 3172 
3173 3173 3171 3171 3174 3174 
</p>
			</triangles>
			<triangles count="2" material="Material119-satin_finish_aluminum">
				<input semantic="VERTEX" source="#A_Joint_4_Hub_Back_Plate-1-solid110-mesh-vertices" offset="0"/>
				<input semantic="NORMAL" source="#A_Joint_4_Hub_Back_Plate-1-solid110-mesh-normals" offset="1"/>
				<p>
3175 3175 3177 3177 3176 3176 
3175 3175 3176 3176 3178 3178 
</p>
			</triangles>
			<triangles count="2" material="Material120-satin_finish_aluminum">
				<input semantic="VERTEX" source="#A_Joint_4_Hub_Back_Plate-1-solid110-mesh-vertices" offset="0"/>
				<input semantic="NORMAL" source="#A_Joint_4_Hub_Back_Plate-1-solid110-mesh-normals" offset="1"/>
				<p>
3179 3179 3181 3181 3180 3180 
3179 3179 3180 3180 3182 3182 
</p>
			</triangles>
			<triangles count="2" material="Material121-satin_finish_aluminum">
				<input semantic="VERTEX" source="#A_Joint_4_Hub_Back_Plate-1-solid110-mesh-vertices" offset="0"/>
				<input semantic="NORMAL" source="#A_Joint_4_Hub_Back_Plate-1-solid110-mesh-normals" offset="1"/>
				<p>
3183 3183 3185 3185 3184 3184 
3183 3183 3184 3184 3186 3186 
</p>
			</triangles>
			<triangles count="2" material="Material122-satin_finish_aluminum">
				<input semantic="VERTEX" source="#A_Joint_4_Hub_Back_Plate-1-solid110-mesh-vertices" offset="0"/>
				<input semantic="NORMAL" source="#A_Joint_4_Hub_Back_Plate-1-solid110-mesh-normals" offset="1"/>
				<p>
3187 3187 3189 3189 3188 3188 
3189 3189 3187 3187 3190 3190 
</p>
			</triangles>
			<triangles count="2" material="Material123-satin_finish_aluminum">
				<input semantic="VERTEX" source="#A_Joint_4_Hub_Back_Plate-1-solid110-mesh-vertices" offset="0"/>
				<input semantic="NORMAL" source="#A_Joint_4_Hub_Back_Plate-1-solid110-mesh-normals" offset="1"/>
				<p>
3191 3191 3193 3193 3192 3192 
3193 3193 3191 3191 3194 3194 
</p>
			</triangles>
			<triangles count="2" material="Material124-satin_finish_aluminum">
				<input semantic="VERTEX" source="#A_Joint_4_Hub_Back_Plate-1-solid110-mesh-vertices" offset="0"/>
				<input semantic="NORMAL" source="#A_Joint_4_Hub_Back_Plate-1-solid110-mesh-normals" offset="1"/>
				<p>
3195 3195 3197 3197 3196 3196 
3195 3195 3198 3198 3197 3197 
</p>
			</triangles>
			<triangles count="2" material="Material125-satin_finish_aluminum">
				<input semantic="VERTEX" source="#A_Joint_4_Hub_Back_Plate-1-solid110-mesh-vertices" offset="0"/>
				<input semantic="NORMAL" source="#A_Joint_4_Hub_Back_Plate-1-solid110-mesh-normals" offset="1"/>
				<p>
3199 3199 3201 3201 3200 3200 
3201 3201 3199 3199 3202 3202 
</p>
			</triangles>
			<triangles count="1" material="Material126-satin_finish_aluminum">
				<input semantic="VERTEX" source="#A_Joint_4_Hub_Back_Plate-1-solid110-mesh-vertices" offset="0"/>
				<input semantic="NORMAL" source="#A_Joint_4_Hub_Back_Plate-1-solid110-mesh-normals" offset="1"/>
				<p>
3203 3203 3205 3205 3204 3204 
</p>
			</triangles>
			<triangles count="1" material="Material127-satin_finish_aluminum">
				<input semantic="VERTEX" source="#A_Joint_4_Hub_Back_Plate-1-solid110-mesh-vertices" offset="0"/>
				<input semantic="NORMAL" source="#A_Joint_4_Hub_Back_Plate-1-solid110-mesh-normals" offset="1"/>
				<p>
3206 3206 3208 3208 3207 3207 
</p>
			</triangles>
			<triangles count="2" material="Material128-satin_finish_aluminum">
				<input semantic="VERTEX" source="#A_Joint_4_Hub_Back_Plate-1-solid110-mesh-vertices" offset="0"/>
				<input semantic="NORMAL" source="#A_Joint_4_Hub_Back_Plate-1-solid110-mesh-normals" offset="1"/>
				<p>
3209 3209 3211 3211 3210 3210 
3211 3211 3209 3209 3212 3212 
</p>
			</triangles>
			<triangles count="1" material="Material129-satin_finish_aluminum">
				<input semantic="VERTEX" source="#A_Joint_4_Hub_Back_Plate-1-solid110-mesh-vertices" offset="0"/>
				<input semantic="NORMAL" source="#A_Joint_4_Hub_Back_Plate-1-solid110-mesh-normals" offset="1"/>
				<p>
3213 3213 3215 3215 3214 3214 
</p>
			</triangles>
			<triangles count="1" material="Material130-satin_finish_aluminum">
				<input semantic="VERTEX" source="#A_Joint_4_Hub_Back_Plate-1-solid110-mesh-vertices" offset="0"/>
				<input semantic="NORMAL" source="#A_Joint_4_Hub_Back_Plate-1-solid110-mesh-normals" offset="1"/>
				<p>
3216 3216 3218 3218 3217 3217 
</p>
			</triangles>
			<triangles count="2" material="Material131-satin_finish_aluminum">
				<input semantic="VERTEX" source="#A_Joint_4_Hub_Back_Plate-1-solid110-mesh-vertices" offset="0"/>
				<input semantic="NORMAL" source="#A_Joint_4_Hub_Back_Plate-1-solid110-mesh-normals" offset="1"/>
				<p>
3219 3219 3221 3221 3220 3220 
3221 3221 3219 3219 3222 3222 
</p>
			</triangles>
			<triangles count="1" material="Material132-satin_finish_aluminum">
				<input semantic="VERTEX" source="#A_Joint_4_Hub_Back_Plate-1-solid110-mesh-vertices" offset="0"/>
				<input semantic="NORMAL" source="#A_Joint_4_Hub_Back_Plate-1-solid110-mesh-normals" offset="1"/>
				<p>
3223 3223 3225 3225 3224 3224 
</p>
			</triangles>
			<triangles count="1" material="Material133-satin_finish_aluminum">
				<input semantic="VERTEX" source="#A_Joint_4_Hub_Back_Plate-1-solid110-mesh-vertices" offset="0"/>
				<input semantic="NORMAL" source="#A_Joint_4_Hub_Back_Plate-1-solid110-mesh-normals" offset="1"/>
				<p>
3226 3226 3228 3228 3227 3227 
</p>
			</triangles>
			<triangles count="10" material="Material134-satin_finish_aluminum">
				<input semantic="VERTEX" source="#A_Joint_4_Hub_Back_Plate-1-solid110-mesh-vertices" offset="0"/>
				<input semantic="NORMAL" source="#A_Joint_4_Hub_Back_Plate-1-solid110-mesh-normals" offset="1"/>
				<p>
3229 3229 3231 3231 3230 3230 
3232 3232 3234 3234 3233 3233 
3235 3235 3229 3229 3234 3234 
3231 3231 3229 3229 3235 3235 
3235 3235 3234 3234 3236 3236 
3237 3237 3239 3239 3238 3238 
3236 3236 3234 3234 3240 3240 
3234 3234 3232 3232 3240 3240 
3236 3236 3240 3240 3239 3239 
3237 3237 3236 3236 3239 3239 
</p>
			</triangles>
			<triangles count="2" material="Material135-satin_finish_aluminum">
				<input semantic="VERTEX" source="#A_Joint_4_Hub_Back_Plate-1-solid110-mesh-vertices" offset="0"/>
				<input semantic="NORMAL" source="#A_Joint_4_Hub_Back_Plate-1-solid110-mesh-normals" offset="1"/>
				<p>
3241 3241 3243 3243 3242 3242 
3243 3243 3241 3241 3244 3244 
</p>
			</triangles>
			<triangles count="2" material="Material136-satin_finish_aluminum">
				<input semantic="VERTEX" source="#A_Joint_4_Hub_Back_Plate-1-solid110-mesh-vertices" offset="0"/>
				<input semantic="NORMAL" source="#A_Joint_4_Hub_Back_Plate-1-solid110-mesh-normals" offset="1"/>
				<p>
3245 3245 3247 3247 3246 3246 
3247 3247 3245 3245 3248 3248 
</p>
			</triangles>
			<triangles count="2" material="Material137-satin_finish_aluminum">
				<input semantic="VERTEX" source="#A_Joint_4_Hub_Back_Plate-1-solid110-mesh-vertices" offset="0"/>
				<input semantic="NORMAL" source="#A_Joint_4_Hub_Back_Plate-1-solid110-mesh-normals" offset="1"/>
				<p>
3249 3249 3251 3251 3250 3250 
3251 3251 3249 3249 3252 3252 
</p>
			</triangles>
			<triangles count="2" material="Material138-satin_finish_aluminum">
				<input semantic="VERTEX" source="#A_Joint_4_Hub_Back_Plate-1-solid110-mesh-vertices" offset="0"/>
				<input semantic="NORMAL" source="#A_Joint_4_Hub_Back_Plate-1-solid110-mesh-normals" offset="1"/>
				<p>
3253 3253 3255 3255 3254 3254 
3253 3253 3254 3254 3256 3256 
</p>
			</triangles>
			<triangles count="2" material="Material139-satin_finish_aluminum">
				<input semantic="VERTEX" source="#A_Joint_4_Hub_Back_Plate-1-solid110-mesh-vertices" offset="0"/>
				<input semantic="NORMAL" source="#A_Joint_4_Hub_Back_Plate-1-solid110-mesh-normals" offset="1"/>
				<p>
3257 3257 3259 3259 3258 3258 
3257 3257 3258 3258 3260 3260 
</p>
			</triangles>
			<triangles count="2" material="Material140-satin_finish_aluminum">
				<input semantic="VERTEX" source="#A_Joint_4_Hub_Back_Plate-1-solid110-mesh-vertices" offset="0"/>
				<input semantic="NORMAL" source="#A_Joint_4_Hub_Back_Plate-1-solid110-mesh-normals" offset="1"/>
				<p>
3261 3261 3263 3263 3262 3262 
3261 3261 3262 3262 3264 3264 
</p>
			</triangles>
			<triangles count="13" material="Material141-satin_finish_aluminum">
				<input semantic="VERTEX" source="#A_Joint_4_Hub_Back_Plate-1-solid110-mesh-vertices" offset="0"/>
				<input semantic="NORMAL" source="#A_Joint_4_Hub_Back_Plate-1-solid110-mesh-normals" offset="1"/>
				<p>
3265 3265 3267 3267 3266 3266 
3268 3268 3267 3267 3265 3265 
3268 3268 3270 3270 3269 3269 
3271 3271 3269 3269 3272 3272 
3265 3265 3270 3270 3268 3268 
3273 3273 3269 3269 3271 3271 
3274 3274 3265 3265 3266 3266 
3274 3274 3266 3266 3275 3275 
3276 3276 3277 3277 3275 3275 
3274 3274 3275 3275 3277 3277 
3278 3278 3271 3271 3272 3272 
3279 3279 3276 3276 3278 3278 
3268 3268 3269 3269 3273 3273 
</p>
			</triangles>
			<triangles count="1" material="Material142-satin_finish_aluminum">
				<input semantic="VERTEX" source="#A_Joint_4_Hub_Back_Plate-1-solid110-mesh-vertices" offset="0"/>
				<input semantic="NORMAL" source="#A_Joint_4_Hub_Back_Plate-1-solid110-mesh-normals" offset="1"/>
				<p>
3280 3280 3282 3282 3281 3281 
</p>
			</triangles>
			<triangles count="1" material="Material143-satin_finish_aluminum">
				<input semantic="VERTEX" source="#A_Joint_4_Hub_Back_Plate-1-solid110-mesh-vertices" offset="0"/>
				<input semantic="NORMAL" source="#A_Joint_4_Hub_Back_Plate-1-solid110-mesh-normals" offset="1"/>
				<p>
3283 3283 3285 3285 3284 3284 
</p>
			</triangles>
			<triangles count="2" material="Material144-satin_finish_aluminum">
				<input semantic="VERTEX" source="#A_Joint_4_Hub_Back_Plate-1-solid110-mesh-vertices" offset="0"/>
				<input semantic="NORMAL" source="#A_Joint_4_Hub_Back_Plate-1-solid110-mesh-normals" offset="1"/>
				<p>
3286 3286 3288 3288 3287 3287 
3286 3286 3287 3287 3289 3289 
</p>
			</triangles>
			<triangles count="2" material="Material145-satin_finish_aluminum">
				<input semantic="VERTEX" source="#A_Joint_4_Hub_Back_Plate-1-solid110-mesh-vertices" offset="0"/>
				<input semantic="NORMAL" source="#A_Joint_4_Hub_Back_Plate-1-solid110-mesh-normals" offset="1"/>
				<p>
3290 3290 3292 3292 3291 3291 
3290 3290 3291 3291 3293 3293 
</p>
			</triangles>
			<triangles count="2" material="Material146-satin_finish_aluminum">
				<input semantic="VERTEX" source="#A_Joint_4_Hub_Back_Plate-1-solid110-mesh-vertices" offset="0"/>
				<input semantic="NORMAL" source="#A_Joint_4_Hub_Back_Plate-1-solid110-mesh-normals" offset="1"/>
				<p>
3294 3294 3296 3296 3295 3295 
3294 3294 3295 3295 3297 3297 
</p>
			</triangles>
			<triangles count="2" material="Material147-satin_finish_aluminum">
				<input semantic="VERTEX" source="#A_Joint_4_Hub_Back_Plate-1-solid110-mesh-vertices" offset="0"/>
				<input semantic="NORMAL" source="#A_Joint_4_Hub_Back_Plate-1-solid110-mesh-normals" offset="1"/>
				<p>
3298 3298 3300 3300 3299 3299 
3300 3300 3298 3298 3301 3301 
</p>
			</triangles>
			<triangles count="1" material="Material148-satin_finish_aluminum">
				<input semantic="VERTEX" source="#A_Joint_4_Hub_Back_Plate-1-solid110-mesh-vertices" offset="0"/>
				<input semantic="NORMAL" source="#A_Joint_4_Hub_Back_Plate-1-solid110-mesh-normals" offset="1"/>
				<p>
3302 3302 3304 3304 3303 3303 
</p>
			</triangles>
			<triangles count="1" material="Material149-satin_finish_aluminum">
				<input semantic="VERTEX" source="#A_Joint_4_Hub_Back_Plate-1-solid110-mesh-vertices" offset="0"/>
				<input semantic="NORMAL" source="#A_Joint_4_Hub_Back_Plate-1-solid110-mesh-normals" offset="1"/>
				<p>
3305 3305 3307 3307 3306 3306 
</p>
			</triangles>
			<triangles count="2" material="Material150-satin_finish_aluminum">
				<input semantic="VERTEX" source="#A_Joint_4_Hub_Back_Plate-1-solid110-mesh-vertices" offset="0"/>
				<input semantic="NORMAL" source="#A_Joint_4_Hub_Back_Plate-1-solid110-mesh-normals" offset="1"/>
				<p>
3308 3308 3310 3310 3309 3309 
3310 3310 3308 3308 3311 3311 
</p>
			</triangles>
			<triangles count="2" material="Material151-satin_finish_aluminum">
				<input semantic="VERTEX" source="#A_Joint_4_Hub_Back_Plate-1-solid110-mesh-vertices" offset="0"/>
				<input semantic="NORMAL" source="#A_Joint_4_Hub_Back_Plate-1-solid110-mesh-normals" offset="1"/>
				<p>
3312 3312 3314 3314 3313 3313 
3314 3314 3312 3312 3315 3315 
</p>
			</triangles>
			<triangles count="2" material="Material152-satin_finish_aluminum">
				<input semantic="VERTEX" source="#A_Joint_4_Hub_Back_Plate-1-solid110-mesh-vertices" offset="0"/>
				<input semantic="NORMAL" source="#A_Joint_4_Hub_Back_Plate-1-solid110-mesh-normals" offset="1"/>
				<p>
3316 3316 3318 3318 3317 3317 
3318 3318 3316 3316 3319 3319 
</p>
			</triangles>
			<triangles count="6" material="Material153-satin_finish_aluminum">
				<input semantic="VERTEX" source="#A_Joint_4_Hub_Back_Plate-1-solid110-mesh-vertices" offset="0"/>
				<input semantic="NORMAL" source="#A_Joint_4_Hub_Back_Plate-1-solid110-mesh-normals" offset="1"/>
				<p>
3320 3320 3322 3322 3321 3321 
3320 3320 3324 3324 3323 3323 
3322 3322 3325 3325 3321 3321 
3321 3321 3326 3326 3324 3324 
3324 3324 3320 3320 3321 3321 
3320 3320 3323 3323 3327 3327 
</p>
			</triangles>
			<triangles count="2" material="Material154-satin_finish_aluminum">
				<input semantic="VERTEX" source="#A_Joint_4_Hub_Back_Plate-1-solid110-mesh-vertices" offset="0"/>
				<input semantic="NORMAL" source="#A_Joint_4_Hub_Back_Plate-1-solid110-mesh-normals" offset="1"/>
				<p>
3328 3328 3330 3330 3329 3329 
3330 3330 3328 3328 3331 3331 
</p>
			</triangles>
			<triangles count="2" material="Material155-satin_finish_aluminum">
				<input semantic="VERTEX" source="#A_Joint_4_Hub_Back_Plate-1-solid110-mesh-vertices" offset="0"/>
				<input semantic="NORMAL" source="#A_Joint_4_Hub_Back_Plate-1-solid110-mesh-normals" offset="1"/>
				<p>
3332 3332 3334 3334 3333 3333 
3334 3334 3332 3332 3335 3335 
</p>
			</triangles>
			<triangles count="2" material="Material156-satin_finish_aluminum">
				<input semantic="VERTEX" source="#A_Joint_4_Hub_Back_Plate-1-solid110-mesh-vertices" offset="0"/>
				<input semantic="NORMAL" source="#A_Joint_4_Hub_Back_Plate-1-solid110-mesh-normals" offset="1"/>
				<p>
3336 3336 3338 3338 3337 3337 
3338 3338 3336 3336 3339 3339 
</p>
			</triangles>
			<triangles count="2" material="Material157-satin_finish_aluminum">
				<input semantic="VERTEX" source="#A_Joint_4_Hub_Back_Plate-1-solid110-mesh-vertices" offset="0"/>
				<input semantic="NORMAL" source="#A_Joint_4_Hub_Back_Plate-1-solid110-mesh-normals" offset="1"/>
				<p>
3340 3340 3342 3342 3341 3341 
3342 3342 3340 3340 3343 3343 
</p>
			</triangles>
			<triangles count="2" material="Material158-satin_finish_aluminum">
				<input semantic="VERTEX" source="#A_Joint_4_Hub_Back_Plate-1-solid110-mesh-vertices" offset="0"/>
				<input semantic="NORMAL" source="#A_Joint_4_Hub_Back_Plate-1-solid110-mesh-normals" offset="1"/>
				<p>
3344 3344 3346 3346 3345 3345 
3346 3346 3344 3344 3347 3347 
</p>
			</triangles>
			<triangles count="2" material="Material159-satin_finish_aluminum">
				<input semantic="VERTEX" source="#A_Joint_4_Hub_Back_Plate-1-solid110-mesh-vertices" offset="0"/>
				<input semantic="NORMAL" source="#A_Joint_4_Hub_Back_Plate-1-solid110-mesh-normals" offset="1"/>
				<p>
3348 3348 3350 3350 3349 3349 
3350 3350 3348 3348 3351 3351 
</p>
			</triangles>
			<triangles count="2" material="Material160-satin_finish_aluminum">
				<input semantic="VERTEX" source="#A_Joint_4_Hub_Back_Plate-1-solid110-mesh-vertices" offset="0"/>
				<input semantic="NORMAL" source="#A_Joint_4_Hub_Back_Plate-1-solid110-mesh-normals" offset="1"/>
				<p>
3352 3352 3354 3354 3353 3353 
3354 3354 3352 3352 3355 3355 
</p>
			</triangles>
			<triangles count="10" material="Material161-satin_finish_aluminum">
				<input semantic="VERTEX" source="#A_Joint_4_Hub_Back_Plate-1-solid110-mesh-vertices" offset="0"/>
				<input semantic="NORMAL" source="#A_Joint_4_Hub_Back_Plate-1-solid110-mesh-normals" offset="1"/>
				<p>
3356 3356 3358 3358 3357 3357 
3359 3359 3361 3361 3360 3360 
3357 3357 3358 3358 3362 3362 
3363 3363 3364 3364 3361 3361 
3359 3359 3362 3362 3363 3363 
3359 3359 3357 3357 3362 3362 
3361 3361 3359 3359 3363 3363 
3364 3364 3363 3363 3365 3365 
3365 3365 3362 3362 3364 3364 
3358 3358 3364 3364 3362 3362 
</p>
			</triangles>
			<triangles count="2" material="Material162-satin_finish_aluminum">
				<input semantic="VERTEX" source="#A_Joint_4_Hub_Back_Plate-1-solid110-mesh-vertices" offset="0"/>
				<input semantic="NORMAL" source="#A_Joint_4_Hub_Back_Plate-1-solid110-mesh-normals" offset="1"/>
				<p>
3366 3366 3368 3368 3367 3367 
3368 3368 3366 3366 3369 3369 
</p>
			</triangles>
			<triangles count="2" material="Material163-satin_finish_aluminum">
				<input semantic="VERTEX" source="#A_Joint_4_Hub_Back_Plate-1-solid110-mesh-vertices" offset="0"/>
				<input semantic="NORMAL" source="#A_Joint_4_Hub_Back_Plate-1-solid110-mesh-normals" offset="1"/>
				<p>
3370 3370 3372 3372 3371 3371 
3372 3372 3370 3370 3373 3373 
</p>
			</triangles>
			<triangles count="2" material="Material164-satin_finish_aluminum">
				<input semantic="VERTEX" source="#A_Joint_4_Hub_Back_Plate-1-solid110-mesh-vertices" offset="0"/>
				<input semantic="NORMAL" source="#A_Joint_4_Hub_Back_Plate-1-solid110-mesh-normals" offset="1"/>
				<p>
3374 3374 3376 3376 3375 3375 
3376 3376 3374 3374 3377 3377 
</p>
			</triangles>
			<triangles count="1" material="Material165-satin_finish_aluminum">
				<input semantic="VERTEX" source="#A_Joint_4_Hub_Back_Plate-1-solid110-mesh-vertices" offset="0"/>
				<input semantic="NORMAL" source="#A_Joint_4_Hub_Back_Plate-1-solid110-mesh-normals" offset="1"/>
				<p>
3378 3378 3380 3380 3379 3379 
</p>
			</triangles>
			<triangles count="2" material="Material166-satin_finish_aluminum">
				<input semantic="VERTEX" source="#A_Joint_4_Hub_Back_Plate-1-solid110-mesh-vertices" offset="0"/>
				<input semantic="NORMAL" source="#A_Joint_4_Hub_Back_Plate-1-solid110-mesh-normals" offset="1"/>
				<p>
3381 3381 3383 3383 3382 3382 
3383 3383 3381 3381 3384 3384 
</p>
			</triangles>
			<triangles count="2" material="Material167-satin_finish_aluminum">
				<input semantic="VERTEX" source="#A_Joint_4_Hub_Back_Plate-1-solid110-mesh-vertices" offset="0"/>
				<input semantic="NORMAL" source="#A_Joint_4_Hub_Back_Plate-1-solid110-mesh-normals" offset="1"/>
				<p>
3385 3385 3387 3387 3386 3386 
3385 3385 3386 3386 3388 3388 
</p>
			</triangles>
			<triangles count="2" material="Material168-satin_finish_aluminum">
				<input semantic="VERTEX" source="#A_Joint_4_Hub_Back_Plate-1-solid110-mesh-vertices" offset="0"/>
				<input semantic="NORMAL" source="#A_Joint_4_Hub_Back_Plate-1-solid110-mesh-normals" offset="1"/>
				<p>
3389 3389 3391 3391 3390 3390 
3389 3389 3390 3390 3392 3392 
</p>
			</triangles>
			<triangles count="2" material="Material169-satin_finish_aluminum">
				<input semantic="VERTEX" source="#A_Joint_4_Hub_Back_Plate-1-solid110-mesh-vertices" offset="0"/>
				<input semantic="NORMAL" source="#A_Joint_4_Hub_Back_Plate-1-solid110-mesh-normals" offset="1"/>
				<p>
3393 3393 3395 3395 3394 3394 
3393 3393 3394 3394 3396 3396 
</p>
			</triangles>
			<triangles count="1" material="Material170-satin_finish_aluminum">
				<input semantic="VERTEX" source="#A_Joint_4_Hub_Back_Plate-1-solid110-mesh-vertices" offset="0"/>
				<input semantic="NORMAL" source="#A_Joint_4_Hub_Back_Plate-1-solid110-mesh-normals" offset="1"/>
				<p>
3397 3397 3399 3399 3398 3398 
</p>
			</triangles>
			<triangles count="14" material="Material171-satin_finish_aluminum">
				<input semantic="VERTEX" source="#A_Joint_4_Hub_Back_Plate-1-solid110-mesh-vertices" offset="0"/>
				<input semantic="NORMAL" source="#A_Joint_4_Hub_Back_Plate-1-solid110-mesh-normals" offset="1"/>
				<p>
3400 3400 3402 3402 3401 3401 
3403 3403 3405 3405 3404 3404 
3403 3403 3406 3406 3405 3405 
3407 3407 3408 3408 3404 3404 
3401 3401 3409 3409 3400 3400 
3407 3407 3404 3404 3405 3405 
3408 3408 3407 3407 3410 3410 
3409 3409 3401 3401 3411 3411 
3411 3411 3412 3412 3409 3409 
3412 3412 3413 3413 3403 3403 
3413 3413 3406 3406 3403 3403 
3413 3413 3412 3412 3411 3411 
3408 3408 3410 3410 3409 3409 
3400 3400 3409 3409 3410 3410 
</p>
			</triangles>
			<triangles count="2" material="Material172-satin_finish_aluminum">
				<input semantic="VERTEX" source="#A_Joint_4_Hub_Back_Plate-1-solid110-mesh-vertices" offset="0"/>
				<input semantic="NORMAL" source="#A_Joint_4_Hub_Back_Plate-1-solid110-mesh-normals" offset="1"/>
				<p>
3414 3414 3416 3416 3415 3415 
3416 3416 3414 3414 3417 3417 
</p>
			</triangles>
			<triangles count="2" material="Material173-satin_finish_aluminum">
				<input semantic="VERTEX" source="#A_Joint_4_Hub_Back_Plate-1-solid110-mesh-vertices" offset="0"/>
				<input semantic="NORMAL" source="#A_Joint_4_Hub_Back_Plate-1-solid110-mesh-normals" offset="1"/>
				<p>
3418 3418 3420 3420 3419 3419 
3418 3418 3419 3419 3421 3421 
</p>
			</triangles>
			<triangles count="2" material="Material174-satin_finish_aluminum">
				<input semantic="VERTEX" source="#A_Joint_4_Hub_Back_Plate-1-solid110-mesh-vertices" offset="0"/>
				<input semantic="NORMAL" source="#A_Joint_4_Hub_Back_Plate-1-solid110-mesh-normals" offset="1"/>
				<p>
3422 3422 3424 3424 3423 3423 
3422 3422 3423 3423 3425 3425 
</p>
			</triangles>
			<triangles count="2" material="Material175-satin_finish_aluminum">
				<input semantic="VERTEX" source="#A_Joint_4_Hub_Back_Plate-1-solid110-mesh-vertices" offset="0"/>
				<input semantic="NORMAL" source="#A_Joint_4_Hub_Back_Plate-1-solid110-mesh-normals" offset="1"/>
				<p>
3426 3426 3428 3428 3427 3427 
3428 3428 3426 3426 3429 3429 
</p>
			</triangles>
			<triangles count="2" material="Material176-satin_finish_aluminum">
				<input semantic="VERTEX" source="#A_Joint_4_Hub_Back_Plate-1-solid110-mesh-vertices" offset="0"/>
				<input semantic="NORMAL" source="#A_Joint_4_Hub_Back_Plate-1-solid110-mesh-normals" offset="1"/>
				<p>
3430 3430 3432 3432 3431 3431 
3432 3432 3430 3430 3433 3433 
</p>
			</triangles>
			<triangles count="2" material="Material177-satin_finish_aluminum">
				<input semantic="VERTEX" source="#A_Joint_4_Hub_Back_Plate-1-solid110-mesh-vertices" offset="0"/>
				<input semantic="NORMAL" source="#A_Joint_4_Hub_Back_Plate-1-solid110-mesh-normals" offset="1"/>
				<p>
3434 3434 3436 3436 3435 3435 
3434 3434 3435 3435 3437 3437 
</p>
			</triangles>
			<triangles count="2" material="Material178-satin_finish_aluminum">
				<input semantic="VERTEX" source="#A_Joint_4_Hub_Back_Plate-1-solid110-mesh-vertices" offset="0"/>
				<input semantic="NORMAL" source="#A_Joint_4_Hub_Back_Plate-1-solid110-mesh-normals" offset="1"/>
				<p>
3438 3438 3440 3440 3439 3439 
3438 3438 3439 3439 3441 3441 
</p>
			</triangles>
			<triangles count="2" material="Material179-satin_finish_aluminum">
				<input semantic="VERTEX" source="#A_Joint_4_Hub_Back_Plate-1-solid110-mesh-vertices" offset="0"/>
				<input semantic="NORMAL" source="#A_Joint_4_Hub_Back_Plate-1-solid110-mesh-normals" offset="1"/>
				<p>
3442 3442 3444 3444 3443 3443 
3442 3442 3443 3443 3445 3445 
</p>
			</triangles>
			<triangles count="2" material="Material180-satin_finish_aluminum">
				<input semantic="VERTEX" source="#A_Joint_4_Hub_Back_Plate-1-solid110-mesh-vertices" offset="0"/>
				<input semantic="NORMAL" source="#A_Joint_4_Hub_Back_Plate-1-solid110-mesh-normals" offset="1"/>
				<p>
3446 3446 3448 3448 3447 3447 
3446 3446 3447 3447 3449 3449 
</p>
			</triangles>
			<triangles count="2" material="Material181-satin_finish_aluminum">
				<input semantic="VERTEX" source="#A_Joint_4_Hub_Back_Plate-1-solid110-mesh-vertices" offset="0"/>
				<input semantic="NORMAL" source="#A_Joint_4_Hub_Back_Plate-1-solid110-mesh-normals" offset="1"/>
				<p>
3450 3450 3452 3452 3451 3451 
3450 3450 3451 3451 3453 3453 
</p>
			</triangles>
			<triangles count="2" material="Material182-satin_finish_aluminum">
				<input semantic="VERTEX" source="#A_Joint_4_Hub_Back_Plate-1-solid110-mesh-vertices" offset="0"/>
				<input semantic="NORMAL" source="#A_Joint_4_Hub_Back_Plate-1-solid110-mesh-normals" offset="1"/>
				<p>
3454 3454 3456 3456 3455 3455 
3454 3454 3455 3455 3457 3457 
</p>
			</triangles>
			<triangles count="10" material="Material183-satin_finish_aluminum">
				<input semantic="VERTEX" source="#A_Joint_4_Hub_Back_Plate-1-solid110-mesh-vertices" offset="0"/>
				<input semantic="NORMAL" source="#A_Joint_4_Hub_Back_Plate-1-solid110-mesh-normals" offset="1"/>
				<p>
3458 3458 3460 3460 3459 3459 
3461 3461 3463 3463 3462 3462 
3462 3462 3465 3465 3464 3464 
3464 3464 3465 3465 3466 3466 
3458 3458 3464 3464 3466 3466 
3461 3461 3462 3462 3467 3467 
3465 3465 3462 3462 3463 3463 
3459 3459 3460 3460 3461 3461 
3461 3461 3467 3467 3459 3459 
3458 3458 3459 3459 3464 3464 
</p>
			</triangles>
			<triangles count="2" material="Material184-satin_finish_aluminum">
				<input semantic="VERTEX" source="#A_Joint_4_Hub_Back_Plate-1-solid110-mesh-vertices" offset="0"/>
				<input semantic="NORMAL" source="#A_Joint_4_Hub_Back_Plate-1-solid110-mesh-normals" offset="1"/>
				<p>
3468 3468 3470 3470 3469 3469 
3468 3468 3469 3469 3471 3471 
</p>
			</triangles>
			<triangles count="2" material="Material185-satin_finish_aluminum">
				<input semantic="VERTEX" source="#A_Joint_4_Hub_Back_Plate-1-solid110-mesh-vertices" offset="0"/>
				<input semantic="NORMAL" source="#A_Joint_4_Hub_Back_Plate-1-solid110-mesh-normals" offset="1"/>
				<p>
3472 3472 3474 3474 3473 3473 
3472 3472 3473 3473 3475 3475 
</p>
			</triangles>
			<triangles count="2" material="Material186-satin_finish_aluminum">
				<input semantic="VERTEX" source="#A_Joint_4_Hub_Back_Plate-1-solid110-mesh-vertices" offset="0"/>
				<input semantic="NORMAL" source="#A_Joint_4_Hub_Back_Plate-1-solid110-mesh-normals" offset="1"/>
				<p>
3476 3476 3478 3478 3477 3477 
3476 3476 3477 3477 3479 3479 
</p>
			</triangles>
			<triangles count="2" material="Material187-satin_finish_aluminum">
				<input semantic="VERTEX" source="#A_Joint_4_Hub_Back_Plate-1-solid110-mesh-vertices" offset="0"/>
				<input semantic="NORMAL" source="#A_Joint_4_Hub_Back_Plate-1-solid110-mesh-normals" offset="1"/>
				<p>
3480 3480 3482 3482 3481 3481 
3480 3480 3481 3481 3483 3483 
</p>
			</triangles>
			<triangles count="1" material="Material188-satin_finish_aluminum">
				<input semantic="VERTEX" source="#A_Joint_4_Hub_Back_Plate-1-solid110-mesh-vertices" offset="0"/>
				<input semantic="NORMAL" source="#A_Joint_4_Hub_Back_Plate-1-solid110-mesh-normals" offset="1"/>
				<p>
3484 3484 3486 3486 3485 3485 
</p>
			</triangles>
			<triangles count="1" material="Material189-satin_finish_aluminum">
				<input semantic="VERTEX" source="#A_Joint_4_Hub_Back_Plate-1-solid110-mesh-vertices" offset="0"/>
				<input semantic="NORMAL" source="#A_Joint_4_Hub_Back_Plate-1-solid110-mesh-normals" offset="1"/>
				<p>
3487 3487 3489 3489 3488 3488 
</p>
			</triangles>
			<triangles count="1" material="Material190-satin_finish_aluminum">
				<input semantic="VERTEX" source="#A_Joint_4_Hub_Back_Plate-1-solid110-mesh-vertices" offset="0"/>
				<input semantic="NORMAL" source="#A_Joint_4_Hub_Back_Plate-1-solid110-mesh-normals" offset="1"/>
				<p>
3490 3490 3492 3492 3491 3491 
</p>
			</triangles>
			<triangles count="2" material="Material191-satin_finish_aluminum">
				<input semantic="VERTEX" source="#A_Joint_4_Hub_Back_Plate-1-solid110-mesh-vertices" offset="0"/>
				<input semantic="NORMAL" source="#A_Joint_4_Hub_Back_Plate-1-solid110-mesh-normals" offset="1"/>
				<p>
3493 3493 3495 3495 3494 3494 
3493 3493 3494 3494 3496 3496 
</p>
			</triangles>
			<triangles count="1" material="Material192-satin_finish_aluminum">
				<input semantic="VERTEX" source="#A_Joint_4_Hub_Back_Plate-1-solid110-mesh-vertices" offset="0"/>
				<input semantic="NORMAL" source="#A_Joint_4_Hub_Back_Plate-1-solid110-mesh-normals" offset="1"/>
				<p>
3497 3497 3499 3499 3498 3498 
</p>
			</triangles>
			<triangles count="8" material="Material193-satin_finish_aluminum">
				<input semantic="VERTEX" source="#A_Joint_4_Hub_Back_Plate-1-solid110-mesh-vertices" offset="0"/>
				<input semantic="NORMAL" source="#A_Joint_4_Hub_Back_Plate-1-solid110-mesh-normals" offset="1"/>
				<p>
3500 3500 3502 3502 3501 3501 
3503 3503 3501 3501 3504 3504 
3500 3500 3501 3501 3503 3503 
3505 3505 3507 3507 3506 3506 
3508 3508 3505 3505 3506 3506 
3503 3503 3504 3504 3507 3507 
3506 3506 3507 3507 3504 3504 
3503 3503 3507 3507 3509 3509 
</p>
			</triangles>
			<triangles count="1" material="Material194-satin_finish_aluminum">
				<input semantic="VERTEX" source="#A_Joint_4_Hub_Back_Plate-1-solid110-mesh-vertices" offset="0"/>
				<input semantic="NORMAL" source="#A_Joint_4_Hub_Back_Plate-1-solid110-mesh-normals" offset="1"/>
				<p>
3510 3510 3512 3512 3511 3511 
</p>
			</triangles>
			<triangles count="1" material="Material195-satin_finish_aluminum">
				<input semantic="VERTEX" source="#A_Joint_4_Hub_Back_Plate-1-solid110-mesh-vertices" offset="0"/>
				<input semantic="NORMAL" source="#A_Joint_4_Hub_Back_Plate-1-solid110-mesh-normals" offset="1"/>
				<p>
3513 3513 3515 3515 3514 3514 
</p>
			</triangles>
			<triangles count="1" material="Material196-satin_finish_aluminum">
				<input semantic="VERTEX" source="#A_Joint_4_Hub_Back_Plate-1-solid110-mesh-vertices" offset="0"/>
				<input semantic="NORMAL" source="#A_Joint_4_Hub_Back_Plate-1-solid110-mesh-normals" offset="1"/>
				<p>
3516 3516 3518 3518 3517 3517 
</p>
			</triangles>
			<triangles count="1" material="Material197-satin_finish_aluminum">
				<input semantic="VERTEX" source="#A_Joint_4_Hub_Back_Plate-1-solid110-mesh-vertices" offset="0"/>
				<input semantic="NORMAL" source="#A_Joint_4_Hub_Back_Plate-1-solid110-mesh-normals" offset="1"/>
				<p>
3519 3519 3521 3521 3520 3520 
</p>
			</triangles>
			<triangles count="4" material="Material198-satin_finish_aluminum">
				<input semantic="VERTEX" source="#A_Joint_4_Hub_Back_Plate-1-solid110-mesh-vertices" offset="0"/>
				<input semantic="NORMAL" source="#A_Joint_4_Hub_Back_Plate-1-solid110-mesh-normals" offset="1"/>
				<p>
3522 3522 3524 3524 3523 3523 
3522 3522 3525 3525 3524 3524 
3526 3526 3524 3524 3527 3527 
3527 3527 3524 3524 3525 3525 
</p>
			</triangles>
			<triangles count="1" material="Material199-satin_finish_aluminum">
				<input semantic="VERTEX" source="#A_Joint_4_Hub_Back_Plate-1-solid110-mesh-vertices" offset="0"/>
				<input semantic="NORMAL" source="#A_Joint_4_Hub_Back_Plate-1-solid110-mesh-normals" offset="1"/>
				<p>
3528 3528 3530 3530 3529 3529 
</p>
			</triangles>
			<triangles count="1" material="Material200-satin_finish_aluminum">
				<input semantic="VERTEX" source="#A_Joint_4_Hub_Back_Plate-1-solid110-mesh-vertices" offset="0"/>
				<input semantic="NORMAL" source="#A_Joint_4_Hub_Back_Plate-1-solid110-mesh-normals" offset="1"/>
				<p>
3531 3531 3533 3533 3532 3532 
</p>
			</triangles>
			<triangles count="2" material="Material201-satin_finish_aluminum">
				<input semantic="VERTEX" source="#A_Joint_4_Hub_Back_Plate-1-solid110-mesh-vertices" offset="0"/>
				<input semantic="NORMAL" source="#A_Joint_4_Hub_Back_Plate-1-solid110-mesh-normals" offset="1"/>
				<p>
3534 3534 3536 3536 3535 3535 
3536 3536 3534 3534 3537 3537 
</p>
			</triangles>
			<triangles count="2" material="Material202-satin_finish_aluminum">
				<input semantic="VERTEX" source="#A_Joint_4_Hub_Back_Plate-1-solid110-mesh-vertices" offset="0"/>
				<input semantic="NORMAL" source="#A_Joint_4_Hub_Back_Plate-1-solid110-mesh-normals" offset="1"/>
				<p>
3538 3538 3540 3540 3539 3539 
3540 3540 3538 3538 3541 3541 
</p>
			</triangles>
			<triangles count="1" material="Material203-satin_finish_aluminum">
				<input semantic="VERTEX" source="#A_Joint_4_Hub_Back_Plate-1-solid110-mesh-vertices" offset="0"/>
				<input semantic="NORMAL" source="#A_Joint_4_Hub_Back_Plate-1-solid110-mesh-normals" offset="1"/>
				<p>
3542 3542 3544 3544 3543 3543 
</p>
			</triangles>
			<triangles count="1" material="Material204-satin_finish_aluminum">
				<input semantic="VERTEX" source="#A_Joint_4_Hub_Back_Plate-1-solid110-mesh-vertices" offset="0"/>
				<input semantic="NORMAL" source="#A_Joint_4_Hub_Back_Plate-1-solid110-mesh-normals" offset="1"/>
				<p>
3545 3545 3547 3547 3546 3546 
</p>
			</triangles>
			<triangles count="2" material="Material205-satin_finish_aluminum">
				<input semantic="VERTEX" source="#A_Joint_4_Hub_Back_Plate-1-solid110-mesh-vertices" offset="0"/>
				<input semantic="NORMAL" source="#A_Joint_4_Hub_Back_Plate-1-solid110-mesh-normals" offset="1"/>
				<p>
3548 3548 3550 3550 3549 3549 
3550 3550 3548 3548 3551 3551 
</p>
			</triangles>
			<triangles count="2" material="Material206-satin_finish_aluminum">
				<input semantic="VERTEX" source="#A_Joint_4_Hub_Back_Plate-1-solid110-mesh-vertices" offset="0"/>
				<input semantic="NORMAL" source="#A_Joint_4_Hub_Back_Plate-1-solid110-mesh-normals" offset="1"/>
				<p>
3552 3552 3554 3554 3553 3553 
3554 3554 3552 3552 3555 3555 
</p>
			</triangles>
			<triangles count="8" material="Material207-satin_finish_aluminum">
				<input semantic="VERTEX" source="#A_Joint_4_Hub_Back_Plate-1-solid110-mesh-vertices" offset="0"/>
				<input semantic="NORMAL" source="#A_Joint_4_Hub_Back_Plate-1-solid110-mesh-normals" offset="1"/>
				<p>
3556 3556 3558 3558 3557 3557 
3559 3559 3561 3561 3560 3560 
3560 3560 3561 3561 3562 3562 
3557 3557 3562 3562 3561 3561 
3561 3561 3563 3563 3557 3557 
3563 3563 3556 3556 3557 3557 
3564 3564 3558 3558 3556 3556 
3556 3556 3565 3565 3564 3564 
</p>
			</triangles>
			<triangles count="1" material="Material208-satin_finish_aluminum">
				<input semantic="VERTEX" source="#A_Joint_4_Hub_Back_Plate-1-solid110-mesh-vertices" offset="0"/>
				<input semantic="NORMAL" source="#A_Joint_4_Hub_Back_Plate-1-solid110-mesh-normals" offset="1"/>
				<p>
3566 3566 3568 3568 3567 3567 
</p>
			</triangles>
			<triangles count="1" material="Material209-satin_finish_aluminum">
				<input semantic="VERTEX" source="#A_Joint_4_Hub_Back_Plate-1-solid110-mesh-vertices" offset="0"/>
				<input semantic="NORMAL" source="#A_Joint_4_Hub_Back_Plate-1-solid110-mesh-normals" offset="1"/>
				<p>
3569 3569 3571 3571 3570 3570 
</p>
			</triangles>
			<triangles count="2" material="Material210-satin_finish_aluminum">
				<input semantic="VERTEX" source="#A_Joint_4_Hub_Back_Plate-1-solid110-mesh-vertices" offset="0"/>
				<input semantic="NORMAL" source="#A_Joint_4_Hub_Back_Plate-1-solid110-mesh-normals" offset="1"/>
				<p>
3572 3572 3574 3574 3573 3573 
3572 3572 3573 3573 3575 3575 
</p>
			</triangles>
			<triangles count="2" material="Material211-satin_finish_aluminum">
				<input semantic="VERTEX" source="#A_Joint_4_Hub_Back_Plate-1-solid110-mesh-vertices" offset="0"/>
				<input semantic="NORMAL" source="#A_Joint_4_Hub_Back_Plate-1-solid110-mesh-normals" offset="1"/>
				<p>
3576 3576 3578 3578 3577 3577 
3576 3576 3577 3577 3579 3579 
</p>
			</triangles>
			<triangles count="2" material="Material212-satin_finish_aluminum">
				<input semantic="VERTEX" source="#A_Joint_4_Hub_Back_Plate-1-solid110-mesh-vertices" offset="0"/>
				<input semantic="NORMAL" source="#A_Joint_4_Hub_Back_Plate-1-solid110-mesh-normals" offset="1"/>
				<p>
3580 3580 3582 3582 3581 3581 
3580 3580 3581 3581 3583 3583 
</p>
			</triangles>
			<triangles count="2" material="Material213-satin_finish_aluminum">
				<input semantic="VERTEX" source="#A_Joint_4_Hub_Back_Plate-1-solid110-mesh-vertices" offset="0"/>
				<input semantic="NORMAL" source="#A_Joint_4_Hub_Back_Plate-1-solid110-mesh-normals" offset="1"/>
				<p>
3584 3584 3586 3586 3585 3585 
3584 3584 3585 3585 3587 3587 
</p>
			</triangles>
			<triangles count="2" material="Material214-satin_finish_aluminum">
				<input semantic="VERTEX" source="#A_Joint_4_Hub_Back_Plate-1-solid110-mesh-vertices" offset="0"/>
				<input semantic="NORMAL" source="#A_Joint_4_Hub_Back_Plate-1-solid110-mesh-normals" offset="1"/>
				<p>
3588 3588 3590 3590 3589 3589 
3588 3588 3589 3589 3591 3591 
</p>
			</triangles>
			<triangles count="2" material="Material215-satin_finish_aluminum">
				<input semantic="VERTEX" source="#A_Joint_4_Hub_Back_Plate-1-solid110-mesh-vertices" offset="0"/>
				<input semantic="NORMAL" source="#A_Joint_4_Hub_Back_Plate-1-solid110-mesh-normals" offset="1"/>
				<p>
3592 3592 3594 3594 3593 3593 
3594 3594 3592 3592 3595 3595 
</p>
			</triangles>
			<triangles count="2" material="Material216-satin_finish_aluminum">
				<input semantic="VERTEX" source="#A_Joint_4_Hub_Back_Plate-1-solid110-mesh-vertices" offset="0"/>
				<input semantic="NORMAL" source="#A_Joint_4_Hub_Back_Plate-1-solid110-mesh-normals" offset="1"/>
				<p>
3596 3596 3598 3598 3597 3597 
3596 3596 3597 3597 3599 3599 
</p>
			</triangles>
			<triangles count="14" material="Material217-satin_finish_aluminum">
				<input semantic="VERTEX" source="#A_Joint_4_Hub_Back_Plate-1-solid110-mesh-vertices" offset="0"/>
				<input semantic="NORMAL" source="#A_Joint_4_Hub_Back_Plate-1-solid110-mesh-normals" offset="1"/>
				<p>
3600 3600 3602 3602 3601 3601 
3603 3603 3605 3605 3604 3604 
3606 3606 3600 3600 3601 3601 
3607 3607 3609 3609 3608 3608 
3610 3610 3611 3611 3606 3606 
3612 3612 3604 3604 3613 3613 
3609 3609 3603 3603 3608 3608 
3604 3604 3608 3608 3603 3603 
3602 3602 3600 3600 3605 3605 
3601 3601 3610 3610 3606 3606 
3613 3613 3605 3605 3600 3600 
3610 3610 3612 3612 3611 3611 
3604 3604 3605 3605 3613 3613 
3612 3612 3613 3613 3611 3611 
</p>
			</triangles>
			<triangles count="2" material="Material218-satin_finish_aluminum">
				<input semantic="VERTEX" source="#A_Joint_4_Hub_Back_Plate-1-solid110-mesh-vertices" offset="0"/>
				<input semantic="NORMAL" source="#A_Joint_4_Hub_Back_Plate-1-solid110-mesh-normals" offset="1"/>
				<p>
3614 3614 3616 3616 3615 3615 
3616 3616 3614 3614 3617 3617 
</p>
			</triangles>
			<triangles count="2" material="Material219-satin_finish_aluminum">
				<input semantic="VERTEX" source="#A_Joint_4_Hub_Back_Plate-1-solid110-mesh-vertices" offset="0"/>
				<input semantic="NORMAL" source="#A_Joint_4_Hub_Back_Plate-1-solid110-mesh-normals" offset="1"/>
				<p>
3618 3618 3620 3620 3619 3619 
3618 3618 3619 3619 3621 3621 
</p>
			</triangles>
			<triangles count="2" material="Material220-satin_finish_aluminum">
				<input semantic="VERTEX" source="#A_Joint_4_Hub_Back_Plate-1-solid110-mesh-vertices" offset="0"/>
				<input semantic="NORMAL" source="#A_Joint_4_Hub_Back_Plate-1-solid110-mesh-normals" offset="1"/>
				<p>
3622 3622 3624 3624 3623 3623 
3622 3622 3623 3623 3625 3625 
</p>
			</triangles>
			<triangles count="2" material="Material221-satin_finish_aluminum">
				<input semantic="VERTEX" source="#A_Joint_4_Hub_Back_Plate-1-solid110-mesh-vertices" offset="0"/>
				<input semantic="NORMAL" source="#A_Joint_4_Hub_Back_Plate-1-solid110-mesh-normals" offset="1"/>
				<p>
3626 3626 3628 3628 3627 3627 
3626 3626 3627 3627 3629 3629 
</p>
			</triangles>
			<triangles count="3" material="Material222-satin_finish_aluminum">
				<input semantic="VERTEX" source="#A_Joint_4_Hub_Back_Plate-1-solid110-mesh-vertices" offset="0"/>
				<input semantic="NORMAL" source="#A_Joint_4_Hub_Back_Plate-1-solid110-mesh-normals" offset="1"/>
				<p>
3630 3630 3632 3632 3631 3631 
3630 3630 3633 3633 3632 3632 
3633 3633 3634 3634 3632 3632 
</p>
			</triangles>
			<triangles count="5" material="Material223-satin_finish_aluminum">
				<input semantic="VERTEX" source="#A_Joint_4_Hub_Back_Plate-1-solid110-mesh-vertices" offset="0"/>
				<input semantic="NORMAL" source="#A_Joint_4_Hub_Back_Plate-1-solid110-mesh-normals" offset="1"/>
				<p>
3635 3635 3637 3637 3636 3636 
3637 3637 3635 3635 3638 3638 
3639 3639 3638 3638 3635 3635 
3638 3638 3639 3639 3640 3640 
3639 3639 3641 3641 3640 3640 
</p>
			</triangles>
			<triangles count="1" material="Material224-satin_finish_aluminum">
				<input semantic="VERTEX" source="#A_Joint_4_Hub_Back_Plate-1-solid110-mesh-vertices" offset="0"/>
				<input semantic="NORMAL" source="#A_Joint_4_Hub_Back_Plate-1-solid110-mesh-normals" offset="1"/>
				<p>
3642 3642 3644 3644 3643 3643 
</p>
			</triangles>
			<triangles count="3" material="Material225-satin_finish_aluminum">
				<input semantic="VERTEX" source="#A_Joint_4_Hub_Back_Plate-1-solid110-mesh-vertices" offset="0"/>
				<input semantic="NORMAL" source="#A_Joint_4_Hub_Back_Plate-1-solid110-mesh-normals" offset="1"/>
				<p>
3645 3645 3647 3647 3646 3646 
3645 3645 3648 3648 3647 3647 
3648 3648 3649 3649 3647 3647 
</p>
			</triangles>
			<triangles count="2" material="Material226-satin_finish_aluminum">
				<input semantic="VERTEX" source="#A_Joint_4_Hub_Back_Plate-1-solid110-mesh-vertices" offset="0"/>
				<input semantic="NORMAL" source="#A_Joint_4_Hub_Back_Plate-1-solid110-mesh-normals" offset="1"/>
				<p>
3650 3650 3652 3652 3651 3651 
3651 3651 3653 3653 3650 3650 
</p>
			</triangles>
			<triangles count="2" material="Material227-satin_finish_aluminum">
				<input semantic="VERTEX" source="#A_Joint_4_Hub_Back_Plate-1-solid110-mesh-vertices" offset="0"/>
				<input semantic="NORMAL" source="#A_Joint_4_Hub_Back_Plate-1-solid110-mesh-normals" offset="1"/>
				<p>
3654 3654 3656 3656 3655 3655 
3654 3654 3655 3655 3657 3657 
</p>
			</triangles>
			<triangles count="20" material="Material228-satin_finish_aluminum">
				<input semantic="VERTEX" source="#A_Joint_4_Hub_Back_Plate-1-solid110-mesh-vertices" offset="0"/>
				<input semantic="NORMAL" source="#A_Joint_4_Hub_Back_Plate-1-solid110-mesh-normals" offset="1"/>
				<p>
3658 3658 3660 3660 3659 3659 
3661 3661 3663 3663 3662 3662 
3664 3664 3666 3666 3665 3665 
3667 3667 3669 3669 3668 3668 
3670 3670 3672 3672 3671 3671 
3673 3673 3675 3675 3674 3674 
3674 3674 3676 3676 3673 3673 
3660 3660 3675 3675 3677 3677 
3673 3673 3677 3677 3675 3675 
3659 3659 3660 3660 3677 3677 
3676 3676 3669 3669 3667 3667 
3669 3669 3676 3676 3674 3674 
3672 3672 3668 3668 3671 3671 
3672 3672 3667 3667 3668 3668 
3670 3670 3661 3661 3662 3662 
3670 3670 3671 3671 3661 3661 
3663 3663 3664 3664 3665 3665 
3662 3662 3663 3663 3665 3665 
3658 3658 3659 3659 3666 3666 
3664 3664 3658 3658 3666 3666 
</p>
			</triangles>
			<triangles count="20" material="Material229-satin_finish_aluminum">
				<input semantic="VERTEX" source="#A_Joint_4_Hub_Back_Plate-1-solid110-mesh-vertices" offset="0"/>
				<input semantic="NORMAL" source="#A_Joint_4_Hub_Back_Plate-1-solid110-mesh-normals" offset="1"/>
				<p>
3678 3678 3680 3680 3679 3679 
3681 3681 3683 3683 3682 3682 
3684 3684 3686 3686 3685 3685 
3687 3687 3689 3689 3688 3688 
3690 3690 3692 3692 3691 3691 
3693 3693 3695 3695 3694 3694 
3694 3694 3696 3696 3693 3693 
3680 3680 3695 3695 3697 3697 
3693 3693 3697 3697 3695 3695 
3679 3679 3680 3680 3697 3697 
3696 3696 3689 3689 3687 3687 
3689 3689 3696 3696 3694 3694 
3692 3692 3688 3688 3691 3691 
3692 3692 3687 3687 3688 3688 
3690 3690 3681 3681 3682 3682 
3690 3690 3691 3691 3681 3681 
3683 3683 3684 3684 3685 3685 
3682 3682 3683 3683 3685 3685 
3678 3678 3679 3679 3686 3686 
3684 3684 3678 3678 3686 3686 
</p>
			</triangles>
			<triangles count="20" material="Material230-satin_finish_aluminum">
				<input semantic="VERTEX" source="#A_Joint_4_Hub_Back_Plate-1-solid110-mesh-vertices" offset="0"/>
				<input semantic="NORMAL" source="#A_Joint_4_Hub_Back_Plate-1-solid110-mesh-normals" offset="1"/>
				<p>
3698 3698 3700 3700 3699 3699 
3701 3701 3703 3703 3702 3702 
3704 3704 3706 3706 3705 3705 
3707 3707 3709 3709 3708 3708 
3710 3710 3712 3712 3711 3711 
3713 3713 3715 3715 3714 3714 
3714 3714 3716 3716 3713 3713 
3700 3700 3715 3715 3717 3717 
3713 3713 3717 3717 3715 3715 
3699 3699 3700 3700 3717 3717 
3716 3716 3709 3709 3707 3707 
3709 3709 3716 3716 3714 3714 
3712 3712 3708 3708 3711 3711 
3712 3712 3707 3707 3708 3708 
3710 3710 3701 3701 3702 3702 
3710 3710 3711 3711 3701 3701 
3703 3703 3704 3704 3705 3705 
3702 3702 3703 3703 3705 3705 
3698 3698 3699 3699 3706 3706 
3704 3704 3698 3698 3706 3706 
</p>
			</triangles>
			<triangles count="74" material="Material231-satin_finish_aluminum">
				<input semantic="VERTEX" source="#A_Joint_4_Hub_Back_Plate-1-solid110-mesh-vertices" offset="0"/>
				<input semantic="NORMAL" source="#A_Joint_4_Hub_Back_Plate-1-solid110-mesh-normals" offset="1"/>
				<p>
3718 3718 3720 3720 3719 3719 
3721 3721 3723 3723 3722 3722 
3724 3724 3726 3726 3725 3725 
3727 3727 3729 3729 3728 3728 
3730 3730 3732 3732 3731 3731 
3733 3733 3735 3735 3734 3734 
3736 3736 3738 3738 3737 3737 
3739 3739 3741 3741 3740 3740 
3742 3742 3744 3744 3743 3743 
3745 3745 3747 3747 3746 3746 
3748 3748 3750 3750 3749 3749 
3751 3751 3753 3753 3752 3752 
3754 3754 3756 3756 3755 3755 
3757 3757 3759 3759 3758 3758 
3760 3760 3762 3762 3761 3761 
3763 3763 3765 3765 3764 3764 
3766 3766 3768 3768 3767 3767 
3769 3769 3771 3771 3770 3770 
3772 3772 3774 3774 3773 3773 
3775 3775 3774 3774 3776 3776 
3772 3772 3778 3778 3777 3777 
3778 3778 3772 3772 3773 3773 
3779 3779 3780 3780 3777 3777 
3777 3777 3778 3778 3779 3779 
3781 3781 3780 3780 3782 3782 
3779 3779 3782 3782 3780 3780 
3781 3781 3784 3784 3783 3783 
3784 3784 3781 3781 3782 3782 
3785 3785 3786 3786 3783 3783 
3783 3783 3784 3784 3785 3785 
3787 3787 3786 3786 3788 3788 
3785 3785 3788 3788 3786 3786 
3787 3787 3790 3790 3789 3789 
3790 3790 3787 3787 3788 3788 
3791 3791 3722 3722 3789 3789 
3789 3789 3790 3790 3791 3791 
3775 3775 3776 3776 3767 3767 
3791 3791 3721 3721 3722 3722 
3774 3774 3775 3775 3773 3773 
3769 3769 3768 3768 3766 3766 
3766 3766 3767 3767 3776 3776 
3762 3762 3770 3770 3771 3771 
3770 3770 3768 3768 3769 3769 
3760 3760 3761 3761 3764 3764 
3762 3762 3771 3771 3761 3761 
3765 3765 3763 3763 3754 3754 
3760 3760 3764 3764 3765 3765 
3756 3756 3759 3759 3755 3755 
3763 3763 3756 3756 3754 3754 
3758 3758 3749 3749 3757 3757 
3759 3759 3757 3757 3755 3755 
3751 3751 3750 3750 3748 3748 
3748 3748 3749 3749 3758 3758 
3744 3744 3752 3752 3753 3753 
3752 3752 3750 3750 3751 3751 
3742 3742 3743 3743 3746 3746 
3744 3744 3753 3753 3743 3743 
3747 3747 3745 3745 3736 3736 
3742 3742 3746 3746 3747 3747 
3738 3738 3741 3741 3737 3737 
3745 3745 3738 3738 3736 3736 
3740 3740 3731 3731 3739 3739 
3741 3741 3739 3739 3737 3737 
3733 3733 3732 3732 3730 3730 
3730 3730 3731 3731 3740 3740 
3726 3726 3734 3734 3735 3735 
3734 3734 3732 3732 3733 3733 
3724 3724 3725 3725 3727 3727 
3726 3726 3735 3735 3725 3725 
3728 3728 3729 3729 3719 3719 
3724 3724 3727 3727 3728 3728 
3718 3718 3723 3723 3720 3720 
3729 3729 3718 3718 3719 3719 
3721 3721 3720 3720 3723 3723 
</p>
			</triangles>
		</mesh>
	</geometry>
	<geometry id="A_Joint_4_Hub_Front_Plate-1-solid111" name="A_Joint_4_Hub_Front_Plate-1-solid111">
		<mesh>
			<source id="A_Joint_4_Hub_Front_Plate-1-solid111-mesh-positions">
				<float_array id="A_Joint_4_Hub_Front_Plate-1-solid111-mesh-positions-array" count="5244">
744.191 887.577 1363.44 
744.191 887.577 1366.61 
744.191 880.145 1366.61 
742.968 894.908 1363.44 
742.968 894.908 1366.61 
740.555 901.937 1366.61 
740.555 901.937 1363.44 
737.017 908.474 1363.44 
737.017 908.474 1366.61 
732.452 914.339 1363.44 
732.452 914.339 1366.61 
726.984 919.372 1366.61 
726.984 919.372 1363.44 
720.762 923.437 1363.44 
720.762 923.437 1366.61 
713.956 926.423 1363.44 
713.956 926.423 1366.61 
706.752 928.247 1366.61 
706.752 928.247 1363.44 
699.345 928.861 1363.44 
699.345 928.861 1366.61 
744.191 880.145 1363.44 
742.968 872.814 1366.61 
742.968 872.814 1363.44 
740.555 865.785 1366.61 
740.555 865.785 1363.44 
737.017 859.248 1363.44 
737.017 859.248 1366.61 
732.452 853.383 1366.61 
732.452 853.383 1363.44 
726.984 848.35 1366.61 
726.984 848.35 1363.44 
720.762 844.285 1363.44 
720.762 844.285 1366.61 
713.956 841.299 1366.61 
713.956 841.299 1363.44 
706.752 839.475 1366.61 
706.752 839.475 1363.44 
699.345 838.861 1366.61 
699.345 838.861 1363.44 
699.345 928.861 1363.44 
643.345 928.861 1366.61 
699.345 928.861 1366.61 
643.345 928.861 1363.44 
643.345 928.861 1366.61 
643.345 838.861 1363.44 
643.345 838.861 1366.61 
643.345 928.861 1363.44 
643.345 838.861 1363.44 
699.345 838.861 1366.61 
643.345 838.861 1366.61 
699.345 838.861 1363.44 
732.486 861.263 1366.61 
731.979 861.632 1366.61 
732.452 853.383 1366.61 
736.92 903.238 1366.61 
740.555 901.937 1366.61 
736.986 903.862 1366.61 
731.051 864.484 1366.61 
720.265 869.722 1366.61 
730.986 863.861 1366.61 
712.883 855.476 1366.61 
713.222 854.929 1366.61 
714.359 863.56 1366.61 
723.78 877.499 1366.61 
727.854 873.012 1366.61 
728.43 873.298 1366.61 
728.43 869.932 1366.61 
731.558 865.624 1366.61 
729.071 869.873 1366.61 
730.541 895.475 1366.61 
742.968 894.908 1366.61 
730.659 896.107 1366.61 
744.191 887.577 1366.61 
724.504 886.002 1366.61 
744.191 880.145 1366.61 
731.558 905.624 1366.61 
732.452 914.339 1366.61 
713.223 912.793 1366.61 
700.272 921.008 1366.61 
699.659 920.878 1366.61 
702.552 908.907 1366.61 
666.71 906.091 1366.61 
685.379 913.103 1366.61 
685.379 913.746 1366.61 
699.345 928.861 1366.61 
700.844 926.459 1366.61 
706.752 928.247 1366.61 
736.412 905.625 1366.61 
736.726 905.081 1366.61 
737.017 908.474 1366.61 
720.762 923.437 1366.61 
712.883 914.605 1366.61 
713.222 914.058 1366.61 
726.984 919.372 1366.61 
643.345 838.861 1366.61 
647.345 856.861 1366.61 
647.41 857.484 1366.61 
687.878 855.864 1366.61 
688.392 855.476 1366.61 
689.93 860.432 1366.61 
710.712 861.315 1366.61 
711.112 855.98 1366.61 
711.752 856.039 1366.61 
700.844 846.459 1366.61 
709.871 853.975 1366.61 
700.272 846.714 1366.61 
662.276 905.624 1366.61 
662.696 906.09 1366.61 
653.279 910.238 1366.61 
697.845 841.263 1366.61 
699.345 838.861 1366.61 
698.419 841.008 1366.61 
653.085 912.081 1366.61 
653.279 911.485 1366.61 
663.776 906.714 1366.61 
653.345 910.862 1366.61 
661.963 905.08 1366.61 
653.085 909.641 1366.61 
686.044 914.822 1366.61 
686.62 915.108 1366.61 
696.604 925.08 1366.61 
710.103 914.346 1366.61 
700.846 921.263 1366.61 
709.87 913.746 1366.61 
696.917 925.624 1366.61 
697.337 926.09 1366.61 
701.351 926.091 1366.61 
701.771 925.625 1366.61 
711.112 915.108 1366.61 
713.956 926.423 1366.61 
702.279 923.238 1366.61 
731.245 905.08 1366.61 
731.051 904.484 1366.61 
717.574 901.333 1366.61 
730.986 903.861 1366.61 
720.265 898 1366.61 
731.052 903.237 1366.61 
735.487 901.263 1366.61 
734.913 901.008 1366.61 
735.994 901.632 1366.61 
736.413 902.098 1366.61 
730.202 894.928 1366.61 
724.504 881.72 1366.61 
729.07 873.358 1366.61 
732.485 866.459 1366.61 
729.689 870.049 1366.61 
731.978 866.09 1366.61 
717.574 866.39 1366.61 
734.913 861.008 1366.61 
737.017 859.248 1366.61 
735.487 861.263 1366.61 
731.559 862.097 1366.61 
726.984 848.35 1366.61 
694.025 859.178 1366.61 
688.849 854.297 1366.61 
698.273 858.634 1366.61 
713.223 853.665 1366.61 
720.762 844.285 1366.61 
688.731 853.665 1366.61 
698.417 846.714 1366.61 
697.337 846.09 1366.61 
697.844 846.459 1366.61 
688.392 853.118 1366.61 
685.611 853.375 1366.61 
685.379 853.975 1366.61 
665.631 861.008 1366.61 
685.611 855.218 1366.61 
686.106 862.36 1366.61 
682.663 864.907 1366.61 
652.351 859.091 1366.61 
661.704 863.861 1366.61 
651.844 859.459 1366.61 
653.085 855.641 1366.61 
664.391 860.877 1366.61 
663.778 861.008 1366.61 
661.769 864.484 1366.61 
651.272 859.714 1366.61 
661.769 904.484 1366.61 
652.353 908.632 1366.61 
661.704 903.861 1366.61 
661.963 865.08 1366.61 
647.411 910.237 1366.61 
643.345 928.861 1366.61 
669.943 894.365 1366.61 
669.302 894.424 1366.61 
674.458 888.128 1366.61 
650.03 859.844 1366.61 
649.419 908.008 1366.61 
649.417 859.714 1366.61 
648.337 859.09 1366.61 
647.918 909.097 1366.61 
647.917 858.624 1366.61 
647.605 909.64 1366.61 
647.604 858.08 1366.61 
648.337 908.632 1366.61 
648.844 859.459 1366.61 
648.845 908.263 1366.61 
651.272 908.008 1366.61 
661.77 903.237 1366.61 
651.846 908.263 1366.61 
667.444 865.081 1366.61 
670.561 870.049 1366.61 
669.943 869.873 1366.61 
653.345 856.862 1366.61 
653.279 856.238 1366.61 
663.204 861.263 1366.61 
662.277 862.097 1366.61 
653.085 858.081 1366.61 
653.279 857.485 1366.61 
652.772 855.098 1366.61 
674.095 883.861 1366.61 
668.726 894.71 1366.61 
668.726 873.012 1366.61 
665.018 860.878 1366.61 
669.302 873.298 1366.61 
677.301 871.547 1366.61 
671.531 871.615 1366.61 
671.413 870.983 1366.61 
667.444 862.641 1366.61 
667.638 863.238 1366.61 
667.704 863.862 1366.61 
679.699 867.998 1366.61 
651.272 854.008 1366.61 
651.846 854.263 1366.61 
652.353 854.632 1366.61 
650.032 853.877 1366.61 
650.659 853.878 1366.61 
648.845 854.263 1366.61 
649.419 854.008 1366.61 
647.918 855.097 1366.61 
648.337 854.632 1366.61 
647.411 856.237 1366.61 
647.605 855.64 1366.61 
666.204 901.263 1366.61 
665.631 901.008 1366.61 
668.726 897.503 1366.61 
652.772 909.098 1366.61 
647.604 912.08 1366.61 
647.41 911.484 1366.61 
647.345 910.861 1366.61 
648.337 913.09 1366.61 
647.917 912.624 1366.61 
650.03 913.844 1366.61 
650.658 913.845 1366.61 
649.417 913.714 1366.61 
648.844 913.459 1366.61 
651.272 913.714 1366.61 
651.844 913.459 1366.61 
652.351 913.091 1366.61 
663.203 906.459 1366.61 
699.658 926.845 1366.61 
700.272 926.714 1366.61 
686.62 911.742 1366.61 
686.044 912.029 1366.61 
686.106 905.362 1366.61 
650.659 907.878 1366.61 
650.032 907.877 1366.61 
662.277 902.097 1366.61 
662.696 866.09 1366.61 
668.061 895.785 1366.61 
663.778 901.008 1366.61 
663.204 901.263 1366.61 
668.06 896.428 1366.61 
662.276 865.624 1366.61 
679.699 899.724 1366.61 
682.663 902.816 1366.61 
667.638 904.485 1366.61 
688.392 912.247 1366.61 
687.879 911.859 1366.61 
689.93 907.29 1366.61 
667.444 905.081 1366.61 
664.389 906.844 1366.61 
665.017 906.845 1366.61 
652.771 912.625 1366.61 
667.13 905.625 1366.61 
685.611 912.504 1366.61 
696.345 923.861 1366.61 
687.26 915.168 1366.61 
687.261 911.683 1366.61 
667.704 903.862 1366.61 
667.444 902.641 1366.61 
667.131 902.098 1366.61 
669.942 897.849 1366.61 
667.638 903.238 1366.61 
669.302 897.79 1366.61 
666.712 901.632 1366.61 
670.56 897.674 1366.61 
668.293 897.028 1366.61 
665.018 900.878 1366.61 
664.391 900.877 1366.61 
677.301 896.175 1366.61 
671.413 895.475 1366.61 
675.537 892.273 1366.61 
662.696 901.632 1366.61 
671.074 894.928 1366.61 
670.561 894.541 1366.61 
650.658 859.845 1366.61 
661.964 902.64 1366.61 
661.77 863.237 1366.61 
652.771 858.625 1366.61 
661.964 862.64 1366.61 
668.061 871.293 1366.61 
663.776 866.714 1366.61 
664.389 866.844 1366.61 
665.017 866.845 1366.61 
669.302 869.932 1366.61 
668.726 870.219 1366.61 
666.203 866.459 1366.61 
668.293 870.694 1366.61 
665.631 866.714 1366.61 
666.71 866.091 1366.61 
675.537 875.449 1366.61 
671.412 872.248 1366.61 
671.074 870.437 1366.61 
667.638 864.485 1366.61 
696.918 842.097 1366.61 
696.605 842.64 1366.61 
667.131 862.098 1366.61 
696.41 844.484 1366.61 
696.604 845.08 1366.61 
687.261 852.554 1366.61 
666.204 861.263 1366.61 
686.044 852.9 1366.61 
687.879 852.731 1366.61 
696.917 845.624 1366.61 
686.62 855.98 1366.61 
686.044 855.693 1366.61 
662.696 861.632 1366.61 
711.112 852.614 1366.61 
713.956 841.299 1366.61 
711.753 852.554 1366.61 
685.379 854.618 1366.61 
700.846 841.263 1366.61 
706.752 839.475 1366.61 
701.353 841.632 1366.61 
710.536 852.9 1366.61 
701.771 845.625 1366.61 
702.085 845.081 1366.61 
699.03 846.844 1366.61 
699.658 846.845 1366.61 
702.552 858.816 1366.61 
701.351 846.091 1366.61 
710.103 853.375 1366.61 
702.279 844.485 1366.61 
710.536 855.693 1366.61 
706.739 859.718 1366.61 
710.103 855.218 1366.61 
702.345 843.862 1366.61 
702.085 842.641 1366.61 
702.279 843.238 1366.61 
701.772 842.098 1366.61 
700.272 841.008 1366.61 
699.032 840.877 1366.61 
699.659 840.878 1366.61 
697.337 841.632 1366.61 
696.345 843.861 1366.61 
734.913 866.714 1366.61 
735.485 866.459 1366.61 
742.968 872.814 1366.61 
730.541 870.983 1366.61 
733.671 866.844 1366.61 
734.299 866.845 1366.61 
736.92 863.238 1366.61 
736.726 862.641 1366.61 
740.555 865.785 1366.61 
730.202 870.437 1366.61 
733.058 866.714 1366.61 
727.189 871.936 1366.61 
722.353 873.461 1366.61 
727.189 871.293 1366.61 
727.854 870.219 1366.61 
730.659 871.615 1366.61 
727.421 870.694 1366.61 
735.992 866.091 1366.61 
736.726 865.081 1366.61 
736.412 865.625 1366.61 
736.986 863.862 1366.61 
736.92 864.485 1366.61 
736.413 862.098 1366.61 
735.994 861.632 1366.61 
734.3 860.878 1366.61 
733.673 860.877 1366.61 
733.06 861.008 1366.61 
731.246 862.64 1366.61 
731.052 863.237 1366.61 
729.071 894.365 1366.61 
723.78 890.224 1366.61 
733.671 906.844 1366.61 
714.359 904.162 1366.61 
731.978 906.09 1366.61 
713.341 913.425 1366.61 
733.058 906.714 1366.61 
732.485 906.459 1366.61 
734.913 906.714 1366.61 
734.299 906.845 1366.61 
735.992 906.091 1366.61 
735.485 906.459 1366.61 
736.92 904.485 1366.61 
736.726 902.641 1366.61 
733.673 900.877 1366.61 
730.541 896.739 1366.61 
734.3 900.878 1366.61 
732.486 901.263 1366.61 
731.979 901.632 1366.61 
729.688 897.674 1366.61 
733.06 901.008 1366.61 
730.202 897.286 1366.61 
731.559 902.097 1366.61 
728.43 897.79 1366.61 
729.07 897.849 1366.61 
727.854 897.503 1366.61 
731.246 902.64 1366.61 
728.43 894.424 1366.61 
727.854 894.71 1366.61 
727.189 896.428 1366.61 
727.421 897.028 1366.61 
696.41 924.484 1366.61 
698.419 921.008 1366.61 
697.845 921.263 1366.61 
688.731 914.058 1366.61 
666.203 906.459 1366.61 
698.417 926.714 1366.61 
697.844 926.459 1366.61 
699.03 926.844 1366.61 
709.871 913.103 1366.61 
702.085 925.081 1366.61 
702.279 924.485 1366.61 
702.345 923.862 1366.61 
710.536 914.822 1366.61 
702.085 922.641 1366.61 
701.772 922.098 1366.61 
711.112 911.742 1366.61 
710.712 906.407 1366.61 
711.753 911.683 1366.61 
706.739 908.004 1366.61 
698.273 909.088 1366.61 
699.032 920.877 1366.61 
697.337 921.632 1366.61 
696.918 922.097 1366.61 
688.392 914.605 1366.61 
688.849 913.425 1366.61 
694.025 908.544 1366.61 
696.605 922.64 1366.61 
687.878 914.992 1366.61 
688.731 912.793 1366.61 
696.411 923.237 1366.61 
729.688 873.182 1366.61 
731.245 865.08 1366.61 
727.421 872.536 1366.61 
730.202 872.794 1366.61 
730.541 872.248 1366.61 
729.689 894.541 1366.61 
727.421 895.185 1366.61 
722.353 894.262 1366.61 
727.189 895.785 1366.61 
712.884 912.247 1366.61 
712.371 911.859 1366.61 
701.353 921.632 1366.61 
710.536 912.029 1366.61 
710.103 912.504 1366.61 
711.752 915.168 1366.61 
712.37 914.992 1366.61 
665.631 906.714 1366.61 
685.611 914.346 1366.61 
671.531 896.107 1366.61 
668.293 895.185 1366.61 
668.293 872.536 1366.61 
663.203 866.459 1366.61 
668.06 871.936 1366.61 
671.073 897.286 1366.61 
671.412 896.739 1366.61 
667.13 865.625 1366.61 
674.458 879.594 1366.61 
669.942 873.358 1366.61 
670.56 873.182 1366.61 
671.073 872.794 1366.61 
686.62 852.614 1366.61 
696.411 843.237 1366.61 
666.712 861.632 1366.61 
687.26 856.039 1366.61 
688.731 854.929 1366.61 
713.341 854.297 1366.61 
709.87 854.618 1366.61 
712.884 853.118 1366.61 
712.371 852.731 1366.61 
712.37 855.864 1366.61 
688.392 855.476 1363.44 
687.879 855.863 1363.44 
689.93 860.432 1363.44 
712.884 855.476 1363.44 
714.359 863.56 1363.44 
713.223 854.929 1363.44 
711.753 856.039 1363.44 
711.112 855.98 1363.44 
710.712 861.315 1363.44 
730.986 863.861 1363.44 
720.265 869.722 1363.44 
731.052 864.486 1363.44 
731.978 861.632 1363.44 
732.485 861.263 1363.44 
732.452 853.383 1363.44 
727.854 873.012 1363.44 
723.78 877.499 1363.44 
728.43 873.298 1363.44 
731.559 865.625 1363.44 
728.43 869.932 1363.44 
729.07 869.873 1363.44 
742.968 894.908 1363.44 
730.541 895.474 1363.44 
730.659 896.107 1363.44 
724.504 886.002 1363.44 
744.191 887.577 1363.44 
744.191 880.145 1363.44 
737.017 908.474 1363.44 
733.673 906.845 1363.44 
732.452 914.339 1363.44 
736.986 903.86 1363.44 
740.555 901.937 1363.44 
736.92 903.237 1363.44 
736.413 905.624 1363.44 
736.726 905.081 1363.44 
720.762 923.437 1363.44 
713.223 914.057 1363.44 
712.884 914.604 1363.44 
731.559 905.625 1363.44 
713.222 912.793 1363.44 
700.272 921.008 1363.44 
702.552 908.907 1363.44 
699.658 920.878 1363.44 
706.752 928.247 1363.44 
700.846 926.459 1363.44 
699.345 928.861 1363.44 
666.712 906.09 1363.44 
685.379 913.747 1363.44 
685.379 913.104 1363.44 
713.222 853.664 1363.44 
713.341 854.297 1363.44 
726.984 848.35 1363.44 
661.963 862.642 1363.44 
652.772 858.624 1363.44 
661.769 863.238 1363.44 
667.638 904.484 1363.44 
667.444 905.081 1363.44 
682.663 902.816 1363.44 
647.411 857.486 1363.44 
643.345 838.861 1363.44 
643.345 928.861 1363.44 
653.085 912.081 1363.44 
663.778 906.714 1363.44 
653.279 911.484 1363.44 
662.696 906.091 1363.44 
653.279 910.237 1363.44 
653.345 910.86 1363.44 
661.964 905.082 1363.44 
653.085 909.641 1363.44 
662.277 905.625 1363.44 
686.044 914.822 1363.44 
696.605 925.082 1363.44 
686.62 915.108 1363.44 
710.103 914.347 1363.44 
709.871 913.747 1363.44 
700.844 921.263 1363.44 
697.337 926.091 1363.44 
696.918 925.625 1363.44 
701.353 926.09 1363.44 
701.772 925.624 1363.44 
701.351 921.631 1363.44 
731.246 905.082 1363.44 
731.052 904.486 1363.44 
730.986 903.861 1363.44 
717.574 901.333 1363.44 
731.051 903.238 1363.44 
720.265 898 1363.44 
734.913 901.008 1363.44 
735.485 901.263 1363.44 
735.992 901.631 1363.44 
736.412 902.097 1363.44 
730.202 894.928 1363.44 
724.504 881.72 1363.44 
729.071 873.358 1363.44 
740.555 865.785 1363.44 
736.726 862.641 1363.44 
736.92 863.237 1363.44 
734.3 866.845 1363.44 
733.673 866.845 1363.44 
730.541 870.983 1363.44 
734.913 861.008 1363.44 
735.485 861.263 1363.44 
737.017 859.248 1363.44 
731.558 862.098 1363.44 
694.025 859.178 1363.44 
698.273 858.634 1363.44 
688.849 854.297 1363.44 
720.762 844.285 1363.44 
698.419 846.714 1363.44 
688.731 853.664 1363.44 
697.337 846.091 1363.44 
688.392 853.118 1363.44 
697.845 846.459 1363.44 
685.611 853.376 1363.44 
665.631 861.008 1363.44 
685.379 853.976 1363.44 
685.611 855.218 1363.44 
682.663 864.907 1363.44 
686.106 862.36 1363.44 
652.353 859.09 1363.44 
651.846 859.459 1363.44 
661.704 863.861 1363.44 
653.085 855.641 1363.44 
663.776 861.008 1363.44 
664.389 860.878 1363.44 
661.77 864.486 1363.44 
651.272 859.714 1363.44 
661.77 904.486 1363.44 
661.704 903.861 1363.44 
652.351 908.631 1363.44 
661.964 865.082 1363.44 
652.771 909.097 1363.44 
650.032 859.845 1363.44 
649.419 859.714 1363.44 
649.417 908.008 1363.44 
647.345 856.861 1363.44 
697.844 841.263 1363.44 
698.417 841.008 1363.44 
699.345 838.861 1363.44 
648.337 859.091 1363.44 
647.918 858.625 1363.44 
647.917 909.098 1363.44 
647.604 909.642 1363.44 
647.605 858.082 1363.44 
647.41 910.238 1363.44 
648.337 908.632 1363.44 
648.844 908.263 1363.44 
648.845 859.459 1363.44 
651.272 908.008 1363.44 
651.844 908.263 1363.44 
661.769 903.238 1363.44 
650.659 859.845 1363.44 
662.277 865.625 1363.44 
653.345 856.86 1363.44 
663.203 861.263 1363.44 
653.279 856.237 1363.44 
662.276 862.098 1363.44 
653.279 857.484 1363.44 
653.085 858.081 1363.44 
652.771 855.097 1363.44 
674.095 883.861 1363.44 
668.726 873.012 1363.44 
668.726 894.711 1363.44 
665.017 860.878 1363.44 
669.942 869.873 1363.44 
667.444 865.081 1363.44 
667.131 865.624 1363.44 
677.301 871.547 1363.44 
671.412 870.983 1363.44 
671.531 871.615 1363.44 
667.444 862.641 1363.44 
667.638 863.237 1363.44 
667.704 863.86 1363.44 
679.699 867.998 1363.44 
651.272 854.008 1363.44 
651.844 854.263 1363.44 
652.351 854.631 1363.44 
650.03 853.878 1363.44 
650.658 853.878 1363.44 
648.844 854.263 1363.44 
649.417 854.008 1363.44 
647.917 855.098 1363.44 
648.337 854.632 1363.44 
647.41 856.238 1363.44 
647.604 855.642 1363.44 
666.203 901.263 1363.44 
668.726 897.503 1363.44 
665.631 901.008 1363.44 
647.605 912.082 1363.44 
647.411 911.486 1363.44 
647.345 910.861 1363.44 
648.337 913.091 1363.44 
647.918 912.625 1363.44 
650.659 913.845 1363.44 
650.032 913.845 1363.44 
649.419 913.714 1363.44 
648.845 913.459 1363.44 
651.846 913.459 1363.44 
651.272 913.714 1363.44 
652.353 913.09 1363.44 
663.204 906.459 1363.44 
698.417 921.008 1363.44 
688.731 914.057 1363.44 
697.844 921.263 1363.44 
686.62 911.742 1363.44 
686.106 905.362 1363.44 
686.044 912.029 1363.44 
689.93 907.29 1363.44 
687.878 911.858 1363.44 
688.392 912.246 1363.44 
650.658 907.878 1363.44 
662.276 902.098 1363.44 
650.03 907.878 1363.44 
662.696 866.091 1363.44 
668.06 895.786 1363.44 
663.203 901.263 1363.44 
663.776 901.008 1363.44 
668.061 896.429 1363.44 
679.699 899.724 1363.44 
664.391 906.845 1363.44 
652.772 912.624 1363.44 
665.018 906.845 1363.44 
667.131 905.624 1363.44 
685.611 912.504 1363.44 
696.345 923.861 1363.44 
687.261 915.168 1363.44 
687.26 911.683 1363.44 
667.704 903.86 1363.44 
667.444 902.641 1363.44 
669.943 897.849 1363.44 
667.13 902.097 1363.44 
667.638 903.237 1363.44 
669.302 897.79 1363.44 
666.71 901.631 1363.44 
670.561 897.673 1363.44 
668.293 897.028 1363.44 
665.017 900.878 1363.44 
671.531 896.107 1363.44 
677.301 896.175 1363.44 
671.412 895.474 1363.44 
675.537 892.273 1363.44 
671.073 894.928 1363.44 
662.696 901.632 1363.44 
670.56 894.54 1363.44 
661.963 902.642 1363.44 
669.942 894.364 1363.44 
674.458 888.128 1363.44 
669.302 894.424 1363.44 
670.56 870.048 1363.44 
668.06 871.294 1363.44 
664.391 866.845 1363.44 
663.778 866.714 1363.44 
665.018 866.845 1363.44 
669.302 869.932 1363.44 
666.204 866.459 1363.44 
668.726 870.219 1363.44 
665.631 866.714 1363.44 
668.293 870.694 1363.44 
666.712 866.09 1363.44 
675.537 875.449 1363.44 
671.413 872.247 1363.44 
671.073 870.436 1363.44 
667.638 864.484 1363.44 
696.604 842.642 1363.44 
696.917 842.098 1363.44 
667.13 862.097 1363.44 
696.411 844.486 1363.44 
687.26 852.554 1363.44 
696.605 845.082 1363.44 
666.203 861.263 1363.44 
711.112 852.614 1363.44 
711.752 852.554 1363.44 
713.956 841.299 1363.44 
696.918 845.625 1363.44 
687.878 852.73 1363.44 
662.696 861.632 1363.44 
686.044 852.9 1363.44 
700.844 841.263 1363.44 
701.351 841.631 1363.44 
706.752 839.475 1363.44 
710.536 852.9 1363.44 
702.085 845.081 1363.44 
701.772 845.624 1363.44 
699.032 846.845 1363.44 
702.552 858.816 1363.44 
699.659 846.845 1363.44 
701.353 846.09 1363.44 
700.846 846.459 1363.44 
710.103 853.376 1363.44 
700.272 846.714 1363.44 
702.279 844.484 1363.44 
712.883 853.118 1363.44 
702.345 843.86 1363.44 
702.085 842.641 1363.44 
702.279 843.237 1363.44 
701.771 842.097 1363.44 
700.272 841.008 1363.44 
699.03 840.878 1363.44 
699.658 840.878 1363.44 
697.337 841.632 1363.44 
696.345 843.861 1363.44 
717.574 866.39 1363.44 
734.913 866.714 1363.44 
742.968 872.814 1363.44 
735.487 866.459 1363.44 
729.688 870.048 1363.44 
730.202 870.436 1363.44 
732.486 866.459 1363.44 
731.979 866.091 1363.44 
733.06 866.714 1363.44 
727.854 870.219 1363.44 
730.659 871.615 1363.44 
729.689 873.181 1363.44 
735.994 866.09 1363.44 
736.726 865.081 1363.44 
736.413 865.624 1363.44 
736.986 863.86 1363.44 
736.92 864.484 1363.44 
736.412 862.097 1363.44 
735.992 861.631 1363.44 
734.299 860.878 1363.44 
733.671 860.878 1363.44 
733.058 861.008 1363.44 
731.245 862.642 1363.44 
731.051 863.238 1363.44 
726.984 919.372 1363.44 
723.78 890.224 1363.44 
729.07 894.364 1363.44 
714.359 904.162 1363.44 
731.979 906.091 1363.44 
713.341 913.425 1363.44 
733.06 906.714 1363.44 
732.486 906.459 1363.44 
734.913 906.714 1363.44 
734.3 906.845 1363.44 
735.994 906.09 1363.44 
735.487 906.459 1363.44 
736.92 904.484 1363.44 
736.726 902.641 1363.44 
733.671 900.878 1363.44 
734.299 900.878 1363.44 
730.541 896.739 1363.44 
732.485 901.263 1363.44 
729.689 897.673 1363.44 
731.978 901.632 1363.44 
731.558 902.098 1363.44 
729.071 897.849 1363.44 
728.43 897.79 1363.44 
727.854 897.503 1363.44 
731.245 902.642 1363.44 
727.854 894.711 1363.44 
728.43 894.424 1363.44 
727.189 896.429 1363.44 
727.421 897.028 1363.44 
666.204 906.459 1363.44 
699.659 926.845 1363.44 
700.272 926.714 1363.44 
698.419 926.714 1363.44 
697.845 926.459 1363.44 
699.032 926.845 1363.44 
709.87 913.104 1363.44 
713.956 926.423 1363.44 
702.279 923.237 1363.44 
702.085 925.081 1363.44 
702.345 923.86 1363.44 
702.279 924.484 1363.44 
710.536 914.822 1363.44 
701.771 922.097 1363.44 
702.085 922.641 1363.44 
711.112 911.742 1363.44 
711.752 911.683 1363.44 
710.712 906.407 1363.44 
706.739 908.004 1363.44 
698.273 909.088 1363.44 
699.03 920.878 1363.44 
697.337 921.632 1363.44 
688.392 914.604 1363.44 
696.917 922.098 1363.44 
694.025 908.544 1363.44 
688.849 913.425 1363.44 
687.879 914.991 1363.44 
696.604 922.642 1363.44 
688.731 912.793 1363.44 
696.41 923.238 1363.44 
696.411 924.486 1363.44 
727.189 871.294 1363.44 
727.421 870.694 1363.44 
727.189 871.937 1363.44 
722.353 873.461 1363.44 
731.246 865.082 1363.44 
727.421 872.537 1363.44 
730.202 872.794 1363.44 
730.541 872.247 1363.44 
733.058 901.008 1363.44 
730.202 897.286 1363.44 
729.688 894.54 1363.44 
722.353 894.262 1363.44 
727.421 895.186 1363.44 
727.189 895.786 1363.44 
711.112 915.108 1363.44 
712.883 912.246 1363.44 
712.37 911.858 1363.44 
710.103 912.504 1363.44 
710.536 912.029 1363.44 
711.753 915.168 1363.44 
712.371 914.991 1363.44 
665.631 906.714 1363.44 
685.611 914.347 1363.44 
664.389 900.878 1363.44 
668.293 895.186 1363.44 
668.293 872.537 1363.44 
668.061 871.937 1363.44 
663.204 866.459 1363.44 
671.074 897.286 1363.44 
671.413 896.739 1363.44 
669.302 873.298 1363.44 
674.458 879.594 1363.44 
670.561 873.181 1363.44 
669.943 873.358 1363.44 
671.074 872.794 1363.44 
685.379 854.619 1363.44 
686.62 855.98 1363.44 
686.044 855.693 1363.44 
686.62 852.614 1363.44 
696.41 843.238 1363.44 
666.71 861.631 1363.44 
687.261 856.039 1363.44 
688.731 854.929 1363.44 
709.87 853.976 1363.44 
709.871 854.619 1363.44 
710.536 855.693 1363.44 
710.103 855.218 1363.44 
706.739 859.718 1363.44 
712.37 852.73 1363.44 
712.371 855.863 1363.44 
675.537 875.449 1363.44 
674.458 879.594 1366.61 
675.537 875.449 1366.61 
674.095 883.861 1366.61 
674.458 879.594 1363.44 
674.095 883.861 1363.44 
679.699 867.998 1366.61 
682.663 864.907 1366.61 
682.663 864.907 1363.44 
679.699 867.998 1363.44 
677.301 871.547 1363.44 
677.301 871.547 1366.61 
694.025 859.178 1363.44 
689.93 860.432 1366.61 
694.025 859.178 1366.61 
689.93 860.432 1363.44 
686.106 862.36 1363.44 
686.106 862.36 1366.61 
706.739 859.718 1366.61 
706.739 859.718 1363.44 
702.552 858.816 1366.61 
698.273 858.634 1366.61 
702.552 858.816 1363.44 
698.273 858.634 1363.44 
714.359 863.56 1366.61 
717.574 866.39 1366.61 
717.574 866.39 1363.44 
710.712 861.315 1363.44 
710.712 861.315 1366.61 
714.359 863.56 1363.44 
723.78 877.499 1363.44 
722.353 873.461 1366.61 
723.78 877.499 1366.61 
722.353 873.461 1363.44 
720.265 869.722 1363.44 
720.265 869.722 1366.61 
723.78 890.224 1366.61 
723.78 890.224 1363.44 
724.504 886.002 1366.61 
724.504 881.72 1366.61 
724.504 886.002 1363.44 
724.504 881.72 1363.44 
720.265 898 1366.61 
717.574 901.333 1366.61 
717.574 901.333 1363.44 
722.353 894.262 1363.44 
722.353 894.262 1366.61 
720.265 898 1363.44 
706.739 908.004 1363.44 
710.712 906.407 1366.61 
706.739 908.004 1366.61 
710.712 906.407 1363.44 
714.359 904.162 1363.44 
714.359 904.162 1366.61 
694.025 908.544 1363.44 
698.273 909.088 1363.44 
698.273 909.088 1366.61 
702.552 908.907 1366.61 
702.552 908.907 1363.44 
694.025 908.544 1366.61 
689.93 907.29 1363.44 
689.93 907.29 1366.61 
686.106 905.362 1363.44 
682.663 902.816 1363.44 
686.106 905.362 1366.61 
682.663 902.816 1366.61 
679.699 899.724 1363.44 
679.699 899.724 1366.61 
677.301 896.175 1363.44 
675.537 892.273 1363.44 
677.301 896.175 1366.61 
675.537 892.273 1366.61 
674.458 888.128 1363.44 
674.458 888.128 1366.61 
647.604 855.642 1363.44 
647.411 856.237 1366.61 
647.605 855.64 1366.61 
647.345 856.861 1366.61 
647.41 856.238 1363.44 
647.345 856.861 1363.44 
648.337 854.632 1366.61 
648.845 854.263 1366.61 
648.844 854.263 1363.44 
648.337 854.632 1363.44 
647.917 855.098 1363.44 
647.918 855.097 1366.61 
650.658 853.878 1363.44 
650.032 853.877 1366.61 
650.659 853.878 1366.61 
650.03 853.878 1363.44 
649.417 854.008 1363.44 
649.419 854.008 1366.61 
652.353 854.632 1366.61 
652.351 854.631 1363.44 
651.846 854.263 1366.61 
651.272 854.008 1366.61 
651.844 854.263 1363.44 
651.272 854.008 1363.44 
653.085 855.641 1366.61 
653.279 856.238 1366.61 
653.279 856.237 1363.44 
652.771 855.097 1363.44 
652.772 855.098 1366.61 
653.085 855.641 1363.44 
653.085 858.081 1363.44 
653.279 857.485 1366.61 
653.085 858.081 1366.61 
653.279 857.484 1363.44 
653.345 856.86 1363.44 
653.345 856.862 1366.61 
651.844 859.459 1366.61 
651.846 859.459 1363.44 
652.351 859.091 1366.61 
652.771 858.625 1366.61 
652.353 859.09 1363.44 
652.772 858.624 1363.44 
650.658 859.845 1366.61 
650.03 859.844 1366.61 
650.032 859.845 1363.44 
651.272 859.714 1363.44 
651.272 859.714 1366.61 
650.659 859.845 1363.44 
649.417 859.714 1366.61 
649.419 859.714 1363.44 
648.845 859.459 1363.44 
648.844 859.459 1366.61 
648.337 859.09 1366.61 
648.337 859.091 1363.44 
647.917 858.624 1366.61 
647.918 858.625 1363.44 
647.605 858.082 1363.44 
647.604 858.08 1366.61 
647.41 857.484 1366.61 
647.411 857.486 1363.44 
647.604 909.642 1363.44 
647.411 910.237 1366.61 
647.605 909.64 1366.61 
647.345 910.861 1366.61 
647.41 910.238 1363.44 
647.345 910.861 1363.44 
648.337 908.632 1366.61 
648.845 908.263 1366.61 
648.844 908.263 1363.44 
648.337 908.632 1363.44 
647.917 909.098 1363.44 
647.918 909.097 1366.61 
650.658 907.878 1363.44 
650.032 907.877 1366.61 
650.659 907.878 1366.61 
650.03 907.878 1363.44 
649.417 908.008 1363.44 
649.419 908.008 1366.61 
652.353 908.632 1366.61 
652.351 908.631 1363.44 
651.846 908.263 1366.61 
651.272 908.008 1366.61 
651.844 908.263 1363.44 
651.272 908.008 1363.44 
653.085 909.641 1366.61 
653.279 910.238 1366.61 
653.279 910.237 1363.44 
652.771 909.097 1363.44 
652.772 909.098 1366.61 
653.085 909.641 1363.44 
653.085 912.081 1363.44 
653.279 911.485 1366.61 
653.085 912.081 1366.61 
653.279 911.484 1363.44 
653.345 910.86 1363.44 
653.345 910.862 1366.61 
651.844 913.459 1366.61 
651.846 913.459 1363.44 
652.351 913.091 1366.61 
652.771 912.625 1366.61 
652.353 913.09 1363.44 
652.772 912.624 1363.44 
650.658 913.845 1366.61 
650.03 913.844 1366.61 
650.032 913.845 1363.44 
651.272 913.714 1363.44 
651.272 913.714 1366.61 
650.659 913.845 1363.44 
649.417 913.714 1366.61 
649.419 913.714 1363.44 
648.845 913.459 1363.44 
648.844 913.459 1366.61 
648.337 913.09 1366.61 
648.337 913.091 1363.44 
647.917 912.624 1366.61 
647.918 912.625 1363.44 
647.605 912.082 1363.44 
647.604 912.08 1366.61 
647.41 911.484 1366.61 
647.411 911.486 1363.44 
661.963 902.642 1363.44 
661.77 903.237 1366.61 
661.964 902.64 1366.61 
661.704 903.861 1366.61 
661.769 903.238 1363.44 
661.704 903.861 1363.44 
662.696 901.632 1366.61 
663.204 901.263 1366.61 
663.203 901.263 1363.44 
662.696 901.632 1363.44 
662.276 902.098 1363.44 
662.277 902.097 1366.61 
665.017 900.878 1363.44 
664.391 900.877 1366.61 
665.018 900.878 1366.61 
664.389 900.878 1363.44 
663.776 901.008 1363.44 
663.778 901.008 1366.61 
666.712 901.632 1366.61 
666.71 901.631 1363.44 
666.204 901.263 1366.61 
665.631 901.008 1366.61 
666.203 901.263 1363.44 
665.631 901.008 1363.44 
667.444 902.641 1366.61 
667.638 903.238 1366.61 
667.638 903.237 1363.44 
667.13 902.097 1363.44 
667.131 902.098 1366.61 
667.444 902.641 1363.44 
667.444 905.081 1363.44 
667.638 904.485 1366.61 
667.444 905.081 1366.61 
667.638 904.484 1363.44 
667.704 903.86 1363.44 
667.704 903.862 1366.61 
666.203 906.459 1366.61 
666.204 906.459 1363.44 
666.71 906.091 1366.61 
667.13 905.625 1366.61 
666.712 906.09 1363.44 
667.131 905.624 1363.44 
665.017 906.845 1366.61 
664.389 906.844 1366.61 
664.391 906.845 1363.44 
665.631 906.714 1363.44 
665.631 906.714 1366.61 
665.018 906.845 1363.44 
663.776 906.714 1366.61 
663.778 906.714 1363.44 
663.204 906.459 1363.44 
663.203 906.459 1366.61 
662.696 906.09 1366.61 
662.696 906.091 1363.44 
662.276 905.624 1366.61 
662.277 905.625 1363.44 
661.964 905.082 1363.44 
661.963 905.08 1366.61 
661.769 904.484 1366.61 
661.77 904.486 1363.44 
661.963 862.642 1363.44 
661.77 863.237 1366.61 
661.964 862.64 1366.61 
661.704 863.861 1366.61 
661.769 863.238 1363.44 
661.704 863.861 1363.44 
662.696 861.632 1366.61 
663.204 861.263 1366.61 
663.203 861.263 1363.44 
662.696 861.632 1363.44 
662.276 862.098 1363.44 
662.277 862.097 1366.61 
665.017 860.878 1363.44 
664.391 860.877 1366.61 
665.018 860.878 1366.61 
664.389 860.878 1363.44 
663.776 861.008 1363.44 
663.778 861.008 1366.61 
666.712 861.632 1366.61 
666.71 861.631 1363.44 
666.204 861.263 1366.61 
665.631 861.008 1366.61 
666.203 861.263 1363.44 
665.631 861.008 1363.44 
667.444 862.641 1366.61 
667.638 863.238 1366.61 
667.638 863.237 1363.44 
667.13 862.097 1363.44 
667.131 862.098 1366.61 
667.444 862.641 1363.44 
667.444 865.081 1363.44 
667.638 864.485 1366.61 
667.444 865.081 1366.61 
667.638 864.484 1363.44 
667.704 863.86 1363.44 
667.704 863.862 1366.61 
666.203 866.459 1366.61 
666.204 866.459 1363.44 
666.71 866.091 1366.61 
667.13 865.625 1366.61 
666.712 866.09 1363.44 
667.131 865.624 1363.44 
665.017 866.845 1366.61 
664.389 866.844 1366.61 
664.391 866.845 1363.44 
665.631 866.714 1363.44 
665.631 866.714 1366.61 
665.018 866.845 1363.44 
663.776 866.714 1366.61 
663.778 866.714 1363.44 
663.204 866.459 1363.44 
663.203 866.459 1366.61 
662.696 866.09 1366.61 
662.696 866.091 1363.44 
662.276 865.624 1366.61 
662.277 865.625 1363.44 
661.964 865.082 1363.44 
661.963 865.08 1366.61 
661.769 864.484 1366.61 
661.77 864.486 1363.44 
696.604 842.642 1363.44 
696.411 843.237 1366.61 
696.605 842.64 1366.61 
696.345 843.861 1366.61 
696.41 843.238 1363.44 
696.345 843.861 1363.44 
697.337 841.632 1366.61 
697.845 841.263 1366.61 
697.844 841.263 1363.44 
697.337 841.632 1363.44 
696.917 842.098 1363.44 
696.918 842.097 1366.61 
699.658 840.878 1363.44 
699.032 840.877 1366.61 
699.659 840.878 1366.61 
699.03 840.878 1363.44 
698.417 841.008 1363.44 
698.419 841.008 1366.61 
701.353 841.632 1366.61 
701.351 841.631 1363.44 
700.846 841.263 1366.61 
700.272 841.008 1366.61 
700.844 841.263 1363.44 
700.272 841.008 1363.44 
702.085 842.641 1366.61 
702.279 843.238 1366.61 
702.279 843.237 1363.44 
701.771 842.097 1363.44 
701.772 842.098 1366.61 
702.085 842.641 1363.44 
702.085 845.081 1363.44 
702.279 844.485 1366.61 
702.085 845.081 1366.61 
702.279 844.484 1363.44 
702.345 843.86 1363.44 
702.345 843.862 1366.61 
700.844 846.459 1366.61 
700.846 846.459 1363.44 
701.351 846.091 1366.61 
701.771 845.625 1366.61 
701.353 846.09 1363.44 
701.772 845.624 1363.44 
699.658 846.845 1366.61 
699.03 846.844 1366.61 
699.032 846.845 1363.44 
700.272 846.714 1363.44 
700.272 846.714 1366.61 
699.659 846.845 1363.44 
698.417 846.714 1366.61 
698.419 846.714 1363.44 
697.845 846.459 1363.44 
697.844 846.459 1366.61 
697.337 846.09 1366.61 
697.337 846.091 1363.44 
696.917 845.624 1366.61 
696.918 845.625 1363.44 
696.605 845.082 1363.44 
696.604 845.08 1366.61 
696.41 844.484 1366.61 
696.411 844.486 1363.44 
731.245 862.642 1363.44 
731.052 863.237 1366.61 
731.246 862.64 1366.61 
730.986 863.861 1366.61 
731.051 863.238 1363.44 
730.986 863.861 1363.44 
731.979 861.632 1366.61 
732.486 861.263 1366.61 
732.485 861.263 1363.44 
731.978 861.632 1363.44 
731.558 862.098 1363.44 
731.559 862.097 1366.61 
734.299 860.878 1363.44 
733.673 860.877 1366.61 
734.3 860.878 1366.61 
733.671 860.878 1363.44 
733.058 861.008 1363.44 
733.06 861.008 1366.61 
735.994 861.632 1366.61 
735.992 861.631 1363.44 
735.487 861.263 1366.61 
734.913 861.008 1366.61 
735.485 861.263 1363.44 
734.913 861.008 1363.44 
736.726 862.641 1366.61 
736.92 863.238 1366.61 
736.92 863.237 1363.44 
736.412 862.097 1363.44 
736.413 862.098 1366.61 
736.726 862.641 1363.44 
736.726 865.081 1363.44 
736.92 864.485 1366.61 
736.726 865.081 1366.61 
736.92 864.484 1363.44 
736.986 863.86 1363.44 
736.986 863.862 1366.61 
735.485 866.459 1366.61 
735.487 866.459 1363.44 
735.992 866.091 1366.61 
736.412 865.625 1366.61 
735.994 866.09 1363.44 
736.413 865.624 1363.44 
734.299 866.845 1366.61 
733.671 866.844 1366.61 
733.673 866.845 1363.44 
734.913 866.714 1363.44 
734.913 866.714 1366.61 
734.3 866.845 1363.44 
733.058 866.714 1366.61 
733.06 866.714 1363.44 
732.486 866.459 1363.44 
732.485 866.459 1366.61 
731.978 866.09 1366.61 
731.979 866.091 1363.44 
731.558 865.624 1366.61 
731.559 865.625 1363.44 
731.246 865.082 1363.44 
731.245 865.08 1366.61 
731.051 864.484 1366.61 
731.052 864.486 1363.44 
731.245 902.642 1363.44 
731.052 903.237 1366.61 
731.246 902.64 1366.61 
730.986 903.861 1366.61 
731.051 903.238 1363.44 
730.986 903.861 1363.44 
731.979 901.632 1366.61 
732.486 901.263 1366.61 
732.485 901.263 1363.44 
731.978 901.632 1363.44 
731.558 902.098 1363.44 
731.559 902.097 1366.61 
734.299 900.878 1363.44 
733.673 900.877 1366.61 
734.3 900.878 1366.61 
733.671 900.878 1363.44 
733.058 901.008 1363.44 
733.06 901.008 1366.61 
735.994 901.632 1366.61 
735.992 901.631 1363.44 
735.487 901.263 1366.61 
734.913 901.008 1366.61 
735.485 901.263 1363.44 
734.913 901.008 1363.44 
736.726 902.641 1366.61 
736.92 903.238 1366.61 
736.92 903.237 1363.44 
736.412 902.097 1363.44 
736.413 902.098 1366.61 
736.726 902.641 1363.44 
736.726 905.081 1363.44 
736.92 904.485 1366.61 
736.726 905.081 1366.61 
736.92 904.484 1363.44 
736.986 903.86 1363.44 
736.986 903.862 1366.61 
735.485 906.459 1366.61 
735.487 906.459 1363.44 
735.992 906.091 1366.61 
736.412 905.625 1366.61 
735.994 906.09 1363.44 
736.413 905.624 1363.44 
734.299 906.845 1366.61 
733.671 906.844 1366.61 
733.673 906.845 1363.44 
734.913 906.714 1363.44 
734.913 906.714 1366.61 
734.3 906.845 1363.44 
733.058 906.714 1366.61 
733.06 906.714 1363.44 
732.486 906.459 1363.44 
732.485 906.459 1366.61 
731.978 906.09 1366.61 
731.979 906.091 1363.44 
731.558 905.624 1366.61 
731.559 905.625 1363.44 
731.246 905.082 1363.44 
731.245 905.08 1366.61 
731.051 904.484 1366.61 
731.052 904.486 1363.44 
696.604 922.642 1363.44 
696.411 923.237 1366.61 
696.605 922.64 1366.61 
696.345 923.861 1366.61 
696.41 923.238 1363.44 
696.345 923.861 1363.44 
697.337 921.632 1366.61 
697.845 921.263 1366.61 
697.844 921.263 1363.44 
697.337 921.632 1363.44 
696.917 922.098 1363.44 
696.918 922.097 1366.61 
699.658 920.878 1363.44 
699.032 920.877 1366.61 
699.659 920.878 1366.61 
699.03 920.878 1363.44 
698.417 921.008 1363.44 
698.419 921.008 1366.61 
701.353 921.632 1366.61 
701.351 921.631 1363.44 
700.846 921.263 1366.61 
700.272 921.008 1366.61 
700.844 921.263 1363.44 
700.272 921.008 1363.44 
702.085 922.641 1366.61 
702.279 923.238 1366.61 
702.279 923.237 1363.44 
701.771 922.097 1363.44 
701.772 922.098 1366.61 
702.085 922.641 1363.44 
702.085 925.081 1363.44 
702.279 924.485 1366.61 
702.085 925.081 1366.61 
702.279 924.484 1363.44 
702.345 923.86 1363.44 
702.345 923.862 1366.61 
700.844 926.459 1366.61 
700.846 926.459 1363.44 
701.351 926.091 1366.61 
701.771 925.625 1366.61 
701.353 926.09 1363.44 
701.772 925.624 1363.44 
699.658 926.845 1366.61 
699.03 926.844 1366.61 
699.032 926.845 1363.44 
700.272 926.714 1363.44 
700.272 926.714 1366.61 
699.659 926.845 1363.44 
698.417 926.714 1366.61 
698.419 926.714 1363.44 
697.845 926.459 1363.44 
697.844 926.459 1366.61 
697.337 926.09 1366.61 
697.337 926.091 1363.44 
696.917 925.624 1366.61 
696.918 925.625 1363.44 
696.605 925.082 1363.44 
696.604 925.08 1366.61 
696.41 924.484 1366.61 
696.411 924.486 1363.44 
730.202 870.437 1366.61 
730.541 870.983 1363.44 
730.202 870.436 1363.44 
730.659 871.615 1363.44 
730.541 870.983 1366.61 
730.659 871.615 1366.61 
729.07 869.873 1363.44 
728.43 869.932 1363.44 
728.43 869.932 1366.61 
729.071 869.873 1366.61 
729.689 870.049 1366.61 
729.688 870.048 1363.44 
727.189 871.293 1366.61 
727.421 870.694 1363.44 
727.189 871.294 1363.44 
727.421 870.694 1366.61 
727.854 870.219 1366.61 
727.854 870.219 1363.44 
727.854 873.012 1363.44 
727.854 873.012 1366.61 
727.421 872.537 1363.44 
727.189 871.937 1363.44 
727.421 872.536 1366.61 
727.189 871.936 1366.61 
729.071 873.358 1363.44 
729.688 873.182 1366.61 
729.07 873.358 1366.61 
728.43 873.298 1366.61 
728.43 873.298 1363.44 
730.202 872.794 1366.61 
729.689 873.181 1363.44 
730.202 872.794 1363.44 
730.541 872.248 1366.61 
730.541 872.247 1363.44 
730.202 894.928 1366.61 
730.541 895.474 1363.44 
730.202 894.928 1363.44 
730.659 896.107 1363.44 
730.541 895.475 1366.61 
730.659 896.107 1366.61 
729.07 894.364 1363.44 
728.43 894.424 1363.44 
728.43 894.424 1366.61 
729.071 894.365 1366.61 
729.689 894.541 1366.61 
729.688 894.54 1363.44 
727.189 895.785 1366.61 
727.421 895.186 1363.44 
727.189 895.786 1363.44 
727.421 895.185 1366.61 
727.854 894.71 1366.61 
727.854 894.711 1363.44 
727.854 897.503 1363.44 
727.854 897.503 1366.61 
727.421 897.028 1363.44 
727.189 896.429 1363.44 
727.421 897.028 1366.61 
727.189 896.428 1366.61 
729.071 897.849 1363.44 
729.688 897.674 1366.61 
729.07 897.849 1366.61 
728.43 897.79 1366.61 
728.43 897.79 1363.44 
730.202 897.286 1366.61 
729.689 897.673 1363.44 
730.202 897.286 1363.44 
730.541 896.739 1366.61 
730.541 896.739 1363.44 
712.884 912.247 1366.61 
713.222 912.793 1363.44 
712.883 912.246 1363.44 
713.341 913.425 1363.44 
713.223 912.793 1366.61 
713.341 913.425 1366.61 
711.752 911.683 1363.44 
711.112 911.742 1363.44 
711.112 911.742 1366.61 
711.753 911.683 1366.61 
712.371 911.859 1366.61 
712.37 911.858 1363.44 
709.871 913.103 1366.61 
710.103 912.504 1363.44 
709.87 913.104 1363.44 
710.103 912.504 1366.61 
710.536 912.029 1366.61 
710.536 912.029 1363.44 
710.536 914.822 1363.44 
710.536 914.822 1366.61 
710.103 914.347 1363.44 
709.871 913.747 1363.44 
710.103 914.346 1366.61 
709.87 913.746 1366.61 
711.753 915.168 1363.44 
712.37 914.992 1366.61 
711.752 915.168 1366.61 
711.112 915.108 1366.61 
711.112 915.108 1363.44 
712.883 914.605 1366.61 
712.371 914.991 1363.44 
712.884 914.604 1363.44 
713.222 914.058 1366.61 
713.223 914.057 1363.44 
688.392 912.247 1366.61 
688.731 912.793 1363.44 
688.392 912.246 1363.44 
688.849 913.425 1363.44 
688.731 912.793 1366.61 
688.849 913.425 1366.61 
687.26 911.683 1363.44 
686.62 911.742 1363.44 
686.62 911.742 1366.61 
687.261 911.683 1366.61 
687.879 911.859 1366.61 
687.878 911.858 1363.44 
685.379 913.103 1366.61 
685.611 912.504 1363.44 
685.379 913.104 1363.44 
685.611 912.504 1366.61 
686.044 912.029 1366.61 
686.044 912.029 1363.44 
686.044 914.822 1363.44 
686.044 914.822 1366.61 
685.611 914.347 1363.44 
685.379 913.747 1363.44 
685.611 914.346 1366.61 
685.379 913.746 1366.61 
687.261 915.168 1363.44 
687.878 914.992 1366.61 
687.26 915.168 1366.61 
686.62 915.108 1366.61 
686.62 915.108 1363.44 
688.392 914.605 1366.61 
687.879 914.991 1363.44 
688.392 914.604 1363.44 
688.731 914.058 1366.61 
688.731 914.057 1363.44 
671.074 894.928 1366.61 
671.412 895.474 1363.44 
671.073 894.928 1363.44 
671.531 896.107 1363.44 
671.413 895.475 1366.61 
671.531 896.107 1366.61 
669.942 894.364 1363.44 
669.302 894.424 1363.44 
669.302 894.424 1366.61 
669.943 894.365 1366.61 
670.561 894.541 1366.61 
670.56 894.54 1363.44 
668.061 895.785 1366.61 
668.293 895.186 1363.44 
668.06 895.786 1363.44 
668.293 895.185 1366.61 
668.726 894.71 1366.61 
668.726 894.711 1363.44 
668.726 897.503 1363.44 
668.726 897.503 1366.61 
668.293 897.028 1363.44 
668.061 896.429 1363.44 
668.293 897.028 1366.61 
668.06 896.428 1366.61 
669.943 897.849 1363.44 
670.56 897.674 1366.61 
669.942 897.849 1366.61 
669.302 897.79 1366.61 
669.302 897.79 1363.44 
671.073 897.286 1366.61 
670.561 897.673 1363.44 
671.074 897.286 1363.44 
671.412 896.739 1366.61 
671.413 896.739 1363.44 
671.074 870.437 1366.61 
671.412 870.983 1363.44 
671.073 870.436 1363.44 
671.531 871.615 1363.44 
671.413 870.983 1366.61 
671.531 871.615 1366.61 
669.942 869.873 1363.44 
669.302 869.932 1363.44 
669.302 869.932 1366.61 
669.943 869.873 1366.61 
670.561 870.049 1366.61 
670.56 870.048 1363.44 
668.061 871.293 1366.61 
668.293 870.694 1363.44 
668.06 871.294 1363.44 
668.293 870.694 1366.61 
668.726 870.219 1366.61 
668.726 870.219 1363.44 
668.726 873.012 1363.44 
668.726 873.012 1366.61 
668.293 872.537 1363.44 
668.061 871.937 1363.44 
668.293 872.536 1366.61 
668.06 871.936 1366.61 
669.943 873.358 1363.44 
670.56 873.182 1366.61 
669.942 873.358 1366.61 
669.302 873.298 1366.61 
669.302 873.298 1363.44 
671.073 872.794 1366.61 
670.561 873.181 1363.44 
671.074 872.794 1363.44 
671.412 872.248 1366.61 
671.413 872.247 1363.44 
688.392 853.118 1366.61 
688.731 853.664 1363.44 
688.392 853.118 1363.44 
688.849 854.297 1363.44 
688.731 853.665 1366.61 
688.849 854.297 1366.61 
687.26 852.554 1363.44 
686.62 852.614 1363.44 
686.62 852.614 1366.61 
687.261 852.554 1366.61 
687.879 852.731 1366.61 
687.878 852.73 1363.44 
685.379 853.975 1366.61 
685.611 853.376 1363.44 
685.379 853.976 1363.44 
685.611 853.375 1366.61 
686.044 852.9 1366.61 
686.044 852.9 1363.44 
686.044 855.693 1363.44 
686.044 855.693 1366.61 
685.611 855.218 1363.44 
685.379 854.619 1363.44 
685.611 855.218 1366.61 
685.379 854.618 1366.61 
687.261 856.039 1363.44 
687.878 855.864 1366.61 
687.26 856.039 1366.61 
686.62 855.98 1366.61 
686.62 855.98 1363.44 
688.392 855.476 1366.61 
687.879 855.863 1363.44 
688.392 855.476 1363.44 
688.731 854.929 1366.61 
688.731 854.929 1363.44 
712.884 853.118 1366.61 
713.222 853.664 1363.44 
712.883 853.118 1363.44 
713.341 854.297 1363.44 
713.223 853.665 1366.61 
713.341 854.297 1366.61 
711.752 852.554 1363.44 
711.112 852.614 1363.44 
711.112 852.614 1366.61 
711.753 852.554 1366.61 
712.371 852.731 1366.61 
712.37 852.73 1363.44 
709.871 853.975 1366.61 
710.103 853.376 1363.44 
709.87 853.976 1363.44 
710.103 853.375 1366.61 
710.536 852.9 1366.61 
710.536 852.9 1363.44 
710.536 855.693 1363.44 
710.536 855.693 1366.61 
710.103 855.218 1363.44 
709.871 854.619 1363.44 
710.103 855.218 1366.61 
709.87 854.618 1366.61 
711.753 856.039 1363.44 
712.37 855.864 1366.61 
711.752 856.039 1366.61 
711.112 855.98 1366.61 
711.112 855.98 1363.44 
712.883 855.476 1366.61 
712.371 855.863 1363.44 
712.884 855.476 1363.44 
713.222 854.929 1366.61 
713.223 854.929 1363.44 
</float_array>
				<technique_common>
					<accessor source="#A_Joint_4_Hub_Front_Plate-1-solid111-mesh-positions-array" count="1748" stride="3">
						<param name="X" type="float"/>
						<param name="Y" type="float"/>
						<param name="Z" type="float"/>
					</accessor>
				</technique_common>
			</source>
			<source id="A_Joint_4_Hub_Front_Plate-1-solid111-mesh-normals">
				<float_array id="A_Joint_4_Hub_Front_Plate-1-solid111-mesh-normals-array" count="5244">
0.996584 0.0825793 0 
0.996584 0.0825793 0 
0.996584 -0.0825795 -0 
0.9694 0.245486 0 
0.9694 0.245486 0 
0.915773 0.401695 0 
0.915773 0.401695 0 
0.837166 0.546948 0 
0.837166 0.546948 0 
0.735724 0.677282 0 
0.735724 0.677282 0 
0.614213 0.789141 0 
0.614213 0.789141 0 
0.475947 0.879474 0 
0.475947 0.879474 0 
0.3247 0.945817 0 
0.3247 0.945817 0 
0.164595 0.986361 0 
0.164595 0.986361 0 
4.37114e-08 1 0 
4.37114e-08 1 0 
0.996584 -0.0825795 -0 
0.9694 -0.245486 -0 
0.9694 -0.245486 -0 
0.915773 -0.401695 -0 
0.915773 -0.401695 -0 
0.837166 -0.546948 -0 
0.837166 -0.546948 -0 
0.735724 -0.677281 -0 
0.735724 -0.677281 -0 
0.614213 -0.789141 -0 
0.614213 -0.789141 -0 
0.475947 -0.879474 -0 
0.475947 -0.879474 -0 
0.3247 -0.945817 -0 
0.3247 -0.945817 -0 
0.164595 -0.986361 -0 
0.164595 -0.986361 -0 
-1.19249e-08 -1 0 
-1.19249e-08 -1 0 
-1.23909e-16 1 -0 
-1.23909e-16 1 -0 
-1.23909e-16 1 -0 
-1.23909e-16 1 -0 
-1 -0 0 
-1 -0 0 
-1 -0 0 
-1 -0 0 
-1.23909e-16 -1 0 
-1.23909e-16 -1 0 
-1.23909e-16 -1 0 
-1.23909e-16 -1 0 
0 0 1 
0 0 1 
0 0 1 
0 0 1 
0 0 1 
0 0 1 
0 0 1 
0 0 1 
0 0 1 
0 0 1 
0 0 1 
0 0 1 
0 0 1 
0 0 1 
0 0 1 
0 0 1 
0 0 1 
0 0 1 
0 0 1 
0 0 1 
0 0 1 
0 0 1 
0 0 1 
0 0 1 
0 0 1 
0 0 1 
0 0 1 
0 0 1 
0 0 1 
0 0 1 
0 0 1 
0 0 1 
0 0 1 
0 0 1 
0 0 1 
0 0 1 
0 0 1 
0 0 1 
0 0 1 
0 0 1 
0 0 1 
0 0 1 
0 0 1 
0 0 1 
0 0 1 
0 0 1 
0 0 1 
0 0 1 
0 0 1 
0 0 1 
0 0 1 
0 0 1 
0 0 1 
0 0 1 
0 0 1 
0 0 1 
0 0 1 
0 0 1 
0 0 1 
0 0 1 
0 0 1 
0 0 1 
0 0 1 
0 0 1 
0 0 1 
0 0 1 
0 0 1 
0 0 1 
0 0 1 
0 0 1 
0 0 1 
0 0 1 
0 0 1 
0 0 1 
0 0 1 
0 0 1 
0 0 1 
0 0 1 
0 0 1 
0 0 1 
0 0 1 
0 0 1 
0 0 1 
0 0 1 
0 0 1 
0 0 1 
0 0 1 
0 0 1 
0 0 1 
0 0 1 
0 0 1 
0 0 1 
0 0 1 
0 0 1 
0 0 1 
0 0 1 
0 0 1 
0 0 1 
0 0 1 
0 0 1 
0 0 1 
0 0 1 
0 0 1 
0 0 1 
0 0 1 
0 0 1 
0 0 1 
0 0 1 
0 0 1 
0 0 1 
0 0 1 
0 0 1 
0 0 1 
0 0 1 
0 0 1 
0 0 1 
0 0 1 
0 0 1 
0 0 1 
0 0 1 
0 0 1 
0 0 1 
0 0 1 
0 0 1 
0 0 1 
0 0 1 
0 0 1 
0 0 1 
0 0 1 
0 0 1 
0 0 1 
0 0 1 
0 0 1 
0 0 1 
0 0 1 
0 0 1 
0 0 1 
0 0 1 
0 0 1 
0 0 1 
0 0 1 
0 0 1 
0 0 1 
0 0 1 
0 0 1 
0 0 1 
0 0 1 
0 0 1 
0 0 1 
0 0 1 
0 0 1 
0 0 1 
0 0 1 
0 0 1 
0 0 1 
0 0 1 
0 0 1 
0 0 1 
0 0 1 
0 0 1 
0 0 1 
0 0 1 
0 0 1 
0 0 1 
0 0 1 
0 0 1 
0 0 1 
0 0 1 
0 0 1 
0 0 1 
0 0 1 
0 0 1 
0 0 1 
0 0 1 
0 0 1 
0 0 1 
0 0 1 
0 0 1 
0 0 1 
0 0 1 
0 0 1 
0 0 1 
0 0 1 
0 0 1 
0 0 1 
0 0 1 
0 0 1 
0 0 1 
0 0 1 
0 0 1 
0 0 1 
0 0 1 
0 0 1 
0 0 1 
0 0 1 
0 0 1 
0 0 1 
0 0 1 
0 0 1 
0 0 1 
0 0 1 
0 0 1 
0 0 1 
0 0 1 
0 0 1 
0 0 1 
0 0 1 
0 0 1 
0 0 1 
0 0 1 
0 0 1 
0 0 1 
0 0 1 
0 0 1 
0 0 1 
0 0 1 
0 0 1 
0 0 1 
0 0 1 
0 0 1 
0 0 1 
0 0 1 
0 0 1 
0 0 1 
0 0 1 
0 0 1 
0 0 1 
0 0 1 
0 0 1 
0 0 1 
0 0 1 
0 0 1 
0 0 1 
0 0 1 
0 0 1 
0 0 1 
0 0 1 
0 0 1 
0 0 1 
0 0 1 
0 0 1 
0 0 1 
0 0 1 
0 0 1 
0 0 1 
0 0 1 
0 0 1 
0 0 1 
0 0 1 
0 0 1 
0 0 1 
0 0 1 
0 0 1 
0 0 1 
0 0 1 
0 0 1 
0 0 1 
0 0 1 
0 0 1 
0 0 1 
0 0 1 
0 0 1 
0 0 1 
0 0 1 
0 0 1 
0 0 1 
0 0 1 
0 0 1 
0 0 1 
0 0 1 
0 0 1 
0 0 1 
0 0 1 
0 0 1 
0 0 1 
0 0 1 
0 0 1 
0 0 1 
0 0 1 
0 0 1 
0 0 1 
0 0 1 
0 0 1 
0 0 1 
0 0 1 
0 0 1 
0 0 1 
0 0 1 
0 0 1 
0 0 1 
0 0 1 
0 0 1 
0 0 1 
0 0 1 
0 0 1 
0 0 1 
0 0 1 
0 0 1 
0 0 1 
0 0 1 
0 0 1 
0 0 1 
0 0 1 
0 0 1 
0 0 1 
0 0 1 
0 0 1 
0 0 1 
0 0 1 
0 0 1 
0 0 1 
0 0 1 
0 0 1 
0 0 1 
0 0 1 
0 0 1 
0 0 1 
0 0 1 
0 0 1 
0 0 1 
0 0 1 
0 0 1 
0 0 1 
0 0 1 
0 0 1 
0 0 1 
0 0 1 
0 0 1 
0 0 1 
0 0 1 
0 0 1 
0 0 1 
0 0 1 
0 0 1 
0 0 1 
0 0 1 
0 0 1 
0 0 1 
0 0 1 
0 0 1 
0 0 1 
0 0 1 
0 0 1 
0 0 1 
0 0 1 
0 0 1 
0 0 1 
0 0 1 
0 0 1 
0 0 1 
0 0 1 
0 0 1 
0 0 1 
0 0 1 
0 0 1 
0 0 1 
0 0 1 
0 0 1 
0 0 1 
0 0 1 
0 0 1 
0 0 1 
0 0 1 
0 0 1 
0 0 1 
0 0 1 
0 0 1 
0 0 1 
0 0 1 
0 0 1 
0 0 1 
0 0 1 
0 0 1 
0 0 1 
0 0 1 
0 0 1 
0 0 1 
0 0 1 
0 0 1 
0 0 1 
0 0 1 
0 0 1 
0 0 1 
0 0 1 
0 0 1 
0 0 1 
0 0 1 
0 0 1 
0 0 1 
0 0 1 
0 0 1 
0 0 1 
0 0 1 
0 0 1 
0 0 1 
0 0 1 
0 0 1 
0 0 1 
0 0 1 
0 0 1 
0 0 1 
0 0 1 
0 0 1 
0 0 1 
0 0 1 
0 0 1 
0 0 1 
0 0 1 
0 0 1 
0 0 1 
0 0 1 
0 0 1 
0 0 1 
0 0 1 
0 0 1 
0 0 1 
0 0 1 
0 0 1 
0 0 1 
0 0 1 
0 0 1 
0 0 1 
0 0 1 
0 0 1 
0 0 1 
0 0 1 
0 0 1 
0 0 1 
0 0 1 
0 0 1 
0 0 1 
0 0 1 
0 0 1 
0 0 1 
0 0 1 
-0 -0 -1 
-0 -0 -1 
-0 -0 -1 
-0 -0 -1 
-0 -0 -1 
-0 -0 -1 
-0 -0 -1 
-0 -0 -1 
-0 -0 -1 
-0 -0 -1 
-0 -0 -1 
-0 -0 -1 
-0 -0 -1 
-0 -0 -1 
-0 -0 -1 
-0 -0 -1 
-0 -0 -1 
-0 -0 -1 
-0 -0 -1 
-0 -0 -1 
-0 -0 -1 
-0 -0 -1 
-0 -0 -1 
-0 -0 -1 
-0 -0 -1 
-0 -0 -1 
-0 -0 -1 
-0 -0 -1 
-0 -0 -1 
-0 -0 -1 
-0 -0 -1 
-0 -0 -1 
-0 -0 -1 
-0 -0 -1 
-0 -0 -1 
-0 -0 -1 
-0 -0 -1 
-0 -0 -1 
-0 -0 -1 
-0 -0 -1 
-0 -0 -1 
-0 -0 -1 
-0 -0 -1 
-0 -0 -1 
-0 -0 -1 
-0 -0 -1 
-0 -0 -1 
-0 -0 -1 
-0 -0 -1 
-0 -0 -1 
-0 -0 -1 
-0 -0 -1 
-0 -0 -1 
-0 -0 -1 
-0 -0 -1 
-0 -0 -1 
-0 -0 -1 
-0 -0 -1 
-0 -0 -1 
-0 -0 -1 
-0 -0 -1 
-0 -0 -1 
-0 -0 -1 
-0 -0 -1 
-0 -0 -1 
-0 -0 -1 
-0 -0 -1 
-0 -0 -1 
-0 -0 -1 
-0 -0 -1 
-0 -0 -1 
-0 -0 -1 
-0 -0 -1 
-0 -0 -1 
-0 -0 -1 
-0 -0 -1 
-0 -0 -1 
-0 -0 -1 
-0 -0 -1 
-0 -0 -1 
-0 -0 -1 
-0 -0 -1 
-0 -0 -1 
-0 -0 -1 
-0 -0 -1 
-0 -0 -1 
-0 -0 -1 
-0 -0 -1 
-0 -0 -1 
-0 -0 -1 
-0 -0 -1 
-0 -0 -1 
-0 -0 -1 
-0 -0 -1 
-0 -0 -1 
-0 -0 -1 
-0 -0 -1 
-0 -0 -1 
-0 -0 -1 
-0 -0 -1 
-0 -0 -1 
-0 -0 -1 
-0 -0 -1 
-0 -0 -1 
-0 -0 -1 
-0 -0 -1 
-0 -0 -1 
-0 -0 -1 
-0 -0 -1 
-0 -0 -1 
-0 -0 -1 
-0 -0 -1 
-0 -0 -1 
-0 -0 -1 
-0 -0 -1 
-0 -0 -1 
-0 -0 -1 
-0 -0 -1 
-0 -0 -1 
-0 -0 -1 
-0 -0 -1 
-0 -0 -1 
-0 -0 -1 
-0 -0 -1 
-0 -0 -1 
-0 -0 -1 
-0 -0 -1 
-0 -0 -1 
-0 -0 -1 
-0 -0 -1 
-0 -0 -1 
-0 -0 -1 
-0 -0 -1 
-0 -0 -1 
-0 -0 -1 
-0 -0 -1 
-0 -0 -1 
-0 -0 -1 
-0 -0 -1 
-0 -0 -1 
-0 -0 -1 
-0 -0 -1 
-0 -0 -1 
-0 -0 -1 
-0 -0 -1 
-0 -0 -1 
-0 -0 -1 
-0 -0 -1 
-0 -0 -1 
-0 -0 -1 
-0 -0 -1 
-0 -0 -1 
-0 -0 -1 
-0 -0 -1 
-0 -0 -1 
-0 -0 -1 
-0 -0 -1 
-0 -0 -1 
-0 -0 -1 
-0 -0 -1 
-0 -0 -1 
-0 -0 -1 
-0 -0 -1 
-0 -0 -1 
-0 -0 -1 
-0 -0 -1 
-0 -0 -1 
-0 -0 -1 
-0 -0 -1 
-0 -0 -1 
-0 -0 -1 
-0 -0 -1 
-0 -0 -1 
-0 -0 -1 
-0 -0 -1 
-0 -0 -1 
-0 -0 -1 
-0 -0 -1 
-0 -0 -1 
-0 -0 -1 
-0 -0 -1 
-0 -0 -1 
-0 -0 -1 
-0 -0 -1 
-0 -0 -1 
-0 -0 -1 
-0 -0 -1 
-0 -0 -1 
-0 -0 -1 
-0 -0 -1 
-0 -0 -1 
-0 -0 -1 
-0 -0 -1 
-0 -0 -1 
-0 -0 -1 
-0 -0 -1 
-0 -0 -1 
-0 -0 -1 
-0 -0 -1 
-0 -0 -1 
-0 -0 -1 
-0 -0 -1 
-0 -0 -1 
-0 -0 -1 
-0 -0 -1 
-0 -0 -1 
-0 -0 -1 
-0 -0 -1 
-0 -0 -1 
-0 -0 -1 
-0 -0 -1 
-0 -0 -1 
-0 -0 -1 
-0 -0 -1 
-0 -0 -1 
-0 -0 -1 
-0 -0 -1 
-0 -0 -1 
-0 -0 -1 
-0 -0 -1 
-0 -0 -1 
-0 -0 -1 
-0 -0 -1 
-0 -0 -1 
-0 -0 -1 
-0 -0 -1 
-0 -0 -1 
-0 -0 -1 
-0 -0 -1 
-0 -0 -1 
-0 -0 -1 
-0 -0 -1 
-0 -0 -1 
-0 -0 -1 
-0 -0 -1 
-0 -0 -1 
-0 -0 -1 
-0 -0 -1 
-0 -0 -1 
-0 -0 -1 
-0 -0 -1 
-0 -0 -1 
-0 -0 -1 
-0 -0 -1 
-0 -0 -1 
-0 -0 -1 
-0 -0 -1 
-0 -0 -1 
-0 -0 -1 
-0 -0 -1 
-0 -0 -1 
-0 -0 -1 
-0 -0 -1 
-0 -0 -1 
-0 -0 -1 
-0 -0 -1 
-0 -0 -1 
-0 -0 -1 
-0 -0 -1 
-0 -0 -1 
-0 -0 -1 
-0 -0 -1 
-0 -0 -1 
-0 -0 -1 
-0 -0 -1 
-0 -0 -1 
-0 -0 -1 
-0 -0 -1 
-0 -0 -1 
-0 -0 -1 
-0 -0 -1 
-0 -0 -1 
-0 -0 -1 
-0 -0 -1 
-0 -0 -1 
-0 -0 -1 
-0 -0 -1 
-0 -0 -1 
-0 -0 -1 
-0 -0 -1 
-0 -0 -1 
-0 -0 -1 
-0 -0 -1 
-0 -0 -1 
-0 -0 -1 
-0 -0 -1 
-0 -0 -1 
-0 -0 -1 
-0 -0 -1 
-0 -0 -1 
-0 -0 -1 
-0 -0 -1 
-0 -0 -1 
-0 -0 -1 
-0 -0 -1 
-0 -0 -1 
-0 -0 -1 
-0 -0 -1 
-0 -0 -1 
-0 -0 -1 
-0 -0 -1 
-0 -0 -1 
-0 -0 -1 
-0 -0 -1 
-0 -0 -1 
-0 -0 -1 
-0 -0 -1 
-0 -0 -1 
-0 -0 -1 
-0 -0 -1 
-0 -0 -1 
-0 -0 -1 
-0 -0 -1 
-0 -0 -1 
-0 -0 -1 
-0 -0 -1 
-0 -0 -1 
-0 -0 -1 
-0 -0 -1 
-0 -0 -1 
-0 -0 -1 
-0 -0 -1 
-0 -0 -1 
-0 -0 -1 
-0 -0 -1 
-0 -0 -1 
-0 -0 -1 
-0 -0 -1 
-0 -0 -1 
-0 -0 -1 
-0 -0 -1 
-0 -0 -1 
-0 -0 -1 
-0 -0 -1 
-0 -0 -1 
-0 -0 -1 
-0 -0 -1 
-0 -0 -1 
-0 -0 -1 
-0 -0 -1 
-0 -0 -1 
-0 -0 -1 
-0 -0 -1 
-0 -0 -1 
-0 -0 -1 
-0 -0 -1 
-0 -0 -1 
-0 -0 -1 
-0 -0 -1 
-0 -0 -1 
-0 -0 -1 
-0 -0 -1 
-0 -0 -1 
-0 -0 -1 
-0 -0 -1 
-0 -0 -1 
-0 -0 -1 
-0 -0 -1 
-0 -0 -1 
-0 -0 -1 
-0 -0 -1 
-0 -0 -1 
-0 -0 -1 
-0 -0 -1 
-0 -0 -1 
-0 -0 -1 
-0 -0 -1 
-0 -0 -1 
-0 -0 -1 
-0 -0 -1 
-0 -0 -1 
-0 -0 -1 
-0 -0 -1 
-0 -0 -1 
-0 -0 -1 
-0 -0 -1 
-0 -0 -1 
-0 -0 -1 
-0 -0 -1 
-0 -0 -1 
-0 -0 -1 
-0 -0 -1 
-0 -0 -1 
-0 -0 -1 
-0 -0 -1 
-0 -0 -1 
-0 -0 -1 
-0 -0 -1 
-0 -0 -1 
-0 -0 -1 
-0 -0 -1 
-0 -0 -1 
-0 -0 -1 
-0 -0 -1 
-0 -0 -1 
-0 -0 -1 
-0 -0 -1 
-0 -0 -1 
-0 -0 -1 
-0 -0 -1 
-0 -0 -1 
-0 -0 -1 
-0 -0 -1 
-0 -0 -1 
-0 -0 -1 
-0 -0 -1 
-0 -0 -1 
-0 -0 -1 
-0 -0 -1 
-0 -0 -1 
-0 -0 -1 
-0 -0 -1 
-0 -0 -1 
-0 -0 -1 
-0 -0 -1 
-0 -0 -1 
-0 -0 -1 
-0 -0 -1 
-0 -0 -1 
-0 -0 -1 
-0 -0 -1 
-0 -0 -1 
-0 -0 -1 
-0 -0 -1 
-0 -0 -1 
-0 -0 -1 
-0 -0 -1 
-0 -0 -1 
-0 -0 -1 
-0 -0 -1 
-0 -0 -1 
-0 -0 -1 
-0 -0 -1 
-0 -0 -1 
-0 -0 -1 
0.942877 0.33314 -0 
0.985616 0.169001 -0 
0.942877 0.33314 -0 
1 -1.74846e-07 -0 
0.985616 0.169001 -0 
1 3.01992e-07 -0 
0.778036 0.62822 -0 
0.660675 0.750672 -0 
0.660675 0.750672 -0 
0.778036 0.62822 -0 
0.873014 0.487695 -0 
0.873014 0.487695 -0 
0.210679 0.977555 -0 
0.372856 0.927889 -0 
0.210679 0.977555 -0 
0.372857 0.927889 -0 
0.524307 0.851529 -0 
0.524307 0.851529 -0 
-0.292823 0.956167 0 
-0.292823 0.956167 0 
-0.127018 0.9919 0 
0.0424415 0.999099 -0 
-0.127018 0.9919 0 
0.042441 0.999099 -0 
-0.594633 0.803997 0 
-0.721956 0.691939 0 
-0.721956 0.691939 0 
-0.450204 0.892926 0 
-0.450204 0.892926 0 
-0.594633 0.803997 0 
-0.967733 0.251978 0 
-0.911228 0.411901 0 
-0.967733 0.251978 0 
-0.911228 0.411901 0 
-0.82851 0.559975 0 
-0.82851 0.559975 0 
-0.967733 -0.251978 -0 
-0.967733 -0.251978 -0 
-0.996397 -0.0848059 -0 
-0.996397 0.0848059 0 
-0.996397 -0.0848059 -0 
-0.996397 0.0848059 0 
-0.82851 -0.559975 -0 
-0.721956 -0.691939 -0 
-0.721956 -0.691939 -0 
-0.911228 -0.411901 -0 
-0.911229 -0.411901 -0 
-0.82851 -0.559975 -0 
-0.292823 -0.956167 -0 
-0.450204 -0.892926 -0 
-0.292823 -0.956167 -0 
-0.450204 -0.892926 -0 
-0.594633 -0.803997 -0 
-0.594633 -0.803997 -0 
0.210679 -0.977555 -0 
0.0424412 -0.999099 -0 
0.0424412 -0.999099 -0 
-0.127018 -0.9919 -0 
-0.127018 -0.9919 -0 
0.210679 -0.977555 -0 
0.372857 -0.927889 -0 
0.372856 -0.927889 -0 
0.524307 -0.851529 -0 
0.660675 -0.750672 -0 
0.524307 -0.851529 -0 
0.660675 -0.750672 -0 
0.778036 -0.62822 -0 
0.778036 -0.62822 -0 
0.873014 -0.487695 -0 
0.942877 -0.33314 -0 
0.873014 -0.487695 -0 
0.942877 -0.33314 -0 
0.985616 -0.169001 -0 
0.985616 -0.169001 -0 
0.913545 0.406737 -0 
0.978148 0.207912 -0 
0.913546 0.406736 -0 
1 -1.74846e-07 -0 
0.978148 0.207912 -0 
1 3.01992e-07 -0 
0.669131 0.743145 -0 
0.5 0.866025 -0 
0.5 0.866025 -0 
0.66913 0.743145 -0 
0.809017 0.587785 -0 
0.809017 0.587785 -0 
-0.104528 0.994522 0 
0.104528 0.994522 -0 
-0.104528 0.994522 0 
0.104528 0.994522 -0 
0.309017 0.951057 -0 
0.309017 0.951056 -0 
-0.669131 0.743145 0 
-0.669131 0.743145 0 
-0.5 0.866025 0 
-0.309017 0.951056 0 
-0.5 0.866025 0 
-0.309017 0.951056 0 
-0.913545 0.406737 0 
-0.978148 0.207912 0 
-0.978148 0.207912 0 
-0.809017 0.587785 0 
-0.809017 0.587785 0 
-0.913545 0.406737 0 
-0.913545 -0.406737 -0 
-0.978148 -0.207912 -0 
-0.913545 -0.406737 -0 
-0.978148 -0.207912 -0 
-1 -1.50996e-07 -0 
-1 8.74228e-08 0 
-0.5 -0.866025 -0 
-0.5 -0.866025 -0 
-0.669131 -0.743145 -0 
-0.809017 -0.587785 -0 
-0.669131 -0.743145 -0 
-0.809017 -0.587785 -0 
-0.104529 -0.994522 -0 
0.104528 -0.994522 -0 
0.104528 -0.994522 -0 
-0.309017 -0.951056 -0 
-0.309017 -0.951056 -0 
-0.104528 -0.994522 -0 
0.309017 -0.951057 -0 
0.309017 -0.951057 -0 
0.5 -0.866025 -0 
0.5 -0.866025 -0 
0.669131 -0.743145 -0 
0.669131 -0.743145 -0 
0.809017 -0.587785 -0 
0.809017 -0.587785 -0 
0.913545 -0.406737 -0 
0.913545 -0.406737 -0 
0.978148 -0.207912 -0 
0.978148 -0.207912 -0 
0.913545 0.406737 -0 
0.978148 0.207912 -0 
0.913546 0.406736 -0 
1 -1.74846e-07 -0 
0.978148 0.207912 -0 
1 3.01992e-07 -0 
0.669131 0.743145 -0 
0.5 0.866025 -0 
0.5 0.866025 -0 
0.66913 0.743145 -0 
0.809017 0.587785 -0 
0.809017 0.587785 -0 
-0.104528 0.994522 0 
0.104528 0.994522 -0 
-0.104528 0.994522 0 
0.104528 0.994522 -0 
0.309017 0.951057 -0 
0.309017 0.951056 -0 
-0.669131 0.743145 0 
-0.669131 0.743145 0 
-0.5 0.866025 0 
-0.309017 0.951056 0 
-0.5 0.866025 0 
-0.309017 0.951056 0 
-0.913545 0.406737 0 
-0.978148 0.207912 0 
-0.978148 0.207912 0 
-0.809017 0.587785 0 
-0.809017 0.587785 0 
-0.913545 0.406737 0 
-0.913545 -0.406737 -0 
-0.978148 -0.207912 -0 
-0.913545 -0.406737 -0 
-0.978148 -0.207912 -0 
-1 -1.50996e-07 -0 
-1 8.74228e-08 0 
-0.5 -0.866025 -0 
-0.5 -0.866025 -0 
-0.669131 -0.743145 -0 
-0.809017 -0.587785 -0 
-0.669131 -0.743145 -0 
-0.809017 -0.587785 -0 
-0.104529 -0.994522 -0 
0.104528 -0.994522 -0 
0.104528 -0.994522 -0 
-0.309017 -0.951056 -0 
-0.309017 -0.951056 -0 
-0.104528 -0.994522 -0 
0.309017 -0.951057 -0 
0.309017 -0.951057 -0 
0.5 -0.866025 -0 
0.5 -0.866025 -0 
0.669131 -0.743145 -0 
0.669131 -0.743145 -0 
0.809017 -0.587785 -0 
0.809017 -0.587785 -0 
0.913545 -0.406737 -0 
0.913545 -0.406737 -0 
0.978148 -0.207912 -0 
0.978148 -0.207912 -0 
0.913545 0.406737 -0 
0.978148 0.207912 -0 
0.913546 0.406736 -0 
1 -1.74846e-07 -0 
0.978148 0.207912 -0 
1 3.01992e-07 -0 
0.669131 0.743145 -0 
0.5 0.866025 -0 
0.5 0.866025 -0 
0.66913 0.743145 -0 
0.809017 0.587785 -0 
0.809017 0.587785 -0 
-0.104528 0.994522 0 
0.104528 0.994522 -0 
-0.104528 0.994522 0 
0.104528 0.994522 -0 
0.309017 0.951057 -0 
0.309017 0.951056 -0 
-0.669131 0.743145 0 
-0.669131 0.743145 0 
-0.5 0.866025 0 
-0.309017 0.951056 0 
-0.5 0.866025 0 
-0.309017 0.951056 0 
-0.913545 0.406737 0 
-0.978148 0.207912 0 
-0.978148 0.207912 0 
-0.809017 0.587785 0 
-0.809017 0.587785 0 
-0.913545 0.406737 0 
-0.913545 -0.406737 -0 
-0.978148 -0.207912 -0 
-0.913545 -0.406737 -0 
-0.978148 -0.207912 -0 
-1 -1.50996e-07 -0 
-1 8.74228e-08 0 
-0.5 -0.866025 -0 
-0.5 -0.866025 -0 
-0.669131 -0.743145 -0 
-0.809017 -0.587785 -0 
-0.669131 -0.743145 -0 
-0.809017 -0.587785 -0 
-0.104529 -0.994522 -0 
0.104528 -0.994522 -0 
0.104528 -0.994522 -0 
-0.309017 -0.951056 -0 
-0.309017 -0.951056 -0 
-0.104528 -0.994522 -0 
0.309017 -0.951057 -0 
0.309017 -0.951057 -0 
0.5 -0.866025 -0 
0.5 -0.866025 -0 
0.669131 -0.743145 -0 
0.669131 -0.743145 -0 
0.809017 -0.587785 -0 
0.809017 -0.587785 -0 
0.913545 -0.406737 -0 
0.913545 -0.406737 -0 
0.978148 -0.207912 -0 
0.978148 -0.207912 -0 
0.913545 0.406737 -0 
0.978148 0.207912 -0 
0.913546 0.406736 -0 
1 -1.74846e-07 -0 
0.978148 0.207912 -0 
1 3.01992e-07 -0 
0.669131 0.743145 -0 
0.5 0.866025 -0 
0.5 0.866025 -0 
0.66913 0.743145 -0 
0.809017 0.587785 -0 
0.809017 0.587785 -0 
-0.104528 0.994522 0 
0.104528 0.994522 -0 
-0.104528 0.994522 0 
0.104528 0.994522 -0 
0.309017 0.951057 -0 
0.309017 0.951056 -0 
-0.669131 0.743145 0 
-0.669131 0.743145 0 
-0.5 0.866025 0 
-0.309017 0.951056 0 
-0.5 0.866025 0 
-0.309017 0.951056 0 
-0.913545 0.406737 0 
-0.978148 0.207912 0 
-0.978148 0.207912 0 
-0.809017 0.587785 0 
-0.809017 0.587785 0 
-0.913545 0.406737 0 
-0.913545 -0.406737 -0 
-0.978148 -0.207912 -0 
-0.913545 -0.406737 -0 
-0.978148 -0.207912 -0 
-1 -1.50996e-07 -0 
-1 8.74228e-08 0 
-0.5 -0.866025 -0 
-0.5 -0.866025 -0 
-0.669131 -0.743145 -0 
-0.809017 -0.587785 -0 
-0.669131 -0.743145 -0 
-0.809017 -0.587785 -0 
-0.104529 -0.994522 -0 
0.104528 -0.994522 -0 
0.104528 -0.994522 -0 
-0.309017 -0.951056 -0 
-0.309017 -0.951056 -0 
-0.104528 -0.994522 -0 
0.309017 -0.951057 -0 
0.309017 -0.951057 -0 
0.5 -0.866025 -0 
0.5 -0.866025 -0 
0.669131 -0.743145 -0 
0.669131 -0.743145 -0 
0.809017 -0.587785 -0 
0.809017 -0.587785 -0 
0.913545 -0.406737 -0 
0.913545 -0.406737 -0 
0.978148 -0.207912 -0 
0.978148 -0.207912 -0 
0.913545 0.406737 -0 
0.978148 0.207912 -0 
0.913546 0.406736 -0 
1 -1.74846e-07 -0 
0.978148 0.207912 -0 
1 3.01992e-07 -0 
0.669131 0.743145 -0 
0.5 0.866025 -0 
0.5 0.866025 -0 
0.66913 0.743145 -0 
0.809017 0.587785 -0 
0.809017 0.587785 -0 
-0.104528 0.994522 0 
0.104528 0.994522 -0 
-0.104528 0.994522 0 
0.104528 0.994522 -0 
0.309017 0.951057 -0 
0.309017 0.951056 -0 
-0.669131 0.743145 0 
-0.669131 0.743145 0 
-0.5 0.866025 0 
-0.309017 0.951056 0 
-0.5 0.866025 0 
-0.309017 0.951056 0 
-0.913545 0.406737 0 
-0.978148 0.207912 0 
-0.978148 0.207912 0 
-0.809017 0.587785 0 
-0.809017 0.587785 0 
-0.913545 0.406737 0 
-0.913545 -0.406737 -0 
-0.978148 -0.207912 -0 
-0.913545 -0.406737 -0 
-0.978148 -0.207912 -0 
-1 -1.50996e-07 -0 
-1 8.74228e-08 0 
-0.5 -0.866025 -0 
-0.5 -0.866025 -0 
-0.669131 -0.743145 -0 
-0.809017 -0.587785 -0 
-0.669131 -0.743145 -0 
-0.809017 -0.587785 -0 
-0.104529 -0.994522 -0 
0.104528 -0.994522 -0 
0.104528 -0.994522 -0 
-0.309017 -0.951056 -0 
-0.309017 -0.951056 -0 
-0.104528 -0.994522 -0 
0.309017 -0.951057 -0 
0.309017 -0.951057 -0 
0.5 -0.866025 -0 
0.5 -0.866025 -0 
0.669131 -0.743145 -0 
0.669131 -0.743145 -0 
0.809017 -0.587785 -0 
0.809017 -0.587785 -0 
0.913545 -0.406737 -0 
0.913545 -0.406737 -0 
0.978148 -0.207912 -0 
0.978148 -0.207912 -0 
0.913545 0.406737 -0 
0.978148 0.207912 -0 
0.913546 0.406736 -0 
1 -1.74846e-07 -0 
0.978148 0.207912 -0 
1 3.01992e-07 -0 
0.669131 0.743145 -0 
0.5 0.866025 -0 
0.5 0.866025 -0 
0.66913 0.743145 -0 
0.809017 0.587785 -0 
0.809017 0.587785 -0 
-0.104528 0.994522 0 
0.104528 0.994522 -0 
-0.104528 0.994522 0 
0.104528 0.994522 -0 
0.309017 0.951057 -0 
0.309017 0.951056 -0 
-0.669131 0.743145 0 
-0.669131 0.743145 0 
-0.5 0.866025 0 
-0.309017 0.951056 0 
-0.5 0.866025 0 
-0.309017 0.951056 0 
-0.913545 0.406737 0 
-0.978148 0.207912 0 
-0.978148 0.207912 0 
-0.809017 0.587785 0 
-0.809017 0.587785 0 
-0.913545 0.406737 0 
-0.913545 -0.406737 -0 
-0.978148 -0.207912 -0 
-0.913545 -0.406737 -0 
-0.978148 -0.207912 -0 
-1 -1.50996e-07 -0 
-1 8.74228e-08 0 
-0.5 -0.866025 -0 
-0.5 -0.866025 -0 
-0.669131 -0.743145 -0 
-0.809017 -0.587785 -0 
-0.669131 -0.743145 -0 
-0.809017 -0.587785 -0 
-0.104529 -0.994522 -0 
0.104528 -0.994522 -0 
0.104528 -0.994522 -0 
-0.309017 -0.951056 -0 
-0.309017 -0.951056 -0 
-0.104528 -0.994522 -0 
0.309017 -0.951057 -0 
0.309017 -0.951057 -0 
0.5 -0.866025 -0 
0.5 -0.866025 -0 
0.669131 -0.743145 -0 
0.669131 -0.743145 -0 
0.809017 -0.587785 -0 
0.809017 -0.587785 -0 
0.913545 -0.406737 -0 
0.913545 -0.406737 -0 
0.978148 -0.207912 -0 
0.978148 -0.207912 -0 
0.913545 0.406737 -0 
0.978148 0.207912 -0 
0.913546 0.406736 -0 
1 -1.74846e-07 -0 
0.978148 0.207912 -0 
1 3.01992e-07 -0 
0.669131 0.743145 -0 
0.5 0.866025 -0 
0.5 0.866025 -0 
0.66913 0.743145 -0 
0.809017 0.587785 -0 
0.809017 0.587785 -0 
-0.104528 0.994522 0 
0.104528 0.994522 -0 
-0.104528 0.994522 0 
0.104528 0.994522 -0 
0.309017 0.951057 -0 
0.309017 0.951056 -0 
-0.669131 0.743145 0 
-0.669131 0.743145 0 
-0.5 0.866025 0 
-0.309017 0.951056 0 
-0.5 0.866025 0 
-0.309017 0.951056 0 
-0.913545 0.406737 0 
-0.978148 0.207912 0 
-0.978148 0.207912 0 
-0.809017 0.587785 0 
-0.809017 0.587785 0 
-0.913545 0.406737 0 
-0.913545 -0.406737 -0 
-0.978148 -0.207912 -0 
-0.913545 -0.406737 -0 
-0.978148 -0.207912 -0 
-1 -1.50996e-07 -0 
-1 8.74228e-08 0 
-0.5 -0.866025 -0 
-0.5 -0.866025 -0 
-0.669131 -0.743145 -0 
-0.809017 -0.587785 -0 
-0.669131 -0.743145 -0 
-0.809017 -0.587785 -0 
-0.104529 -0.994522 -0 
0.104528 -0.994522 -0 
0.104528 -0.994522 -0 
-0.309017 -0.951056 -0 
-0.309017 -0.951056 -0 
-0.104528 -0.994522 -0 
0.309017 -0.951057 -0 
0.309017 -0.951057 -0 
0.5 -0.866025 -0 
0.5 -0.866025 -0 
0.669131 -0.743145 -0 
0.669131 -0.743145 -0 
0.809017 -0.587785 -0 
0.809017 -0.587785 -0 
0.913545 -0.406737 -0 
0.913545 -0.406737 -0 
0.978148 -0.207912 -0 
0.978148 -0.207912 -0 
0.913545 0.406737 -0 
0.978148 0.207912 -0 
0.913546 0.406736 -0 
1 -1.74846e-07 -0 
0.978148 0.207912 -0 
1 3.01992e-07 -0 
0.669131 0.743145 -0 
0.5 0.866025 -0 
0.5 0.866025 -0 
0.66913 0.743145 -0 
0.809017 0.587785 -0 
0.809017 0.587785 -0 
-0.104528 0.994522 0 
0.104528 0.994522 -0 
-0.104528 0.994522 0 
0.104528 0.994522 -0 
0.309017 0.951057 -0 
0.309017 0.951056 -0 
-0.669131 0.743145 0 
-0.669131 0.743145 0 
-0.5 0.866025 0 
-0.309017 0.951056 0 
-0.5 0.866025 0 
-0.309017 0.951056 0 
-0.913545 0.406737 0 
-0.978148 0.207912 0 
-0.978148 0.207912 0 
-0.809017 0.587785 0 
-0.809017 0.587785 0 
-0.913545 0.406737 0 
-0.913545 -0.406737 -0 
-0.978148 -0.207912 -0 
-0.913545 -0.406737 -0 
-0.978148 -0.207912 -0 
-1 -1.50996e-07 -0 
-1 8.74228e-08 0 
-0.5 -0.866025 -0 
-0.5 -0.866025 -0 
-0.669131 -0.743145 -0 
-0.809017 -0.587785 -0 
-0.669131 -0.743145 -0 
-0.809017 -0.587785 -0 
-0.104529 -0.994522 -0 
0.104528 -0.994522 -0 
0.104528 -0.994522 -0 
-0.309017 -0.951056 -0 
-0.309017 -0.951056 -0 
-0.104528 -0.994522 -0 
0.309017 -0.951057 -0 
0.309017 -0.951057 -0 
0.5 -0.866025 -0 
0.5 -0.866025 -0 
0.669131 -0.743145 -0 
0.669131 -0.743145 -0 
0.809017 -0.587785 -0 
0.809017 -0.587785 -0 
0.913545 -0.406737 -0 
0.913545 -0.406737 -0 
0.978148 -0.207912 -0 
0.978148 -0.207912 -0 
-0.739009 0.673695 -0 
-0.932472 0.361242 -0 
-0.739009 0.673695 -0 
-1 -1.74846e-07 -0 
-0.932472 0.361242 -0 
-1 -1.74846e-07 -0 
-0.0922687 0.995734 -0 
0.273663 0.961826 -0 
0.273663 0.961826 -0 
-0.0922687 0.995734 -0 
-0.445738 0.895163 -0 
-0.445738 0.895163 -0 
0.982973 0.183749 -0 
0.850217 0.526432 -0 
0.982973 0.18375 -0 
0.850217 0.526432 -0 
0.602635 0.798017 -0 
0.602634 0.798017 -0 
0.602635 -0.798017 -0 
0.602635 -0.798017 -0 
0.850217 -0.526432 -0 
0.982973 -0.18375 -0 
0.850217 -0.526432 -0 
0.982973 -0.18375 -0 
-0.0922684 -0.995734 -0 
-0.445738 -0.895163 -0 
-0.0922684 -0.995734 -0 
0.273663 -0.961826 -0 
0.273663 -0.961826 -0 
-0.739009 -0.673696 -0 
-0.445738 -0.895163 -0 
-0.739009 -0.673696 -0 
-0.932472 -0.361242 -0 
-0.932472 -0.361242 -0 
-0.739009 0.673695 -0 
-0.932472 0.361242 -0 
-0.739009 0.673695 -0 
-1 -1.74846e-07 -0 
-0.932472 0.361242 -0 
-1 -1.74846e-07 -0 
-0.0922687 0.995734 -0 
0.273663 0.961826 -0 
0.273663 0.961826 -0 
-0.0922687 0.995734 -0 
-0.445738 0.895163 -0 
-0.445738 0.895163 -0 
0.982973 0.183749 -0 
0.850217 0.526432 -0 
0.982973 0.18375 -0 
0.850217 0.526432 -0 
0.602635 0.798017 -0 
0.602634 0.798017 -0 
0.602635 -0.798017 -0 
0.602635 -0.798017 -0 
0.850217 -0.526432 -0 
0.982973 -0.18375 -0 
0.850217 -0.526432 -0 
0.982973 -0.18375 -0 
-0.0922684 -0.995734 -0 
-0.445738 -0.895163 -0 
-0.0922684 -0.995734 -0 
0.273663 -0.961826 -0 
0.273663 -0.961826 -0 
-0.739009 -0.673696 -0 
-0.445738 -0.895163 -0 
-0.739009 -0.673696 -0 
-0.932472 -0.361242 -0 
-0.932472 -0.361242 -0 
-0.739009 0.673695 -0 
-0.932472 0.361242 -0 
-0.739009 0.673695 -0 
-1 -1.74846e-07 -0 
-0.932472 0.361242 -0 
-1 -1.74846e-07 -0 
-0.0922687 0.995734 -0 
0.273663 0.961826 -0 
0.273663 0.961826 -0 
-0.0922687 0.995734 -0 
-0.445738 0.895163 -0 
-0.445738 0.895163 -0 
0.982973 0.183749 -0 
0.850217 0.526432 -0 
0.982973 0.18375 -0 
0.850217 0.526432 -0 
0.602635 0.798017 -0 
0.602634 0.798017 -0 
0.602635 -0.798017 -0 
0.602635 -0.798017 -0 
0.850217 -0.526432 -0 
0.982973 -0.18375 -0 
0.850217 -0.526432 -0 
0.982973 -0.18375 -0 
-0.0922684 -0.995734 -0 
-0.445738 -0.895163 -0 
-0.0922684 -0.995734 -0 
0.273663 -0.961826 -0 
0.273663 -0.961826 -0 
-0.739009 -0.673696 -0 
-0.445738 -0.895163 -0 
-0.739009 -0.673696 -0 
-0.932472 -0.361242 -0 
-0.932472 -0.361242 -0 
-0.739009 0.673695 -0 
-0.932472 0.361242 -0 
-0.739009 0.673695 -0 
-1 -1.74846e-07 -0 
-0.932472 0.361242 -0 
-1 -1.74846e-07 -0 
-0.0922687 0.995734 -0 
0.273663 0.961826 -0 
0.273663 0.961826 -0 
-0.0922687 0.995734 -0 
-0.445738 0.895163 -0 
-0.445738 0.895163 -0 
0.982973 0.183749 -0 
0.850217 0.526432 -0 
0.982973 0.18375 -0 
0.850217 0.526432 -0 
0.602635 0.798017 -0 
0.602634 0.798017 -0 
0.602635 -0.798017 -0 
0.602635 -0.798017 -0 
0.850217 -0.526432 -0 
0.982973 -0.18375 -0 
0.850217 -0.526432 -0 
0.982973 -0.18375 -0 
-0.0922684 -0.995734 -0 
-0.445738 -0.895163 -0 
-0.0922684 -0.995734 -0 
0.273663 -0.961826 -0 
0.273663 -0.961826 -0 
-0.739009 -0.673696 -0 
-0.445738 -0.895163 -0 
-0.739009 -0.673696 -0 
-0.932472 -0.361242 -0 
-0.932472 -0.361242 -0 
-0.739009 0.673695 -0 
-0.932472 0.361242 -0 
-0.739009 0.673695 -0 
-1 -1.74846e-07 -0 
-0.932472 0.361242 -0 
-1 -1.74846e-07 -0 
-0.0922687 0.995734 -0 
0.273663 0.961826 -0 
0.273663 0.961826 -0 
-0.0922687 0.995734 -0 
-0.445738 0.895163 -0 
-0.445738 0.895163 -0 
0.982973 0.183749 -0 
0.850217 0.526432 -0 
0.982973 0.18375 -0 
0.850217 0.526432 -0 
0.602635 0.798017 -0 
0.602634 0.798017 -0 
0.602635 -0.798017 -0 
0.602635 -0.798017 -0 
0.850217 -0.526432 -0 
0.982973 -0.18375 -0 
0.850217 -0.526432 -0 
0.982973 -0.18375 -0 
-0.0922684 -0.995734 -0 
-0.445738 -0.895163 -0 
-0.0922684 -0.995734 -0 
0.273663 -0.961826 -0 
0.273663 -0.961826 -0 
-0.739009 -0.673696 -0 
-0.445738 -0.895163 -0 
-0.739009 -0.673696 -0 
-0.932472 -0.361242 -0 
-0.932472 -0.361242 -0 
-0.739009 0.673695 -0 
-0.932472 0.361242 -0 
-0.739009 0.673695 -0 
-1 -1.74846e-07 -0 
-0.932472 0.361242 -0 
-1 -1.74846e-07 -0 
-0.0922687 0.995734 -0 
0.273663 0.961826 -0 
0.273663 0.961826 -0 
-0.0922687 0.995734 -0 
-0.445738 0.895163 -0 
-0.445738 0.895163 -0 
0.982973 0.183749 -0 
0.850217 0.526432 -0 
0.982973 0.18375 -0 
0.850217 0.526432 -0 
0.602635 0.798017 -0 
0.602634 0.798017 -0 
0.602635 -0.798017 -0 
0.602635 -0.798017 -0 
0.850217 -0.526432 -0 
0.982973 -0.18375 -0 
0.850217 -0.526432 -0 
0.982973 -0.18375 -0 
-0.0922684 -0.995734 -0 
-0.445738 -0.895163 -0 
-0.0922684 -0.995734 -0 
0.273663 -0.961826 -0 
0.273663 -0.961826 -0 
-0.739009 -0.673696 -0 
-0.445738 -0.895163 -0 
-0.739009 -0.673696 -0 
-0.932472 -0.361242 -0 
-0.932472 -0.361242 -0 
-0.739009 0.673695 -0 
-0.932472 0.361242 -0 
-0.739009 0.673695 -0 
-1 -1.74846e-07 -0 
-0.932472 0.361242 -0 
-1 -1.74846e-07 -0 
-0.0922687 0.995734 -0 
0.273663 0.961826 -0 
0.273663 0.961826 -0 
-0.0922687 0.995734 -0 
-0.445738 0.895163 -0 
-0.445738 0.895163 -0 
0.982973 0.183749 -0 
0.850217 0.526432 -0 
0.982973 0.18375 -0 
0.850217 0.526432 -0 
0.602635 0.798017 -0 
0.602634 0.798017 -0 
0.602635 -0.798017 -0 
0.602635 -0.798017 -0 
0.850217 -0.526432 -0 
0.982973 -0.18375 -0 
0.850217 -0.526432 -0 
0.982973 -0.18375 -0 
-0.0922684 -0.995734 -0 
-0.445738 -0.895163 -0 
-0.0922684 -0.995734 -0 
0.273663 -0.961826 -0 
0.273663 -0.961826 -0 
-0.739009 -0.673696 -0 
-0.445738 -0.895163 -0 
-0.739009 -0.673696 -0 
-0.932472 -0.361242 -0 
-0.932472 -0.361242 -0 
-0.739009 0.673695 -0 
-0.932472 0.361242 -0 
-0.739009 0.673695 -0 
-1 -1.74846e-07 -0 
-0.932472 0.361242 -0 
-1 -1.74846e-07 -0 
-0.0922687 0.995734 -0 
0.273663 0.961826 -0 
0.273663 0.961826 -0 
-0.0922687 0.995734 -0 
-0.445738 0.895163 -0 
-0.445738 0.895163 -0 
0.982973 0.183749 -0 
0.850217 0.526432 -0 
0.982973 0.18375 -0 
0.850217 0.526432 -0 
0.602635 0.798017 -0 
0.602634 0.798017 -0 
0.602635 -0.798017 -0 
0.602635 -0.798017 -0 
0.850217 -0.526432 -0 
0.982973 -0.18375 -0 
0.850217 -0.526432 -0 
0.982973 -0.18375 -0 
-0.0922684 -0.995734 -0 
-0.445738 -0.895163 -0 
-0.0922684 -0.995734 -0 
0.273663 -0.961826 -0 
0.273663 -0.961826 -0 
-0.739009 -0.673696 -0 
-0.445738 -0.895163 -0 
-0.739009 -0.673696 -0 
-0.932472 -0.361242 -0 
-0.932472 -0.361242 -0 
</float_array>
				<technique_common>
					<accessor source="#A_Joint_4_Hub_Front_Plate-1-solid111-mesh-normals-array" count="1748" stride="3">
						<param name="X" type="float"/>
						<param name="Y" type="float"/>
						<param name="Z" type="float"/>
					</accessor>
				</technique_common>
			</source>
			<vertices id="A_Joint_4_Hub_Front_Plate-1-solid111-mesh-vertices">
				<input semantic="POSITION" source="#A_Joint_4_Hub_Front_Plate-1-solid111-mesh-positions"/>
			</vertices>
			<triangles count="38" material="Material232-satin_finish_aluminum">
				<input semantic="VERTEX" source="#A_Joint_4_Hub_Front_Plate-1-solid111-mesh-vertices" offset="0"/>
				<input semantic="NORMAL" source="#A_Joint_4_Hub_Front_Plate-1-solid111-mesh-normals" offset="1"/>
				<p>
0 0 1 1 2 2 
1 1 3 3 4 4 
3 3 1 1 0 0 
5 5 4 4 6 6 
3 3 6 6 4 4 
7 7 8 8 5 5 
5 5 6 6 7 7 
8 8 9 9 10 10 
9 9 8 8 7 7 
11 11 10 10 12 12 
9 9 12 12 10 10 
13 13 14 14 11 11 
11 11 12 12 13 13 
14 14 15 15 16 16 
15 15 14 14 13 13 
17 17 16 16 18 18 
15 15 18 18 16 16 
19 19 20 20 17 17 
17 17 18 18 19 19 
0 0 2 2 21 21 
22 22 23 23 21 21 
21 21 2 2 22 22 
23 23 24 24 25 25 
24 24 23 23 22 22 
26 26 25 25 27 27 
24 24 27 27 25 25 
28 28 29 29 26 26 
26 26 27 27 28 28 
29 29 30 30 31 31 
30 30 29 29 28 28 
32 32 31 31 33 33 
30 30 33 33 31 31 
34 34 35 35 32 32 
32 32 33 33 34 34 
35 35 36 36 37 37 
36 36 35 35 34 34 
36 36 38 38 37 37 
37 37 38 38 39 39 
</p>
			</triangles>
			<triangles count="2" material="Material233-satin_finish_aluminum">
				<input semantic="VERTEX" source="#A_Joint_4_Hub_Front_Plate-1-solid111-mesh-vertices" offset="0"/>
				<input semantic="NORMAL" source="#A_Joint_4_Hub_Front_Plate-1-solid111-mesh-normals" offset="1"/>
				<p>
40 40 41 41 42 42 
40 40 43 43 41 41 
</p>
			</triangles>
			<triangles count="2" material="Material234-satin_finish_aluminum">
				<input semantic="VERTEX" source="#A_Joint_4_Hub_Front_Plate-1-solid111-mesh-vertices" offset="0"/>
				<input semantic="NORMAL" source="#A_Joint_4_Hub_Front_Plate-1-solid111-mesh-normals" offset="1"/>
				<p>
44 44 45 45 46 46 
44 44 47 47 45 45 
</p>
			</triangles>
			<triangles count="2" material="Material235-satin_finish_aluminum">
				<input semantic="VERTEX" source="#A_Joint_4_Hub_Front_Plate-1-solid111-mesh-vertices" offset="0"/>
				<input semantic="NORMAL" source="#A_Joint_4_Hub_Front_Plate-1-solid111-mesh-normals" offset="1"/>
				<p>
48 48 49 49 50 50 
48 48 51 51 49 49 
</p>
			</triangles>
			<triangles count="467" material="Material236-satin_finish_aluminum">
				<input semantic="VERTEX" source="#A_Joint_4_Hub_Front_Plate-1-solid111-mesh-vertices" offset="0"/>
				<input semantic="NORMAL" source="#A_Joint_4_Hub_Front_Plate-1-solid111-mesh-normals" offset="1"/>
				<p>
52 52 53 53 54 54 
55 55 56 56 57 57 
58 58 59 59 60 60 
61 61 62 62 63 63 
64 64 65 65 66 66 
67 67 68 68 69 69 
70 70 71 71 72 72 
73 73 74 74 75 75 
76 76 77 77 78 78 
79 79 80 80 81 81 
82 82 83 83 84 84 
85 85 86 86 87 87 
88 88 89 89 90 90 
91 91 92 92 93 93 
94 94 78 78 77 77 
95 95 96 96 97 97 
98 98 99 99 100 100 
101 101 102 102 103 103 
104 104 105 105 106 106 
107 107 108 108 109 109 
110 110 111 111 112 112 
113 113 114 114 115 115 
108 108 116 116 109 109 
117 117 107 107 118 118 
119 119 120 120 121 121 
122 122 123 123 124 124 
85 85 125 125 126 126 
127 127 128 128 87 87 
129 129 130 130 131 131 
76 76 78 78 132 132 
133 133 134 134 135 135 
134 134 136 136 137 137 
71 71 138 138 139 139 
140 140 56 56 141 141 
70 70 142 142 71 71 
143 143 75 75 74 74 
143 143 64 64 144 144 
145 145 146 146 147 147 
60 60 59 59 148 148 
149 149 150 150 151 151 
62 62 54 54 152 152 
54 54 62 62 153 153 
154 154 155 155 156 156 
157 157 158 158 153 153 
156 156 159 159 160 160 
161 161 162 162 163 163 
164 164 165 165 166 166 
167 167 168 168 169 169 
170 170 171 171 172 172 
173 173 174 174 175 175 
176 176 177 177 172 172 
178 178 179 179 180 180 
176 176 181 181 177 177 
97 97 182 182 183 183 
184 184 185 185 186 186 
187 187 188 188 189 189 
95 95 97 97 183 183 
190 190 191 191 192 192 
193 193 182 182 194 194 
195 195 196 196 197 197 
198 198 199 199 200 200 
201 201 202 202 203 203 
176 176 172 172 171 171 
204 204 205 205 206 206 
207 207 208 208 209 209 
210 210 174 174 173 173 
211 211 212 212 213 213 
210 210 214 214 174 174 
215 215 211 211 213 213 
216 216 217 217 218 218 
219 219 169 169 220 220 
221 221 220 220 222 222 
164 164 166 166 214 214 
223 223 95 95 224 224 
95 95 225 225 224 224 
226 226 95 95 227 227 
95 95 223 223 227 227 
228 228 95 95 229 229 
95 95 226 226 229 229 
230 230 95 95 231 231 
95 95 228 228 231 231 
232 232 95 95 233 233 
95 95 230 230 233 233 
96 96 95 95 232 232 
234 234 235 235 236 236 
118 118 237 237 117 117 
238 238 183 183 239 239 
183 183 240 240 239 239 
241 241 183 183 242 242 
183 183 238 238 242 242 
183 183 243 243 244 244 
245 245 183 183 246 246 
183 183 241 241 246 246 
183 183 245 245 243 243 
183 183 247 247 248 248 
244 244 247 247 183 183 
248 248 249 249 183 183 
114 114 250 250 115 115 
107 107 109 109 118 118 
178 178 117 117 237 237 
251 251 252 252 85 85 
178 178 237 237 179 179 
253 253 254 254 255 255 
180 180 179 179 200 200 
256 256 257 257 258 258 
259 259 188 188 187 187 
260 260 261 261 262 262 
261 261 260 260 263 263 
197 197 189 189 188 188 
264 264 259 259 187 187 
195 195 190 190 196 196 
197 197 196 196 189 189 
191 191 193 193 192 192 
195 195 191 191 190 190 
194 194 182 182 97 97 
192 192 193 193 194 194 
183 183 182 182 240 240 
265 265 266 266 267 267 
268 268 269 269 270 270 
267 267 266 266 271 271 
116 116 108 108 250 250 
272 272 273 273 274 274 
114 114 116 116 250 250 
272 272 113 113 115 115 
272 272 274 274 113 113 
82 82 275 275 83 83 
273 273 249 249 274 274 
275 275 266 266 276 276 
277 277 120 120 278 278 
270 270 269 269 279 279 
275 275 271 271 266 266 
280 280 265 265 267 267 
281 281 282 282 283 283 
284 284 265 265 280 280 
285 285 282 282 286 286 
287 287 281 281 283 283 
288 288 235 235 289 289 
261 261 263 263 290 290 
287 287 265 265 284 284 
291 291 292 292 293 293 
235 235 288 288 236 236 
258 258 257 257 294 294 
295 295 296 296 293 293 
297 297 181 181 264 264 
181 181 297 297 177 177 
258 258 298 298 256 256 
199 199 198 198 298 298 
256 256 298 298 198 198 
200 200 199 199 180 180 
299 299 300 300 301 301 
257 257 188 188 259 259 
297 297 264 264 187 187 
302 302 303 303 304 304 
259 259 294 294 257 257 
304 304 305 305 302 302 
306 306 307 307 308 308 
307 307 309 309 310 310 
308 308 311 311 306 306 
312 312 313 313 216 216 
222 222 314 314 202 202 
202 202 201 201 315 315 
218 218 314 314 216 216 
205 205 173 173 175 175 
95 95 316 316 317 317 
221 221 222 222 315 315 
318 318 169 169 219 219 
220 220 169 169 222 222 
319 319 320 320 321 321 
322 322 166 166 165 165 
323 323 164 164 225 225 
163 163 324 324 325 325 
326 326 168 168 327 327 
225 225 214 214 210 210 
328 328 204 204 206 206 
206 206 205 205 175 175 
209 209 328 328 207 207 
328 328 209 209 204 204 
207 207 301 301 208 208 
300 300 299 299 170 170 
208 208 301 301 300 300 
171 171 170 170 299 299 
329 329 330 330 331 331 
332 332 167 167 318 318 
333 333 334 334 335 335 
162 162 159 159 163 163 
159 159 162 162 160 160 
336 336 337 337 338 338 
339 339 156 156 160 160 
159 159 156 156 155 155 
156 156 340 340 341 341 
340 340 156 156 339 339 
342 342 343 343 104 104 
340 340 106 106 341 341 
338 338 329 329 336 336 
344 344 330 330 329 329 
338 338 344 344 329 329 
345 345 346 346 347 347 
348 348 334 334 344 344 
330 330 344 344 334 334 
349 349 334 334 350 350 
334 334 348 348 350 350 
334 334 351 351 335 335 
334 334 349 349 351 351 
352 352 111 111 333 333 
334 334 333 333 111 111 
353 353 111 111 354 354 
111 111 352 352 354 354 
111 111 353 353 112 112 
111 111 355 355 316 316 
111 111 110 110 355 355 
111 111 316 316 95 95 
323 323 95 95 317 317 
356 356 319 319 321 321 
324 324 320 320 325 325 
357 357 358 358 359 359 
360 360 361 361 362 362 
363 363 364 364 365 365 
366 366 145 145 367 367 
368 368 369 369 370 370 
360 360 366 366 361 361 
367 367 361 361 366 366 
58 58 67 67 371 371 
372 372 362 362 357 357 
59 59 373 373 370 370 
372 372 357 357 359 359 
374 374 365 365 358 358 
359 359 358 358 365 365 
375 375 365 365 376 376 
365 365 374 374 376 376 
377 377 365 365 378 378 
365 365 375 375 378 378 
365 365 377 377 363 363 
379 379 150 150 364 364 
365 365 364 364 150 150 
151 151 150 150 380 380 
150 150 379 379 380 380 
149 149 381 381 150 150 
54 54 150 150 382 382 
381 381 382 382 150 150 
52 52 54 54 383 383 
54 54 382 382 383 383 
53 53 152 152 54 54 
152 152 384 384 63 63 
385 385 148 148 384 384 
63 63 384 384 148 148 
60 60 148 148 385 385 
74 74 386 386 387 387 
90 90 77 77 388 388 
134 134 132 132 389 389 
133 133 132 132 134 134 
390 390 77 77 76 76 
78 78 94 94 391 391 
392 392 77 77 393 393 
77 77 390 390 393 393 
77 77 392 392 388 388 
394 394 90 90 395 395 
90 90 388 388 395 395 
396 396 90 90 397 397 
90 90 394 394 397 397 
90 90 396 396 88 88 
398 398 56 56 89 89 
90 90 89 89 56 56 
55 55 399 399 56 56 
56 56 398 398 57 57 
400 400 401 401 402 402 
399 399 141 141 56 56 
56 56 138 138 71 71 
140 140 138 138 56 56 
402 402 72 72 139 139 
403 403 404 404 405 405 
406 406 403 403 407 407 
408 408 409 409 410 410 
411 411 409 409 137 137 
409 409 412 412 137 137 
387 387 413 413 414 414 
134 134 137 137 135 135 
415 415 416 416 136 136 
277 277 417 417 120 120 
418 418 419 419 420 420 
82 82 84 84 421 421 
85 85 183 183 125 125 
183 183 121 121 125 125 
422 422 85 85 423 423 
85 85 126 126 423 423 
85 85 424 424 251 251 
85 85 422 422 424 424 
425 425 124 124 81 81 
252 252 86 86 85 85 
130 130 87 87 131 131 
128 128 426 426 87 87 
87 87 86 86 127 127 
87 87 427 427 428 428 
426 426 427 427 87 87 
428 428 131 131 87 87 
429 429 430 430 431 431 
124 124 79 79 81 81 
432 432 433 433 434 434 
433 433 432 432 435 435 
80 80 436 436 81 81 
435 435 425 425 81 81 
436 436 437 437 418 418 
80 80 437 437 436 436 
438 438 439 439 440 440 
420 420 436 436 418 418 
436 436 441 441 442 442 
439 439 443 443 444 444 
441 441 445 445 442 442 
446 446 277 277 278 278 
121 121 120 120 417 417 
372 372 360 360 362 362 
75 75 143 143 447 447 
69 69 147 147 146 146 
146 146 145 145 366 366 
67 67 448 448 68 68 
69 69 68 68 147 147 
448 448 67 67 58 58 
59 59 371 371 373 373 
58 58 371 371 59 59 
59 59 370 370 369 369 
369 369 449 449 65 65 
368 368 449 449 369 369 
66 66 144 144 64 64 
369 369 65 65 64 64 
144 144 447 447 143 143 
447 447 450 450 75 75 
451 451 359 359 450 450 
75 75 450 450 359 359 
372 372 359 359 451 451 
73 73 452 452 74 74 
72 72 71 71 139 139 
414 414 453 453 454 454 
73 73 142 142 452 452 
71 71 142 142 73 73 
74 74 452 452 386 386 
387 387 386 386 413 413 
387 387 414 414 454 454 
404 404 408 408 410 410 
454 454 455 455 415 415 
453 453 455 455 454 454 
137 137 136 136 411 411 
454 454 415 415 136 136 
136 136 416 416 411 411 
412 412 409 409 408 408 
405 405 407 407 403 403 
410 410 405 405 404 404 
406 406 407 407 400 400 
402 402 401 401 72 72 
400 400 407 407 401 401 
456 456 457 457 389 389 
78 78 389 389 132 132 
122 122 458 458 123 123 
389 389 78 78 456 456 
433 433 457 457 434 434 
389 389 457 457 433 433 
435 435 459 459 460 460 
432 432 459 459 435 435 
460 460 425 425 435 435 
124 124 123 123 79 79 
429 429 129 129 430 430 
429 429 431 431 458 458 
429 429 458 458 122 122 
129 129 461 461 130 130 
129 129 131 131 430 430 
91 91 130 130 462 462 
461 461 462 462 130 130 
91 91 93 93 94 94 
91 91 462 462 92 92 
391 391 94 94 93 93 
255 255 276 276 266 266 
445 445 268 268 442 442 
275 275 276 276 83 83 
442 442 268 268 270 270 
253 253 255 255 270 270 
253 253 270 270 279 279 
276 276 255 255 254 254 
463 463 421 421 84 84 
278 278 443 443 446 446 
464 464 273 273 463 463 
463 463 84 84 464 464 
249 249 464 464 119 119 
464 464 249 249 273 273 
121 121 183 183 119 119 
249 249 119 119 183 183 
444 444 440 440 439 439 
278 278 444 444 443 443 
438 438 440 440 419 419 
420 420 441 441 436 436 
419 419 440 440 420 420 
465 465 292 292 291 291 
290 290 263 263 289 289 
296 296 186 186 293 293 
292 292 295 295 293 293 
262 262 466 466 260 260 
185 185 211 211 186 186 
296 296 184 184 186 186 
262 262 294 294 466 466 
185 185 212 212 211 211 
259 259 467 467 294 294 
467 467 468 468 469 469 
263 263 288 288 289 289 
285 285 234 234 236 236 
285 285 283 283 282 282 
285 285 286 286 234 234 
284 284 281 281 287 287 
287 287 470 470 265 265 
471 471 291 291 470 470 
265 265 470 470 291 291 
465 465 291 291 471 471 
472 472 203 203 306 306 
472 472 201 201 203 203 
307 307 310 310 308 308 
216 216 314 314 222 222 
222 222 202 202 315 315 
306 306 311 311 472 472 
305 305 310 310 309 309 
473 473 474 474 475 475 
213 213 466 466 467 467 
302 302 305 305 309 309 
467 467 466 466 294 294 
468 468 303 303 469 469 
302 302 469 469 303 303 
467 467 259 259 468 468 
466 466 213 213 212 212 
473 473 215 215 474 474 
211 211 215 215 473 473 
476 476 312 312 475 475 
473 473 475 475 312 312 
216 216 313 313 217 217 
312 312 476 476 313 313 
214 214 225 225 164 164 
161 161 163 163 325 325 
477 477 317 317 478 478 
320 320 324 324 321 321 
477 477 478 478 356 356 
477 477 356 356 321 321 
477 477 323 323 317 317 
95 95 323 323 225 225 
479 479 165 165 332 332 
165 165 479 479 322 322 
479 479 332 332 318 318 
318 318 167 167 169 169 
168 168 167 167 327 327 
100 100 168 168 480 480 
326 326 480 480 168 168 
100 100 99 99 154 154 
100 100 480 480 98 98 
155 155 154 154 481 481 
154 154 99 99 481 481 
482 482 157 157 153 153 
105 105 483 483 341 341 
158 158 484 484 485 485 
157 157 484 484 158 158 
330 330 485 485 331 331 
158 158 485 485 330 330 
342 342 336 336 343 343 
336 336 342 342 337 337 
105 105 104 104 343 343 
106 106 105 105 341 341 
346 346 483 483 347 347 
341 341 483 483 346 346 
101 101 346 346 102 102 
345 345 102 102 346 346 
103 103 486 486 101 101 
61 61 63 63 486 486 
101 101 486 486 63 63 
63 63 62 62 152 152 
62 62 482 482 153 153 
</p>
			</triangles>
			<triangles count="467" material="Material237-satin_finish_aluminum">
				<input semantic="VERTEX" source="#A_Joint_4_Hub_Front_Plate-1-solid111-mesh-vertices" offset="0"/>
				<input semantic="NORMAL" source="#A_Joint_4_Hub_Front_Plate-1-solid111-mesh-normals" offset="1"/>
				<p>
487 487 488 488 489 489 
490 490 491 491 492 492 
493 493 494 494 495 495 
496 496 497 497 498 498 
499 499 500 500 501 501 
502 502 503 503 504 504 
505 505 506 506 507 507 
508 508 509 509 510 510 
511 511 512 512 513 513 
514 514 515 515 516 516 
517 517 518 518 519 519 
520 520 514 514 521 521 
522 522 523 523 524 524 
516 516 525 525 526 526 
527 527 528 528 529 529 
530 530 531 531 532 532 
533 533 534 534 535 535 
536 536 537 537 538 538 
539 539 540 540 541 541 
542 542 543 543 544 544 
545 545 546 546 547 547 
548 548 549 549 550 550 
551 551 552 552 553 553 
554 554 555 555 556 556 
557 557 558 558 559 559 
560 560 561 561 562 562 
532 532 563 563 564 564 
565 565 530 530 566 566 
560 560 562 562 567 567 
525 525 568 568 526 526 
569 569 570 570 571 571 
571 571 572 572 573 573 
508 508 574 574 575 575 
576 576 577 577 518 518 
509 509 508 508 578 578 
579 579 511 511 513 513 
579 579 580 580 503 503 
581 581 582 582 583 583 
584 584 585 585 586 586 
587 587 588 588 589 589 
492 492 590 590 501 501 
501 501 538 538 492 492 
591 591 592 592 593 593 
536 536 538 538 594 594 
592 592 595 595 596 596 
597 597 598 598 599 599 
600 600 601 601 602 602 
603 603 604 604 605 605 
606 606 607 607 608 608 
609 609 610 610 611 611 
612 612 607 607 613 613 
614 614 615 615 616 616 
612 612 613 613 617 617 
554 554 618 618 555 555 
619 619 620 620 621 621 
546 546 545 545 622 622 
623 623 624 624 625 625 
626 626 627 627 628 628 
629 629 630 630 631 631 
632 632 633 633 634 634 
635 635 636 636 637 637 
638 638 619 619 639 639 
612 612 608 608 607 607 
640 640 641 641 642 642 
643 643 644 644 645 645 
646 646 609 609 611 611 
647 647 648 648 649 649 
646 646 611 611 650 650 
651 651 652 652 653 653 
654 654 655 655 656 656 
657 657 658 658 604 604 
659 659 660 660 658 658 
600 600 650 650 601 601 
661 661 662 662 546 546 
546 546 662 662 663 663 
664 664 665 665 546 546 
546 546 665 665 661 661 
666 666 667 667 546 546 
546 546 667 667 664 664 
668 668 669 669 546 546 
546 546 669 669 666 666 
670 670 671 671 546 546 
546 546 671 671 668 668 
622 622 670 670 546 546 
547 547 631 631 545 545 
672 672 673 673 674 674 
675 675 676 676 547 547 
547 547 676 676 677 677 
678 678 679 679 547 547 
547 547 679 679 675 675 
547 547 680 680 681 681 
682 682 683 683 547 547 
547 547 683 683 678 678 
547 547 681 681 682 682 
547 547 684 684 685 685 
680 680 547 547 685 685 
684 684 547 547 686 686 
550 550 549 549 687 687 
556 556 555 555 552 552 
614 614 618 618 554 554 
688 688 689 689 690 690 
614 614 616 616 618 618 
691 691 692 692 693 693 
694 694 695 695 696 696 
697 697 698 698 699 699 
700 700 619 619 621 621 
701 701 702 702 703 703 
703 703 704 704 701 701 
633 633 621 621 620 620 
639 639 619 619 700 700 
632 632 634 634 626 626 
633 633 620 620 634 634 
628 628 627 627 629 629 
632 632 626 626 628 628 
630 630 545 545 631 631 
627 627 630 630 629 629 
547 547 677 677 631 631 
636 636 616 616 615 615 
705 705 542 542 544 544 
553 553 687 687 551 551 
552 552 551 551 556 556 
706 706 707 707 708 708 
550 550 687 687 553 553 
706 706 549 549 548 548 
706 706 548 548 707 707 
533 533 535 535 709 709 
708 708 707 707 686 686 
709 709 710 710 544 544 
711 711 712 712 559 559 
694 694 713 713 695 695 
709 709 544 544 543 543 
714 714 542 542 705 705 
715 715 716 716 717 717 
718 718 714 714 705 705 
719 719 720 720 717 717 
721 721 716 716 715 715 
722 722 723 723 674 674 
724 724 725 725 726 726 
721 721 718 718 705 705 
725 725 727 727 726 726 
726 726 727 727 728 728 
698 698 729 729 699 699 
728 728 727 727 730 730 
638 638 639 639 617 617 
617 617 613 613 638 638 
698 698 697 697 731 731 
637 637 731 731 635 635 
697 697 635 635 731 731 
636 636 615 615 637 637 
732 732 733 733 734 734 
735 735 652 652 651 651 
699 699 729 729 700 700 
621 621 699 699 700 700 
736 736 737 737 738 738 
737 737 736 736 739 739 
740 740 741 741 742 742 
742 742 743 743 744 744 
741 741 740 740 745 745 
746 746 654 654 747 747 
660 660 735 735 748 748 
735 735 749 749 652 652 
741 741 743 743 742 742 
642 642 610 610 609 609 
546 546 750 750 751 751 
659 659 749 749 660 660 
752 752 657 657 604 604 
658 658 660 660 604 604 
753 753 754 754 755 755 
756 756 602 602 601 601 
757 757 758 758 759 759 
598 598 760 760 761 761 
761 761 755 755 754 754 
663 663 646 646 650 650 
762 762 641 641 640 640 
641 641 610 610 642 642 
644 644 643 643 762 762 
762 762 640 640 644 644 
643 643 645 645 539 539 
540 540 606 606 541 541 
645 645 540 540 539 539 
608 608 541 541 606 606 
597 597 760 760 598 598 
663 663 600 600 763 763 
764 764 765 765 766 766 
599 599 598 598 596 596 
596 596 595 595 599 599 
767 767 768 768 769 769 
770 770 595 595 592 592 
596 596 593 593 592 592 
592 592 771 771 772 772 
772 772 770 770 592 592 
773 773 774 774 775 775 
772 772 771 771 776 776 
768 768 767 767 757 757 
777 777 757 757 759 759 
768 768 757 757 777 777 
778 778 536 536 594 594 
779 779 777 777 766 766 
759 759 766 766 777 777 
780 780 781 781 766 766 
766 766 781 781 779 779 
766 766 765 765 782 782 
766 766 782 782 780 780 
783 783 764 764 625 625 
766 766 625 625 764 764 
784 784 785 785 625 625 
625 625 785 785 783 783 
625 625 624 624 784 784 
625 625 751 751 786 786 
625 625 786 786 623 623 
625 625 546 546 751 751 
763 763 750 750 546 546 
787 787 754 754 753 753 
761 761 760 760 755 755 
788 788 497 497 496 496 
789 789 790 790 791 791 
792 792 793 793 794 794 
794 794 795 795 792 792 
793 793 585 585 796 796 
794 794 793 793 796 796 
498 498 797 797 506 506 
793 793 586 586 585 585 
798 798 789 789 584 584 
579 579 513 513 799 799 
798 798 790 790 789 789 
800 800 791 791 581 581 
790 790 581 581 791 791 
801 801 802 802 581 581 
581 581 802 802 800 800 
803 803 804 804 581 581 
581 581 804 804 801 801 
581 581 583 583 803 803 
805 805 582 582 589 589 
581 581 589 589 582 582 
588 588 806 806 589 589 
589 589 806 806 805 805 
587 587 589 589 807 807 
501 501 808 808 589 589 
807 807 589 589 808 808 
500 500 809 809 501 501 
501 501 809 809 808 808 
499 499 501 501 590 590 
590 590 491 491 810 810 
811 811 810 810 788 788 
491 491 788 788 810 810 
496 496 811 811 788 788 
516 516 526 526 812 812 
511 511 813 813 814 814 
571 571 815 815 568 568 
569 569 571 571 568 568 
816 816 525 525 516 516 
526 526 817 817 812 812 
818 818 819 819 516 516 
516 516 819 819 816 816 
516 516 515 515 818 818 
820 820 821 821 514 514 
514 514 821 821 515 515 
822 822 823 823 514 514 
514 514 823 823 820 820 
514 514 520 520 822 822 
824 824 521 521 518 518 
514 514 518 518 521 521 
519 519 518 518 825 825 
518 518 517 517 824 824 
826 826 827 827 828 828 
825 825 518 518 577 577 
518 518 508 508 575 575 
576 576 518 518 575 575 
827 827 574 574 510 510 
829 829 830 830 831 831 
508 508 510 510 574 574 
832 832 833 833 834 834 
835 835 572 572 834 834 
834 834 572 572 836 836 
813 813 837 837 838 838 
571 571 570 570 572 572 
839 839 573 573 840 840 
841 841 534 534 533 533 
709 709 535 535 710 710 
842 842 532 532 843 843 
564 564 558 558 547 547 
532 532 564 564 547 547 
844 844 845 845 532 532 
532 532 845 845 563 563 
532 532 842 842 846 846 
532 532 846 846 844 844 
847 847 528 528 561 561 
843 843 532 532 531 531 
848 848 849 849 530 530 
566 566 530 530 850 850 
530 530 565 565 531 531 
530 530 851 851 852 852 
850 850 530 530 852 852 
851 851 530 530 849 849 
853 853 854 854 855 855 
561 561 528 528 527 527 
856 856 857 857 858 858 
858 858 859 859 856 856 
529 529 528 528 860 860 
859 859 528 528 847 847 
860 860 688 688 861 861 
529 529 860 860 861 861 
862 862 863 863 864 864 
689 689 688 688 860 860 
860 860 865 865 866 866 
864 864 867 867 868 868 
866 866 865 865 869 869 
870 870 712 712 711 711 
558 558 871 871 559 559 
497 497 872 872 873 873 
798 798 584 584 586 586 
874 874 872 872 875 875 
507 507 792 792 795 795 
506 506 505 505 876 876 
507 507 795 795 505 505 
876 876 498 498 506 506 
497 497 873 873 797 797 
498 498 497 497 797 797 
497 497 875 875 872 872 
875 875 502 502 877 877 
874 874 875 875 877 877 
504 504 503 503 580 580 
875 875 503 503 502 502 
580 580 579 579 799 799 
799 799 513 513 878 878 
879 879 878 878 790 790 
513 513 790 790 878 878 
798 798 879 879 790 790 
880 880 881 881 829 829 
512 512 511 511 882 882 
837 837 883 883 884 884 
512 512 882 882 578 578 
508 508 512 512 578 578 
511 511 814 814 882 882 
813 813 838 838 814 814 
813 813 883 883 837 837 
831 831 833 833 832 832 
883 883 839 839 885 885 
884 884 883 883 885 885 
572 572 835 835 573 573 
883 883 573 573 839 839 
573 573 835 835 840 840 
836 836 832 832 834 834 
830 830 829 829 881 881 
833 833 831 831 830 830 
880 880 826 826 881 881 
827 827 510 510 828 828 
826 826 828 828 881 881 
848 848 886 886 849 849 
887 887 815 815 888 888 
815 815 887 887 526 526 
568 568 815 815 526 526 
858 858 857 857 888 888 
815 815 858 858 888 888 
859 859 889 889 890 890 
856 856 859 859 890 890 
889 889 859 859 847 847 
561 561 527 527 562 562 
853 853 855 855 886 886 
853 853 567 567 854 854 
853 853 560 560 567 567 
886 886 848 848 891 891 
886 886 855 855 849 849 
522 522 892 892 848 848 
891 891 848 848 892 892 
522 522 812 812 523 523 
522 522 524 524 892 892 
817 817 523 523 812 812 
711 711 559 559 871 871 
692 692 544 544 710 710 
865 865 694 694 696 696 
869 869 865 865 696 696 
691 691 694 694 692 692 
691 691 713 713 694 694 
710 710 693 693 692 692 
893 893 534 534 841 841 
712 712 870 870 868 868 
894 894 893 893 708 708 
893 893 894 894 534 534 
686 686 557 557 894 894 
894 894 708 708 686 686 
558 558 557 557 547 547 
686 686 547 547 557 557 
867 867 864 864 863 863 
712 712 868 868 867 867 
862 862 690 690 863 863 
689 689 860 860 866 866 
690 690 689 689 863 863 
895 895 723 723 704 704 
895 895 704 704 703 703 
722 722 674 674 673 673 
730 730 727 727 733 733 
702 702 701 701 896 896 
734 734 733 733 647 647 
730 730 733 733 732 732 
702 702 896 896 729 729 
734 734 647 647 649 649 
700 700 729 729 897 897 
897 897 898 898 899 899 
704 704 723 723 722 722 
719 719 673 673 672 672 
719 719 717 717 716 716 
719 719 672 672 720 720 
718 718 721 721 715 715 
721 721 705 705 900 900 
901 901 900 900 725 725 
705 705 725 725 900 900 
724 724 901 901 725 725 
648 648 647 647 902 902 
653 653 740 740 651 651 
654 654 660 660 748 748 
655 655 654 654 748 748 
660 660 749 749 735 735 
740 740 653 653 745 745 
739 739 744 744 743 743 
903 903 904 904 905 905 
648 648 897 897 896 896 
736 736 744 744 739 739 
897 897 729 729 896 896 
899 899 898 898 738 738 
736 736 738 738 898 898 
897 897 899 899 700 700 
896 896 649 649 648 648 
903 903 905 905 902 902 
647 647 903 903 902 902 
906 906 904 904 746 746 
903 903 746 746 904 904 
654 654 656 656 747 747 
746 746 747 747 906 906 
603 603 907 907 752 752 
650 650 600 600 663 663 
908 908 909 909 605 605 
910 910 911 911 750 750 
910 910 787 787 911 911 
910 910 754 754 787 787 
910 910 750 750 763 763 
546 546 663 663 763 763 
912 912 907 907 602 602 
602 602 756 756 912 912 
912 912 752 752 907 907 
752 752 604 604 603 603 
605 605 909 909 603 603 
489 489 913 913 605 605 
908 908 605 605 913 913 
489 489 591 591 487 487 
489 489 488 488 913 913 
593 593 914 914 591 591 
591 591 914 914 487 487 
915 915 771 771 916 916 
915 915 774 774 776 776 
917 917 918 918 919 919 
759 759 920 920 594 594 
778 778 594 594 920 920 
759 759 758 758 920 920 
773 773 775 775 767 767 
767 767 769 769 773 773 
915 915 775 775 774 774 
776 776 771 771 915 915 
919 919 918 918 916 916 
771 771 919 919 916 916 
495 495 494 494 919 919 
917 917 919 919 494 494 
493 493 495 495 921 921 
490 490 921 921 491 491 
495 495 491 491 921 921 
491 491 590 590 492 492 
492 492 538 538 537 537 
</p>
			</triangles>
			<triangles count="74" material="Material238-satin_finish_aluminum">
				<input semantic="VERTEX" source="#A_Joint_4_Hub_Front_Plate-1-solid111-mesh-vertices" offset="0"/>
				<input semantic="NORMAL" source="#A_Joint_4_Hub_Front_Plate-1-solid111-mesh-normals" offset="1"/>
				<p>
922 922 923 923 924 924 
925 925 926 926 927 927 
928 928 929 929 930 930 
931 931 932 932 933 933 
934 934 935 935 936 936 
937 937 938 938 939 939 
940 940 941 941 942 942 
943 943 944 944 945 945 
946 946 947 947 948 948 
949 949 950 950 951 951 
952 952 953 953 954 954 
955 955 956 956 957 957 
958 958 959 959 960 960 
961 961 962 962 963 963 
964 964 965 965 966 966 
967 967 968 968 969 969 
970 970 971 971 972 972 
973 973 974 974 975 975 
976 976 977 977 978 978 
979 979 977 977 980 980 
976 976 981 981 982 982 
981 981 976 976 978 978 
983 983 984 984 982 982 
982 982 981 981 983 983 
985 985 984 984 986 986 
983 983 986 986 984 984 
985 985 987 987 988 988 
987 987 985 985 986 986 
989 989 990 990 988 988 
988 988 987 987 989 989 
991 991 990 990 992 992 
989 989 992 992 990 990 
991 991 993 993 994 994 
993 993 991 991 992 992 
995 995 927 927 994 994 
994 994 993 993 995 995 
979 979 980 980 972 972 
995 995 925 925 927 927 
977 977 979 979 978 978 
973 973 971 971 970 970 
970 970 972 972 980 980 
965 965 975 975 974 974 
975 975 971 971 973 973 
964 964 966 966 969 969 
965 965 974 974 966 966 
968 968 967 967 958 958 
964 964 969 969 968 968 
959 959 962 962 960 960 
967 967 959 959 958 958 
963 963 954 954 961 961 
962 962 961 961 960 960 
955 955 953 953 952 952 
952 952 954 954 963 963 
947 947 957 957 956 956 
957 957 953 953 955 955 
946 946 948 948 951 951 
947 947 956 956 948 948 
950 950 949 949 940 940 
946 946 951 951 950 950 
941 941 944 944 942 942 
949 949 941 941 940 940 
945 945 936 936 943 943 
944 944 943 943 942 942 
937 937 935 935 934 934 
934 934 936 936 945 945 
929 929 939 939 938 938 
939 939 935 935 937 937 
928 928 930 930 931 931 
929 929 938 938 930 930 
933 933 932 932 924 924 
928 928 931 931 933 933 
922 922 926 926 923 923 
932 932 922 922 924 924 
925 925 923 923 926 926 
</p>
			</triangles>
			<triangles count="60" material="Material239-satin_finish_aluminum">
				<input semantic="VERTEX" source="#A_Joint_4_Hub_Front_Plate-1-solid111-mesh-vertices" offset="0"/>
				<input semantic="NORMAL" source="#A_Joint_4_Hub_Front_Plate-1-solid111-mesh-normals" offset="1"/>
				<p>
996 996 997 997 998 998 
999 999 1000 1000 1001 1001 
1002 1002 1003 1003 1004 1004 
1005 1005 1006 1006 1007 1007 
1008 1008 1009 1009 1010 1010 
1011 1011 1012 1012 1013 1013 
1014 1014 1015 1015 1016 1016 
1017 1017 1018 1018 1019 1019 
1020 1020 1021 1021 1022 1022 
1023 1023 1024 1024 1025 1025 
1026 1026 1027 1027 1028 1028 
1029 1029 1030 1030 1031 1031 
1032 1032 1033 1033 1034 1034 
1035 1035 1036 1036 1037 1037 
1038 1038 1039 1039 1040 1040 
1041 1041 1042 1042 1043 1043 
1044 1044 1045 1045 1039 1039 
1040 1040 1039 1039 1045 1045 
1046 1046 1044 1044 1047 1047 
1044 1044 1046 1046 1045 1045 
1047 1047 1048 1048 1049 1049 
1049 1049 1046 1046 1047 1047 
1050 1050 1051 1051 1048 1048 
1049 1049 1048 1048 1051 1051 
1052 1052 1050 1050 1053 1053 
1050 1050 1052 1052 1051 1051 
1053 1053 1054 1054 1055 1055 
1055 1055 1052 1052 1053 1053 
999 999 1001 1001 1054 1054 
1055 1055 1054 1054 1001 1001 
1042 1042 1038 1038 1043 1043 
1038 1038 1040 1040 1043 1043 
1041 1041 1033 1033 1032 1032 
1042 1042 1041 1041 1032 1032 
1036 1036 1035 1035 1034 1034 
1033 1033 1036 1036 1034 1034 
1026 1026 1028 1028 1037 1037 
1037 1037 1028 1028 1035 1035 
1031 1031 1027 1027 1029 1029 
1029 1029 1027 1027 1026 1026 
1021 1021 1030 1030 1022 1022 
1021 1021 1031 1031 1030 1030 
1020 1020 1025 1025 1024 1024 
1020 1020 1022 1022 1025 1025 
1023 1023 1015 1015 1014 1014 
1024 1024 1023 1023 1014 1014 
1018 1018 1017 1017 1016 1016 
1015 1015 1018 1018 1016 1016 
1008 1008 1010 1010 1019 1019 
1019 1019 1010 1010 1017 1017 
1013 1013 1009 1009 1011 1011 
1011 1011 1009 1009 1008 1008 
1003 1003 1012 1012 1004 1004 
1003 1003 1013 1013 1012 1012 
1002 1002 1005 1005 1007 1007 
1002 1002 1004 1004 1005 1005 
1006 1006 996 996 998 998 
1007 1007 1006 1006 998 998 
1000 1000 999 999 997 997 
996 996 1000 1000 997 997 
</p>
			</triangles>
			<triangles count="60" material="Material240-satin_finish_aluminum">
				<input semantic="VERTEX" source="#A_Joint_4_Hub_Front_Plate-1-solid111-mesh-vertices" offset="0"/>
				<input semantic="NORMAL" source="#A_Joint_4_Hub_Front_Plate-1-solid111-mesh-normals" offset="1"/>
				<p>
1056 1056 1057 1057 1058 1058 
1059 1059 1060 1060 1061 1061 
1062 1062 1063 1063 1064 1064 
1065 1065 1066 1066 1067 1067 
1068 1068 1069 1069 1070 1070 
1071 1071 1072 1072 1073 1073 
1074 1074 1075 1075 1076 1076 
1077 1077 1078 1078 1079 1079 
1080 1080 1081 1081 1082 1082 
1083 1083 1084 1084 1085 1085 
1086 1086 1087 1087 1088 1088 
1089 1089 1090 1090 1091 1091 
1092 1092 1093 1093 1094 1094 
1095 1095 1096 1096 1097 1097 
1098 1098 1099 1099 1100 1100 
1101 1101 1102 1102 1103 1103 
1104 1104 1105 1105 1099 1099 
1100 1100 1099 1099 1105 1105 
1106 1106 1104 1104 1107 1107 
1104 1104 1106 1106 1105 1105 
1107 1107 1108 1108 1109 1109 
1109 1109 1106 1106 1107 1107 
1110 1110 1111 1111 1108 1108 
1109 1109 1108 1108 1111 1111 
1112 1112 1110 1110 1113 1113 
1110 1110 1112 1112 1111 1111 
1113 1113 1114 1114 1115 1115 
1115 1115 1112 1112 1113 1113 
1059 1059 1061 1061 1114 1114 
1115 1115 1114 1114 1061 1061 
1102 1102 1098 1098 1103 1103 
1098 1098 1100 1100 1103 1103 
1101 1101 1093 1093 1092 1092 
1102 1102 1101 1101 1092 1092 
1096 1096 1095 1095 1094 1094 
1093 1093 1096 1096 1094 1094 
1086 1086 1088 1088 1097 1097 
1097 1097 1088 1088 1095 1095 
1091 1091 1087 1087 1089 1089 
1089 1089 1087 1087 1086 1086 
1081 1081 1090 1090 1082 1082 
1081 1081 1091 1091 1090 1090 
1080 1080 1085 1085 1084 1084 
1080 1080 1082 1082 1085 1085 
1083 1083 1075 1075 1074 1074 
1084 1084 1083 1083 1074 1074 
1078 1078 1077 1077 1076 1076 
1075 1075 1078 1078 1076 1076 
1068 1068 1070 1070 1079 1079 
1079 1079 1070 1070 1077 1077 
1073 1073 1069 1069 1071 1071 
1071 1071 1069 1069 1068 1068 
1063 1063 1072 1072 1064 1064 
1063 1063 1073 1073 1072 1072 
1062 1062 1065 1065 1067 1067 
1062 1062 1064 1064 1065 1065 
1066 1066 1056 1056 1058 1058 
1067 1067 1066 1066 1058 1058 
1060 1060 1059 1059 1057 1057 
1056 1056 1060 1060 1057 1057 
</p>
			</triangles>
			<triangles count="60" material="Material241-satin_finish_aluminum">
				<input semantic="VERTEX" source="#A_Joint_4_Hub_Front_Plate-1-solid111-mesh-vertices" offset="0"/>
				<input semantic="NORMAL" source="#A_Joint_4_Hub_Front_Plate-1-solid111-mesh-normals" offset="1"/>
				<p>
1116 1116 1117 1117 1118 1118 
1119 1119 1120 1120 1121 1121 
1122 1122 1123 1123 1124 1124 
1125 1125 1126 1126 1127 1127 
1128 1128 1129 1129 1130 1130 
1131 1131 1132 1132 1133 1133 
1134 1134 1135 1135 1136 1136 
1137 1137 1138 1138 1139 1139 
1140 1140 1141 1141 1142 1142 
1143 1143 1144 1144 1145 1145 
1146 1146 1147 1147 1148 1148 
1149 1149 1150 1150 1151 1151 
1152 1152 1153 1153 1154 1154 
1155 1155 1156 1156 1157 1157 
1158 1158 1159 1159 1160 1160 
1161 1161 1162 1162 1163 1163 
1164 1164 1165 1165 1159 1159 
1160 1160 1159 1159 1165 1165 
1166 1166 1164 1164 1167 1167 
1164 1164 1166 1166 1165 1165 
1167 1167 1168 1168 1169 1169 
1169 1169 1166 1166 1167 1167 
1170 1170 1171 1171 1168 1168 
1169 1169 1168 1168 1171 1171 
1172 1172 1170 1170 1173 1173 
1170 1170 1172 1172 1171 1171 
1173 1173 1174 1174 1175 1175 
1175 1175 1172 1172 1173 1173 
1119 1119 1121 1121 1174 1174 
1175 1175 1174 1174 1121 1121 
1162 1162 1158 1158 1163 1163 
1158 1158 1160 1160 1163 1163 
1161 1161 1153 1153 1152 1152 
1162 1162 1161 1161 1152 1152 
1156 1156 1155 1155 1154 1154 
1153 1153 1156 1156 1154 1154 
1146 1146 1148 1148 1157 1157 
1157 1157 1148 1148 1155 1155 
1151 1151 1147 1147 1149 1149 
1149 1149 1147 1147 1146 1146 
1141 1141 1150 1150 1142 1142 
1141 1141 1151 1151 1150 1150 
1140 1140 1145 1145 1144 1144 
1140 1140 1142 1142 1145 1145 
1143 1143 1135 1135 1134 1134 
1144 1144 1143 1143 1134 1134 
1138 1138 1137 1137 1136 1136 
1135 1135 1138 1138 1136 1136 
1128 1128 1130 1130 1139 1139 
1139 1139 1130 1130 1137 1137 
1133 1133 1129 1129 1131 1131 
1131 1131 1129 1129 1128 1128 
1123 1123 1132 1132 1124 1124 
1123 1123 1133 1133 1132 1132 
1122 1122 1125 1125 1127 1127 
1122 1122 1124 1124 1125 1125 
1126 1126 1116 1116 1118 1118 
1127 1127 1126 1126 1118 1118 
1120 1120 1119 1119 1117 1117 
1116 1116 1120 1120 1117 1117 
</p>
			</triangles>
			<triangles count="60" material="Material242-satin_finish_aluminum">
				<input semantic="VERTEX" source="#A_Joint_4_Hub_Front_Plate-1-solid111-mesh-vertices" offset="0"/>
				<input semantic="NORMAL" source="#A_Joint_4_Hub_Front_Plate-1-solid111-mesh-normals" offset="1"/>
				<p>
1176 1176 1177 1177 1178 1178 
1179 1179 1180 1180 1181 1181 
1182 1182 1183 1183 1184 1184 
1185 1185 1186 1186 1187 1187 
1188 1188 1189 1189 1190 1190 
1191 1191 1192 1192 1193 1193 
1194 1194 1195 1195 1196 1196 
1197 1197 1198 1198 1199 1199 
1200 1200 1201 1201 1202 1202 
1203 1203 1204 1204 1205 1205 
1206 1206 1207 1207 1208 1208 
1209 1209 1210 1210 1211 1211 
1212 1212 1213 1213 1214 1214 
1215 1215 1216 1216 1217 1217 
1218 1218 1219 1219 1220 1220 
1221 1221 1222 1222 1223 1223 
1224 1224 1225 1225 1219 1219 
1220 1220 1219 1219 1225 1225 
1226 1226 1224 1224 1227 1227 
1224 1224 1226 1226 1225 1225 
1227 1227 1228 1228 1229 1229 
1229 1229 1226 1226 1227 1227 
1230 1230 1231 1231 1228 1228 
1229 1229 1228 1228 1231 1231 
1232 1232 1230 1230 1233 1233 
1230 1230 1232 1232 1231 1231 
1233 1233 1234 1234 1235 1235 
1235 1235 1232 1232 1233 1233 
1179 1179 1181 1181 1234 1234 
1235 1235 1234 1234 1181 1181 
1222 1222 1218 1218 1223 1223 
1218 1218 1220 1220 1223 1223 
1221 1221 1213 1213 1212 1212 
1222 1222 1221 1221 1212 1212 
1216 1216 1215 1215 1214 1214 
1213 1213 1216 1216 1214 1214 
1206 1206 1208 1208 1217 1217 
1217 1217 1208 1208 1215 1215 
1211 1211 1207 1207 1209 1209 
1209 1209 1207 1207 1206 1206 
1201 1201 1210 1210 1202 1202 
1201 1201 1211 1211 1210 1210 
1200 1200 1205 1205 1204 1204 
1200 1200 1202 1202 1205 1205 
1203 1203 1195 1195 1194 1194 
1204 1204 1203 1203 1194 1194 
1198 1198 1197 1197 1196 1196 
1195 1195 1198 1198 1196 1196 
1188 1188 1190 1190 1199 1199 
1199 1199 1190 1190 1197 1197 
1193 1193 1189 1189 1191 1191 
1191 1191 1189 1189 1188 1188 
1183 1183 1192 1192 1184 1184 
1183 1183 1193 1193 1192 1192 
1182 1182 1185 1185 1187 1187 
1182 1182 1184 1184 1185 1185 
1186 1186 1176 1176 1178 1178 
1187 1187 1186 1186 1178 1178 
1180 1180 1179 1179 1177 1177 
1176 1176 1180 1180 1177 1177 
</p>
			</triangles>
			<triangles count="60" material="Material243-satin_finish_aluminum">
				<input semantic="VERTEX" source="#A_Joint_4_Hub_Front_Plate-1-solid111-mesh-vertices" offset="0"/>
				<input semantic="NORMAL" source="#A_Joint_4_Hub_Front_Plate-1-solid111-mesh-normals" offset="1"/>
				<p>
1236 1236 1237 1237 1238 1238 
1239 1239 1240 1240 1241 1241 
1242 1242 1243 1243 1244 1244 
1245 1245 1246 1246 1247 1247 
1248 1248 1249 1249 1250 1250 
1251 1251 1252 1252 1253 1253 
1254 1254 1255 1255 1256 1256 
1257 1257 1258 1258 1259 1259 
1260 1260 1261 1261 1262 1262 
1263 1263 1264 1264 1265 1265 
1266 1266 1267 1267 1268 1268 
1269 1269 1270 1270 1271 1271 
1272 1272 1273 1273 1274 1274 
1275 1275 1276 1276 1277 1277 
1278 1278 1279 1279 1280 1280 
1281 1281 1282 1282 1283 1283 
1284 1284 1285 1285 1279 1279 
1280 1280 1279 1279 1285 1285 
1286 1286 1284 1284 1287 1287 
1284 1284 1286 1286 1285 1285 
1287 1287 1288 1288 1289 1289 
1289 1289 1286 1286 1287 1287 
1290 1290 1291 1291 1288 1288 
1289 1289 1288 1288 1291 1291 
1292 1292 1290 1290 1293 1293 
1290 1290 1292 1292 1291 1291 
1293 1293 1294 1294 1295 1295 
1295 1295 1292 1292 1293 1293 
1239 1239 1241 1241 1294 1294 
1295 1295 1294 1294 1241 1241 
1282 1282 1278 1278 1283 1283 
1278 1278 1280 1280 1283 1283 
1281 1281 1273 1273 1272 1272 
1282 1282 1281 1281 1272 1272 
1276 1276 1275 1275 1274 1274 
1273 1273 1276 1276 1274 1274 
1266 1266 1268 1268 1277 1277 
1277 1277 1268 1268 1275 1275 
1271 1271 1267 1267 1269 1269 
1269 1269 1267 1267 1266 1266 
1261 1261 1270 1270 1262 1262 
1261 1261 1271 1271 1270 1270 
1260 1260 1265 1265 1264 1264 
1260 1260 1262 1262 1265 1265 
1263 1263 1255 1255 1254 1254 
1264 1264 1263 1263 1254 1254 
1258 1258 1257 1257 1256 1256 
1255 1255 1258 1258 1256 1256 
1248 1248 1250 1250 1259 1259 
1259 1259 1250 1250 1257 1257 
1253 1253 1249 1249 1251 1251 
1251 1251 1249 1249 1248 1248 
1243 1243 1252 1252 1244 1244 
1243 1243 1253 1253 1252 1252 
1242 1242 1245 1245 1247 1247 
1242 1242 1244 1244 1245 1245 
1246 1246 1236 1236 1238 1238 
1247 1247 1246 1246 1238 1238 
1240 1240 1239 1239 1237 1237 
1236 1236 1240 1240 1237 1237 
</p>
			</triangles>
			<triangles count="60" material="Material244-satin_finish_aluminum">
				<input semantic="VERTEX" source="#A_Joint_4_Hub_Front_Plate-1-solid111-mesh-vertices" offset="0"/>
				<input semantic="NORMAL" source="#A_Joint_4_Hub_Front_Plate-1-solid111-mesh-normals" offset="1"/>
				<p>
1296 1296 1297 1297 1298 1298 
1299 1299 1300 1300 1301 1301 
1302 1302 1303 1303 1304 1304 
1305 1305 1306 1306 1307 1307 
1308 1308 1309 1309 1310 1310 
1311 1311 1312 1312 1313 1313 
1314 1314 1315 1315 1316 1316 
1317 1317 1318 1318 1319 1319 
1320 1320 1321 1321 1322 1322 
1323 1323 1324 1324 1325 1325 
1326 1326 1327 1327 1328 1328 
1329 1329 1330 1330 1331 1331 
1332 1332 1333 1333 1334 1334 
1335 1335 1336 1336 1337 1337 
1338 1338 1339 1339 1340 1340 
1341 1341 1342 1342 1343 1343 
1344 1344 1345 1345 1339 1339 
1340 1340 1339 1339 1345 1345 
1346 1346 1344 1344 1347 1347 
1344 1344 1346 1346 1345 1345 
1347 1347 1348 1348 1349 1349 
1349 1349 1346 1346 1347 1347 
1350 1350 1351 1351 1348 1348 
1349 1349 1348 1348 1351 1351 
1352 1352 1350 1350 1353 1353 
1350 1350 1352 1352 1351 1351 
1353 1353 1354 1354 1355 1355 
1355 1355 1352 1352 1353 1353 
1299 1299 1301 1301 1354 1354 
1355 1355 1354 1354 1301 1301 
1342 1342 1338 1338 1343 1343 
1338 1338 1340 1340 1343 1343 
1341 1341 1333 1333 1332 1332 
1342 1342 1341 1341 1332 1332 
1336 1336 1335 1335 1334 1334 
1333 1333 1336 1336 1334 1334 
1326 1326 1328 1328 1337 1337 
1337 1337 1328 1328 1335 1335 
1331 1331 1327 1327 1329 1329 
1329 1329 1327 1327 1326 1326 
1321 1321 1330 1330 1322 1322 
1321 1321 1331 1331 1330 1330 
1320 1320 1325 1325 1324 1324 
1320 1320 1322 1322 1325 1325 
1323 1323 1315 1315 1314 1314 
1324 1324 1323 1323 1314 1314 
1318 1318 1317 1317 1316 1316 
1315 1315 1318 1318 1316 1316 
1308 1308 1310 1310 1319 1319 
1319 1319 1310 1310 1317 1317 
1313 1313 1309 1309 1311 1311 
1311 1311 1309 1309 1308 1308 
1303 1303 1312 1312 1304 1304 
1303 1303 1313 1313 1312 1312 
1302 1302 1305 1305 1307 1307 
1302 1302 1304 1304 1305 1305 
1306 1306 1296 1296 1298 1298 
1307 1307 1306 1306 1298 1298 
1300 1300 1299 1299 1297 1297 
1296 1296 1300 1300 1297 1297 
</p>
			</triangles>
			<triangles count="60" material="Material245-satin_finish_aluminum">
				<input semantic="VERTEX" source="#A_Joint_4_Hub_Front_Plate-1-solid111-mesh-vertices" offset="0"/>
				<input semantic="NORMAL" source="#A_Joint_4_Hub_Front_Plate-1-solid111-mesh-normals" offset="1"/>
				<p>
1356 1356 1357 1357 1358 1358 
1359 1359 1360 1360 1361 1361 
1362 1362 1363 1363 1364 1364 
1365 1365 1366 1366 1367 1367 
1368 1368 1369 1369 1370 1370 
1371 1371 1372 1372 1373 1373 
1374 1374 1375 1375 1376 1376 
1377 1377 1378 1378 1379 1379 
1380 1380 1381 1381 1382 1382 
1383 1383 1384 1384 1385 1385 
1386 1386 1387 1387 1388 1388 
1389 1389 1390 1390 1391 1391 
1392 1392 1393 1393 1394 1394 
1395 1395 1396 1396 1397 1397 
1398 1398 1399 1399 1400 1400 
1401 1401 1402 1402 1403 1403 
1404 1404 1405 1405 1399 1399 
1400 1400 1399 1399 1405 1405 
1406 1406 1404 1404 1407 1407 
1404 1404 1406 1406 1405 1405 
1407 1407 1408 1408 1409 1409 
1409 1409 1406 1406 1407 1407 
1410 1410 1411 1411 1408 1408 
1409 1409 1408 1408 1411 1411 
1412 1412 1410 1410 1413 1413 
1410 1410 1412 1412 1411 1411 
1413 1413 1414 1414 1415 1415 
1415 1415 1412 1412 1413 1413 
1359 1359 1361 1361 1414 1414 
1415 1415 1414 1414 1361 1361 
1402 1402 1398 1398 1403 1403 
1398 1398 1400 1400 1403 1403 
1401 1401 1393 1393 1392 1392 
1402 1402 1401 1401 1392 1392 
1396 1396 1395 1395 1394 1394 
1393 1393 1396 1396 1394 1394 
1386 1386 1388 1388 1397 1397 
1397 1397 1388 1388 1395 1395 
1391 1391 1387 1387 1389 1389 
1389 1389 1387 1387 1386 1386 
1381 1381 1390 1390 1382 1382 
1381 1381 1391 1391 1390 1390 
1380 1380 1385 1385 1384 1384 
1380 1380 1382 1382 1385 1385 
1383 1383 1375 1375 1374 1374 
1384 1384 1383 1383 1374 1374 
1378 1378 1377 1377 1376 1376 
1375 1375 1378 1378 1376 1376 
1368 1368 1370 1370 1379 1379 
1379 1379 1370 1370 1377 1377 
1373 1373 1369 1369 1371 1371 
1371 1371 1369 1369 1368 1368 
1363 1363 1372 1372 1364 1364 
1363 1363 1373 1373 1372 1372 
1362 1362 1365 1365 1367 1367 
1362 1362 1364 1364 1365 1365 
1366 1366 1356 1356 1358 1358 
1367 1367 1366 1366 1358 1358 
1360 1360 1359 1359 1357 1357 
1356 1356 1360 1360 1357 1357 
</p>
			</triangles>
			<triangles count="60" material="Material246-satin_finish_aluminum">
				<input semantic="VERTEX" source="#A_Joint_4_Hub_Front_Plate-1-solid111-mesh-vertices" offset="0"/>
				<input semantic="NORMAL" source="#A_Joint_4_Hub_Front_Plate-1-solid111-mesh-normals" offset="1"/>
				<p>
1416 1416 1417 1417 1418 1418 
1419 1419 1420 1420 1421 1421 
1422 1422 1423 1423 1424 1424 
1425 1425 1426 1426 1427 1427 
1428 1428 1429 1429 1430 1430 
1431 1431 1432 1432 1433 1433 
1434 1434 1435 1435 1436 1436 
1437 1437 1438 1438 1439 1439 
1440 1440 1441 1441 1442 1442 
1443 1443 1444 1444 1445 1445 
1446 1446 1447 1447 1448 1448 
1449 1449 1450 1450 1451 1451 
1452 1452 1453 1453 1454 1454 
1455 1455 1456 1456 1457 1457 
1458 1458 1459 1459 1460 1460 
1461 1461 1462 1462 1463 1463 
1464 1464 1465 1465 1459 1459 
1460 1460 1459 1459 1465 1465 
1466 1466 1464 1464 1467 1467 
1464 1464 1466 1466 1465 1465 
1467 1467 1468 1468 1469 1469 
1469 1469 1466 1466 1467 1467 
1470 1470 1471 1471 1468 1468 
1469 1469 1468 1468 1471 1471 
1472 1472 1470 1470 1473 1473 
1470 1470 1472 1472 1471 1471 
1473 1473 1474 1474 1475 1475 
1475 1475 1472 1472 1473 1473 
1419 1419 1421 1421 1474 1474 
1475 1475 1474 1474 1421 1421 
1462 1462 1458 1458 1463 1463 
1458 1458 1460 1460 1463 1463 
1461 1461 1453 1453 1452 1452 
1462 1462 1461 1461 1452 1452 
1456 1456 1455 1455 1454 1454 
1453 1453 1456 1456 1454 1454 
1446 1446 1448 1448 1457 1457 
1457 1457 1448 1448 1455 1455 
1451 1451 1447 1447 1449 1449 
1449 1449 1447 1447 1446 1446 
1441 1441 1450 1450 1442 1442 
1441 1441 1451 1451 1450 1450 
1440 1440 1445 1445 1444 1444 
1440 1440 1442 1442 1445 1445 
1443 1443 1435 1435 1434 1434 
1444 1444 1443 1443 1434 1434 
1438 1438 1437 1437 1436 1436 
1435 1435 1438 1438 1436 1436 
1428 1428 1430 1430 1439 1439 
1439 1439 1430 1430 1437 1437 
1433 1433 1429 1429 1431 1431 
1431 1431 1429 1429 1428 1428 
1423 1423 1432 1432 1424 1424 
1423 1423 1433 1433 1432 1432 
1422 1422 1425 1425 1427 1427 
1422 1422 1424 1424 1425 1425 
1426 1426 1416 1416 1418 1418 
1427 1427 1426 1426 1418 1418 
1420 1420 1419 1419 1417 1417 
1416 1416 1420 1420 1417 1417 
</p>
			</triangles>
			<triangles count="34" material="Material247-satin_finish_aluminum">
				<input semantic="VERTEX" source="#A_Joint_4_Hub_Front_Plate-1-solid111-mesh-vertices" offset="0"/>
				<input semantic="NORMAL" source="#A_Joint_4_Hub_Front_Plate-1-solid111-mesh-normals" offset="1"/>
				<p>
1476 1476 1477 1477 1478 1478 
1479 1479 1480 1480 1481 1481 
1482 1482 1483 1483 1484 1484 
1485 1485 1486 1486 1487 1487 
1488 1488 1489 1489 1490 1490 
1491 1491 1492 1492 1493 1493 
1494 1494 1495 1495 1496 1496 
1497 1497 1498 1498 1499 1499 
1500 1500 1501 1501 1502 1502 
1503 1503 1504 1504 1502 1502 
1505 1505 1501 1501 1506 1506 
1500 1500 1506 1506 1501 1501 
1505 1505 1507 1507 1508 1508 
1507 1507 1505 1505 1506 1506 
1509 1509 1481 1481 1508 1508 
1508 1508 1507 1507 1509 1509 
1504 1504 1503 1503 1494 1494 
1509 1509 1479 1479 1481 1481 
1500 1500 1502 1502 1504 1504 
1495 1495 1498 1498 1496 1496 
1503 1503 1495 1495 1494 1494 
1499 1499 1490 1490 1497 1497 
1498 1498 1497 1497 1496 1496 
1491 1491 1489 1489 1488 1488 
1488 1488 1490 1490 1499 1499 
1483 1483 1493 1493 1492 1492 
1493 1493 1489 1489 1491 1491 
1482 1482 1484 1484 1485 1485 
1483 1483 1492 1492 1484 1484 
1487 1487 1486 1486 1478 1478 
1482 1482 1485 1485 1487 1487 
1476 1476 1480 1480 1477 1477 
1486 1486 1476 1476 1478 1478 
1479 1479 1477 1477 1480 1480 
</p>
			</triangles>
			<triangles count="34" material="Material248-satin_finish_aluminum">
				<input semantic="VERTEX" source="#A_Joint_4_Hub_Front_Plate-1-solid111-mesh-vertices" offset="0"/>
				<input semantic="NORMAL" source="#A_Joint_4_Hub_Front_Plate-1-solid111-mesh-normals" offset="1"/>
				<p>
1510 1510 1511 1511 1512 1512 
1513 1513 1514 1514 1515 1515 
1516 1516 1517 1517 1518 1518 
1519 1519 1520 1520 1521 1521 
1522 1522 1523 1523 1524 1524 
1525 1525 1526 1526 1527 1527 
1528 1528 1529 1529 1530 1530 
1531 1531 1532 1532 1533 1533 
1534 1534 1535 1535 1536 1536 
1537 1537 1538 1538 1536 1536 
1539 1539 1535 1535 1540 1540 
1534 1534 1540 1540 1535 1535 
1539 1539 1541 1541 1542 1542 
1541 1541 1539 1539 1540 1540 
1543 1543 1515 1515 1542 1542 
1542 1542 1541 1541 1543 1543 
1538 1538 1537 1537 1528 1528 
1543 1543 1513 1513 1515 1515 
1534 1534 1536 1536 1538 1538 
1529 1529 1532 1532 1530 1530 
1537 1537 1529 1529 1528 1528 
1533 1533 1524 1524 1531 1531 
1532 1532 1531 1531 1530 1530 
1525 1525 1523 1523 1522 1522 
1522 1522 1524 1524 1533 1533 
1517 1517 1527 1527 1526 1526 
1527 1527 1523 1523 1525 1525 
1516 1516 1518 1518 1519 1519 
1517 1517 1526 1526 1518 1518 
1521 1521 1520 1520 1512 1512 
1516 1516 1519 1519 1521 1521 
1510 1510 1514 1514 1511 1511 
1520 1520 1510 1510 1512 1512 
1513 1513 1511 1511 1514 1514 
</p>
			</triangles>
			<triangles count="34" material="Material249-satin_finish_aluminum">
				<input semantic="VERTEX" source="#A_Joint_4_Hub_Front_Plate-1-solid111-mesh-vertices" offset="0"/>
				<input semantic="NORMAL" source="#A_Joint_4_Hub_Front_Plate-1-solid111-mesh-normals" offset="1"/>
				<p>
1544 1544 1545 1545 1546 1546 
1547 1547 1548 1548 1549 1549 
1550 1550 1551 1551 1552 1552 
1553 1553 1554 1554 1555 1555 
1556 1556 1557 1557 1558 1558 
1559 1559 1560 1560 1561 1561 
1562 1562 1563 1563 1564 1564 
1565 1565 1566 1566 1567 1567 
1568 1568 1569 1569 1570 1570 
1571 1571 1572 1572 1570 1570 
1573 1573 1569 1569 1574 1574 
1568 1568 1574 1574 1569 1569 
1573 1573 1575 1575 1576 1576 
1575 1575 1573 1573 1574 1574 
1577 1577 1549 1549 1576 1576 
1576 1576 1575 1575 1577 1577 
1572 1572 1571 1571 1562 1562 
1577 1577 1547 1547 1549 1549 
1568 1568 1570 1570 1572 1572 
1563 1563 1566 1566 1564 1564 
1571 1571 1563 1563 1562 1562 
1567 1567 1558 1558 1565 1565 
1566 1566 1565 1565 1564 1564 
1559 1559 1557 1557 1556 1556 
1556 1556 1558 1558 1567 1567 
1551 1551 1561 1561 1560 1560 
1561 1561 1557 1557 1559 1559 
1550 1550 1552 1552 1553 1553 
1551 1551 1560 1560 1552 1552 
1555 1555 1554 1554 1546 1546 
1550 1550 1553 1553 1555 1555 
1544 1544 1548 1548 1545 1545 
1554 1554 1544 1544 1546 1546 
1547 1547 1545 1545 1548 1548 
</p>
			</triangles>
			<triangles count="34" material="Material250-satin_finish_aluminum">
				<input semantic="VERTEX" source="#A_Joint_4_Hub_Front_Plate-1-solid111-mesh-vertices" offset="0"/>
				<input semantic="NORMAL" source="#A_Joint_4_Hub_Front_Plate-1-solid111-mesh-normals" offset="1"/>
				<p>
1578 1578 1579 1579 1580 1580 
1581 1581 1582 1582 1583 1583 
1584 1584 1585 1585 1586 1586 
1587 1587 1588 1588 1589 1589 
1590 1590 1591 1591 1592 1592 
1593 1593 1594 1594 1595 1595 
1596 1596 1597 1597 1598 1598 
1599 1599 1600 1600 1601 1601 
1602 1602 1603 1603 1604 1604 
1605 1605 1606 1606 1604 1604 
1607 1607 1603 1603 1608 1608 
1602 1602 1608 1608 1603 1603 
1607 1607 1609 1609 1610 1610 
1609 1609 1607 1607 1608 1608 
1611 1611 1583 1583 1610 1610 
1610 1610 1609 1609 1611 1611 
1606 1606 1605 1605 1596 1596 
1611 1611 1581 1581 1583 1583 
1602 1602 1604 1604 1606 1606 
1597 1597 1600 1600 1598 1598 
1605 1605 1597 1597 1596 1596 
1601 1601 1592 1592 1599 1599 
1600 1600 1599 1599 1598 1598 
1593 1593 1591 1591 1590 1590 
1590 1590 1592 1592 1601 1601 
1585 1585 1595 1595 1594 1594 
1595 1595 1591 1591 1593 1593 
1584 1584 1586 1586 1587 1587 
1585 1585 1594 1594 1586 1586 
1589 1589 1588 1588 1580 1580 
1584 1584 1587 1587 1589 1589 
1578 1578 1582 1582 1579 1579 
1588 1588 1578 1578 1580 1580 
1581 1581 1579 1579 1582 1582 
</p>
			</triangles>
			<triangles count="34" material="Material251-satin_finish_aluminum">
				<input semantic="VERTEX" source="#A_Joint_4_Hub_Front_Plate-1-solid111-mesh-vertices" offset="0"/>
				<input semantic="NORMAL" source="#A_Joint_4_Hub_Front_Plate-1-solid111-mesh-normals" offset="1"/>
				<p>
1612 1612 1613 1613 1614 1614 
1615 1615 1616 1616 1617 1617 
1618 1618 1619 1619 1620 1620 
1621 1621 1622 1622 1623 1623 
1624 1624 1625 1625 1626 1626 
1627 1627 1628 1628 1629 1629 
1630 1630 1631 1631 1632 1632 
1633 1633 1634 1634 1635 1635 
1636 1636 1637 1637 1638 1638 
1639 1639 1640 1640 1638 1638 
1641 1641 1637 1637 1642 1642 
1636 1636 1642 1642 1637 1637 
1641 1641 1643 1643 1644 1644 
1643 1643 1641 1641 1642 1642 
1645 1645 1617 1617 1644 1644 
1644 1644 1643 1643 1645 1645 
1640 1640 1639 1639 1630 1630 
1645 1645 1615 1615 1617 1617 
1636 1636 1638 1638 1640 1640 
1631 1631 1634 1634 1632 1632 
1639 1639 1631 1631 1630 1630 
1635 1635 1626 1626 1633 1633 
1634 1634 1633 1633 1632 1632 
1627 1627 1625 1625 1624 1624 
1624 1624 1626 1626 1635 1635 
1619 1619 1629 1629 1628 1628 
1629 1629 1625 1625 1627 1627 
1618 1618 1620 1620 1621 1621 
1619 1619 1628 1628 1620 1620 
1623 1623 1622 1622 1614 1614 
1618 1618 1621 1621 1623 1623 
1612 1612 1616 1616 1613 1613 
1622 1622 1612 1612 1614 1614 
1615 1615 1613 1613 1616 1616 
</p>
			</triangles>
			<triangles count="34" material="Material252-satin_finish_aluminum">
				<input semantic="VERTEX" source="#A_Joint_4_Hub_Front_Plate-1-solid111-mesh-vertices" offset="0"/>
				<input semantic="NORMAL" source="#A_Joint_4_Hub_Front_Plate-1-solid111-mesh-normals" offset="1"/>
				<p>
1646 1646 1647 1647 1648 1648 
1649 1649 1650 1650 1651 1651 
1652 1652 1653 1653 1654 1654 
1655 1655 1656 1656 1657 1657 
1658 1658 1659 1659 1660 1660 
1661 1661 1662 1662 1663 1663 
1664 1664 1665 1665 1666 1666 
1667 1667 1668 1668 1669 1669 
1670 1670 1671 1671 1672 1672 
1673 1673 1674 1674 1672 1672 
1675 1675 1671 1671 1676 1676 
1670 1670 1676 1676 1671 1671 
1675 1675 1677 1677 1678 1678 
1677 1677 1675 1675 1676 1676 
1679 1679 1651 1651 1678 1678 
1678 1678 1677 1677 1679 1679 
1674 1674 1673 1673 1664 1664 
1679 1679 1649 1649 1651 1651 
1670 1670 1672 1672 1674 1674 
1665 1665 1668 1668 1666 1666 
1673 1673 1665 1665 1664 1664 
1669 1669 1660 1660 1667 1667 
1668 1668 1667 1667 1666 1666 
1661 1661 1659 1659 1658 1658 
1658 1658 1660 1660 1669 1669 
1653 1653 1663 1663 1662 1662 
1663 1663 1659 1659 1661 1661 
1652 1652 1654 1654 1655 1655 
1653 1653 1662 1662 1654 1654 
1657 1657 1656 1656 1648 1648 
1652 1652 1655 1655 1657 1657 
1646 1646 1650 1650 1647 1647 
1656 1656 1646 1646 1648 1648 
1649 1649 1647 1647 1650 1650 
</p>
			</triangles>
			<triangles count="34" material="Material253-satin_finish_aluminum">
				<input semantic="VERTEX" source="#A_Joint_4_Hub_Front_Plate-1-solid111-mesh-vertices" offset="0"/>
				<input semantic="NORMAL" source="#A_Joint_4_Hub_Front_Plate-1-solid111-mesh-normals" offset="1"/>
				<p>
1680 1680 1681 1681 1682 1682 
1683 1683 1684 1684 1685 1685 
1686 1686 1687 1687 1688 1688 
1689 1689 1690 1690 1691 1691 
1692 1692 1693 1693 1694 1694 
1695 1695 1696 1696 1697 1697 
1698 1698 1699 1699 1700 1700 
1701 1701 1702 1702 1703 1703 
1704 1704 1705 1705 1706 1706 
1707 1707 1708 1708 1706 1706 
1709 1709 1705 1705 1710 1710 
1704 1704 1710 1710 1705 1705 
1709 1709 1711 1711 1712 1712 
1711 1711 1709 1709 1710 1710 
1713 1713 1685 1685 1712 1712 
1712 1712 1711 1711 1713 1713 
1708 1708 1707 1707 1698 1698 
1713 1713 1683 1683 1685 1685 
1704 1704 1706 1706 1708 1708 
1699 1699 1702 1702 1700 1700 
1707 1707 1699 1699 1698 1698 
1703 1703 1694 1694 1701 1701 
1702 1702 1701 1701 1700 1700 
1695 1695 1693 1693 1692 1692 
1692 1692 1694 1694 1703 1703 
1687 1687 1697 1697 1696 1696 
1697 1697 1693 1693 1695 1695 
1686 1686 1688 1688 1689 1689 
1687 1687 1696 1696 1688 1688 
1691 1691 1690 1690 1682 1682 
1686 1686 1689 1689 1691 1691 
1680 1680 1684 1684 1681 1681 
1690 1690 1680 1680 1682 1682 
1683 1683 1681 1681 1684 1684 
</p>
			</triangles>
			<triangles count="34" material="Material254-satin_finish_aluminum">
				<input semantic="VERTEX" source="#A_Joint_4_Hub_Front_Plate-1-solid111-mesh-vertices" offset="0"/>
				<input semantic="NORMAL" source="#A_Joint_4_Hub_Front_Plate-1-solid111-mesh-normals" offset="1"/>
				<p>
1714 1714 1715 1715 1716 1716 
1717 1717 1718 1718 1719 1719 
1720 1720 1721 1721 1722 1722 
1723 1723 1724 1724 1725 1725 
1726 1726 1727 1727 1728 1728 
1729 1729 1730 1730 1731 1731 
1732 1732 1733 1733 1734 1734 
1735 1735 1736 1736 1737 1737 
1738 1738 1739 1739 1740 1740 
1741 1741 1742 1742 1740 1740 
1743 1743 1739 1739 1744 1744 
1738 1738 1744 1744 1739 1739 
1743 1743 1745 1745 1746 1746 
1745 1745 1743 1743 1744 1744 
1747 1747 1719 1719 1746 1746 
1746 1746 1745 1745 1747 1747 
1742 1742 1741 1741 1732 1732 
1747 1747 1717 1717 1719 1719 
1738 1738 1740 1740 1742 1742 
1733 1733 1736 1736 1734 1734 
1741 1741 1733 1733 1732 1732 
1737 1737 1728 1728 1735 1735 
1736 1736 1735 1735 1734 1734 
1729 1729 1727 1727 1726 1726 
1726 1726 1728 1728 1737 1737 
1721 1721 1731 1731 1730 1730 
1731 1731 1727 1727 1729 1729 
1720 1720 1722 1722 1723 1723 
1721 1721 1730 1730 1722 1722 
1725 1725 1724 1724 1716 1716 
1720 1720 1723 1723 1725 1725 
1714 1714 1718 1718 1715 1715 
1724 1724 1714 1714 1716 1716 
1717 1717 1715 1715 1718 1718 
</p>
			</triangles>
		</mesh>
	</geometry>
	<geometry id="A_Joint_4_Hub_V5-1-solid112" name="A_Joint_4_Hub_V5-1-solid112">
		<mesh>
			<source id="A_Joint_4_Hub_V5-1-solid112-mesh-positions">
				<float_array id="A_Joint_4_Hub_V5-1-solid112-mesh-positions-array" count="8598">
647.845 786.154 1250.78 
647.845 783.288 1259.84 
647.845 785.906 1250.29 
647.845 806.599 1266.34 
647.845 806.112 1266.09 
647.845 820.015 1253.35 
647.845 805.03 1266.09 
647.845 795.106 1262.83 
647.845 794.193 1261.66 
647.845 813.609 1243.62 
647.845 817.213 1248.22 
647.845 805.57 1266 
647.845 817.444 1286.93 
647.845 806.111 1269.42 
647.845 820.185 1281.77 
647.845 804.155 1266.72 
647.845 803.906 1267.21 
647.845 796.295 1265.54 
647.845 787.57 1251.5 
647.845 788.111 1251.42 
647.845 787.57 1258.75 
647.845 796.54 1268.49 
647.845 803.821 1267.75 
647.845 803.906 1268.29 
647.845 809.629 1295.57 
647.845 793.097 1274.85 
647.845 794.191 1273.85 
647.845 795.812 1271.37 
647.845 804.154 1268.78 
647.845 804.542 1269.17 
647.845 765.699 1239.79 
647.845 785.821 1249.75 
647.845 782.044 1260.65 
647.845 776.384 1301.44 
647.845 786.154 1286.78 
647.845 786.542 1287.17 
647.845 786.542 1284.34 
647.845 786.088 1276.63 
647.845 787.03 1284.09 
647.845 768.542 1269.17 
647.845 755.163 1282.24 
647.845 753.215 1276.69 
647.845 796.54 1267.01 
647.845 770.111 1269.42 
647.845 780.035 1272.67 
647.845 780.948 1273.85 
647.845 770.986 1266.72 
647.845 778.846 1265.54 
647.845 771.235 1267.21 
647.845 778.601 1268.49 
647.845 771.235 1268.29 
647.845 771.32 1267.75 
647.845 770.599 1269.17 
647.845 779.328 1271.37 
647.845 752.21 1270.89 
647.845 768.154 1268.78 
647.845 769.57 1269.5 
647.845 770.599 1266.34 
647.845 779.329 1264.13 
647.845 761.654 1292.01 
647.845 782.041 1274.85 
647.845 780.037 1262.83 
647.845 770.112 1266.09 
647.845 780.95 1261.65 
647.845 787.029 1251.42 
647.845 784.647 1276.26 
647.845 785.821 1285.75 
647.845 781.707 1232.74 
647.845 786.542 1248.34 
647.845 776.004 1234.19 
647.845 787.03 1248.09 
647.845 785.906 1286.29 
647.845 766.017 1295.96 
647.845 789.32 1285.75 
647.845 789.235 1285.21 
647.845 784.649 1259.24 
647.845 804.404 1236.5 
647.845 788.986 1248.72 
647.845 799.052 1234.16 
647.845 787.57 1232.25 
647.845 761.381 1243.79 
647.845 769.57 1266 
647.845 757.782 1248.44 
647.845 769.03 1266.09 
647.845 778.846 1269.96 
647.845 770.986 1268.78 
647.845 768.155 1266.72 
647.845 767.906 1267.21 
647.845 753.116 1259.2 
647.845 767.821 1267.75 
647.845 752.177 1265.01 
647.845 767.906 1268.29 
647.845 769.029 1269.42 
647.845 785.906 1285.21 
647.845 787.029 1287.42 
647.845 787.57 1287.5 
647.845 787.972 1303.25 
647.845 783.285 1275.67 
647.845 787.57 1276.75 
647.845 770.973 1299.13 
647.845 788.986 1284.72 
647.845 788.599 1284.34 
647.845 790.492 1276.26 
647.845 782.103 1302.83 
647.845 788.111 1287.42 
647.845 788.599 1287.17 
647.845 799.44 1301.21 
647.845 793.79 1302.7 
647.845 813.893 1291.57 
647.845 795.104 1272.68 
647.845 805.57 1269.5 
647.845 805.029 1269.42 
647.845 804.542 1266.34 
647.845 795.813 1264.14 
647.845 822.043 1276.23 
647.845 806.599 1269.17 
647.845 821.938 1258.86 
647.845 822.931 1264.62 
647.845 806.986 1266.72 
647.845 822.966 1270.46 
647.845 807.32 1267.75 
647.845 793.1 1260.65 
647.845 789.053 1258.87 
647.845 788.599 1251.17 
647.845 790.494 1259.24 
647.845 789.32 1249.75 
647.845 809.3 1239.68 
647.845 791.856 1259.84 
647.845 789.235 1250.29 
647.845 786.09 1258.87 
647.845 786.542 1251.17 
647.845 806.986 1268.78 
647.845 796.295 1269.96 
647.845 807.235 1268.29 
647.845 807.235 1267.21 
647.845 788.112 1248.09 
647.845 793.394 1232.73 
647.845 787.57 1248 
647.845 786.155 1248.72 
647.845 770.619 1236.56 
647.845 785.906 1249.21 
647.845 788.986 1250.78 
647.845 789.235 1249.21 
647.845 788.599 1248.34 
647.845 787.57 1284 
647.845 789.051 1276.63 
647.845 788.112 1284.09 
647.845 786.155 1284.72 
647.845 788.986 1286.78 
647.845 791.853 1275.67 
647.845 804.768 1298.81 
647.845 789.235 1286.29 
647.845 768.542 1266.34 
647.845 755.001 1253.63 
647.845 758.002 1287.4 
647.845 778.601 1267.01 
643.345 753.725 1239.96 
643.345 752.544 1240.99 
643.345 751.539 1242.2 
643.345 773.439 1225.9 
643.345 776.524 1225.38 
643.345 774.961 1225.52 
643.345 750.734 1243.55 
643.345 750.15 1245 
643.345 769.831 1266.02 
643.345 780.333 1262.4 
643.345 781.342 1261.26 
643.345 771.997 1226.52 
643.345 805.57 1269.5 
643.345 794.328 1273.7 
643.345 793.226 1274.75 
643.345 770.668 1227.35 
643.345 799.208 1225.24 
643.345 797.642 1225.13 
643.345 800.738 1225.59 
643.345 802.194 1226.17 
643.345 789.2 1286.39 
643.345 825.479 1289.34 
643.345 789.316 1285.88 
643.345 803.541 1226.98 
643.345 788.939 1286.84 
643.345 825.505 1292.44 
643.345 825.371 1290.89 
643.345 823.007 1241.38 
643.345 820.769 1239.19 
643.345 823.842 1242.71 
643.345 821.974 1240.2 
643.345 782.529 1260.3 
643.345 786.203 1250.84 
643.345 785.942 1250.39 
643.345 824.459 1244.15 
643.345 788.939 1250.84 
643.345 792.609 1260.29 
643.345 789.2 1250.39 
643.345 831.286 1270.34 
643.345 806.939 1268.84 
643.345 806.557 1269.2 
643.345 825.825 1287.83 
643.345 806.087 1269.42 
643.345 788.557 1287.2 
643.345 825.875 1293.94 
643.345 753.167 1295.31 
643.345 754.372 1296.31 
643.345 752.135 1294.12 
643.345 770.087 1269.42 
643.345 779.908 1272.47 
643.345 779.22 1271.11 
643.345 774.847 1311 
643.345 787.57 1287.5 
643.345 773.561 1309.92 
643.345 788.087 1287.42 
643.345 826.475 1295.38 
643.345 827.291 1296.7 
643.345 882.743 1315 
643.345 870.75 1312.62 
643.345 870.763 1313.13 
643.345 832.264 1300.81 
643.345 830.257 1299.58 
643.345 884.979 1315 
643.345 916.389 1330.7 
643.345 898.333 1315.18 
643.345 850.012 1332.39 
643.345 847.414 1323.96 
643.345 849.951 1332.94 
643.345 834.439 1301.71 
643.345 846.861 1322.39 
643.345 846.925 1342.93 
643.345 847.112 1342.39 
643.345 818.496 1354.65 
643.345 847.112 1323.49 
643.345 846.925 1322.96 
643.345 928.861 1302.44 
643.345 920.798 1322.95 
643.345 928.861 1363.44 
643.345 846.861 1352.94 
643.345 846.861 1343.49 
643.345 828.299 1297.88 
643.345 828.468 1298.05 
643.345 771.316 1267.88 
643.345 778.579 1268.13 
643.345 771.276 1267.36 
643.345 786.05 1276.62 
643.345 784.573 1276.24 
643.345 786.811 1284.17 
643.345 750.682 1291.35 
643.345 751.299 1292.8 
643.345 768.585 1269.2 
643.345 768.203 1268.84 
643.345 743.926 1271.34 
643.345 769.57 1269.5 
643.345 781.918 1274.75 
643.345 780.816 1273.7 
643.345 768.055 1266.88 
643.345 743.855 1265.16 
643.345 767.864 1267.36 
643.345 768.38 1266.47 
643.345 768.811 1266.17 
643.345 788.33 1248.17 
643.345 916.853 1334.88 
643.345 918.893 1341.04 
643.345 919.427 1341.22 
643.345 920.861 1312.94 
643.345 920.861 1322.39 
643.345 899.451 1355.44 
643.345 898.94 1355.39 
643.345 918.893 1324.84 
643.345 916.852 1331 
643.345 919.428 1324.66 
643.345 917.771 1332.94 
643.345 920.308 1341.92 
643.345 920.61 1342.39 
643.345 917.71 1333.49 
643.345 920.61 1323.49 
643.345 920.797 1342.92 
643.345 920.861 1343.49 
643.345 897.245 1314.12 
643.345 897.051 1313.64 
643.345 920.613 1311.86 
643.345 920.798 1312.38 
643.345 919.919 1310.99 
643.345 920.315 1311.38 
643.345 918.917 1310.5 
643.345 919.445 1310.69 
643.345 899.451 1310.44 
643.345 918.361 1310.44 
643.345 898.939 1310.49 
643.345 839.074 1302.44 
643.345 883.286 1314.8 
643.345 870.105 1311.24 
643.345 870.414 1311.65 
643.345 869.719 1310.9 
643.345 883.861 1314.74 
643.345 898.002 1310.9 
643.345 896.959 1313.13 
643.345 897.9 1314.9 
643.345 897.532 1314.54 
643.345 870.478 1314.11 
643.345 870.191 1314.54 
643.345 870.671 1313.64 
643.345 882.743 1350.88 
643.345 870.19 1351.34 
643.345 870.477 1351.76 
643.345 851.333 1330.7 
643.345 869.389 1315.18 
643.345 920.308 1323.96 
643.345 917.71 1332.39 
643.345 884.436 1351.08 
643.345 897.617 1354.64 
643.345 897.308 1354.23 
643.345 916.389 1335.18 
643.345 918.331 1340.99 
643.345 917.24 1334.48 
643.345 919.906 1341.52 
643.345 917.53 1334.01 
643.345 919.907 1324.36 
643.345 917.772 1341.06 
643.345 917.53 1331.87 
643.345 917.243 1341.25 
643.345 917.239 1331.4 
643.345 870.632 1353.76 
643.345 870.75 1353.26 
643.345 883.861 1351.14 
643.345 898.003 1354.98 
643.345 849.391 1324.89 
643.345 848.829 1324.84 
643.345 870.414 1354.23 
643.345 883.287 1351.08 
643.345 870.106 1354.64 
643.345 897.899 1350.98 
643.345 884.979 1350.88 
643.345 897.531 1351.34 
643.345 898.451 1355.23 
643.345 869.72 1354.98 
643.345 869.273 1355.23 
643.345 868.271 1355.44 
643.345 839.709 1363.44 
643.345 868.783 1355.39 
643.345 918.361 1355.44 
643.345 919.446 1355.19 
643.345 918.918 1355.38 
643.345 920.316 1354.5 
643.345 919.92 1354.89 
643.345 920.798 1353.5 
643.345 920.614 1354.02 
643.345 920.861 1352.94 
643.345 822.076 1357.71 
643.345 826.09 1360.17 
643.345 850.869 1331 
643.345 848.296 1324.66 
643.345 848.804 1310.5 
643.345 849.361 1310.44 
643.345 847.406 1311.38 
643.345 847.109 1311.86 
643.345 830.439 1361.97 
643.345 846.924 1353.5 
643.345 835.016 1363.07 
643.345 847.109 1354.02 
643.345 847.803 1354.89 
643.345 847.407 1354.5 
643.345 848.805 1355.38 
643.345 848.277 1355.19 
643.345 849.361 1355.44 
643.345 870.671 1352.24 
643.345 870.763 1352.75 
643.345 897.09 1353.76 
643.345 896.972 1353.26 
643.345 896.959 1352.75 
643.345 897.051 1352.24 
643.345 869.822 1350.98 
643.345 897.244 1351.77 
643.345 847.414 1341.92 
643.345 850.012 1333.49 
643.345 848.294 1341.22 
643.345 848.829 1341.04 
643.345 850.87 1334.88 
643.345 870.632 1312.12 
643.345 850.482 1331.4 
643.345 847.816 1324.36 
643.345 850.192 1331.87 
643.345 847.815 1341.52 
643.345 849.95 1324.82 
643.345 850.193 1334.01 
643.345 850.479 1324.63 
643.345 850.483 1334.48 
643.345 896.972 1312.62 
643.345 897.09 1312.12 
643.345 897.308 1311.65 
643.345 884.435 1314.8 
643.345 897.616 1311.24 
643.345 898.449 1310.65 
643.345 869.271 1310.65 
643.345 868.782 1310.49 
643.345 868.271 1310.44 
643.345 848.276 1310.69 
643.345 847.802 1310.99 
643.345 836.728 1302.26 
643.345 846.861 1312.94 
643.345 846.924 1312.38 
643.345 898.333 1350.7 
643.345 918.333 1324.89 
643.345 917.773 1324.82 
643.345 917.243 1324.63 
643.345 869.823 1314.9 
643.345 850.479 1341.25 
643.345 869.389 1350.7 
643.345 851.333 1335.18 
643.345 849.389 1340.99 
643.345 849.949 1341.06 
643.345 767.826 1267.88 
643.345 787.831 1248.02 
643.345 769.309 1266.02 
643.345 770.33 1266.17 
643.345 779.534 1263.7 
643.345 786.811 1248.17 
643.345 791.276 1259.55 
643.345 788.557 1251.2 
643.345 789.837 1259.04 
643.345 789.086 1248.88 
643.345 789.276 1249.36 
643.345 789.316 1249.88 
643.345 785.826 1249.88 
643.345 785.864 1249.36 
643.345 786.38 1248.47 
643.345 743.506 1266.69 
643.345 743.401 1268.26 
643.345 743.542 1269.82 
643.345 767.942 1268.39 
643.345 769.055 1269.42 
643.345 786.203 1286.84 
643.345 785.942 1286.39 
643.345 778.965 1265.12 
643.345 771.086 1266.88 
643.345 778.643 1266.61 
643.345 786.38 1284.47 
643.345 783.183 1275.61 
643.345 786.055 1284.88 
643.345 793.796 1261.25 
643.345 791.961 1275.61 
643.345 788.761 1284.47 
643.345 789.086 1284.88 
643.345 789.276 1285.36 
643.345 788.33 1284.17 
643.345 790.57 1276.24 
643.345 789.092 1276.62 
643.345 787.831 1284.02 
643.345 787.57 1276.75 
643.345 770.557 1269.2 
643.345 771.2 1268.39 
643.345 778.773 1269.65 
643.345 770.939 1268.84 
643.345 785.826 1285.88 
643.345 785.864 1285.36 
643.345 786.585 1287.2 
643.345 787.055 1287.42 
643.345 787.055 1251.42 
643.345 785.301 1259.04 
643.345 786.807 1258.78 
643.345 795.606 1263.7 
643.345 804.811 1266.17 
643.345 805.309 1266.02 
643.345 770.761 1266.47 
643.345 807.086 1266.88 
643.345 807.276 1267.36 
643.345 831.215 1264.16 
643.345 807.2 1268.39 
643.345 788.761 1248.47 
643.345 787.309 1248.02 
643.345 786.055 1248.88 
643.345 783.862 1259.55 
643.345 786.585 1251.2 
643.345 788.333 1258.78 
643.345 788.087 1251.42 
643.345 787.309 1284.02 
643.345 805.055 1269.42 
643.345 804.585 1269.2 
643.345 795.922 1271.11 
643.345 795.235 1272.47 
643.345 803.942 1268.39 
643.345 796.369 1269.65 
643.345 804.203 1268.84 
643.345 805.831 1266.02 
643.345 806.33 1266.17 
643.345 794.805 1262.4 
643.345 831.635 1268.81 
643.345 807.316 1267.88 
643.345 831.599 1265.68 
643.345 831.74 1267.24 
643.345 787.57 1251.5 
643.345 803.864 1267.36 
643.345 796.497 1266.61 
643.345 796.562 1268.13 
643.345 796.175 1265.11 
643.345 804.38 1266.47 
643.345 804.055 1266.88 
643.345 806.761 1266.47 
643.345 803.826 1267.88 
657.345 743.401 1268.26 
657.345 743.506 1266.69 
657.345 752.177 1265.01 
657.345 770.668 1227.35 
657.345 770.619 1236.56 
657.345 765.699 1239.79 
657.345 743.855 1265.16 
657.345 753.116 1259.2 
657.345 773.439 1225.9 
657.345 774.961 1225.52 
657.345 776.004 1234.19 
657.345 799.06 1234.16 
657.345 803.541 1226.98 
657.345 804.415 1236.5 
657.345 761.381 1243.79 
657.345 752.544 1240.99 
657.345 753.725 1239.96 
657.345 776.524 1225.38 
657.345 751.539 1242.2 
657.345 797.642 1225.13 
657.345 787.57 1232.25 
657.345 781.707 1232.74 
657.345 799.208 1225.24 
657.345 800.738 1225.59 
657.345 802.194 1226.17 
657.345 820.769 1239.19 
657.345 821.974 1240.2 
657.345 813.622 1243.64 
657.345 831.599 1265.68 
657.345 831.74 1267.24 
657.345 822.933 1264.64 
657.345 824.459 1244.15 
657.345 831.215 1264.16 
657.345 820.024 1253.36 
657.345 823.842 1242.71 
657.345 823.007 1241.38 
657.345 817.225 1248.24 
657.345 825.825 1287.83 
657.345 817.432 1286.95 
657.345 820.176 1281.79 
657.345 825.371 1290.89 
657.345 813.881 1291.58 
657.345 831.635 1268.81 
657.345 822.964 1270.48 
657.345 831.286 1270.34 
657.345 822.037 1276.25 
657.345 757.782 1248.44 
657.345 755.001 1253.63 
657.345 750.15 1245 
657.345 773.561 1309.92 
657.345 770.973 1299.13 
657.345 776.384 1301.44 
657.345 754.372 1296.31 
657.345 828.468 1298.05 
657.345 804.757 1298.81 
657.345 809.617 1295.57 
657.345 782.103 1302.83 
657.345 830.257 1299.58 
657.345 836.728 1302.26 
657.345 846.861 1312.94 
657.345 834.439 1301.71 
657.345 793.79 1302.7 
657.345 774.847 1311 
657.345 787.972 1303.25 
657.345 818.496 1354.65 
657.345 846.861 1352.94 
657.345 822.076 1357.71 
657.345 846.861 1343.49 
657.345 826.09 1360.17 
657.345 830.439 1361.97 
657.345 928.861 1302.44 
657.345 928.861 1363.44 
657.345 920.797 1322.96 
657.345 882.743 1315 
657.345 870.19 1314.54 
657.345 870.477 1314.12 
657.345 847.112 1323.49 
657.345 849.951 1332.94 
657.345 846.925 1322.95 
657.345 799.431 1301.21 
657.345 846.861 1322.39 
657.345 850.87 1331 
657.345 850.483 1331.4 
657.345 848.294 1324.66 
657.345 826.475 1295.38 
657.345 825.875 1293.94 
657.345 761.654 1292.01 
657.345 766.017 1295.96 
657.345 755.163 1282.24 
657.345 743.926 1271.34 
657.345 753.215 1276.69 
657.345 750.682 1291.35 
657.345 758.002 1287.4 
657.345 751.299 1292.8 
657.345 752.135 1294.12 
657.345 920.861 1312.94 
657.345 920.861 1322.39 
657.345 884.979 1315 
657.345 897.051 1313.64 
657.345 897.244 1314.11 
657.345 920.614 1311.86 
657.345 920.798 1312.38 
657.345 919.92 1310.99 
657.345 920.316 1311.38 
657.345 918.918 1310.5 
657.345 919.446 1310.69 
657.345 918.361 1310.44 
657.345 899.451 1310.44 
657.345 898.94 1310.49 
657.345 839.074 1302.44 
657.345 870.75 1312.62 
657.345 870.632 1312.12 
657.345 869.72 1310.9 
657.345 898.003 1310.9 
657.345 883.861 1314.74 
657.345 870.763 1313.13 
657.345 896.959 1313.13 
657.345 869.823 1350.98 
657.345 882.743 1350.88 
657.345 870.191 1351.34 
657.345 870.671 1313.64 
657.345 897.531 1314.54 
657.345 869.822 1314.9 
657.345 869.389 1315.18 
657.345 897.899 1314.9 
657.345 897.532 1351.34 
657.345 897.245 1351.76 
657.345 884.979 1350.88 
657.345 851.333 1330.7 
657.345 868.271 1355.44 
657.345 868.782 1355.39 
657.345 839.709 1363.44 
657.345 884.435 1351.08 
657.345 897.308 1354.23 
657.345 917.71 1332.39 
657.345 920.308 1323.96 
657.345 917.771 1332.94 
657.345 870.478 1351.77 
657.345 920.61 1342.39 
657.345 920.308 1341.92 
657.345 919.428 1341.22 
657.345 916.852 1334.88 
657.345 917.239 1334.48 
657.345 920.798 1342.93 
657.345 920.61 1323.49 
657.345 920.861 1343.49 
657.345 846.924 1353.5 
657.345 835.016 1363.07 
657.345 916.389 1335.18 
657.345 918.893 1341.04 
657.345 918.333 1340.99 
657.345 847.109 1354.02 
657.345 847.802 1354.89 
657.345 847.406 1354.5 
657.345 848.804 1355.38 
657.345 848.276 1355.19 
657.345 849.361 1355.44 
657.345 898.939 1355.39 
657.345 897.616 1354.64 
657.345 898.002 1354.98 
657.345 869.719 1354.98 
657.345 883.861 1351.14 
657.345 870.763 1352.75 
657.345 870.671 1352.24 
657.345 896.959 1352.75 
657.345 896.972 1353.26 
657.345 897.051 1352.24 
657.345 917.24 1331.4 
657.345 919.427 1324.66 
657.345 917.53 1331.87 
657.345 898.333 1350.7 
657.345 916.853 1331 
657.345 897.9 1350.98 
657.345 850.012 1333.49 
657.345 847.414 1341.92 
657.345 850.192 1334.01 
657.345 850.482 1334.48 
657.345 848.296 1341.22 
657.345 847.414 1323.96 
657.345 849.361 1310.44 
657.345 848.805 1310.5 
657.345 848.277 1310.69 
657.345 847.803 1310.99 
657.345 846.925 1342.92 
657.345 847.112 1342.39 
657.345 821.944 1258.88 
657.345 771.997 1226.52 
657.345 750.734 1243.55 
657.345 752.21 1270.89 
657.345 743.542 1269.82 
657.345 825.505 1292.44 
657.345 753.167 1295.31 
657.345 827.291 1296.7 
657.345 828.299 1297.88 
657.345 832.264 1300.81 
657.345 825.479 1289.34 
657.345 809.313 1239.69 
657.345 793.394 1232.73 
657.345 897.09 1353.76 
657.345 899.451 1355.44 
657.345 870.75 1353.26 
657.345 870.632 1353.76 
657.345 883.286 1351.08 
657.345 870.414 1354.23 
657.345 870.105 1354.64 
657.345 898.449 1355.23 
657.345 869.271 1355.23 
657.345 918.361 1355.44 
657.345 919.445 1355.19 
657.345 918.917 1355.38 
657.345 920.315 1354.5 
657.345 919.919 1354.89 
657.345 920.798 1353.5 
657.345 920.613 1354.02 
657.345 920.861 1352.94 
657.345 917.71 1333.49 
657.345 918.893 1324.84 
657.345 919.907 1341.52 
657.345 917.53 1334.01 
657.345 919.906 1324.36 
657.345 917.773 1341.06 
657.345 917.243 1341.25 
657.345 848.829 1324.84 
657.345 849.389 1324.89 
657.345 896.972 1312.62 
657.345 897.09 1312.12 
657.345 870.414 1311.65 
657.345 897.308 1311.65 
657.345 870.106 1311.24 
657.345 883.287 1314.8 
657.345 884.436 1314.8 
657.345 897.617 1311.24 
657.345 869.273 1310.65 
657.345 898.451 1310.65 
657.345 868.783 1310.49 
657.345 868.271 1310.44 
657.345 847.407 1311.38 
657.345 847.109 1311.86 
657.345 846.924 1312.38 
657.345 850.193 1331.87 
657.345 847.815 1324.36 
657.345 850.012 1332.39 
657.345 850.869 1334.88 
657.345 848.829 1341.04 
657.345 847.816 1341.52 
657.345 849.949 1324.82 
657.345 850.479 1324.63 
657.345 916.389 1330.7 
657.345 898.333 1315.18 
657.345 850.479 1341.25 
657.345 851.333 1335.18 
657.345 869.389 1350.7 
657.345 849.391 1340.99 
657.345 849.95 1341.06 
657.345 918.331 1324.89 
657.345 917.772 1324.82 
657.345 917.243 1324.63 
657.345 928.861 1363.44 
643.345 928.861 1302.44 
643.345 928.861 1363.44 
657.345 928.861 1302.44 
651.845 908.263 1302.44 
651.845 859.459 1302.44 
651.371 908.042 1302.44 
650.345 853.861 1302.44 
657.345 839.074 1302.44 
643.345 839.074 1302.44 
650.866 913.815 1302.44 
650.345 913.861 1302.44 
657.345 928.861 1302.44 
643.345 928.861 1302.44 
653.299 910.34 1302.44 
651.845 913.459 1302.44 
651.371 913.68 1302.44 
652.643 912.789 1302.44 
652.274 913.159 1302.44 
653.164 911.887 1302.44 
652.943 912.36 1302.44 
653.345 910.861 1302.44 
653.299 911.381 1302.44 
651.372 859.68 1302.44 
652.643 908.932 1302.44 
652.643 858.789 1302.44 
652.273 908.563 1302.44 
650.345 907.861 1302.44 
650.866 907.907 1302.44 
650.867 859.815 1302.44 
649.824 907.907 1302.44 
650.346 859.861 1302.44 
649.825 859.816 1302.44 
647.345 910.862 1302.44 
647.39 910.341 1302.44 
649.32 859.68 1302.44 
649.318 908.042 1302.44 
647.747 858.362 1302.44 
647.746 909.362 1302.44 
648.047 858.79 1302.44 
648.416 908.563 1302.44 
648.417 859.16 1302.44 
648.046 908.933 1302.44 
647.526 857.888 1302.44 
647.526 909.836 1302.44 
647.391 857.383 1302.44 
648.844 908.263 1302.44 
647.345 856.862 1302.44 
647.526 911.888 1302.44 
647.391 911.383 1302.44 
648.047 912.79 1302.44 
647.747 912.362 1302.44 
648.846 913.459 1302.44 
648.417 913.16 1302.44 
649.823 913.815 1302.44 
649.32 913.68 1302.44 
648.846 859.46 1302.44 
649.318 854.042 1302.44 
649.824 853.907 1302.44 
648.416 854.563 1302.44 
648.844 854.263 1302.44 
647.746 855.362 1302.44 
648.046 854.933 1302.44 
647.39 856.341 1302.44 
647.526 855.836 1302.44 
652.274 859.159 1302.44 
653.345 856.86 1302.44 
653.299 857.381 1302.44 
652.943 858.36 1302.44 
652.943 909.361 1302.44 
653.164 857.886 1302.44 
653.164 909.835 1302.44 
653.164 855.835 1302.44 
653.299 856.34 1302.44 
652.643 854.932 1302.44 
652.943 855.361 1302.44 
651.845 854.263 1302.44 
652.273 854.563 1302.44 
650.866 853.907 1302.44 
651.371 854.042 1302.44 
657.345 828.468 1298.05 
643.345 828.299 1297.88 
643.345 828.468 1298.05 
657.345 828.299 1297.88 
643.345 831.286 1270.34 
651.329 828.637 1278.82 
657.345 831.286 1270.34 
652.604 827.669 1281.92 
657.345 825.825 1287.83 
653.035 827.756 1281.64 
650.216 828.329 1279.81 
650.1 828.177 1280.3 
651.845 828.66 1278.75 
651.584 827.623 1282.07 
651.086 827.668 1281.92 
643.345 825.825 1287.83 
650.476 828.464 1279.38 
650.859 828.569 1279.04 
650.139 828.022 1280.79 
650.655 827.756 1281.64 
650.33 827.878 1281.26 
652.106 827.623 1282.07 
653.59 828.178 1280.29 
653.551 828.023 1280.79 
653.36 827.878 1281.25 
653.213 828.464 1279.38 
653.474 828.329 1279.81 
652.36 828.637 1278.82 
652.83 828.57 1279.04 
643.345 824.459 1244.15 
651.329 827.302 1252.57 
657.345 824.459 1244.15 
652.106 828.391 1255.79 
657.345 831.215 1264.16 
652.604 828.341 1255.65 
650.216 827.633 1253.55 
650.1 827.795 1254.03 
651.845 827.277 1252.5 
650.655 828.247 1255.37 
643.345 831.215 1264.16 
651.086 828.341 1255.65 
650.476 827.488 1253.12 
650.859 827.375 1252.79 
650.139 827.962 1254.52 
650.33 828.117 1254.98 
651.584 828.391 1255.79 
653.59 827.795 1254.03 
653.36 828.117 1254.98 
653.035 828.247 1255.37 
653.551 827.961 1254.52 
653.213 827.488 1253.12 
653.474 827.633 1253.55 
652.36 827.302 1252.57 
652.83 827.374 1252.78 
643.345 803.541 1226.98 
651.329 810.791 1232.12 
657.345 803.541 1226.98 
652.106 813.567 1234.08 
657.345 820.769 1239.19 
652.604 813.441 1234 
650.216 811.634 1232.71 
650.1 812.049 1233.01 
651.845 810.728 1232.07 
650.655 813.202 1233.83 
643.345 820.769 1239.19 
651.086 813.441 1234 
650.476 811.266 1232.45 
650.859 810.976 1232.25 
650.139 812.473 1233.31 
650.33 812.869 1233.59 
651.584 813.567 1234.08 
653.59 812.048 1233.01 
653.36 812.869 1233.59 
653.035 813.202 1233.83 
653.551 812.472 1233.31 
653.213 811.265 1232.45 
653.474 811.634 1232.71 
652.36 810.791 1232.12 
652.83 810.976 1232.25 
643.345 776.524 1225.38 
651.329 785.411 1225.27 
657.345 776.524 1225.38 
652.106 788.813 1225.23 
657.345 797.642 1225.13 
652.604 788.659 1225.24 
650.216 786.444 1225.26 
650.1 786.952 1225.26 
651.845 785.333 1225.27 
650.655 788.366 1225.24 
643.345 797.642 1225.13 
651.086 788.659 1225.24 
650.476 785.992 1225.27 
650.859 785.637 1225.27 
650.139 787.473 1225.25 
650.33 787.958 1225.24 
651.584 788.813 1225.23 
653.59 786.952 1225.26 
653.36 787.957 1225.24 
653.035 788.365 1225.24 
653.551 787.472 1225.25 
653.213 785.991 1225.27 
653.474 786.443 1225.26 
652.36 785.411 1225.27 
652.83 785.637 1225.27 
643.345 753.725 1239.96 
651.329 760.855 1234.66 
657.345 753.725 1239.96 
652.106 763.585 1232.62 
657.345 770.668 1227.35 
652.604 763.461 1232.72 
650.216 761.684 1234.04 
650.1 762.092 1233.73 
651.845 760.793 1234.7 
650.655 763.226 1232.89 
643.345 770.668 1227.35 
651.086 763.462 1232.72 
650.476 761.322 1234.31 
650.859 761.037 1234.52 
650.139 762.51 1233.42 
650.33 762.899 1233.13 
651.584 763.585 1232.62 
653.59 762.091 1233.74 
653.36 762.898 1233.13 
653.035 763.226 1232.89 
653.551 762.509 1233.42 
653.213 761.321 1234.31 
653.474 761.684 1234.04 
652.36 760.855 1234.66 
652.83 761.037 1234.52 
643.345 743.855 1265.16 
651.329 746.504 1256.68 
657.345 743.855 1265.16 
652.106 747.518 1253.43 
657.345 750.15 1245 
652.604 747.472 1253.58 
650.216 746.812 1255.69 
650.1 746.964 1255.21 
651.845 746.481 1256.75 
650.655 747.385 1253.86 
643.345 750.15 1245 
651.086 747.473 1253.58 
650.476 746.677 1256.12 
650.859 746.572 1256.46 
650.139 747.119 1254.71 
650.33 747.263 1254.25 
651.584 747.518 1253.43 
653.59 746.963 1255.21 
653.36 747.263 1254.25 
653.035 747.385 1253.86 
653.551 747.118 1254.71 
653.213 746.677 1256.12 
653.474 746.812 1255.69 
652.36 746.504 1256.68 
652.83 746.571 1256.46 
650.655 746.894 1280.13 
643.345 743.926 1271.34 
651.086 746.8 1279.85 
650.216 747.508 1281.95 
643.345 750.682 1291.35 
650.1 747.346 1281.47 
657.345 750.682 1291.35 
651.329 747.839 1282.93 
651.845 747.864 1283.01 
657.345 743.926 1271.34 
652.604 746.8 1279.85 
652.106 746.75 1279.71 
650.859 747.766 1282.72 
650.476 747.653 1282.38 
650.139 747.179 1280.98 
650.33 747.024 1280.52 
651.584 746.75 1279.71 
653.59 747.346 1281.47 
653.36 747.024 1280.52 
653.035 746.894 1280.13 
653.551 747.18 1280.98 
653.213 747.653 1282.38 
653.474 747.509 1281.95 
652.36 747.839 1282.93 
652.83 747.767 1282.72 
643.345 773.561 1309.92 
651.329 764.35 1303.39 
657.345 773.561 1309.92 
652.106 761.574 1301.42 
657.345 754.372 1296.31 
652.604 761.7 1301.51 
650.216 763.507 1302.79 
650.1 763.092 1302.49 
651.845 764.413 1303.43 
650.655 761.939 1301.68 
643.345 754.372 1296.31 
651.086 761.7 1301.51 
650.476 763.876 1303.05 
650.859 764.165 1303.26 
650.139 762.668 1302.19 
650.33 762.272 1301.91 
651.584 761.574 1301.42 
653.59 763.093 1302.49 
653.36 762.272 1301.91 
653.035 761.94 1301.68 
653.551 762.669 1302.19 
653.213 763.876 1303.05 
653.474 763.507 1302.79 
652.36 764.35 1303.39 
652.83 764.166 1303.26 
643.345 818.496 1354.65 
643.345 774.847 1311 
657.345 774.847 1311 
657.345 818.496 1354.65 
648.846 908.263 1363.44 
648.844 859.459 1363.44 
649.318 859.68 1363.44 
648.416 859.159 1363.44 
648.417 908.562 1363.44 
648.047 908.932 1363.44 
643.345 928.861 1363.44 
650.345 913.861 1363.44 
657.345 928.861 1363.44 
649.318 913.68 1363.44 
649.824 913.815 1363.44 
643.345 839.709 1363.44 
647.391 910.339 1363.44 
648.416 913.159 1363.44 
648.844 913.459 1363.44 
647.746 912.36 1363.44 
648.046 912.789 1363.44 
647.39 911.381 1363.44 
647.526 911.886 1363.44 
647.345 910.86 1363.44 
649.32 908.042 1363.44 
649.824 859.815 1363.44 
649.825 907.906 1363.44 
650.345 859.861 1363.44 
650.346 907.861 1363.44 
650.867 907.907 1363.44 
651.371 859.68 1363.44 
651.372 908.042 1363.44 
650.866 859.815 1363.44 
653.345 910.862 1363.44 
653.299 910.341 1363.44 
652.274 908.563 1363.44 
652.643 858.79 1363.44 
652.643 908.933 1363.44 
657.345 839.709 1363.44 
650.345 853.861 1363.44 
653.164 857.888 1363.44 
652.943 909.362 1363.44 
652.943 858.361 1363.44 
653.164 909.836 1363.44 
653.299 857.382 1363.44 
651.845 854.263 1363.44 
652.274 854.563 1363.44 
653.164 911.888 1363.44 
653.299 911.383 1363.44 
652.643 912.79 1363.44 
652.943 912.361 1363.44 
651.845 913.459 1363.44 
652.273 913.159 1363.44 
650.866 913.815 1363.44 
651.371 913.68 1363.44 
651.845 859.459 1363.44 
652.273 859.159 1363.44 
651.845 908.263 1363.44 
651.371 854.042 1363.44 
650.866 853.907 1363.44 
652.943 855.362 1363.44 
652.643 854.933 1363.44 
653.299 856.341 1363.44 
653.164 855.836 1363.44 
653.345 856.862 1363.44 
647.345 856.86 1363.44 
647.39 857.381 1363.44 
648.046 858.789 1363.44 
647.747 909.36 1363.44 
647.746 858.36 1363.44 
647.526 909.834 1363.44 
647.526 857.886 1363.44 
647.526 855.834 1363.44 
647.391 856.339 1363.44 
648.047 854.932 1363.44 
647.747 855.36 1363.44 
648.846 854.263 1363.44 
648.417 854.562 1363.44 
649.823 853.907 1363.44 
649.32 854.042 1363.44 
657.345 822.933 1264.64 
657.345 822.964 1270.48 
647.845 822.966 1270.46 
657.345 822.037 1276.25 
647.845 822.043 1276.23 
650.216 821.642 1277.72 
650.477 821.766 1277.29 
651.845 821.937 1276.65 
657.345 820.176 1281.79 
657.345 817.432 1286.95 
647.845 817.444 1286.93 
647.845 820.185 1281.77 
657.345 813.881 1291.58 
647.845 813.893 1291.57 
647.845 809.629 1295.57 
657.345 809.617 1295.57 
657.345 804.757 1298.81 
647.845 804.768 1298.81 
657.345 799.431 1301.21 
647.845 799.44 1301.21 
647.845 793.79 1302.7 
657.345 793.79 1302.7 
647.845 787.972 1303.25 
657.345 787.972 1303.25 
647.845 822.931 1264.62 
657.345 821.944 1258.88 
647.845 821.938 1258.86 
651.845 820.604 1254.75 
647.845 820.015 1253.35 
657.345 820.024 1253.36 
650.654 821.593 1257.62 
651.085 821.676 1257.9 
647.845 817.213 1248.22 
657.345 817.225 1248.24 
657.345 813.622 1243.64 
647.845 813.609 1243.62 
657.345 809.313 1239.69 
652.604 809.372 1239.73 
653.035 809.139 1239.55 
652.105 809.493 1239.83 
653.474 807.581 1238.43 
653.213 807.207 1238.18 
657.345 804.415 1236.5 
657.345 799.06 1234.16 
647.845 804.404 1236.5 
647.845 799.052 1234.16 
647.845 793.394 1232.73 
657.345 793.394 1232.73 
653.551 787.553 1232.25 
657.345 787.57 1232.25 
653.36 788.039 1232.25 
647.845 776.004 1234.19 
657.345 776.004 1234.19 
647.845 781.707 1232.74 
653.035 788.446 1232.26 
650.86 765.233 1240.16 
647.845 765.699 1239.79 
651.33 765.058 1240.3 
657.345 765.699 1239.79 
653.59 766.272 1239.35 
653.474 765.867 1239.66 
651.845 753.204 1258.85 
647.845 753.116 1259.2 
657.345 753.116 1259.2 
657.345 757.782 1248.44 
647.845 757.782 1248.44 
657.345 755.001 1253.63 
657.345 753.215 1276.69 
647.845 752.21 1270.89 
647.845 753.215 1276.69 
657.345 752.21 1270.89 
657.345 752.177 1265.01 
647.845 752.177 1265.01 
647.845 761.654 1292.01 
657.345 761.654 1292.01 
647.845 758.002 1287.4 
647.845 755.163 1282.24 
657.345 758.002 1287.4 
657.345 755.163 1282.24 
657.345 766.017 1295.96 
653.035 766.002 1295.95 
653.36 766.327 1296.19 
657.345 770.973 1299.13 
647.845 770.973 1299.13 
657.345 776.384 1301.44 
653.213 767.934 1297.33 
647.845 776.384 1301.44 
657.345 782.103 1302.83 
647.845 782.103 1302.83 
652.604 765.769 1295.77 
651.845 754.537 1280.75 
650.654 753.548 1277.89 
651.085 753.465 1277.6 
650.477 753.375 1258.22 
650.216 753.499 1257.78 
647.845 761.381 1243.79 
647.845 755.001 1253.63 
657.345 761.381 1243.79 
647.845 770.619 1236.56 
657.345 770.619 1236.56 
653.213 765.511 1239.94 
657.345 781.707 1232.74 
647.845 787.57 1232.25 
650.477 786.071 1232.28 
650.216 786.523 1232.27 
653.474 820.995 1255.79 
653.213 820.84 1255.37 
652.831 820.715 1255.03 
652.361 820.633 1254.82 
653.59 821.163 1256.27 
653.36 821.475 1257.23 
653.551 821.328 1256.77 
652.604 821.676 1257.9 
653.035 821.593 1257.62 
651.583 821.719 1258.05 
652.105 821.719 1258.05 
650.1 821.162 1256.27 
650.138 821.327 1256.76 
650.329 821.474 1257.23 
650.216 820.995 1255.79 
650.86 820.714 1255.03 
650.477 820.84 1255.37 
651.33 820.632 1254.82 
651.845 806.654 1237.82 
650.138 808.421 1239.02 
647.845 809.3 1239.68 
650.1 807.998 1238.72 
652.831 806.91 1237.98 
652.361 806.719 1237.86 
653.59 808 1238.72 
650.654 809.138 1239.55 
650.329 808.813 1239.31 
653.36 808.814 1239.31 
653.551 808.423 1239.02 
651.085 809.371 1239.73 
651.583 809.493 1239.83 
650.216 807.58 1238.43 
650.477 807.205 1238.18 
651.33 806.719 1237.86 
650.86 806.909 1237.98 
652.105 820.901 1279.97 
653.474 821.642 1277.72 
653.59 821.495 1278.21 
652.831 821.859 1276.94 
652.361 821.918 1276.73 
653.213 821.766 1277.29 
650.138 821.339 1278.7 
650.1 821.496 1278.21 
653.551 821.338 1278.71 
650.329 821.186 1279.16 
653.035 821.052 1279.55 
653.36 821.185 1279.17 
652.604 820.953 1279.83 
651.085 820.953 1279.83 
651.583 820.901 1279.97 
650.654 821.052 1279.55 
651.33 821.918 1276.72 
650.86 821.86 1276.94 
651.845 768.488 1297.69 
650.1 767.143 1296.79 
647.845 766.017 1295.96 
650.216 767.561 1297.07 
652.831 768.231 1297.52 
652.361 768.422 1297.64 
650.329 766.328 1296.19 
650.138 766.72 1296.48 
653.59 767.141 1296.78 
653.474 767.56 1297.07 
650.654 766.003 1295.95 
653.551 766.718 1296.48 
652.105 765.648 1295.67 
651.583 765.648 1295.67 
651.085 765.77 1295.77 
650.86 768.232 1297.52 
650.477 767.936 1297.33 
651.33 768.422 1297.64 
653.474 754.146 1279.71 
653.213 754.301 1280.14 
652.831 754.426 1280.47 
652.361 754.508 1280.68 
653.59 753.978 1279.23 
653.36 753.666 1278.27 
653.551 753.813 1278.74 
652.604 753.465 1277.6 
653.035 753.548 1277.89 
651.583 753.423 1277.46 
652.105 753.422 1277.46 
650.1 753.979 1279.23 
650.138 753.814 1278.74 
650.329 753.667 1278.28 
650.216 754.146 1279.71 
650.86 754.427 1280.47 
650.477 754.301 1280.14 
651.33 754.509 1280.68 
652.105 754.24 1255.53 
653.474 753.499 1257.78 
653.59 753.646 1257.29 
652.831 753.281 1258.56 
652.361 753.224 1258.78 
653.213 753.375 1258.22 
653.551 753.803 1256.8 
650.138 753.802 1256.8 
650.329 753.955 1256.34 
653.035 754.089 1255.95 
653.36 753.956 1256.34 
652.604 754.188 1255.67 
651.085 754.188 1255.68 
651.583 754.24 1255.53 
650.654 754.089 1255.95 
650.1 753.645 1257.3 
651.33 753.223 1258.78 
650.86 753.281 1258.56 
651.845 764.998 1240.35 
652.831 765.234 1240.16 
652.361 765.058 1240.3 
650.216 765.866 1239.66 
650.477 765.51 1239.94 
652.604 767.662 1238.36 
652.105 767.789 1238.27 
653.551 766.69 1239.04 
653.035 767.419 1238.53 
653.36 767.085 1238.76 
650.329 767.083 1238.76 
651.583 767.789 1238.27 
650.654 767.418 1238.53 
651.085 767.661 1238.36 
650.1 766.27 1239.35 
650.138 766.689 1239.04 
651.845 785.414 1232.32 
652.831 785.718 1232.3 
652.361 785.492 1232.31 
653.474 786.524 1232.27 
653.213 786.073 1232.28 
650.138 787.551 1232.25 
650.1 787.031 1232.26 
653.59 787.033 1232.26 
650.329 788.037 1232.25 
652.105 788.894 1232.28 
652.604 788.74 1232.27 
651.085 788.74 1232.27 
650.654 788.445 1232.26 
651.583 788.894 1232.28 
651.33 785.491 1232.31 
650.86 785.717 1232.3 
647.525 909.836 1355.44 
643.345 899.451 1355.44 
647.39 910.341 1355.44 
651.843 908.262 1355.44 
652.271 908.561 1355.44 
657.345 899.451 1355.44 
657.345 918.361 1355.44 
653.299 910.338 1355.44 
653.345 910.861 1355.44 
643.345 918.361 1355.44 
647.526 911.888 1355.44 
647.391 911.383 1355.44 
653.163 909.833 1355.44 
652.641 908.931 1355.44 
652.942 909.359 1355.44 
650.864 907.906 1355.44 
651.369 908.041 1355.44 
650.343 907.861 1355.44 
649.317 908.043 1355.44 
649.822 907.907 1355.44 
648.415 908.564 1355.44 
648.843 908.264 1355.44 
647.746 909.362 1355.44 
648.046 908.934 1355.44 
647.345 910.862 1355.44 
649.824 913.815 1355.44 
649.319 913.68 1355.44 
648.047 912.79 1355.44 
647.747 912.362 1355.44 
648.845 913.459 1355.44 
648.417 913.16 1355.44 
650.345 913.861 1355.44 
650.866 913.815 1355.44 
651.846 913.458 1355.44 
651.372 913.68 1355.44 
652.644 912.788 1355.44 
652.274 913.158 1355.44 
653.164 911.885 1355.44 
652.944 912.359 1355.44 
653.299 911.38 1355.44 
643.345 917.243 1341.25 
643.345 898.333 1350.7 
657.345 898.333 1350.7 
657.345 917.243 1341.25 
657.345 920.861 1352.94 
643.345 920.861 1343.49 
657.345 920.861 1343.49 
643.345 920.861 1352.94 
643.345 849.361 1355.44 
649.318 854.042 1355.44 
649.823 853.907 1355.44 
653.299 856.339 1355.44 
653.345 856.86 1355.44 
657.345 849.361 1355.44 
643.345 868.271 1355.44 
647.39 857.382 1355.44 
647.526 855.836 1355.44 
647.39 856.339 1355.44 
647.345 856.861 1355.44 
648.046 854.933 1355.44 
647.747 855.362 1355.44 
648.844 854.263 1355.44 
648.416 854.563 1355.44 
650.344 853.861 1355.44 
651.37 854.042 1355.44 
650.865 853.907 1355.44 
652.272 854.562 1355.44 
651.844 854.263 1355.44 
652.942 855.36 1355.44 
652.642 854.932 1355.44 
653.163 855.834 1355.44 
657.345 868.271 1355.44 
653.299 857.381 1355.44 
652.273 859.159 1355.44 
651.845 859.459 1355.44 
652.943 858.36 1355.44 
653.164 857.886 1355.44 
652.643 858.789 1355.44 
651.371 859.68 1355.44 
650.866 859.815 1355.44 
650.345 859.861 1355.44 
649.824 859.815 1355.44 
648.845 859.459 1355.44 
649.319 859.68 1355.44 
648.047 858.79 1355.44 
648.417 859.159 1355.44 
647.526 857.887 1355.44 
647.747 858.361 1355.44 
643.345 846.861 1343.49 
643.345 846.861 1352.94 
657.345 846.861 1352.94 
657.345 846.861 1343.49 
643.345 850.479 1341.25 
657.345 869.389 1350.7 
643.345 869.389 1350.7 
657.345 850.479 1341.25 
651.845 908.263 1310.44 
657.345 899.451 1310.44 
652.274 908.563 1310.44 
653.345 910.862 1310.44 
657.345 918.361 1310.44 
653.299 911.383 1310.44 
643.345 918.361 1310.44 
650.345 913.861 1310.44 
650.345 907.861 1310.44 
643.345 899.451 1310.44 
651.37 913.68 1310.44 
650.866 913.815 1310.44 
652.272 913.16 1310.44 
651.844 913.459 1310.44 
652.942 912.362 1310.44 
652.642 912.79 1310.44 
653.163 911.888 1310.44 
653.299 910.341 1310.44 
652.943 909.362 1310.44 
653.164 909.836 1310.44 
652.643 908.933 1310.44 
651.371 908.042 1310.44 
650.866 907.907 1310.44 
647.39 910.34 1310.44 
647.526 909.835 1310.44 
649.319 908.042 1310.44 
649.824 907.907 1310.44 
648.417 908.563 1310.44 
648.845 908.263 1310.44 
647.747 909.361 1310.44 
648.047 908.932 1310.44 
647.345 910.861 1310.44 
647.526 911.887 1310.44 
647.39 911.381 1310.44 
648.046 912.789 1310.44 
647.746 912.36 1310.44 
648.844 913.459 1310.44 
648.416 913.159 1310.44 
649.823 913.815 1310.44 
649.318 913.68 1310.44 
643.345 920.861 1312.94 
657.345 920.861 1322.39 
643.345 920.861 1322.39 
657.345 920.861 1312.94 
643.345 917.243 1324.63 
657.345 917.243 1324.63 
657.345 898.333 1315.18 
643.345 898.333 1315.18 
657.345 849.361 1310.44 
653.345 856.862 1310.44 
653.299 856.341 1310.44 
652.272 859.16 1310.44 
657.345 868.271 1310.44 
651.844 859.46 1310.44 
650.345 853.861 1310.44 
643.345 849.361 1310.44 
643.345 868.271 1310.44 
650.344 859.861 1310.44 
651.371 854.042 1310.44 
650.866 853.907 1310.44 
652.273 854.563 1310.44 
651.845 854.263 1310.44 
652.943 855.362 1310.44 
652.643 854.933 1310.44 
653.164 855.836 1310.44 
653.299 857.383 1310.44 
652.942 858.362 1310.44 
653.163 857.888 1310.44 
652.642 858.79 1310.44 
650.865 859.816 1310.44 
651.37 859.68 1310.44 
647.39 857.381 1310.44 
647.525 857.886 1310.44 
649.318 859.68 1310.44 
649.823 859.815 1310.44 
648.416 859.159 1310.44 
648.844 859.459 1310.44 
647.746 858.36 1310.44 
648.046 858.789 1310.44 
647.345 856.86 1310.44 
647.526 855.835 1310.44 
647.39 856.34 1310.44 
648.047 854.932 1310.44 
647.747 855.361 1310.44 
648.845 854.263 1310.44 
648.417 854.563 1310.44 
649.824 853.907 1310.44 
649.319 854.042 1310.44 
643.345 850.479 1324.63 
643.345 869.389 1315.18 
657.345 869.389 1315.18 
657.345 850.479 1324.63 
643.345 846.861 1312.94 
643.345 846.861 1322.39 
657.345 846.861 1322.39 
657.345 846.861 1312.94 
643.345 851.333 1335.18 
643.345 882.743 1350.88 
657.345 882.743 1350.88 
657.345 851.333 1335.18 
643.345 882.743 1315 
643.345 851.333 1330.7 
657.345 851.333 1330.7 
657.345 882.743 1315 
657.345 884.979 1315 
643.345 916.389 1330.7 
643.345 884.979 1315 
657.345 916.389 1330.7 
643.345 884.979 1350.88 
643.345 916.389 1335.18 
657.345 916.389 1335.18 
657.345 884.979 1350.88 
643.345 916.852 1331 
643.345 916.389 1330.7 
657.345 916.389 1330.7 
643.345 917.71 1332.39 
643.345 917.53 1331.87 
657.345 917.53 1331.87 
643.345 917.239 1331.4 
657.345 916.853 1331 
657.345 917.24 1331.4 
657.345 917.71 1333.49 
643.345 917.53 1334.01 
643.345 917.71 1333.49 
657.345 917.71 1332.39 
657.345 917.771 1332.94 
643.345 917.771 1332.94 
657.345 917.239 1334.48 
643.345 916.853 1334.88 
643.345 917.24 1334.48 
657.345 917.53 1334.01 
643.345 916.389 1335.18 
657.345 916.852 1334.88 
657.345 916.389 1335.18 
643.345 884.436 1351.08 
643.345 884.979 1350.88 
657.345 884.979 1350.88 
643.345 882.743 1350.88 
643.345 883.287 1351.08 
657.345 883.286 1351.08 
643.345 883.861 1351.14 
657.345 884.435 1351.08 
657.345 883.861 1351.14 
657.345 882.743 1350.88 
643.345 850.87 1334.88 
643.345 851.333 1335.18 
657.345 851.333 1335.18 
643.345 850.012 1333.49 
643.345 850.193 1334.01 
657.345 850.192 1334.01 
643.345 850.483 1334.48 
657.345 850.869 1334.88 
657.345 850.482 1334.48 
657.345 850.012 1332.39 
643.345 850.192 1331.87 
643.345 850.012 1332.39 
657.345 850.012 1333.49 
657.345 849.951 1332.94 
643.345 849.951 1332.94 
657.345 850.483 1331.4 
643.345 850.869 1331 
643.345 850.482 1331.4 
657.345 850.193 1331.87 
643.345 851.333 1330.7 
657.345 850.87 1331 
657.345 851.333 1330.7 
643.345 883.286 1314.8 
643.345 882.743 1315 
657.345 882.743 1315 
643.345 884.979 1315 
643.345 884.435 1314.8 
657.345 884.436 1314.8 
643.345 883.861 1314.74 
657.345 883.287 1314.8 
657.345 883.861 1314.74 
657.345 884.979 1315 
643.345 869.822 1350.98 
643.345 869.389 1350.7 
657.345 869.389 1350.7 
643.345 870.671 1352.24 
643.345 870.477 1351.76 
657.345 870.478 1351.77 
643.345 870.19 1351.34 
657.345 869.823 1350.98 
657.345 870.191 1351.34 
657.345 870.75 1353.26 
643.345 870.632 1353.76 
643.345 870.75 1353.26 
657.345 870.671 1352.24 
657.345 870.763 1352.75 
643.345 870.763 1352.75 
643.345 870.106 1354.64 
657.345 870.105 1354.64 
643.345 869.72 1354.98 
643.345 870.414 1354.23 
657.345 870.632 1353.76 
657.345 870.414 1354.23 
657.345 869.719 1354.98 
657.345 869.271 1355.23 
643.345 869.273 1355.23 
657.345 868.782 1355.39 
643.345 868.783 1355.39 
643.345 868.271 1355.44 
657.345 868.271 1355.44 
643.345 848.805 1355.38 
643.345 849.361 1355.44 
657.345 849.361 1355.44 
643.345 847.407 1354.5 
643.345 847.803 1354.89 
657.345 847.802 1354.89 
643.345 848.277 1355.19 
657.345 848.804 1355.38 
657.345 848.276 1355.19 
657.345 846.924 1353.5 
643.345 846.924 1353.5 
657.345 847.109 1354.02 
657.345 847.406 1354.5 
643.345 847.109 1354.02 
643.345 846.861 1352.94 
657.345 846.861 1352.94 
643.345 846.925 1342.93 
643.345 846.861 1343.49 
657.345 846.861 1343.49 
643.345 847.815 1341.52 
643.345 847.414 1341.92 
657.345 847.414 1341.92 
643.345 847.112 1342.39 
657.345 846.925 1342.92 
657.345 847.112 1342.39 
657.345 848.829 1341.04 
643.345 849.389 1340.99 
643.345 848.829 1341.04 
657.345 847.816 1341.52 
657.345 848.296 1341.22 
643.345 848.294 1341.22 
657.345 849.95 1341.06 
643.345 849.949 1341.06 
657.345 849.391 1340.99 
643.345 850.479 1341.25 
657.345 850.479 1341.25 
643.345 868.782 1310.49 
643.345 868.271 1310.44 
657.345 868.271 1310.44 
643.345 870.105 1311.24 
643.345 869.719 1310.9 
657.345 869.72 1310.9 
643.345 869.271 1310.65 
657.345 868.783 1310.49 
657.345 869.273 1310.65 
657.345 870.632 1312.12 
643.345 870.75 1312.62 
643.345 870.632 1312.12 
657.345 870.106 1311.24 
657.345 870.414 1311.65 
643.345 870.414 1311.65 
643.345 870.671 1313.64 
657.345 870.671 1313.64 
643.345 870.478 1314.11 
643.345 870.763 1313.13 
657.345 870.75 1312.62 
657.345 870.763 1313.13 
657.345 870.477 1314.12 
657.345 870.19 1314.54 
643.345 870.191 1314.54 
657.345 869.822 1314.9 
643.345 869.823 1314.9 
643.345 869.389 1315.18 
657.345 869.389 1315.18 
643.345 849.95 1324.82 
643.345 850.479 1324.63 
657.345 850.479 1324.63 
643.345 848.296 1324.66 
643.345 848.829 1324.84 
657.345 848.829 1324.84 
643.345 849.391 1324.89 
657.345 849.949 1324.82 
657.345 849.389 1324.89 
657.345 847.414 1323.96 
643.345 847.112 1323.49 
643.345 847.414 1323.96 
657.345 848.294 1324.66 
657.345 847.815 1324.36 
643.345 847.816 1324.36 
657.345 846.925 1322.95 
643.345 846.925 1322.96 
657.345 847.112 1323.49 
643.345 846.861 1322.39 
657.345 846.861 1322.39 
643.345 846.924 1312.38 
643.345 846.861 1312.94 
657.345 846.861 1312.94 
643.345 847.802 1310.99 
643.345 847.406 1311.38 
657.345 847.407 1311.38 
643.345 847.109 1311.86 
657.345 846.924 1312.38 
657.345 847.109 1311.86 
657.345 848.805 1310.5 
643.345 848.804 1310.5 
657.345 848.277 1310.69 
657.345 847.803 1310.99 
643.345 848.276 1310.69 
643.345 849.361 1310.44 
657.345 849.361 1310.44 
643.345 920.798 1322.95 
643.345 920.861 1322.39 
657.345 920.861 1322.39 
643.345 919.907 1324.36 
643.345 920.308 1323.96 
657.345 920.308 1323.96 
643.345 920.61 1323.49 
657.345 920.797 1322.96 
657.345 920.61 1323.49 
657.345 918.893 1324.84 
643.345 918.333 1324.89 
643.345 918.893 1324.84 
657.345 919.906 1324.36 
657.345 919.427 1324.66 
643.345 919.428 1324.66 
657.345 917.772 1324.82 
643.345 917.773 1324.82 
657.345 918.331 1324.89 
643.345 917.243 1324.63 
657.345 917.243 1324.63 
643.345 897.9 1314.9 
643.345 898.333 1315.18 
657.345 898.333 1315.18 
643.345 897.051 1313.64 
643.345 897.245 1314.12 
657.345 897.244 1314.11 
643.345 897.532 1314.54 
657.345 897.899 1314.9 
657.345 897.531 1314.54 
657.345 896.972 1312.62 
643.345 897.09 1312.12 
643.345 896.972 1312.62 
657.345 897.051 1313.64 
657.345 896.959 1313.13 
643.345 896.959 1313.13 
643.345 897.616 1311.24 
657.345 897.617 1311.24 
643.345 898.002 1310.9 
643.345 897.308 1311.65 
657.345 897.09 1312.12 
657.345 897.308 1311.65 
657.345 898.003 1310.9 
657.345 898.451 1310.65 
643.345 898.449 1310.65 
657.345 898.94 1310.49 
643.345 898.939 1310.49 
643.345 899.451 1310.44 
657.345 899.451 1310.44 
643.345 918.917 1310.5 
643.345 918.361 1310.44 
657.345 918.361 1310.44 
643.345 920.315 1311.38 
643.345 919.919 1310.99 
657.345 919.92 1310.99 
643.345 919.445 1310.69 
657.345 918.918 1310.5 
657.345 919.446 1310.69 
657.345 920.798 1312.38 
643.345 920.798 1312.38 
657.345 920.614 1311.86 
657.345 920.316 1311.38 
643.345 920.613 1311.86 
643.345 920.861 1312.94 
657.345 920.861 1312.94 
643.345 898.94 1355.39 
643.345 899.451 1355.44 
657.345 899.451 1355.44 
643.345 897.617 1354.64 
643.345 898.003 1354.98 
657.345 898.002 1354.98 
643.345 898.451 1355.23 
657.345 898.939 1355.39 
657.345 898.449 1355.23 
657.345 897.09 1353.76 
643.345 896.972 1353.26 
643.345 897.09 1353.76 
657.345 897.616 1354.64 
657.345 897.308 1354.23 
643.345 897.308 1354.23 
643.345 897.051 1352.24 
657.345 897.051 1352.24 
643.345 897.244 1351.77 
643.345 896.959 1352.75 
657.345 896.972 1353.26 
657.345 896.959 1352.75 
657.345 897.245 1351.76 
657.345 897.532 1351.34 
643.345 897.531 1351.34 
657.345 897.9 1350.98 
643.345 897.899 1350.98 
643.345 898.333 1350.7 
657.345 898.333 1350.7 
643.345 917.772 1341.06 
643.345 917.243 1341.25 
657.345 917.243 1341.25 
643.345 919.427 1341.22 
643.345 918.893 1341.04 
657.345 918.893 1341.04 
643.345 918.331 1340.99 
657.345 917.773 1341.06 
657.345 918.333 1340.99 
657.345 920.308 1341.92 
643.345 920.61 1342.39 
643.345 920.308 1341.92 
657.345 919.428 1341.22 
657.345 919.907 1341.52 
643.345 919.906 1341.52 
657.345 920.798 1342.93 
643.345 920.797 1342.92 
657.345 920.61 1342.39 
643.345 920.861 1343.49 
657.345 920.861 1343.49 
643.345 920.798 1353.5 
643.345 920.861 1352.94 
657.345 920.861 1352.94 
643.345 919.92 1354.89 
643.345 920.316 1354.5 
657.345 920.315 1354.5 
643.345 920.614 1354.02 
657.345 920.798 1353.5 
657.345 920.613 1354.02 
657.345 918.917 1355.38 
643.345 918.918 1355.38 
657.345 919.445 1355.19 
657.345 919.919 1354.89 
643.345 919.446 1355.19 
643.345 918.361 1355.44 
657.345 918.361 1355.44 
649.824 913.815 1355.44 
650.345 913.861 1355.44 
650.345 913.861 1363.44 
648.417 913.16 1355.44 
648.845 913.459 1355.44 
648.844 913.459 1363.44 
649.319 913.68 1355.44 
649.824 913.815 1363.44 
649.318 913.68 1363.44 
647.746 912.36 1363.44 
647.526 911.888 1355.44 
647.747 912.362 1355.44 
648.416 913.159 1363.44 
648.046 912.789 1363.44 
648.047 912.79 1355.44 
647.345 910.862 1355.44 
647.345 910.86 1363.44 
647.39 910.341 1355.44 
647.391 911.383 1355.44 
647.526 911.886 1363.44 
647.39 911.381 1363.44 
648.046 908.934 1355.44 
647.746 909.362 1355.44 
647.747 909.36 1363.44 
647.526 909.834 1363.44 
647.525 909.836 1355.44 
647.391 910.339 1363.44 
648.846 908.263 1363.44 
649.317 908.043 1355.44 
648.843 908.264 1355.44 
648.047 908.932 1363.44 
648.417 908.562 1363.44 
648.415 908.564 1355.44 
650.343 907.861 1355.44 
650.346 907.861 1363.44 
650.864 907.906 1355.44 
649.822 907.907 1355.44 
649.32 908.042 1363.44 
649.825 907.906 1363.44 
652.271 908.561 1355.44 
651.843 908.262 1355.44 
651.845 908.263 1363.44 
651.372 908.042 1363.44 
651.369 908.041 1355.44 
650.867 907.907 1363.44 
652.943 909.362 1363.44 
653.163 909.833 1355.44 
652.942 909.359 1355.44 
652.274 908.563 1363.44 
652.643 908.933 1363.44 
652.641 908.931 1355.44 
653.345 910.861 1355.44 
653.345 910.862 1363.44 
653.299 911.38 1355.44 
653.299 910.338 1355.44 
653.164 909.836 1363.44 
653.299 910.341 1363.44 
653.299 911.383 1363.44 
653.164 911.885 1355.44 
652.944 912.359 1355.44 
653.164 911.888 1363.44 
652.943 912.361 1363.44 
652.644 912.788 1355.44 
652.643 912.79 1363.44 
652.274 913.158 1355.44 
651.846 913.458 1355.44 
652.273 913.159 1363.44 
651.845 913.459 1363.44 
651.372 913.68 1355.44 
651.371 913.68 1363.44 
650.866 913.815 1355.44 
650.866 913.815 1363.44 
650.866 913.815 1302.44 
650.345 913.861 1310.44 
650.345 913.861 1302.44 
650.866 913.815 1310.44 
651.371 913.68 1302.44 
651.845 913.459 1302.44 
651.37 913.68 1310.44 
652.274 913.159 1302.44 
651.844 913.459 1310.44 
652.272 913.16 1310.44 
652.643 912.789 1302.44 
652.943 912.36 1302.44 
652.642 912.79 1310.44 
653.164 911.887 1302.44 
652.942 912.362 1310.44 
653.163 911.888 1310.44 
653.299 911.381 1302.44 
653.345 910.861 1302.44 
653.299 911.383 1310.44 
653.299 910.34 1302.44 
653.345 910.862 1310.44 
653.164 909.836 1310.44 
653.299 910.341 1310.44 
653.164 909.835 1302.44 
652.943 909.362 1310.44 
652.943 909.361 1302.44 
652.643 908.933 1310.44 
652.274 908.563 1310.44 
652.643 908.932 1302.44 
652.273 908.563 1302.44 
651.845 908.263 1310.44 
651.845 908.263 1302.44 
651.371 908.042 1310.44 
650.866 907.907 1310.44 
651.371 908.042 1302.44 
650.866 907.907 1302.44 
650.345 907.861 1310.44 
650.345 907.861 1302.44 
649.823 913.815 1310.44 
649.318 913.68 1310.44 
649.823 913.815 1302.44 
648.844 913.459 1310.44 
649.32 913.68 1302.44 
648.846 913.459 1302.44 
648.416 913.159 1310.44 
648.046 912.789 1310.44 
648.417 913.16 1302.44 
647.746 912.36 1310.44 
648.047 912.79 1302.44 
647.747 912.362 1302.44 
647.526 911.887 1310.44 
647.39 911.381 1310.44 
647.526 911.888 1302.44 
647.345 910.861 1310.44 
647.391 911.383 1302.44 
647.345 910.862 1302.44 
647.39 910.34 1310.44 
647.39 910.341 1302.44 
647.526 909.836 1302.44 
647.526 909.835 1310.44 
647.746 909.362 1302.44 
648.046 908.933 1302.44 
647.747 909.361 1310.44 
648.047 908.932 1310.44 
648.416 908.563 1302.44 
648.417 908.563 1310.44 
648.844 908.263 1302.44 
649.318 908.042 1302.44 
648.845 908.263 1310.44 
649.319 908.042 1310.44 
649.824 907.907 1302.44 
649.824 907.907 1310.44 
650.866 853.907 1363.44 
650.344 853.861 1355.44 
650.345 853.861 1363.44 
650.865 853.907 1355.44 
651.371 854.042 1363.44 
651.845 854.263 1363.44 
651.37 854.042 1355.44 
652.274 854.563 1363.44 
651.844 854.263 1355.44 
652.272 854.562 1355.44 
652.643 854.933 1363.44 
652.642 854.932 1355.44 
652.943 855.362 1363.44 
652.942 855.36 1355.44 
653.163 855.834 1355.44 
653.164 855.836 1363.44 
653.299 856.341 1363.44 
653.299 856.339 1355.44 
653.345 856.862 1363.44 
653.345 856.86 1355.44 
653.299 857.382 1363.44 
653.299 857.381 1355.44 
653.164 857.886 1355.44 
653.164 857.888 1363.44 
652.943 858.361 1363.44 
652.943 858.36 1355.44 
652.643 858.79 1363.44 
652.643 858.789 1355.44 
652.273 859.159 1355.44 
652.273 859.159 1363.44 
651.845 859.459 1363.44 
651.845 859.459 1355.44 
651.371 859.68 1363.44 
651.371 859.68 1355.44 
650.866 859.815 1355.44 
650.866 859.815 1363.44 
650.345 859.861 1355.44 
650.345 859.861 1363.44 
649.823 853.907 1355.44 
649.318 854.042 1355.44 
649.823 853.907 1363.44 
648.844 854.263 1355.44 
649.32 854.042 1363.44 
648.846 854.263 1363.44 
648.416 854.563 1355.44 
648.046 854.933 1355.44 
648.417 854.562 1363.44 
647.747 855.362 1355.44 
648.047 854.932 1363.44 
647.747 855.36 1363.44 
647.526 855.836 1355.44 
647.39 856.339 1355.44 
647.526 855.834 1363.44 
647.345 856.861 1355.44 
647.391 856.339 1363.44 
647.345 856.86 1363.44 
647.39 857.382 1355.44 
647.526 857.887 1355.44 
647.39 857.381 1363.44 
647.747 858.361 1355.44 
647.526 857.886 1363.44 
648.046 858.789 1363.44 
647.746 858.36 1363.44 
648.047 858.79 1355.44 
648.416 859.159 1363.44 
648.417 859.159 1355.44 
648.844 859.459 1363.44 
649.318 859.68 1363.44 
648.845 859.459 1355.44 
649.319 859.68 1355.44 
649.824 859.815 1363.44 
649.824 859.815 1355.44 
649.824 853.907 1310.44 
650.345 853.861 1310.44 
650.345 853.861 1302.44 
648.417 854.563 1310.44 
648.845 854.263 1310.44 
648.844 854.263 1302.44 
649.319 854.042 1310.44 
649.824 853.907 1302.44 
649.318 854.042 1302.44 
647.746 855.362 1302.44 
647.526 855.835 1310.44 
647.747 855.361 1310.44 
648.416 854.563 1302.44 
648.046 854.933 1302.44 
648.047 854.932 1310.44 
647.345 856.86 1310.44 
647.345 856.862 1302.44 
647.39 857.381 1310.44 
647.39 856.34 1310.44 
647.526 855.836 1302.44 
647.39 856.341 1302.44 
648.046 858.789 1310.44 
647.746 858.36 1310.44 
647.747 858.362 1302.44 
647.526 857.888 1302.44 
647.525 857.886 1310.44 
647.391 857.383 1302.44 
648.846 859.46 1302.44 
649.318 859.68 1310.44 
648.844 859.459 1310.44 
648.047 858.79 1302.44 
648.417 859.16 1302.44 
648.416 859.159 1310.44 
650.344 859.861 1310.44 
650.346 859.861 1302.44 
650.865 859.816 1310.44 
649.823 859.815 1310.44 
649.32 859.68 1302.44 
649.825 859.816 1302.44 
652.272 859.16 1310.44 
651.844 859.46 1310.44 
651.845 859.459 1302.44 
651.372 859.68 1302.44 
651.37 859.68 1310.44 
650.867 859.815 1302.44 
652.943 858.36 1302.44 
653.163 857.888 1310.44 
652.942 858.362 1310.44 
652.274 859.159 1302.44 
652.643 858.789 1302.44 
652.642 858.79 1310.44 
653.345 856.862 1310.44 
653.345 856.86 1302.44 
653.299 856.341 1310.44 
653.299 857.383 1310.44 
653.164 857.886 1302.44 
653.299 857.381 1302.44 
653.299 856.34 1302.44 
653.164 855.836 1310.44 
652.943 855.362 1310.44 
653.164 855.835 1302.44 
652.943 855.361 1302.44 
652.643 854.933 1310.44 
652.643 854.932 1302.44 
652.273 854.563 1310.44 
651.845 854.263 1310.44 
652.273 854.563 1302.44 
651.845 854.263 1302.44 
651.371 854.042 1310.44 
651.371 854.042 1302.44 
650.866 853.907 1310.44 
650.866 853.907 1302.44 
651.33 820.632 1254.82 
651.845 820.604 1254.75 
651.845 827.277 1252.5 
650.216 820.995 1255.79 
650.477 820.84 1255.37 
650.476 827.488 1253.12 
650.86 820.714 1255.03 
651.329 827.302 1252.57 
650.859 827.375 1252.79 
650.139 827.962 1254.52 
650.329 821.474 1257.23 
650.138 821.327 1256.76 
650.216 827.633 1253.55 
650.1 827.795 1254.03 
650.1 821.162 1256.27 
651.583 821.719 1258.05 
651.086 828.341 1255.65 
651.584 828.391 1255.79 
651.085 821.676 1257.9 
650.654 821.593 1257.62 
650.655 828.247 1255.37 
653.035 828.247 1255.37 
653.035 821.593 1257.62 
652.604 828.341 1255.65 
652.106 828.391 1255.79 
652.604 821.676 1257.9 
652.105 821.719 1258.05 
653.551 827.961 1254.52 
653.59 821.163 1256.27 
653.551 821.328 1256.77 
653.36 821.475 1257.23 
653.36 828.117 1254.98 
653.474 827.633 1253.55 
653.474 820.995 1255.79 
653.59 827.795 1254.03 
653.213 820.84 1255.37 
653.213 827.488 1253.12 
652.83 827.374 1252.78 
652.831 820.715 1255.03 
652.36 827.302 1252.57 
652.361 820.633 1254.82 
650.33 828.117 1254.98 
651.33 806.719 1237.86 
651.845 806.654 1237.82 
651.845 810.728 1232.07 
650.216 807.58 1238.43 
650.477 807.205 1238.18 
650.476 811.266 1232.45 
650.86 806.909 1237.98 
651.329 810.791 1232.12 
650.859 810.976 1232.25 
650.139 812.473 1233.31 
650.329 808.813 1239.31 
650.138 808.421 1239.02 
650.216 811.634 1232.71 
650.1 812.049 1233.01 
650.1 807.998 1238.72 
651.583 809.493 1239.83 
651.086 813.441 1234 
651.584 813.567 1234.08 
651.085 809.371 1239.73 
650.654 809.138 1239.55 
650.655 813.202 1233.83 
653.035 813.202 1233.83 
653.035 809.139 1239.55 
652.604 813.441 1234 
652.106 813.567 1234.08 
652.604 809.372 1239.73 
652.105 809.493 1239.83 
653.551 812.472 1233.31 
653.59 808 1238.72 
653.551 808.423 1239.02 
653.36 808.814 1239.31 
653.36 812.869 1233.59 
653.474 811.634 1232.71 
653.474 807.581 1238.43 
653.59 812.048 1233.01 
653.213 807.207 1238.18 
653.213 811.265 1232.45 
652.83 810.976 1232.25 
652.831 806.91 1237.98 
652.36 810.791 1232.12 
652.361 806.719 1237.86 
650.33 812.869 1233.59 
651.33 821.918 1276.72 
651.845 821.937 1276.65 
651.845 828.66 1278.75 
650.216 821.642 1277.72 
650.477 821.766 1277.29 
650.476 828.464 1279.38 
650.86 821.86 1276.94 
651.329 828.637 1278.82 
650.859 828.569 1279.04 
650.139 828.022 1280.79 
650.329 821.186 1279.16 
650.138 821.339 1278.7 
650.216 828.329 1279.81 
650.1 828.177 1280.3 
650.1 821.496 1278.21 
651.583 820.901 1279.97 
651.086 827.668 1281.92 
651.584 827.623 1282.07 
651.085 820.953 1279.83 
650.654 821.052 1279.55 
650.655 827.756 1281.64 
653.035 827.756 1281.64 
653.035 821.052 1279.55 
652.604 827.669 1281.92 
652.106 827.623 1282.07 
652.604 820.953 1279.83 
652.105 820.901 1279.97 
653.551 828.023 1280.79 
653.59 821.495 1278.21 
653.551 821.338 1278.71 
653.36 821.185 1279.17 
653.36 827.878 1281.25 
653.474 828.329 1279.81 
653.474 821.642 1277.72 
653.59 828.178 1280.29 
653.213 821.766 1277.29 
653.213 828.464 1279.38 
652.83 828.57 1279.04 
652.831 821.859 1276.94 
652.36 828.637 1278.82 
652.361 821.918 1276.73 
650.33 827.878 1281.26 
651.33 768.422 1297.64 
651.845 768.488 1297.69 
651.845 764.413 1303.43 
650.216 767.561 1297.07 
650.477 767.936 1297.33 
650.476 763.876 1303.05 
650.86 768.232 1297.52 
651.329 764.35 1303.39 
650.859 764.165 1303.26 
650.139 762.668 1302.19 
650.329 766.328 1296.19 
650.138 766.72 1296.48 
650.216 763.507 1302.79 
650.1 763.092 1302.49 
650.1 767.143 1296.79 
651.583 765.648 1295.67 
651.086 761.7 1301.51 
651.584 761.574 1301.42 
651.085 765.77 1295.77 
650.654 766.003 1295.95 
650.655 761.939 1301.68 
653.035 761.94 1301.68 
653.035 766.002 1295.95 
652.604 761.7 1301.51 
652.106 761.574 1301.42 
652.604 765.769 1295.77 
652.105 765.648 1295.67 
653.551 762.669 1302.19 
653.59 767.141 1296.78 
653.551 766.718 1296.48 
653.36 766.327 1296.19 
653.36 762.272 1301.91 
653.474 763.507 1302.79 
653.474 767.56 1297.07 
653.59 763.093 1302.49 
653.213 767.934 1297.33 
653.213 763.876 1303.05 
652.83 764.166 1303.26 
652.831 768.231 1297.52 
652.36 764.35 1303.39 
652.361 768.422 1297.64 
650.33 762.272 1301.91 
651.33 754.509 1280.68 
651.845 754.537 1280.75 
651.845 747.864 1283.01 
650.216 754.146 1279.71 
650.477 754.301 1280.14 
650.476 747.653 1282.38 
650.86 754.427 1280.47 
651.329 747.839 1282.93 
650.859 747.766 1282.72 
650.139 747.179 1280.98 
650.329 753.667 1278.28 
650.138 753.814 1278.74 
650.216 747.508 1281.95 
650.1 747.346 1281.47 
650.1 753.979 1279.23 
651.583 753.423 1277.46 
651.086 746.8 1279.85 
651.584 746.75 1279.71 
651.085 753.465 1277.6 
650.654 753.548 1277.89 
650.655 746.894 1280.13 
653.035 746.894 1280.13 
653.035 753.548 1277.89 
652.604 746.8 1279.85 
652.106 746.75 1279.71 
652.604 753.465 1277.6 
652.105 753.422 1277.46 
653.551 747.18 1280.98 
653.59 753.978 1279.23 
653.551 753.813 1278.74 
653.36 753.666 1278.27 
653.36 747.024 1280.52 
653.474 747.509 1281.95 
653.474 754.146 1279.71 
653.59 747.346 1281.47 
653.213 754.301 1280.14 
653.213 747.653 1282.38 
652.83 747.767 1282.72 
652.831 754.426 1280.47 
652.36 747.839 1282.93 
652.361 754.508 1280.68 
650.33 747.024 1280.52 
651.33 753.223 1258.78 
651.845 753.204 1258.85 
651.845 746.481 1256.75 
650.216 753.499 1257.78 
650.477 753.375 1258.22 
650.476 746.677 1256.12 
650.86 753.281 1258.56 
651.329 746.504 1256.68 
650.859 746.572 1256.46 
650.139 747.119 1254.71 
650.329 753.955 1256.34 
650.138 753.802 1256.8 
650.216 746.812 1255.69 
650.1 746.964 1255.21 
650.1 753.645 1257.3 
651.583 754.24 1255.53 
651.086 747.473 1253.58 
651.584 747.518 1253.43 
651.085 754.188 1255.68 
650.654 754.089 1255.95 
650.655 747.385 1253.86 
653.035 747.385 1253.86 
653.035 754.089 1255.95 
652.604 747.472 1253.58 
652.106 747.518 1253.43 
652.604 754.188 1255.67 
652.105 754.24 1255.53 
653.551 747.118 1254.71 
653.59 753.646 1257.29 
653.551 753.803 1256.8 
653.36 753.956 1256.34 
653.36 747.263 1254.25 
653.474 746.812 1255.69 
653.474 753.499 1257.78 
653.59 746.963 1255.21 
653.213 753.375 1258.22 
653.213 746.677 1256.12 
652.83 746.571 1256.46 
652.831 753.281 1258.56 
652.36 746.504 1256.68 
652.361 753.224 1258.78 
650.33 747.263 1254.25 
651.33 765.058 1240.3 
651.845 764.998 1240.35 
651.845 760.793 1234.7 
650.216 765.866 1239.66 
650.477 765.51 1239.94 
650.476 761.322 1234.31 
650.86 765.233 1240.16 
651.329 760.855 1234.66 
650.859 761.037 1234.52 
650.139 762.51 1233.42 
650.329 767.083 1238.76 
650.138 766.689 1239.04 
650.216 761.684 1234.04 
650.1 762.092 1233.73 
650.1 766.27 1239.35 
651.583 767.789 1238.27 
651.086 763.462 1232.72 
651.584 763.585 1232.62 
651.085 767.661 1238.36 
650.654 767.418 1238.53 
650.655 763.226 1232.89 
653.035 763.226 1232.89 
653.035 767.419 1238.53 
652.604 763.461 1232.72 
652.106 763.585 1232.62 
652.604 767.662 1238.36 
652.105 767.789 1238.27 
653.551 762.509 1233.42 
653.59 766.272 1239.35 
653.551 766.69 1239.04 
653.36 767.085 1238.76 
653.36 762.898 1233.13 
653.474 761.684 1234.04 
653.474 765.867 1239.66 
653.59 762.091 1233.74 
653.213 765.511 1239.94 
653.213 761.321 1234.31 
652.83 761.037 1234.52 
652.831 765.234 1240.16 
652.36 760.855 1234.66 
652.361 765.058 1240.3 
650.33 762.899 1233.13 
651.33 785.491 1232.31 
651.845 785.414 1232.32 
651.845 785.333 1225.27 
650.216 786.523 1232.27 
650.477 786.071 1232.28 
650.476 785.992 1225.27 
650.86 785.717 1232.3 
651.329 785.411 1225.27 
650.859 785.637 1225.27 
650.139 787.473 1225.25 
650.329 788.037 1232.25 
650.138 787.551 1232.25 
650.216 786.444 1225.26 
650.1 786.952 1225.26 
650.1 787.031 1232.26 
651.583 788.894 1232.28 
651.086 788.659 1225.24 
651.584 788.813 1225.23 
651.085 788.74 1232.27 
650.654 788.445 1232.26 
650.655 788.366 1225.24 
653.035 788.365 1225.24 
653.035 788.446 1232.26 
652.604 788.659 1225.24 
652.106 788.813 1225.23 
652.604 788.74 1232.27 
652.105 788.894 1232.28 
653.551 787.472 1225.25 
653.59 787.033 1232.26 
653.551 787.553 1232.25 
653.36 788.039 1232.25 
653.36 787.957 1225.24 
653.474 786.443 1225.26 
653.474 786.524 1232.27 
653.59 786.952 1225.26 
653.213 786.073 1232.28 
653.213 785.991 1225.27 
652.83 785.637 1225.27 
652.831 785.718 1232.3 
652.36 785.411 1225.27 
652.361 785.492 1232.31 
650.33 787.958 1225.24 
647.845 769.57 1266 
643.345 769.309 1266.02 
647.845 769.03 1266.09 
643.345 768.811 1266.17 
647.845 768.542 1266.34 
647.845 768.155 1266.72 
643.345 768.38 1266.47 
643.345 768.055 1266.88 
647.845 767.906 1267.21 
643.345 767.864 1267.36 
647.845 767.821 1267.75 
647.845 767.906 1268.29 
643.345 767.826 1267.88 
643.345 767.942 1268.39 
647.845 768.154 1268.78 
643.345 768.203 1268.84 
647.845 768.542 1269.17 
647.845 769.029 1269.42 
643.345 768.585 1269.2 
643.345 769.055 1269.42 
647.845 769.57 1269.5 
643.345 769.57 1269.5 
643.345 769.831 1266.02 
643.345 770.33 1266.17 
647.845 770.112 1266.09 
647.845 770.599 1266.34 
643.345 770.761 1266.47 
647.845 770.986 1266.72 
643.345 771.086 1266.88 
643.345 771.276 1267.36 
647.845 771.235 1267.21 
647.845 771.32 1267.75 
643.345 771.316 1267.88 
647.845 771.235 1268.29 
643.345 771.2 1268.39 
643.345 770.939 1268.84 
647.845 770.986 1268.78 
647.845 770.599 1269.17 
643.345 770.557 1269.2 
647.845 770.111 1269.42 
643.345 770.087 1269.42 
647.845 787.57 1284 
643.345 787.309 1284.02 
647.845 787.03 1284.09 
643.345 786.811 1284.17 
647.845 786.542 1284.34 
647.845 786.155 1284.72 
643.345 786.38 1284.47 
643.345 786.055 1284.88 
647.845 785.906 1285.21 
643.345 785.864 1285.36 
647.845 785.821 1285.75 
647.845 785.906 1286.29 
643.345 785.826 1285.88 
643.345 785.942 1286.39 
647.845 786.154 1286.78 
643.345 786.203 1286.84 
647.845 786.542 1287.17 
647.845 787.029 1287.42 
643.345 786.585 1287.2 
643.345 787.055 1287.42 
647.845 787.57 1287.5 
643.345 787.57 1287.5 
643.345 787.831 1284.02 
643.345 788.33 1284.17 
647.845 788.112 1284.09 
647.845 788.599 1284.34 
643.345 788.761 1284.47 
647.845 788.986 1284.72 
643.345 789.086 1284.88 
643.345 789.276 1285.36 
647.845 789.235 1285.21 
647.845 789.32 1285.75 
643.345 789.316 1285.88 
647.845 789.235 1286.29 
643.345 789.2 1286.39 
643.345 788.939 1286.84 
647.845 788.986 1286.78 
647.845 788.599 1287.17 
643.345 788.557 1287.2 
647.845 788.111 1287.42 
643.345 788.087 1287.42 
647.845 787.57 1248 
643.345 787.309 1248.02 
647.845 787.03 1248.09 
643.345 786.811 1248.17 
647.845 786.542 1248.34 
647.845 786.155 1248.72 
643.345 786.38 1248.47 
643.345 786.055 1248.88 
647.845 785.906 1249.21 
643.345 785.864 1249.36 
647.845 785.821 1249.75 
647.845 785.906 1250.29 
643.345 785.826 1249.88 
643.345 785.942 1250.39 
647.845 786.154 1250.78 
643.345 786.203 1250.84 
647.845 786.542 1251.17 
647.845 787.029 1251.42 
643.345 786.585 1251.2 
643.345 787.055 1251.42 
647.845 787.57 1251.5 
643.345 787.57 1251.5 
643.345 787.831 1248.02 
643.345 788.33 1248.17 
647.845 788.112 1248.09 
647.845 788.599 1248.34 
643.345 788.761 1248.47 
647.845 788.986 1248.72 
643.345 789.086 1248.88 
643.345 789.276 1249.36 
647.845 789.235 1249.21 
647.845 789.32 1249.75 
643.345 789.316 1249.88 
647.845 789.235 1250.29 
643.345 789.2 1250.39 
643.345 788.939 1250.84 
647.845 788.986 1250.78 
647.845 788.599 1251.17 
643.345 788.557 1251.2 
647.845 788.111 1251.42 
643.345 788.087 1251.42 
647.845 805.57 1266 
643.345 805.309 1266.02 
647.845 805.03 1266.09 
643.345 804.811 1266.17 
647.845 804.542 1266.34 
647.845 804.155 1266.72 
643.345 804.38 1266.47 
643.345 804.055 1266.88 
647.845 803.906 1267.21 
643.345 803.864 1267.36 
647.845 803.821 1267.75 
647.845 803.906 1268.29 
643.345 803.826 1267.88 
643.345 803.942 1268.39 
647.845 804.154 1268.78 
643.345 804.203 1268.84 
647.845 804.542 1269.17 
647.845 805.029 1269.42 
643.345 804.585 1269.2 
643.345 805.055 1269.42 
647.845 805.57 1269.5 
643.345 805.57 1269.5 
643.345 805.831 1266.02 
643.345 806.33 1266.17 
647.845 806.112 1266.09 
647.845 806.599 1266.34 
643.345 806.761 1266.47 
647.845 806.986 1266.72 
643.345 807.086 1266.88 
643.345 807.276 1267.36 
647.845 807.235 1267.21 
647.845 807.32 1267.75 
643.345 807.316 1267.88 
647.845 807.235 1268.29 
643.345 807.2 1268.39 
643.345 806.939 1268.84 
647.845 806.986 1268.78 
647.845 806.599 1269.17 
643.345 806.557 1269.2 
647.845 806.111 1269.42 
643.345 806.087 1269.42 
643.345 778.579 1268.13 
647.845 778.601 1268.49 
647.845 778.601 1267.01 
643.345 788.333 1258.78 
643.345 786.807 1258.78 
647.845 787.57 1258.75 
647.845 778.846 1269.96 
643.345 778.773 1269.65 
643.345 779.22 1271.11 
647.845 779.328 1271.37 
643.345 779.908 1272.47 
647.845 780.035 1272.67 
647.845 780.948 1273.85 
643.345 780.816 1273.7 
643.345 781.918 1274.75 
647.845 782.041 1274.85 
643.345 783.183 1275.61 
647.845 783.285 1275.67 
647.845 784.647 1276.26 
643.345 784.573 1276.24 
643.345 786.05 1276.62 
647.845 786.088 1276.63 
643.345 787.57 1276.75 
647.845 787.57 1276.75 
643.345 778.643 1266.61 
647.845 778.846 1265.54 
643.345 778.965 1265.12 
647.845 779.329 1264.13 
643.345 779.534 1263.7 
643.345 780.333 1262.4 
647.845 780.037 1262.83 
647.845 780.95 1261.65 
643.345 781.342 1261.26 
647.845 782.044 1260.65 
643.345 782.529 1260.3 
643.345 783.862 1259.55 
647.845 783.288 1259.84 
647.845 784.649 1259.24 
643.345 785.301 1259.04 
647.845 786.09 1258.87 
643.345 792.609 1260.29 
643.345 791.276 1259.55 
647.845 791.856 1259.84 
643.345 789.837 1259.04 
647.845 789.053 1258.87 
647.845 790.494 1259.24 
647.845 795.106 1262.83 
643.345 795.606 1263.7 
643.345 794.805 1262.4 
647.845 793.1 1260.65 
647.845 794.193 1261.66 
643.345 793.796 1261.25 
643.345 796.497 1266.61 
647.845 796.54 1267.01 
643.345 796.562 1268.13 
643.345 796.175 1265.11 
647.845 795.813 1264.14 
647.845 796.295 1265.54 
643.345 795.235 1272.47 
643.345 795.922 1271.11 
647.845 795.812 1271.37 
647.845 796.295 1269.96 
643.345 796.369 1269.65 
647.845 796.54 1268.49 
647.845 793.097 1274.85 
643.345 793.226 1274.75 
647.845 794.191 1273.85 
647.845 795.104 1272.68 
643.345 794.328 1273.7 
643.345 791.961 1275.61 
647.845 791.853 1275.67 
647.845 790.492 1276.26 
643.345 790.57 1276.24 
647.845 789.051 1276.63 
643.345 789.092 1276.62 
643.345 822.076 1357.71 
657.345 822.076 1357.71 
657.345 826.09 1360.17 
643.345 826.09 1360.17 
657.345 830.439 1361.97 
643.345 818.496 1354.65 
657.345 818.496 1354.65 
643.345 830.439 1361.97 
657.345 835.016 1363.07 
643.345 835.016 1363.07 
657.345 839.709 1363.44 
643.345 839.709 1363.44 
657.345 830.257 1299.58 
657.345 828.468 1298.05 
643.345 828.468 1298.05 
657.345 836.728 1302.26 
657.345 834.439 1301.71 
643.345 834.439 1301.71 
657.345 832.264 1300.81 
643.345 830.257 1299.58 
643.345 832.264 1300.81 
657.345 839.074 1302.44 
643.345 836.728 1302.26 
643.345 839.074 1302.44 
643.345 774.847 1311 
643.345 773.561 1309.92 
657.345 773.561 1309.92 
657.345 774.847 1311 
643.345 743.506 1266.69 
657.345 743.401 1268.26 
643.345 743.401 1268.26 
643.345 743.855 1265.16 
657.345 743.506 1266.69 
657.345 743.855 1265.16 
657.345 743.542 1269.82 
643.345 743.542 1269.82 
657.345 743.926 1271.34 
643.345 743.926 1271.34 
643.345 751.299 1292.8 
657.345 752.135 1294.12 
643.345 752.135 1294.12 
643.345 750.682 1291.35 
657.345 751.299 1292.8 
657.345 750.682 1291.35 
657.345 753.167 1295.31 
643.345 753.167 1295.31 
657.345 754.372 1296.31 
643.345 754.372 1296.31 
643.345 752.544 1240.99 
657.345 751.539 1242.2 
643.345 751.539 1242.2 
643.345 753.725 1239.96 
657.345 752.544 1240.99 
657.345 753.725 1239.96 
657.345 750.734 1243.55 
643.345 750.734 1243.55 
657.345 750.15 1245 
643.345 750.15 1245 
643.345 774.961 1225.52 
657.345 773.439 1225.9 
643.345 773.439 1225.9 
643.345 776.524 1225.38 
657.345 774.961 1225.52 
657.345 776.524 1225.38 
657.345 771.997 1226.52 
643.345 771.997 1226.52 
657.345 770.668 1227.35 
643.345 770.668 1227.35 
643.345 802.194 1226.17 
657.345 800.738 1225.59 
643.345 800.738 1225.59 
643.345 803.541 1226.98 
657.345 802.194 1226.17 
657.345 803.541 1226.98 
657.345 799.208 1225.24 
643.345 799.208 1225.24 
657.345 797.642 1225.13 
643.345 797.642 1225.13 
643.345 823.842 1242.71 
657.345 823.007 1241.38 
643.345 823.007 1241.38 
643.345 824.459 1244.15 
657.345 823.842 1242.71 
657.345 824.459 1244.15 
657.345 821.974 1240.2 
643.345 821.974 1240.2 
657.345 820.769 1239.19 
643.345 820.769 1239.19 
643.345 831.635 1268.81 
657.345 831.74 1267.24 
643.345 831.74 1267.24 
643.345 831.286 1270.34 
657.345 831.635 1268.81 
657.345 831.286 1270.34 
657.345 831.599 1265.68 
643.345 831.599 1265.68 
657.345 831.215 1264.16 
643.345 831.215 1264.16 
657.345 825.479 1289.34 
657.345 825.825 1287.83 
643.345 825.825 1287.83 
657.345 825.875 1293.94 
657.345 825.505 1292.44 
643.345 825.505 1292.44 
657.345 825.371 1290.89 
643.345 825.479 1289.34 
643.345 825.371 1290.89 
643.345 827.291 1296.7 
657.345 827.291 1296.7 
643.345 826.475 1295.38 
643.345 825.875 1293.94 
657.345 826.475 1295.38 
657.345 828.299 1297.88 
643.345 828.299 1297.88 
</float_array>
				<technique_common>
					<accessor source="#A_Joint_4_Hub_V5-1-solid112-mesh-positions-array" count="2866" stride="3">
						<param name="X" type="float"/>
						<param name="Y" type="float"/>
						<param name="Z" type="float"/>
					</accessor>
				</technique_common>
			</source>
			<source id="A_Joint_4_Hub_V5-1-solid112-mesh-normals">
				<float_array id="A_Joint_4_Hub_V5-1-solid112-mesh-normals-array" count="8598">
1 6.16791e-16 0 
1 6.16791e-16 0 
1 6.16791e-16 0 
1 6.16791e-16 0 
1 6.16791e-16 0 
1 6.16791e-16 0 
1 6.16791e-16 0 
1 6.16791e-16 0 
1 6.16791e-16 0 
1 6.16791e-16 0 
1 6.16791e-16 0 
1 6.16791e-16 0 
1 6.16791e-16 0 
1 6.16791e-16 0 
1 6.16791e-16 0 
1 6.16791e-16 0 
1 6.16791e-16 0 
1 6.16791e-16 0 
1 6.16791e-16 0 
1 6.16791e-16 0 
1 6.16791e-16 0 
1 6.16791e-16 0 
1 6.16791e-16 0 
1 6.16791e-16 0 
1 6.16791e-16 0 
1 6.16791e-16 0 
1 6.16791e-16 0 
1 6.16791e-16 0 
1 6.16791e-16 0 
1 6.16791e-16 0 
1 6.16791e-16 0 
1 6.16791e-16 0 
1 6.16791e-16 0 
1 6.16791e-16 0 
1 6.16791e-16 0 
1 6.16791e-16 0 
1 6.16791e-16 0 
1 6.16791e-16 0 
1 6.16791e-16 0 
1 6.16791e-16 0 
1 6.16791e-16 0 
1 6.16791e-16 0 
1 6.16791e-16 0 
1 6.16791e-16 0 
1 6.16791e-16 0 
1 6.16791e-16 0 
1 6.16791e-16 0 
1 6.16791e-16 0 
1 6.16791e-16 0 
1 6.16791e-16 0 
1 6.16791e-16 0 
1 6.16791e-16 0 
1 6.16791e-16 0 
1 6.16791e-16 0 
1 6.16791e-16 0 
1 6.16791e-16 0 
1 6.16791e-16 0 
1 6.16791e-16 0 
1 6.16791e-16 0 
1 6.16791e-16 0 
1 6.16791e-16 0 
1 6.16791e-16 0 
1 6.16791e-16 0 
1 6.16791e-16 0 
1 6.16791e-16 0 
1 6.16791e-16 0 
1 6.16791e-16 0 
1 6.16791e-16 0 
1 6.16791e-16 0 
1 6.16791e-16 0 
1 6.16791e-16 0 
1 6.16791e-16 0 
1 6.16791e-16 0 
1 6.16791e-16 0 
1 6.16791e-16 0 
1 6.16791e-16 0 
1 6.16791e-16 0 
1 6.16791e-16 0 
1 6.16791e-16 0 
1 6.16791e-16 0 
1 6.16791e-16 0 
1 6.16791e-16 0 
1 6.16791e-16 0 
1 6.16791e-16 0 
1 6.16791e-16 0 
1 6.16791e-16 0 
1 6.16791e-16 0 
1 6.16791e-16 0 
1 6.16791e-16 0 
1 6.16791e-16 0 
1 6.16791e-16 0 
1 6.16791e-16 0 
1 6.16791e-16 0 
1 6.16791e-16 0 
1 6.16791e-16 0 
1 6.16791e-16 0 
1 6.16791e-16 0 
1 6.16791e-16 0 
1 6.16791e-16 0 
1 6.16791e-16 0 
1 6.16791e-16 0 
1 6.16791e-16 0 
1 6.16791e-16 0 
1 6.16791e-16 0 
1 6.16791e-16 0 
1 6.16791e-16 0 
1 6.16791e-16 0 
1 6.16791e-16 0 
1 6.16791e-16 0 
1 6.16791e-16 0 
1 6.16791e-16 0 
1 6.16791e-16 0 
1 6.16791e-16 0 
1 6.16791e-16 0 
1 6.16791e-16 0 
1 6.16791e-16 0 
1 6.16791e-16 0 
1 6.16791e-16 0 
1 6.16791e-16 0 
1 6.16791e-16 0 
1 6.16791e-16 0 
1 6.16791e-16 0 
1 6.16791e-16 0 
1 6.16791e-16 0 
1 6.16791e-16 0 
1 6.16791e-16 0 
1 6.16791e-16 0 
1 6.16791e-16 0 
1 6.16791e-16 0 
1 6.16791e-16 0 
1 6.16791e-16 0 
1 6.16791e-16 0 
1 6.16791e-16 0 
1 6.16791e-16 0 
1 6.16791e-16 0 
1 6.16791e-16 0 
1 6.16791e-16 0 
1 6.16791e-16 0 
1 6.16791e-16 0 
1 6.16791e-16 0 
1 6.16791e-16 0 
1 6.16791e-16 0 
1 6.16791e-16 0 
1 6.16791e-16 0 
1 6.16791e-16 0 
1 6.16791e-16 0 
1 6.16791e-16 0 
1 6.16791e-16 0 
1 6.16791e-16 0 
1 6.16791e-16 0 
1 6.16791e-16 0 
1 6.16791e-16 0 
1 6.16791e-16 0 
1 6.16791e-16 0 
1 6.16791e-16 0 
1 6.16791e-16 0 
-1 -6.16791e-16 -0 
-1 -6.16791e-16 -0 
-1 -6.16791e-16 -0 
-1 -6.16791e-16 -0 
-1 -6.16791e-16 -0 
-1 -6.16791e-16 -0 
-1 -6.16791e-16 -0 
-1 -6.16791e-16 -0 
-1 -6.16791e-16 -0 
-1 -6.16791e-16 -0 
-1 -6.16791e-16 -0 
-1 -6.16791e-16 -0 
-1 -6.16791e-16 -0 
-1 -6.16791e-16 -0 
-1 -6.16791e-16 -0 
-1 -6.16791e-16 -0 
-1 -6.16791e-16 -0 
-1 -6.16791e-16 -0 
-1 -6.16791e-16 -0 
-1 -6.16791e-16 -0 
-1 -6.16791e-16 -0 
-1 -6.16791e-16 -0 
-1 -6.16791e-16 -0 
-1 -6.16791e-16 -0 
-1 -6.16791e-16 -0 
-1 -6.16791e-16 -0 
-1 -6.16791e-16 -0 
-1 -6.16791e-16 -0 
-1 -6.16791e-16 -0 
-1 -6.16791e-16 -0 
-1 -6.16791e-16 -0 
-1 -6.16791e-16 -0 
-1 -6.16791e-16 -0 
-1 -6.16791e-16 -0 
-1 -6.16791e-16 -0 
-1 -6.16791e-16 -0 
-1 -6.16791e-16 -0 
-1 -6.16791e-16 -0 
-1 -6.16791e-16 -0 
-1 -6.16791e-16 -0 
-1 -6.16791e-16 -0 
-1 -6.16791e-16 -0 
-1 -6.16791e-16 -0 
-1 -6.16791e-16 -0 
-1 -6.16791e-16 -0 
-1 -6.16791e-16 -0 
-1 -6.16791e-16 -0 
-1 -6.16791e-16 -0 
-1 -6.16791e-16 -0 
-1 -6.16791e-16 -0 
-1 -6.16791e-16 -0 
-1 -6.16791e-16 -0 
-1 -6.16791e-16 -0 
-1 -6.16791e-16 -0 
-1 -6.16791e-16 -0 
-1 -6.16791e-16 -0 
-1 -6.16791e-16 -0 
-1 -6.16791e-16 -0 
-1 -6.16791e-16 -0 
-1 -6.16791e-16 -0 
-1 -6.16791e-16 -0 
-1 -6.16791e-16 -0 
-1 -6.16791e-16 -0 
-1 -6.16791e-16 -0 
-1 -6.16791e-16 -0 
-1 -6.16791e-16 -0 
-1 -6.16791e-16 -0 
-1 -6.16791e-16 -0 
-1 -6.16791e-16 -0 
-1 -6.16791e-16 -0 
-1 -6.16791e-16 -0 
-1 -6.16791e-16 -0 
-1 -6.16791e-16 -0 
-1 -6.16791e-16 -0 
-1 -6.16791e-16 -0 
-1 -6.16791e-16 -0 
-1 -6.16791e-16 -0 
-1 -6.16791e-16 -0 
-1 -6.16791e-16 -0 
-1 -6.16791e-16 -0 
-1 -6.16791e-16 -0 
-1 -6.16791e-16 -0 
-1 -6.16791e-16 -0 
-1 -6.16791e-16 -0 
-1 -6.16791e-16 -0 
-1 -6.16791e-16 -0 
-1 -6.16791e-16 -0 
-1 -6.16791e-16 -0 
-1 -6.16791e-16 -0 
-1 -6.16791e-16 -0 
-1 -6.16791e-16 -0 
-1 -6.16791e-16 -0 
-1 -6.16791e-16 -0 
-1 -6.16791e-16 -0 
-1 -6.16791e-16 -0 
-1 -6.16791e-16 -0 
-1 -6.16791e-16 -0 
-1 -6.16791e-16 -0 
-1 -6.16791e-16 -0 
-1 -6.16791e-16 -0 
-1 -6.16791e-16 -0 
-1 -6.16791e-16 -0 
-1 -6.16791e-16 -0 
-1 -6.16791e-16 -0 
-1 -6.16791e-16 -0 
-1 -6.16791e-16 -0 
-1 -6.16791e-16 -0 
-1 -6.16791e-16 -0 
-1 -6.16791e-16 -0 
-1 -6.16791e-16 -0 
-1 -6.16791e-16 -0 
-1 -6.16791e-16 -0 
-1 -6.16791e-16 -0 
-1 -6.16791e-16 -0 
-1 -6.16791e-16 -0 
-1 -6.16791e-16 -0 
-1 -6.16791e-16 -0 
-1 -6.16791e-16 -0 
-1 -6.16791e-16 -0 
-1 -6.16791e-16 -0 
-1 -6.16791e-16 -0 
-1 -6.16791e-16 -0 
-1 -6.16791e-16 -0 
-1 -6.16791e-16 -0 
-1 -6.16791e-16 -0 
-1 -6.16791e-16 -0 
-1 -6.16791e-16 -0 
-1 -6.16791e-16 -0 
-1 -6.16791e-16 -0 
-1 -6.16791e-16 -0 
-1 -6.16791e-16 -0 
-1 -6.16791e-16 -0 
-1 -6.16791e-16 -0 
-1 -6.16791e-16 -0 
-1 -6.16791e-16 -0 
-1 -6.16791e-16 -0 
-1 -6.16791e-16 -0 
-1 -6.16791e-16 -0 
-1 -6.16791e-16 -0 
-1 -6.16791e-16 -0 
-1 -6.16791e-16 -0 
-1 -6.16791e-16 -0 
-1 -6.16791e-16 -0 
-1 -6.16791e-16 -0 
-1 -6.16791e-16 -0 
-1 -6.16791e-16 -0 
-1 -6.16791e-16 -0 
-1 -6.16791e-16 -0 
-1 -6.16791e-16 -0 
-1 -6.16791e-16 -0 
-1 -6.16791e-16 -0 
-1 -6.16791e-16 -0 
-1 -6.16791e-16 -0 
-1 -6.16791e-16 -0 
-1 -6.16791e-16 -0 
-1 -6.16791e-16 -0 
-1 -6.16791e-16 -0 
-1 -6.16791e-16 -0 
-1 -6.16791e-16 -0 
-1 -6.16791e-16 -0 
-1 -6.16791e-16 -0 
-1 -6.16791e-16 -0 
-1 -6.16791e-16 -0 
-1 -6.16791e-16 -0 
-1 -6.16791e-16 -0 
-1 -6.16791e-16 -0 
-1 -6.16791e-16 -0 
-1 -6.16791e-16 -0 
-1 -6.16791e-16 -0 
-1 -6.16791e-16 -0 
-1 -6.16791e-16 -0 
-1 -6.16791e-16 -0 
-1 -6.16791e-16 -0 
-1 -6.16791e-16 -0 
-1 -6.16791e-16 -0 
-1 -6.16791e-16 -0 
-1 -6.16791e-16 -0 
-1 -6.16791e-16 -0 
-1 -6.16791e-16 -0 
-1 -6.16791e-16 -0 
-1 -6.16791e-16 -0 
-1 -6.16791e-16 -0 
-1 -6.16791e-16 -0 
-1 -6.16791e-16 -0 
-1 -6.16791e-16 -0 
-1 -6.16791e-16 -0 
-1 -6.16791e-16 -0 
-1 -6.16791e-16 -0 
-1 -6.16791e-16 -0 
-1 -6.16791e-16 -0 
-1 -6.16791e-16 -0 
-1 -6.16791e-16 -0 
-1 -6.16791e-16 -0 
-1 -6.16791e-16 -0 
-1 -6.16791e-16 -0 
-1 -6.16791e-16 -0 
-1 -6.16791e-16 -0 
-1 -6.16791e-16 -0 
-1 -6.16791e-16 -0 
-1 -6.16791e-16 -0 
-1 -6.16791e-16 -0 
-1 -6.16791e-16 -0 
-1 -6.16791e-16 -0 
-1 -6.16791e-16 -0 
-1 -6.16791e-16 -0 
-1 -6.16791e-16 -0 
-1 -6.16791e-16 -0 
-1 -6.16791e-16 -0 
-1 -6.16791e-16 -0 
-1 -6.16791e-16 -0 
-1 -6.16791e-16 -0 
-1 -6.16791e-16 -0 
-1 -6.16791e-16 -0 
-1 -6.16791e-16 -0 
-1 -6.16791e-16 -0 
-1 -6.16791e-16 -0 
-1 -6.16791e-16 -0 
-1 -6.16791e-16 -0 
-1 -6.16791e-16 -0 
-1 -6.16791e-16 -0 
-1 -6.16791e-16 -0 
-1 -6.16791e-16 -0 
-1 -6.16791e-16 -0 
-1 -6.16791e-16 -0 
-1 -6.16791e-16 -0 
-1 -6.16791e-16 -0 
-1 -6.16791e-16 -0 
-1 -6.16791e-16 -0 
-1 -6.16791e-16 -0 
-1 -6.16791e-16 -0 
-1 -6.16791e-16 -0 
-1 -6.16791e-16 -0 
-1 -6.16791e-16 -0 
-1 -6.16791e-16 -0 
-1 -6.16791e-16 -0 
-1 -6.16791e-16 -0 
-1 -6.16791e-16 -0 
-1 -6.16791e-16 -0 
-1 -6.16791e-16 -0 
-1 -6.16791e-16 -0 
-1 -6.16791e-16 -0 
-1 -6.16791e-16 -0 
-1 -6.16791e-16 -0 
-1 -6.16791e-16 -0 
-1 -6.16791e-16 -0 
-1 -6.16791e-16 -0 
-1 -6.16791e-16 -0 
-1 -6.16791e-16 -0 
-1 -6.16791e-16 -0 
-1 -6.16791e-16 -0 
-1 -6.16791e-16 -0 
-1 -6.16791e-16 -0 
-1 -6.16791e-16 -0 
-1 -6.16791e-16 -0 
-1 -6.16791e-16 -0 
-1 -6.16791e-16 -0 
-1 -6.16791e-16 -0 
-1 -6.16791e-16 -0 
-1 -6.16791e-16 -0 
-1 -6.16791e-16 -0 
-1 -6.16791e-16 -0 
-1 -6.16791e-16 -0 
-1 -6.16791e-16 -0 
-1 -6.16791e-16 -0 
-1 -6.16791e-16 -0 
-1 -6.16791e-16 -0 
-1 -6.16791e-16 -0 
-1 -6.16791e-16 -0 
-1 -6.16791e-16 -0 
-1 -6.16791e-16 -0 
-1 -6.16791e-16 -0 
-1 -6.16791e-16 -0 
-1 -6.16791e-16 -0 
-1 -6.16791e-16 -0 
-1 -6.16791e-16 -0 
-1 -6.16791e-16 -0 
-1 -6.16791e-16 -0 
-1 -6.16791e-16 -0 
-1 -6.16791e-16 -0 
-1 -6.16791e-16 -0 
-1 -6.16791e-16 -0 
-1 -6.16791e-16 -0 
-1 -6.16791e-16 -0 
-1 -6.16791e-16 -0 
-1 -6.16791e-16 -0 
-1 -6.16791e-16 -0 
-1 -6.16791e-16 -0 
-1 -6.16791e-16 -0 
-1 -6.16791e-16 -0 
-1 -6.16791e-16 -0 
-1 -6.16791e-16 -0 
-1 -6.16791e-16 -0 
-1 -6.16791e-16 -0 
-1 -6.16791e-16 -0 
-1 -6.16791e-16 -0 
-1 -6.16791e-16 -0 
-1 -6.16791e-16 -0 
-1 -6.16791e-16 -0 
-1 -6.16791e-16 -0 
-1 -6.16791e-16 -0 
-1 -6.16791e-16 -0 
-1 -6.16791e-16 -0 
-1 -6.16791e-16 -0 
-1 -6.16791e-16 -0 
-1 -6.16791e-16 -0 
-1 -6.16791e-16 -0 
-1 -6.16791e-16 -0 
-1 -6.16791e-16 -0 
-1 -6.16791e-16 -0 
-1 -6.16791e-16 -0 
-1 -6.16791e-16 -0 
-1 -6.16791e-16 -0 
-1 -6.16791e-16 -0 
-1 -6.16791e-16 -0 
-1 -6.16791e-16 -0 
-1 -6.16791e-16 -0 
-1 -6.16791e-16 -0 
-1 -6.16791e-16 -0 
-1 -6.16791e-16 -0 
-1 -6.16791e-16 -0 
-1 -6.16791e-16 -0 
-1 -6.16791e-16 -0 
-1 -6.16791e-16 -0 
-1 -6.16791e-16 -0 
-1 -6.16791e-16 -0 
-1 -6.16791e-16 -0 
-1 -6.16791e-16 -0 
-1 -6.16791e-16 -0 
-1 -6.16791e-16 -0 
-1 -6.16791e-16 -0 
-1 -6.16791e-16 -0 
-1 -6.16791e-16 -0 
-1 -6.16791e-16 -0 
-1 -6.16791e-16 -0 
-1 -6.16791e-16 -0 
-1 -6.16791e-16 -0 
-1 -6.16791e-16 -0 
-1 -6.16791e-16 -0 
-1 -6.16791e-16 -0 
-1 -6.16791e-16 -0 
1 6.16791e-16 0 
1 6.16791e-16 0 
1 6.16791e-16 0 
1 6.16791e-16 0 
1 6.16791e-16 0 
1 6.16791e-16 0 
1 6.16791e-16 0 
1 6.16791e-16 0 
1 6.16791e-16 0 
1 6.16791e-16 0 
1 6.16791e-16 0 
1 6.16791e-16 0 
1 6.16791e-16 0 
1 6.16791e-16 0 
1 6.16791e-16 0 
1 6.16791e-16 0 
1 6.16791e-16 0 
1 6.16791e-16 0 
1 6.16791e-16 0 
1 6.16791e-16 0 
1 6.16791e-16 0 
1 6.16791e-16 0 
1 6.16791e-16 0 
1 6.16791e-16 0 
1 6.16791e-16 0 
1 6.16791e-16 0 
1 6.16791e-16 0 
1 6.16791e-16 0 
1 6.16791e-16 0 
1 6.16791e-16 0 
1 6.16791e-16 0 
1 6.16791e-16 0 
1 6.16791e-16 0 
1 6.16791e-16 0 
1 6.16791e-16 0 
1 6.16791e-16 0 
1 6.16791e-16 0 
1 6.16791e-16 0 
1 6.16791e-16 0 
1 6.16791e-16 0 
1 6.16791e-16 0 
1 6.16791e-16 0 
1 6.16791e-16 0 
1 6.16791e-16 0 
1 6.16791e-16 0 
1 6.16791e-16 0 
1 6.16791e-16 0 
1 6.16791e-16 0 
1 6.16791e-16 0 
1 6.16791e-16 0 
1 6.16791e-16 0 
1 6.16791e-16 0 
1 6.16791e-16 0 
1 6.16791e-16 0 
1 6.16791e-16 0 
1 6.16791e-16 0 
1 6.16791e-16 0 
1 6.16791e-16 0 
1 6.16791e-16 0 
1 6.16791e-16 0 
1 6.16791e-16 0 
1 6.16791e-16 0 
1 6.16791e-16 0 
1 6.16791e-16 0 
1 6.16791e-16 0 
1 6.16791e-16 0 
1 6.16791e-16 0 
1 6.16791e-16 0 
1 6.16791e-16 0 
1 6.16791e-16 0 
1 6.16791e-16 0 
1 6.16791e-16 0 
1 6.16791e-16 0 
1 6.16791e-16 0 
1 6.16791e-16 0 
1 6.16791e-16 0 
1 6.16791e-16 0 
1 6.16791e-16 0 
1 6.16791e-16 0 
1 6.16791e-16 0 
1 6.16791e-16 0 
1 6.16791e-16 0 
1 6.16791e-16 0 
1 6.16791e-16 0 
1 6.16791e-16 0 
1 6.16791e-16 0 
1 6.16791e-16 0 
1 6.16791e-16 0 
1 6.16791e-16 0 
1 6.16791e-16 0 
1 6.16791e-16 0 
1 6.16791e-16 0 
1 6.16791e-16 0 
1 6.16791e-16 0 
1 6.16791e-16 0 
1 6.16791e-16 0 
1 6.16791e-16 0 
1 6.16791e-16 0 
1 6.16791e-16 0 
1 6.16791e-16 0 
1 6.16791e-16 0 
1 6.16791e-16 0 
1 6.16791e-16 0 
1 6.16791e-16 0 
1 6.16791e-16 0 
1 6.16791e-16 0 
1 6.16791e-16 0 
1 6.16791e-16 0 
1 6.16791e-16 0 
1 6.16791e-16 0 
1 6.16791e-16 0 
1 6.16791e-16 0 
1 6.16791e-16 0 
1 6.16791e-16 0 
1 6.16791e-16 0 
1 6.16791e-16 0 
1 6.16791e-16 0 
1 6.16791e-16 0 
1 6.16791e-16 0 
1 6.16791e-16 0 
1 6.16791e-16 0 
1 6.16791e-16 0 
1 6.16791e-16 0 
1 6.16791e-16 0 
1 6.16791e-16 0 
1 6.16791e-16 0 
1 6.16791e-16 0 
1 6.16791e-16 0 
1 6.16791e-16 0 
1 6.16791e-16 0 
1 6.16791e-16 0 
1 6.16791e-16 0 
1 6.16791e-16 0 
1 6.16791e-16 0 
1 6.16791e-16 0 
1 6.16791e-16 0 
1 6.16791e-16 0 
1 6.16791e-16 0 
1 6.16791e-16 0 
1 6.16791e-16 0 
1 6.16791e-16 0 
1 6.16791e-16 0 
1 6.16791e-16 0 
1 6.16791e-16 0 
1 6.16791e-16 0 
1 6.16791e-16 0 
1 6.16791e-16 0 
1 6.16791e-16 0 
1 6.16791e-16 0 
1 6.16791e-16 0 
1 6.16791e-16 0 
1 6.16791e-16 0 
1 6.16791e-16 0 
1 6.16791e-16 0 
1 6.16791e-16 0 
1 6.16791e-16 0 
1 6.16791e-16 0 
1 6.16791e-16 0 
1 6.16791e-16 0 
1 6.16791e-16 0 
1 6.16791e-16 0 
1 6.16791e-16 0 
1 6.16791e-16 0 
1 6.16791e-16 0 
1 6.16791e-16 0 
1 6.16791e-16 0 
1 6.16791e-16 0 
1 6.16791e-16 0 
1 6.16791e-16 0 
1 6.16791e-16 0 
1 6.16791e-16 0 
1 6.16791e-16 0 
1 6.16791e-16 0 
1 6.16791e-16 0 
1 6.16791e-16 0 
1 6.16791e-16 0 
1 6.16791e-16 0 
1 6.16791e-16 0 
1 6.16791e-16 0 
1 6.16791e-16 0 
1 6.16791e-16 0 
1 6.16791e-16 0 
1 6.16791e-16 0 
1 6.16791e-16 0 
1 6.16791e-16 0 
1 6.16791e-16 0 
1 6.16791e-16 0 
1 6.16791e-16 0 
1 6.16791e-16 0 
1 6.16791e-16 0 
1 6.16791e-16 0 
1 6.16791e-16 0 
1 6.16791e-16 0 
1 6.16791e-16 0 
1 6.16791e-16 0 
1 6.16791e-16 0 
1 6.16791e-16 0 
1 6.16791e-16 0 
1 6.16791e-16 0 
1 6.16791e-16 0 
1 6.16791e-16 0 
1 6.16791e-16 0 
1 6.16791e-16 0 
1 6.16791e-16 0 
1 6.16791e-16 0 
1 6.16791e-16 0 
1 6.16791e-16 0 
1 6.16791e-16 0 
1 6.16791e-16 0 
1 6.16791e-16 0 
1 6.16791e-16 0 
1 6.16791e-16 0 
1 6.16791e-16 0 
1 6.16791e-16 0 
1 6.16791e-16 0 
1 6.16791e-16 0 
1 6.16791e-16 0 
1 6.16791e-16 0 
1 6.16791e-16 0 
1 6.16791e-16 0 
1 6.16791e-16 0 
1 6.16791e-16 0 
1 6.16791e-16 0 
1 6.16791e-16 0 
1 6.16791e-16 0 
1 6.16791e-16 0 
1 6.16791e-16 0 
1 6.16791e-16 0 
1 6.16791e-16 0 
1 6.16791e-16 0 
1 6.16791e-16 0 
1 6.16791e-16 0 
1 6.16791e-16 0 
1 6.16791e-16 0 
1 6.16791e-16 0 
1 6.16791e-16 0 
1 6.16791e-16 0 
1 6.16791e-16 0 
1 6.16791e-16 0 
1 6.16791e-16 0 
1 6.16791e-16 0 
1 6.16791e-16 0 
1 6.16791e-16 0 
1 6.16791e-16 0 
1 6.16791e-16 0 
1 6.16791e-16 0 
1 6.16791e-16 0 
1 6.16791e-16 0 
1 6.16791e-16 0 
1 6.16791e-16 0 
1 6.16791e-16 0 
1 6.16791e-16 0 
1 6.16791e-16 0 
1 6.16791e-16 0 
1 6.16791e-16 0 
1 6.16791e-16 0 
1 6.16791e-16 0 
-6.16791e-16 1 1.0718e-15 
-6.16791e-16 1 1.0718e-15 
-6.16791e-16 1 1.0718e-15 
-6.16791e-16 1 1.0718e-15 
-3.80431e-31 6.16791e-16 -1 
-3.80431e-31 6.16791e-16 -1 
-3.80431e-31 6.16791e-16 -1 
-3.80431e-31 6.16791e-16 -1 
-3.80431e-31 6.16791e-16 -1 
-3.80431e-31 6.16791e-16 -1 
-3.80431e-31 6.16791e-16 -1 
-3.80431e-31 6.16791e-16 -1 
-3.80431e-31 6.16791e-16 -1 
-3.80431e-31 6.16791e-16 -1 
-3.80431e-31 6.16791e-16 -1 
-3.80431e-31 6.16791e-16 -1 
-3.80431e-31 6.16791e-16 -1 
-3.80431e-31 6.16791e-16 -1 
-3.80431e-31 6.16791e-16 -1 
-3.80431e-31 6.16791e-16 -1 
-3.80431e-31 6.16791e-16 -1 
-3.80431e-31 6.16791e-16 -1 
-3.80431e-31 6.16791e-16 -1 
-3.80431e-31 6.16791e-16 -1 
-3.80431e-31 6.16791e-16 -1 
-3.80431e-31 6.16791e-16 -1 
-3.80431e-31 6.16791e-16 -1 
-3.80431e-31 6.16791e-16 -1 
-3.80431e-31 6.16791e-16 -1 
-3.80431e-31 6.16791e-16 -1 
-3.80431e-31 6.16791e-16 -1 
-3.80431e-31 6.16791e-16 -1 
-3.80431e-31 6.16791e-16 -1 
-3.80431e-31 6.16791e-16 -1 
-3.80431e-31 6.16791e-16 -1 
-3.80431e-31 6.16791e-16 -1 
-3.80431e-31 6.16791e-16 -1 
-3.80431e-31 6.16791e-16 -1 
-3.80431e-31 6.16791e-16 -1 
-3.80431e-31 6.16791e-16 -1 
-3.80431e-31 6.16791e-16 -1 
-3.80431e-31 6.16791e-16 -1 
-3.80431e-31 6.16791e-16 -1 
-3.80431e-31 6.16791e-16 -1 
-3.80431e-31 6.16791e-16 -1 
-3.80431e-31 6.16791e-16 -1 
-3.80431e-31 6.16791e-16 -1 
-3.80431e-31 6.16791e-16 -1 
-3.80431e-31 6.16791e-16 -1 
-3.80431e-31 6.16791e-16 -1 
-3.80431e-31 6.16791e-16 -1 
-3.80431e-31 6.16791e-16 -1 
-3.80431e-31 6.16791e-16 -1 
-3.80431e-31 6.16791e-16 -1 
-3.80431e-31 6.16791e-16 -1 
-3.80431e-31 6.16791e-16 -1 
-3.80431e-31 6.16791e-16 -1 
-3.80431e-31 6.16791e-16 -1 
-3.80431e-31 6.16791e-16 -1 
-3.80431e-31 6.16791e-16 -1 
-3.80431e-31 6.16791e-16 -1 
-3.80431e-31 6.16791e-16 -1 
-3.80431e-31 6.16791e-16 -1 
-3.80431e-31 6.16791e-16 -1 
-3.80431e-31 6.16791e-16 -1 
-3.80431e-31 6.16791e-16 -1 
-3.80431e-31 6.16791e-16 -1 
-3.80431e-31 6.16791e-16 -1 
-3.80431e-31 6.16791e-16 -1 
-3.80431e-31 6.16791e-16 -1 
-3.80431e-31 6.16791e-16 -1 
-3.80431e-31 6.16791e-16 -1 
-3.80431e-31 6.16791e-16 -1 
-3.80431e-31 6.16791e-16 -1 
-3.80431e-31 6.16791e-16 -1 
-3.80431e-31 6.16791e-16 -1 
-3.80431e-31 6.16791e-16 -1 
-3.80431e-31 6.16791e-16 -1 
-3.80431e-31 6.16791e-16 -1 
-3.80431e-31 6.16791e-16 -1 
-4.36137e-16 0.707107 -0.707107 
-4.36137e-16 0.707107 -0.707107 
-4.36137e-16 0.707107 -0.707107 
-4.36137e-16 0.707107 -0.707107 
-5.88751e-16 0.95454 0.298083 
-5.88751e-16 0.95454 0.298083 
-5.88751e-16 0.95454 0.298083 
-5.88751e-16 0.95454 0.298083 
-5.88751e-16 0.95454 0.298083 
-5.88751e-16 0.95454 0.298083 
-5.88751e-16 0.95454 0.298083 
-5.88751e-16 0.95454 0.298083 
-5.88751e-16 0.95454 0.298083 
-5.88751e-16 0.95454 0.298083 
-5.88751e-16 0.95454 0.298083 
-5.88751e-16 0.95454 0.298083 
-5.88751e-16 0.95454 0.298083 
-5.88751e-16 0.95454 0.298083 
-5.88751e-16 0.95454 0.298083 
-5.88751e-16 0.95454 0.298083 
-5.88751e-16 0.95454 0.298083 
-5.88751e-16 0.95454 0.298083 
-5.88751e-16 0.95454 0.298083 
-5.88751e-16 0.95454 0.298083 
-5.88751e-16 0.95454 0.298083 
-5.88751e-16 0.95454 0.298083 
-5.88751e-16 0.95454 0.298083 
-5.88751e-16 0.95454 0.298083 
-5.88751e-16 0.95454 0.298083 
-5.84377e-16 0.947448 -0.319911 
-5.84377e-16 0.947448 -0.319911 
-5.84377e-16 0.947448 -0.319911 
-5.84377e-16 0.947448 -0.319911 
-5.84377e-16 0.947448 -0.319911 
-5.84377e-16 0.947448 -0.319911 
-5.84377e-16 0.947448 -0.319911 
-5.84377e-16 0.947448 -0.319911 
-5.84377e-16 0.947448 -0.319911 
-5.84377e-16 0.947448 -0.319911 
-5.84377e-16 0.947448 -0.319911 
-5.84377e-16 0.947448 -0.319911 
-5.84377e-16 0.947448 -0.319911 
-5.84377e-16 0.947448 -0.319911 
-5.84377e-16 0.947448 -0.319911 
-5.84377e-16 0.947448 -0.319911 
-5.84377e-16 0.947448 -0.319911 
-5.84377e-16 0.947448 -0.319911 
-5.84377e-16 0.947448 -0.319911 
-5.84377e-16 0.947448 -0.319911 
-5.84377e-16 0.947448 -0.319911 
-5.84377e-16 0.947448 -0.319911 
-5.84377e-16 0.947448 -0.319911 
-5.84377e-16 0.947448 -0.319911 
-5.84377e-16 0.947448 -0.319911 
-3.5679e-16 0.578463 -0.815709 
-3.5679e-16 0.578463 -0.815709 
-3.5679e-16 0.578463 -0.815709 
-3.5679e-16 0.578463 -0.815709 
-3.5679e-16 0.578463 -0.815709 
-3.5679e-16 0.578463 -0.815709 
-3.5679e-16 0.578463 -0.815709 
-3.5679e-16 0.578463 -0.815709 
-3.5679e-16 0.578463 -0.815709 
-3.5679e-16 0.578463 -0.815709 
-3.5679e-16 0.578463 -0.815709 
-3.5679e-16 0.578463 -0.815709 
-3.5679e-16 0.578463 -0.815709 
-3.5679e-16 0.578463 -0.815709 
-3.5679e-16 0.578463 -0.815709 
-3.5679e-16 0.578463 -0.815709 
-3.5679e-16 0.578463 -0.815709 
-3.5679e-16 0.578463 -0.815709 
-3.5679e-16 0.578463 -0.815709 
-3.5679e-16 0.578463 -0.815709 
-3.5679e-16 0.578463 -0.815709 
-3.5679e-16 0.578463 -0.815709 
-3.5679e-16 0.578463 -0.815709 
-3.5679e-16 0.578463 -0.815709 
-3.5679e-16 0.578463 -0.815709 
7.07802e-18 -0.0114756 -0.999934 
7.07802e-18 -0.0114756 -0.999934 
7.07802e-18 -0.0114756 -0.999934 
7.07802e-18 -0.0114756 -0.999934 
7.07802e-18 -0.0114756 -0.999934 
7.07802e-18 -0.0114756 -0.999934 
7.07802e-18 -0.0114756 -0.999934 
7.07802e-18 -0.0114756 -0.999934 
7.07802e-18 -0.0114756 -0.999934 
7.07802e-18 -0.0114756 -0.999934 
7.07802e-18 -0.0114756 -0.999934 
7.07802e-18 -0.0114756 -0.999934 
7.07802e-18 -0.0114756 -0.999934 
7.07802e-18 -0.0114756 -0.999934 
7.07802e-18 -0.0114756 -0.999934 
7.07802e-18 -0.0114756 -0.999934 
7.07802e-18 -0.0114756 -0.999934 
7.07802e-18 -0.0114756 -0.999934 
7.07802e-18 -0.0114756 -0.999934 
7.07802e-18 -0.0114756 -0.999934 
7.07802e-18 -0.0114756 -0.999934 
7.07802e-18 -0.0114756 -0.999934 
7.07802e-18 -0.0114756 -0.999934 
7.07802e-18 -0.0114756 -0.999934 
7.07802e-18 -0.0114756 -0.999934 
3.68243e-16 -0.59703 -0.802219 
3.68243e-16 -0.59703 -0.802219 
3.68243e-16 -0.59703 -0.802219 
3.68243e-16 -0.59703 -0.802219 
3.68243e-16 -0.59703 -0.802219 
3.68243e-16 -0.59703 -0.802219 
3.68243e-16 -0.59703 -0.802219 
3.68243e-16 -0.59703 -0.802219 
3.68243e-16 -0.59703 -0.802219 
3.68243e-16 -0.59703 -0.802219 
3.68243e-16 -0.59703 -0.802219 
3.68243e-16 -0.59703 -0.802219 
3.68243e-16 -0.59703 -0.802219 
3.68243e-16 -0.59703 -0.802219 
3.68243e-16 -0.59703 -0.802219 
3.68243e-16 -0.59703 -0.802219 
3.68243e-16 -0.59703 -0.802219 
3.68243e-16 -0.59703 -0.802219 
3.68243e-16 -0.59703 -0.802219 
3.68243e-16 -0.59703 -0.802219 
3.68243e-16 -0.59703 -0.802219 
3.68243e-16 -0.59703 -0.802219 
3.68243e-16 -0.59703 -0.802219 
3.68243e-16 -0.59703 -0.802219 
3.68243e-16 -0.59703 -0.802219 
5.88751e-16 -0.95454 -0.298083 
5.88751e-16 -0.95454 -0.298083 
5.88751e-16 -0.95454 -0.298083 
5.88751e-16 -0.95454 -0.298083 
5.88751e-16 -0.95454 -0.298083 
5.88751e-16 -0.95454 -0.298083 
5.88751e-16 -0.95454 -0.298083 
5.88751e-16 -0.95454 -0.298083 
5.88751e-16 -0.95454 -0.298083 
5.88751e-16 -0.95454 -0.298083 
5.88751e-16 -0.95454 -0.298083 
5.88751e-16 -0.95454 -0.298083 
5.88751e-16 -0.95454 -0.298083 
5.88751e-16 -0.95454 -0.298083 
5.88751e-16 -0.95454 -0.298083 
5.88751e-16 -0.95454 -0.298083 
5.88751e-16 -0.95454 -0.298083 
5.88751e-16 -0.95454 -0.298083 
5.88751e-16 -0.95454 -0.298083 
5.88751e-16 -0.95454 -0.298083 
5.88751e-16 -0.95454 -0.298083 
5.88751e-16 -0.95454 -0.298083 
5.88751e-16 -0.95454 -0.298083 
5.88751e-16 -0.95454 -0.298083 
5.88751e-16 -0.95454 -0.298083 
5.84377e-16 -0.947448 0.319911 
5.84377e-16 -0.947448 0.319911 
5.84377e-16 -0.947448 0.319911 
5.84377e-16 -0.947448 0.319911 
5.84377e-16 -0.947448 0.319911 
5.84377e-16 -0.947448 0.319911 
5.84377e-16 -0.947448 0.319911 
5.84377e-16 -0.947448 0.319911 
5.84377e-16 -0.947448 0.319911 
5.84377e-16 -0.947448 0.319911 
5.84377e-16 -0.947448 0.319911 
5.84377e-16 -0.947448 0.319911 
5.84377e-16 -0.947448 0.319911 
5.84377e-16 -0.947448 0.319911 
5.84377e-16 -0.947448 0.319911 
5.84377e-16 -0.947448 0.319911 
5.84377e-16 -0.947448 0.319911 
5.84377e-16 -0.947448 0.319911 
5.84377e-16 -0.947448 0.319911 
5.84377e-16 -0.947448 0.319911 
5.84377e-16 -0.947448 0.319911 
5.84377e-16 -0.947448 0.319911 
5.84377e-16 -0.947448 0.319911 
5.84377e-16 -0.947448 0.319911 
5.84377e-16 -0.947448 0.319911 
3.5679e-16 -0.578463 0.815709 
3.5679e-16 -0.578463 0.815709 
3.5679e-16 -0.578463 0.815709 
3.5679e-16 -0.578463 0.815709 
3.5679e-16 -0.578463 0.815709 
3.5679e-16 -0.578463 0.815709 
3.5679e-16 -0.578463 0.815709 
3.5679e-16 -0.578463 0.815709 
3.5679e-16 -0.578463 0.815709 
3.5679e-16 -0.578463 0.815709 
3.5679e-16 -0.578463 0.815709 
3.5679e-16 -0.578463 0.815709 
3.5679e-16 -0.578463 0.815709 
3.5679e-16 -0.578463 0.815709 
3.5679e-16 -0.578463 0.815709 
3.5679e-16 -0.578463 0.815709 
3.5679e-16 -0.578463 0.815709 
3.5679e-16 -0.578463 0.815709 
3.5679e-16 -0.578463 0.815709 
3.5679e-16 -0.578463 0.815709 
3.5679e-16 -0.578463 0.815709 
3.5679e-16 -0.578463 0.815709 
3.5679e-16 -0.578463 0.815709 
3.5679e-16 -0.578463 0.815709 
3.5679e-16 -0.578463 0.815709 
4.36137e-16 -0.707107 0.707107 
4.36137e-16 -0.707107 0.707107 
4.36137e-16 -0.707107 0.707107 
4.36137e-16 -0.707107 0.707107 
1.27629e-31 -2.06925e-16 1 
1.27629e-31 -2.06925e-16 1 
1.27629e-31 -2.06925e-16 1 
1.27629e-31 -2.06925e-16 1 
1.27629e-31 -2.06925e-16 1 
1.27629e-31 -2.06925e-16 1 
1.27629e-31 -2.06925e-16 1 
1.27629e-31 -2.06925e-16 1 
1.27629e-31 -2.06925e-16 1 
1.27629e-31 -2.06925e-16 1 
1.27629e-31 -2.06925e-16 1 
1.27629e-31 -2.06925e-16 1 
1.27629e-31 -2.06925e-16 1 
1.27629e-31 -2.06925e-16 1 
1.27629e-31 -2.06925e-16 1 
1.27629e-31 -2.06925e-16 1 
1.27629e-31 -2.06925e-16 1 
1.27629e-31 -2.06925e-16 1 
1.27629e-31 -2.06925e-16 1 
1.27629e-31 -2.06925e-16 1 
1.27629e-31 -2.06925e-16 1 
1.27629e-31 -2.06925e-16 1 
1.27629e-31 -2.06925e-16 1 
1.27629e-31 -2.06925e-16 1 
1.27629e-31 -2.06925e-16 1 
1.27629e-31 -2.06925e-16 1 
1.27629e-31 -2.06925e-16 1 
1.27629e-31 -2.06925e-16 1 
1.27629e-31 -2.06925e-16 1 
1.27629e-31 -2.06925e-16 1 
1.27629e-31 -2.06925e-16 1 
1.27629e-31 -2.06925e-16 1 
1.27629e-31 -2.06925e-16 1 
1.27629e-31 -2.06925e-16 1 
1.27629e-31 -2.06925e-16 1 
1.27629e-31 -2.06925e-16 1 
1.27629e-31 -2.06925e-16 1 
1.27629e-31 -2.06925e-16 1 
1.27629e-31 -2.06925e-16 1 
1.27629e-31 -2.06925e-16 1 
1.27629e-31 -2.06925e-16 1 
1.27629e-31 -2.06925e-16 1 
1.27629e-31 -2.06925e-16 1 
1.27629e-31 -2.06925e-16 1 
1.27629e-31 -2.06925e-16 1 
1.27629e-31 -2.06925e-16 1 
1.27629e-31 -2.06925e-16 1 
1.27629e-31 -2.06925e-16 1 
1.27629e-31 -2.06925e-16 1 
1.27629e-31 -2.06925e-16 1 
1.27629e-31 -2.06925e-16 1 
1.27629e-31 -2.06925e-16 1 
1.27629e-31 -2.06925e-16 1 
1.27629e-31 -2.06925e-16 1 
1.27629e-31 -2.06925e-16 1 
1.27629e-31 -2.06925e-16 1 
1.27629e-31 -2.06925e-16 1 
1.27629e-31 -2.06925e-16 1 
1.27629e-31 -2.06925e-16 1 
1.27629e-31 -2.06925e-16 1 
1.27629e-31 -2.06925e-16 1 
1.27629e-31 -2.06925e-16 1 
1.27629e-31 -2.06925e-16 1 
1.27629e-31 -2.06925e-16 1 
1.27629e-31 -2.06925e-16 1 
1.27629e-31 -2.06925e-16 1 
1.27629e-31 -2.06925e-16 1 
1.27629e-31 -2.06925e-16 1 
1.27629e-31 -2.06925e-16 1 
1.27629e-31 -2.06925e-16 1 
1.27629e-31 -2.06925e-16 1 
1.27629e-31 -2.06925e-16 1 
1.27629e-31 -2.06925e-16 1 
1.27629e-31 -2.06925e-16 1 
1.27629e-31 -2.06925e-16 1 
1.27629e-31 -2.06925e-16 1 
6.14402e-16 -0.996127 0.0879231 
6.14977e-16 -0.997059 -0.0766391 
6.14977e-16 -0.997059 -0.0766391 
5.98897e-16 -0.970989 -0.239126 
5.98897e-16 -0.970989 -0.239126 
5.91969e-16 -0.959756 -0.280835 
5.94125e-16 -0.963253 -0.268597 
5.97099e-16 -0.968074 -0.250666 
5.66598e-16 -0.918622 -0.395136 
5.18954e-16 -0.841379 -0.540446 
5.18954e-16 -0.841379 -0.540446 
5.66598e-16 -0.918622 -0.395136 
4.57257e-16 -0.741349 -0.67112 
4.57257e-16 -0.741349 -0.67112 
3.83176e-16 -0.621242 -0.783619 
3.83176e-16 -0.621242 -0.783619 
2.98719e-16 -0.484311 -0.874896 
2.98719e-16 -0.484311 -0.874896 
2.06171e-16 -0.334264 -0.942479 
2.06171e-16 -0.334264 -0.942479 
1.0804e-16 -0.175165 -0.984539 
1.0804e-16 -0.175165 -0.984539 
6.9832e-18 -0.0113218 -0.999936 
6.98349e-18 -0.0113223 -0.999936 
6.14402e-16 -0.996127 0.0879231 
5.97188e-16 -0.968219 0.250104 
5.97188e-16 -0.968219 0.250104 
5.73939e-16 -0.930526 0.366227 
5.63802e-16 -0.91409 0.405512 
5.63802e-16 -0.91409 0.405512 
5.91123e-16 -0.958386 0.285477 
5.92562e-16 -0.960718 0.277526 
5.15147e-16 -0.835206 0.549938 
5.15147e-16 -0.835206 0.549938 
4.52541e-16 -0.733703 0.679471 
4.52541e-16 -0.733703 0.679471 
3.77679e-16 -0.61233 0.790602 
3.78783e-16 -0.614119 0.789214 
3.74739e-16 -0.607564 0.794271 
3.80889e-16 -0.617534 0.786545 
3.4768e-16 -0.563691 0.825985 
3.41157e-16 -0.553117 0.833104 
2.9259e-16 -0.474374 0.880323 
1.99576e-16 -0.323572 0.946204 
2.9259e-16 -0.474374 0.880323 
1.99576e-16 -0.323572 0.946204 
1.01158e-16 -0.164007 0.986459 
1.01158e-16 -0.164007 0.986459 
-3.29782e-19 0.000534674 1 
-8.57813e-23 1.39077e-07 1 
8.12384e-18 -0.0131712 0.999913 
-2.00967e-16 0.325827 0.94543 
-2.00967e-16 0.325826 0.94543 
-1.01883e-16 0.165182 0.986263 
1.52151e-17 -0.0246682 0.999696 
-3.88093e-16 0.629213 0.777233 
-3.8e-16 0.616092 0.787674 
-3.91143e-16 0.634159 0.773203 
-3.8e-16 0.616092 0.787674 
-3.70053e-16 0.599966 0.800025 
-3.77086e-16 0.611369 0.791346 
-5.97099e-16 0.968074 0.250666 
-5.98632e-16 0.97056 0.240861 
-5.98632e-16 0.97056 0.240861 
-5.17559e-16 0.839117 0.543951 
-5.17559e-16 0.839117 0.543951 
-5.65869e-16 0.917441 0.397872 
-5.96912e-16 0.96777 -0.251835 
-6.14369e-16 0.996075 -0.0885165 
-5.96912e-16 0.96777 -0.251835 
-6.14369e-16 0.996075 -0.0885165 
-6.14948e-16 0.997013 0.0772333 
-6.14948e-16 0.997013 0.0772333 
-4.50287e-16 0.730048 -0.683396 
-4.50287e-16 0.730048 -0.683396 
-5.13728e-16 0.832904 -0.553417 
-5.63054e-16 0.912877 -0.408234 
-5.13727e-16 0.832904 -0.553417 
-5.63054e-16 0.912877 -0.408234 
-3.74475e-16 0.607134 -0.794599 
-3.74739e-16 0.607563 -0.794271 
-3.69081e-16 0.59839 -0.801205 
-2.88375e-16 0.467541 -0.883972 
-2.88375e-16 0.467541 -0.883972 
-1.94352e-16 0.315101 -0.949058 
-3.41157e-16 0.553116 -0.833104 
-1.94352e-16 0.315101 -0.949058 
-9.4989e-17 0.154005 -0.98807 
-9.4989e-17 0.154005 -0.98807 
-3.78783e-16 0.614119 -0.789213 
-5.73939e-16 0.930526 -0.366227 
-5.91123e-16 0.958386 -0.285477 
-5.92562e-16 0.960718 -0.277526 
-5.94125e-16 0.963253 0.268597 
-5.91969e-16 0.959756 0.280835 
-4.5503e-16 0.737739 0.675086 
-5.65869e-16 0.917441 0.397872 
-4.5503e-16 0.737739 0.675086 
-2.94529e-16 0.477519 0.878622 
-2.94529e-16 0.477519 0.878622 
-3.83278e-16 0.621407 0.783488 
-1.01883e-16 0.165182 0.986263 
-8.57813e-23 1.39077e-07 1 
-2.60351e-17 0.0422106 0.999109 
-1.81898e-17 0.0294911 0.999565 
5.80732e-16 -0.941538 0.336907 
5.78036e-16 -0.937167 0.348881 
5.75855e-16 -0.933631 0.358237 
5.74433e-16 -0.931327 0.364185 
5.8365e-16 -0.946269 0.32338 
5.89062e-16 -0.955044 0.296464 
5.86501e-16 -0.950891 0.309526 
5.92563e-16 -0.960721 0.277517 
5.91126e-16 -0.95839 0.285462 
5.933e-16 -0.961914 0.273352 
5.933e-16 -0.961914 0.273351 
5.83645e-16 -0.94626 0.323406 
5.86496e-16 -0.950883 0.309551 
5.89062e-16 -0.955044 0.296464 
5.80727e-16 -0.94153 0.33693 
5.75854e-16 -0.93363 0.358239 
5.78035e-16 -0.937165 0.348886 
5.74433e-16 -0.931326 0.364188 
3.31555e-16 -0.537548 0.843233 
3.6226e-16 -0.58733 0.809347 
3.77679e-16 -0.61233 0.790602 
3.54931e-16 -0.575448 0.817839 
3.36001e-16 -0.544757 0.838594 
3.32694e-16 -0.539396 0.842052 
3.54944e-16 -0.57547 0.817823 
3.74732e-16 -0.607551 0.794281 
3.69081e-16 -0.59839 0.801205 
3.69081e-16 -0.59839 0.801205 
3.62273e-16 -0.587352 0.809331 
3.78778e-16 -0.614112 0.789219 
3.80888e-16 -0.617533 0.786545 
3.47667e-16 -0.563671 0.825999 
3.41154e-16 -0.553112 0.833107 
3.32693e-16 -0.539394 0.842054 
3.36e-16 -0.544755 0.838595 
5.7909e-16 -0.938877 -0.344253 
5.91964e-16 -0.959749 -0.280859 
5.89421e-16 -0.955626 -0.294583 
5.95752e-16 -0.96589 -0.258954 
5.96758e-16 -0.967522 -0.252788 
5.94124e-16 -0.963251 -0.268602 
5.8671e-16 -0.95123 -0.308482 
5.89426e-16 -0.955634 -0.294557 
5.86705e-16 -0.951222 -0.308508 
5.84041e-16 -0.946904 -0.321516 
5.81722e-16 -0.943144 -0.332384 
5.84041e-16 -0.946904 -0.321517 
5.80005e-16 -0.94036 -0.340181 
5.80007e-16 -0.940363 -0.340173 
5.7909e-16 -0.938877 -0.344253 
5.81725e-16 -0.943149 -0.33237 
5.96759e-16 -0.967522 -0.252785 
5.95752e-16 -0.96589 -0.258953 
-3.31555e-16 0.537548 -0.843233 
-3.54931e-16 0.575448 -0.817839 
-3.74475e-16 0.607134 -0.794599 
-3.47667e-16 0.563671 -0.825999 
-3.36001e-16 0.544757 -0.838594 
-3.32694e-16 0.539396 -0.842052 
-3.69081e-16 0.598389 -0.801205 
-3.6226e-16 0.587331 -0.809347 
-3.54944e-16 0.57547 -0.817823 
-3.4768e-16 0.563691 -0.825985 
-3.74732e-16 0.607551 -0.794281 
-3.62273e-16 0.587353 -0.809331 
-3.80889e-16 0.617534 -0.786545 
-3.80888e-16 0.617533 -0.786545 
-3.78778e-16 0.614112 -0.789219 
-3.36e-16 0.544755 -0.838595 
-3.41154e-16 0.553112 -0.833107 
-3.32693e-16 0.539394 -0.842054 
-5.80732e-16 0.941538 -0.336907 
-5.78036e-16 0.937167 -0.348881 
-5.75855e-16 0.933631 -0.358237 
-5.74433e-16 0.931326 -0.364185 
-5.8365e-16 0.946269 -0.32338 
-5.89062e-16 0.955044 -0.296464 
-5.86501e-16 0.950891 -0.309526 
-5.92563e-16 0.960721 -0.277517 
-5.91126e-16 0.95839 -0.285462 
-5.933e-16 0.961914 -0.273352 
-5.933e-16 0.961914 -0.273351 
-5.83645e-16 0.94626 -0.323406 
-5.86496e-16 0.950883 -0.309551 
-5.89062e-16 0.955044 -0.296464 
-5.80727e-16 0.94153 -0.33693 
-5.75854e-16 0.93363 -0.358239 
-5.78035e-16 0.937165 -0.348886 
-5.74433e-16 0.931325 -0.364188 
-5.7909e-16 0.938877 0.344254 
-5.91964e-16 0.959749 0.280859 
-5.89421e-16 0.955626 0.294583 
-5.95752e-16 0.96589 0.258955 
-5.96758e-16 0.967522 0.252788 
-5.94124e-16 0.963251 0.268602 
-5.86705e-16 0.951222 0.308508 
-5.8671e-16 0.95123 0.308483 
-5.84042e-16 0.946904 0.321516 
-5.81722e-16 0.943144 0.332384 
-5.84041e-16 0.946904 0.321517 
-5.80005e-16 0.94036 0.340181 
-5.80007e-16 0.940363 0.340173 
-5.7909e-16 0.938877 0.344253 
-5.81726e-16 0.943149 0.332369 
-5.89426e-16 0.955634 0.294557 
-5.96759e-16 0.967523 0.252785 
-5.95752e-16 0.96589 0.258953 
-3.92187e-16 0.635851 0.771812 
-3.88092e-16 0.629211 0.777234 
-3.91142e-16 0.634157 0.773205 
-3.77099e-16 0.611388 0.791331 
-3.8328e-16 0.62141 0.783485 
-3.45904e-16 0.560813 0.827942 
-3.43688e-16 0.55722 0.830365 
-3.62807e-16 0.588218 0.808703 
-3.50121e-16 0.567649 0.82327 
-3.55937e-16 0.577079 0.816688 
-3.55937e-16 0.577079 0.816688 
-3.43689e-16 0.557221 0.830364 
-3.50129e-16 0.567662 0.823262 
-3.45909e-16 0.560821 0.827937 
-3.70067e-16 0.599987 0.800009 
-3.62821e-16 0.58824 0.808687 
-3.74726e-17 0.0607542 0.998153 
-3.2194e-17 0.052196 0.998637 
-3.61224e-17 0.0585651 0.998284 
-1.81743e-17 0.0294658 0.999566 
-2.6032e-17 0.0422056 0.999109 
-3.46546e-19 0.000561853 1 
-9.35444e-18 0.0151663 0.999885 
-9.33797e-18 0.0151396 0.999885 
8.1234e-18 -0.0131704 0.999913 
2.29914e-17 -0.0372758 0.999305 
2.032e-17 -0.0329448 0.999457 
2.03144e-17 -0.0329357 0.999457 
1.52057e-17 -0.0246529 0.999696 
2.29908e-17 -0.0372749 0.999305 
-3.61242e-17 0.058568 0.998283 
-3.21951e-17 0.0521977 0.998637 
-3.80431e-31 6.16791e-16 -1 
-3.80431e-31 6.16791e-16 -1 
-3.80431e-31 6.16791e-16 -1 
-3.80431e-31 6.16791e-16 -1 
-3.80431e-31 6.16791e-16 -1 
-3.80431e-31 6.16791e-16 -1 
-3.80431e-31 6.16791e-16 -1 
-3.80431e-31 6.16791e-16 -1 
-3.80431e-31 6.16791e-16 -1 
-3.80431e-31 6.16791e-16 -1 
-3.80431e-31 6.16791e-16 -1 
-3.80431e-31 6.16791e-16 -1 
-3.80431e-31 6.16791e-16 -1 
-3.80431e-31 6.16791e-16 -1 
-3.80431e-31 6.16791e-16 -1 
-3.80431e-31 6.16791e-16 -1 
-3.80431e-31 6.16791e-16 -1 
-3.80431e-31 6.16791e-16 -1 
-3.80431e-31 6.16791e-16 -1 
-3.80431e-31 6.16791e-16 -1 
-3.80431e-31 6.16791e-16 -1 
-3.80431e-31 6.16791e-16 -1 
-3.80431e-31 6.16791e-16 -1 
-3.80431e-31 6.16791e-16 -1 
-3.80431e-31 6.16791e-16 -1 
-3.80431e-31 6.16791e-16 -1 
-3.80431e-31 6.16791e-16 -1 
-3.80431e-31 6.16791e-16 -1 
-3.80431e-31 6.16791e-16 -1 
-3.80431e-31 6.16791e-16 -1 
-3.80431e-31 6.16791e-16 -1 
-3.80431e-31 6.16791e-16 -1 
-3.80431e-31 6.16791e-16 -1 
-3.80431e-31 6.16791e-16 -1 
-3.80431e-31 6.16791e-16 -1 
-3.80431e-31 6.16791e-16 -1 
-3.80431e-31 6.16791e-16 -1 
-3.80431e-31 6.16791e-16 -1 
-3.80431e-31 6.16791e-16 -1 
-3.80431e-31 6.16791e-16 -1 
-2.75837e-16 0.447214 0.894427 
-2.75837e-16 0.447214 0.894427 
-2.75837e-16 0.447214 0.894427 
-2.75837e-16 0.447214 0.894427 
6.16791e-16 -1 -6.16791e-16 
6.16791e-16 -1 -6.16791e-16 
6.16791e-16 -1 -6.16791e-16 
6.16791e-16 -1 -6.16791e-16 
-3.80431e-31 6.16791e-16 -1 
-3.80431e-31 6.16791e-16 -1 
-3.80431e-31 6.16791e-16 -1 
-3.80431e-31 6.16791e-16 -1 
-3.80431e-31 6.16791e-16 -1 
-3.80431e-31 6.16791e-16 -1 
-3.80431e-31 6.16791e-16 -1 
-3.80431e-31 6.16791e-16 -1 
-3.80431e-31 6.16791e-16 -1 
-3.80431e-31 6.16791e-16 -1 
-3.80431e-31 6.16791e-16 -1 
-3.80431e-31 6.16791e-16 -1 
-3.80431e-31 6.16791e-16 -1 
-3.80431e-31 6.16791e-16 -1 
-3.80431e-31 6.16791e-16 -1 
-3.80431e-31 6.16791e-16 -1 
-3.80431e-31 6.16791e-16 -1 
-3.80431e-31 6.16791e-16 -1 
-3.80431e-31 6.16791e-16 -1 
-3.80431e-31 6.16791e-16 -1 
-3.80431e-31 6.16791e-16 -1 
-3.80431e-31 6.16791e-16 -1 
-3.80431e-31 6.16791e-16 -1 
-3.80431e-31 6.16791e-16 -1 
-3.80431e-31 6.16791e-16 -1 
-3.80431e-31 6.16791e-16 -1 
-3.80431e-31 6.16791e-16 -1 
-3.80431e-31 6.16791e-16 -1 
-3.80431e-31 6.16791e-16 -1 
-3.80431e-31 6.16791e-16 -1 
-3.80431e-31 6.16791e-16 -1 
-3.80431e-31 6.16791e-16 -1 
-3.80431e-31 6.16791e-16 -1 
-3.80431e-31 6.16791e-16 -1 
-3.80431e-31 6.16791e-16 -1 
-3.80431e-31 6.16791e-16 -1 
-3.80431e-31 6.16791e-16 -1 
-3.80431e-31 6.16791e-16 -1 
-3.80431e-31 6.16791e-16 -1 
-3.80431e-31 6.16791e-16 -1 
-6.16791e-16 1 6.16791e-16 
-6.16791e-16 1 6.16791e-16 
-6.16791e-16 1 6.16791e-16 
-6.16791e-16 1 6.16791e-16 
2.75837e-16 -0.447214 0.894427 
2.75837e-16 -0.447214 0.894427 
2.75837e-16 -0.447214 0.894427 
2.75837e-16 -0.447214 0.894427 
-3.80431e-31 6.16791e-16 1 
-3.80431e-31 6.16791e-16 1 
-3.80431e-31 6.16791e-16 1 
-3.80431e-31 6.16791e-16 1 
-3.80431e-31 6.16791e-16 1 
-3.80431e-31 6.16791e-16 1 
-3.80431e-31 6.16791e-16 1 
-3.80431e-31 6.16791e-16 1 
-3.80431e-31 6.16791e-16 1 
-3.80431e-31 6.16791e-16 1 
-3.80431e-31 6.16791e-16 1 
-3.80431e-31 6.16791e-16 1 
-3.80431e-31 6.16791e-16 1 
-3.80431e-31 6.16791e-16 1 
-3.80431e-31 6.16791e-16 1 
-3.80431e-31 6.16791e-16 1 
-3.80431e-31 6.16791e-16 1 
-3.80431e-31 6.16791e-16 1 
-3.80431e-31 6.16791e-16 1 
-3.80431e-31 6.16791e-16 1 
-3.80431e-31 6.16791e-16 1 
-3.80431e-31 6.16791e-16 1 
-3.80431e-31 6.16791e-16 1 
-3.80431e-31 6.16791e-16 1 
-3.80431e-31 6.16791e-16 1 
-3.80431e-31 6.16791e-16 1 
-3.80431e-31 6.16791e-16 1 
-3.80431e-31 6.16791e-16 1 
-3.80431e-31 6.16791e-16 1 
-3.80431e-31 6.16791e-16 1 
-3.80431e-31 6.16791e-16 1 
-3.80431e-31 6.16791e-16 1 
-3.80431e-31 6.16791e-16 1 
-3.80431e-31 6.16791e-16 1 
-3.80431e-31 6.16791e-16 1 
-3.80431e-31 6.16791e-16 1 
-3.80431e-31 6.16791e-16 1 
-3.80431e-31 6.16791e-16 1 
-3.80431e-31 6.16791e-16 1 
-3.80431e-31 6.16791e-16 1 
6.16791e-16 -1 6.16791e-16 
6.16791e-16 -1 6.16791e-16 
6.16791e-16 -1 6.16791e-16 
6.16791e-16 -1 6.16791e-16 
-2.75837e-16 0.447214 -0.894427 
-2.75837e-16 0.447214 -0.894427 
-2.75837e-16 0.447214 -0.894427 
-2.75837e-16 0.447214 -0.894427 
1.14129e-30 -1.85037e-15 1 
1.14129e-30 -1.85037e-15 1 
1.14129e-30 -1.85037e-15 1 
1.14129e-30 -1.85037e-15 1 
1.14129e-30 -1.85037e-15 1 
1.14129e-30 -1.85037e-15 1 
1.14129e-30 -1.85037e-15 1 
1.14129e-30 -1.85037e-15 1 
1.14129e-30 -1.85037e-15 1 
1.14129e-30 -1.85037e-15 1 
1.14129e-30 -1.85037e-15 1 
1.14129e-30 -1.85037e-15 1 
1.14129e-30 -1.85037e-15 1 
1.14129e-30 -1.85037e-15 1 
1.14129e-30 -1.85037e-15 1 
1.14129e-30 -1.85037e-15 1 
1.14129e-30 -1.85037e-15 1 
1.14129e-30 -1.85037e-15 1 
1.14129e-30 -1.85037e-15 1 
1.14129e-30 -1.85037e-15 1 
1.14129e-30 -1.85037e-15 1 
1.14129e-30 -1.85037e-15 1 
1.14129e-30 -1.85037e-15 1 
1.14129e-30 -1.85037e-15 1 
1.14129e-30 -1.85037e-15 1 
1.14129e-30 -1.85037e-15 1 
1.14129e-30 -1.85037e-15 1 
1.14129e-30 -1.85037e-15 1 
1.14129e-30 -1.85037e-15 1 
1.14129e-30 -1.85037e-15 1 
1.14129e-30 -1.85037e-15 1 
1.14129e-30 -1.85037e-15 1 
1.14129e-30 -1.85037e-15 1 
1.14129e-30 -1.85037e-15 1 
1.14129e-30 -1.85037e-15 1 
1.14129e-30 -1.85037e-15 1 
1.14129e-30 -1.85037e-15 1 
1.14129e-30 -1.85037e-15 1 
1.14129e-30 -1.85037e-15 1 
1.14129e-30 -1.85037e-15 1 
2.75837e-16 -0.447214 -0.894427 
2.75837e-16 -0.447214 -0.894427 
2.75837e-16 -0.447214 -0.894427 
2.75837e-16 -0.447214 -0.894427 
-6.16791e-16 1 1.85037e-15 
-6.16791e-16 1 1.85037e-15 
-6.16791e-16 1 1.85037e-15 
-6.16791e-16 1 1.85037e-15 
-2.75837e-16 0.447214 -0.894427 
-2.75837e-16 0.447214 -0.894427 
-2.75837e-16 0.447214 -0.894427 
-2.75837e-16 0.447214 -0.894427 
-2.75837e-16 0.447214 0.894427 
-2.75837e-16 0.447214 0.894427 
-2.75837e-16 0.447214 0.894427 
-2.75837e-16 0.447214 0.894427 
2.75837e-16 -0.447214 0.894427 
2.75837e-16 -0.447214 0.894427 
2.75837e-16 -0.447214 0.894427 
2.75837e-16 -0.447214 0.894427 
2.75837e-16 -0.447214 -0.894427 
2.75837e-16 -0.447214 -0.894427 
2.75837e-16 -0.447214 -0.894427 
2.75837e-16 -0.447214 -0.894427 
3.90264e-16 -0.632733 0.77437 
2.75837e-16 -0.447214 0.894427 
2.75837e-16 -0.447214 0.894427 
6.01731e-16 -0.975584 0.219625 
5.57289e-16 -0.90353 0.428525 
5.57289e-16 -0.90353 0.428525 
4.85633e-16 -0.787355 0.6165 
3.90264e-16 -0.632733 0.77437 
4.85633e-16 -0.787355 0.6165 
6.01731e-16 -0.975584 -0.219625 
5.57289e-16 -0.90353 -0.428525 
6.01731e-16 -0.975584 -0.219625 
6.01731e-16 -0.975584 0.219625 
6.16791e-16 -1 1.50996e-07 
6.16791e-16 -1 -8.74228e-08 
4.85633e-16 -0.787355 -0.6165 
3.90264e-16 -0.632733 -0.77437 
4.85633e-16 -0.787355 -0.6165 
5.57289e-16 -0.90353 -0.428525 
2.75837e-16 -0.447214 -0.894427 
3.90264e-16 -0.632733 -0.77437 
2.75837e-16 -0.447213 -0.894427 
1.41709e-16 -0.229753 -0.973249 
2.75837e-16 -0.447214 -0.894427 
2.75837e-16 -0.447214 -0.894427 
-2.75837e-16 0.447214 -0.894427 
-1.41709e-16 0.229753 -0.973249 
-1.41709e-16 0.229753 -0.973249 
-5.39215e-23 8.74228e-08 -1 
1.41709e-16 -0.229753 -0.973249 
-5.39215e-23 8.74228e-08 -1 
-2.75837e-16 0.447214 -0.894427 
-3.90264e-16 0.632733 -0.77437 
-2.75837e-16 0.447214 -0.894427 
-2.75837e-16 0.447214 -0.894427 
-6.01731e-16 0.975584 -0.219625 
-5.57289e-16 0.90353 -0.428525 
-5.57289e-16 0.90353 -0.428525 
-4.85633e-16 0.787355 -0.6165 
-3.90264e-16 0.632733 -0.77437 
-4.85633e-16 0.787355 -0.6165 
-6.01731e-16 0.975584 0.219625 
-5.57289e-16 0.90353 0.428525 
-6.01731e-16 0.975584 0.219625 
-6.01731e-16 0.975584 -0.219625 
-6.16791e-16 1 -1.50996e-07 
-6.16791e-16 1 8.74228e-08 
-4.85633e-16 0.787355 0.6165 
-3.90264e-16 0.632733 0.77437 
-4.85633e-16 0.787355 0.6165 
-5.57289e-16 0.90353 0.428525 
-2.75837e-16 0.447214 0.894427 
-3.90264e-16 0.632733 0.77437 
-2.75837e-16 0.447213 0.894427 
-1.41709e-16 0.229753 0.973249 
-2.75837e-16 0.447214 0.894427 
-2.75837e-16 0.447214 0.894427 
2.75837e-16 -0.447214 0.894427 
1.41709e-16 -0.229753 0.973249 
1.41709e-16 -0.229753 0.973249 
5.39216e-23 -8.74228e-08 1 
-1.41709e-16 0.229753 0.973249 
5.39216e-23 -8.74228e-08 1 
2.75837e-16 -0.447214 0.894427 
3.82846e-16 -0.620706 0.784043 
2.75837e-16 -0.447214 0.894427 
2.75837e-16 -0.447214 0.894427 
5.92227e-16 -0.960176 0.279396 
5.44458e-16 -0.882727 0.469886 
5.44458e-16 -0.882727 0.469886 
4.73666e-16 -0.767953 0.640506 
3.82846e-16 -0.620706 0.784043 
4.73666e-16 -0.767953 0.640506 
6.11679e-16 -0.991713 -0.12847 
5.8254e-16 -0.944469 -0.328601 
6.11679e-16 -0.991713 -0.12847 
5.92227e-16 -0.960176 0.279397 
6.14955e-16 -0.997024 0.0770934 
6.14955e-16 -0.997024 0.0770934 
4.52636e-16 -0.733857 -0.679304 
4.52636e-16 -0.733857 -0.679304 
3.57366e-16 -0.579396 -0.815046 
5.28767e-16 -0.857288 -0.514837 
5.8254e-16 -0.944469 -0.328601 
5.28767e-16 -0.857288 -0.514837 
3.57366e-16 -0.579396 -0.815046 
2.46985e-16 -0.400435 -0.916325 
2.46985e-16 -0.400435 -0.916325 
1.26159e-16 -0.204542 -0.978858 
1.26159e-16 -0.204542 -0.978858 
6.46263e-23 -1.04778e-07 -1 
-2.29482e-22 3.72059e-07 -1 
-1.37249e-16 0.222521 -0.974928 
-3.67756e-24 5.96242e-09 -1 
-3.67756e-24 5.96242e-09 -1 
-4.82226e-16 0.781832 -0.62349 
-3.84563e-16 0.62349 -0.781831 
-3.84563e-16 0.62349 -0.781831 
-2.67615e-16 0.433884 -0.900969 
-1.37249e-16 0.222521 -0.974928 
-2.67615e-16 0.433884 -0.900969 
-6.01326e-16 0.974928 -0.222521 
-6.01326e-16 0.974928 -0.222521 
-5.55709e-16 0.900969 -0.433884 
-4.82226e-16 0.781831 -0.62349 
-5.55709e-16 0.900969 -0.433884 
-6.16791e-16 1 -6.95355e-08 
-6.16791e-16 1 -6.95355e-08 
-6.01099e-16 0.974559 0.224129 
-6.16791e-16 1 -1.03338e-07 
-6.16791e-16 1 -1.03338e-07 
-3.81372e-16 0.618317 0.785929 
-4.80317e-16 0.778736 0.627352 
-4.80317e-16 0.778736 0.627352 
-5.54823e-16 0.899532 0.436854 
-6.01099e-16 0.974559 0.224129 
-5.54823e-16 0.899532 0.436854 
-1.3129e-16 0.212859 0.977083 
7.12319e-18 -0.0115488 0.999933 
-1.3129e-16 0.212859 0.977083 
-3.81372e-16 0.618317 0.785929 
-2.63022e-16 0.426437 0.904517 
-2.63022e-16 0.426437 0.904517 
1.45173e-16 -0.235369 0.971906 
1.45173e-16 -0.235369 0.971906 
7.12319e-18 -0.0115488 0.999933 
2.75837e-16 -0.447213 0.894427 
2.75837e-16 -0.447213 0.894427 
1.2616e-16 -0.204542 0.978858 
2.54151e-23 -4.12053e-08 1 
2.54151e-23 -4.12053e-08 1 
4.52636e-16 -0.733857 0.679303 
3.57366e-16 -0.579396 0.815046 
3.57366e-16 -0.579396 0.815046 
2.46985e-16 -0.400435 0.916325 
1.2616e-16 -0.204542 0.978858 
2.46985e-16 -0.400435 0.916325 
5.82539e-16 -0.944469 0.328601 
6.11679e-16 -0.991713 0.12847 
5.82539e-16 -0.944469 0.328601 
4.52636e-16 -0.733857 0.679304 
5.28767e-16 -0.857288 0.514837 
5.28767e-16 -0.857288 0.514837 
5.92227e-16 -0.960176 -0.279397 
5.92227e-16 -0.960176 -0.279397 
5.44458e-16 -0.882727 -0.469886 
6.14955e-16 -0.997024 -0.0770933 
6.11679e-16 -0.991713 0.12847 
6.14955e-16 -0.997024 -0.0770933 
5.44458e-16 -0.882727 -0.469886 
4.73666e-16 -0.767953 -0.640506 
4.73666e-16 -0.767953 -0.640506 
3.82846e-16 -0.620706 -0.784043 
3.82846e-16 -0.620706 -0.784043 
2.75837e-16 -0.447214 -0.894427 
2.75837e-16 -0.447213 -0.894427 
1.45173e-16 -0.235369 -0.971906 
2.75837e-16 -0.447214 -0.894427 
2.75837e-16 -0.447214 -0.894427 
-2.63022e-16 0.426437 -0.904517 
-1.3129e-16 0.212859 -0.977083 
-1.3129e-16 0.212859 -0.977083 
7.12308e-18 -0.0115486 -0.999933 
1.45173e-16 -0.235369 -0.971906 
7.12308e-18 -0.0115486 -0.999933 
-4.80317e-16 0.778736 -0.627352 
-5.54823e-16 0.899532 -0.436854 
-4.80317e-16 0.778736 -0.627352 
-2.63022e-16 0.426437 -0.904517 
-3.81372e-16 0.618317 -0.785929 
-3.81372e-16 0.618317 -0.785929 
-6.01099e-16 0.974559 -0.224129 
-6.01099e-16 0.974559 -0.224129 
-5.54823e-16 0.899532 -0.436854 
-6.16791e-16 1 -1.98654e-07 
-6.16791e-16 1 -1.98654e-07 
-6.01326e-16 0.974928 0.222521 
-6.16791e-16 1 5.96246e-09 
-6.16791e-16 1 5.96246e-09 
-3.84563e-16 0.62349 0.781832 
-4.82226e-16 0.781831 0.62349 
-4.82226e-16 0.781831 0.62349 
-5.55709e-16 0.900969 0.433884 
-6.01326e-16 0.974928 0.222521 
-5.55709e-16 0.900969 0.433884 
-1.37249e-16 0.222521 0.974928 
-1.37249e-16 0.222521 0.974928 
-2.67615e-16 0.433884 0.900969 
-3.84563e-16 0.62349 0.781831 
-2.67615e-16 0.433884 0.900969 
-4.28888e-23 6.95354e-08 1 
-4.28888e-23 6.95354e-08 1 
6.01099e-16 -0.974559 -0.224129 
6.16791e-16 -1 1.03338e-07 
6.16791e-16 -1 1.03338e-07 
3.81372e-16 -0.618317 -0.785929 
4.80317e-16 -0.778736 -0.627352 
4.80317e-16 -0.778736 -0.627352 
5.54823e-16 -0.899532 -0.436854 
6.01099e-16 -0.974559 -0.224129 
5.54823e-16 -0.899532 -0.436854 
1.3129e-16 -0.212859 -0.977083 
-7.12319e-18 0.0115488 -0.999933 
1.3129e-16 -0.212859 -0.977083 
3.81372e-16 -0.618317 -0.785929 
2.63022e-16 -0.426437 -0.904517 
2.63022e-16 -0.426437 -0.904517 
-1.45173e-16 0.235369 -0.971906 
-1.45173e-16 0.235369 -0.971906 
-7.12319e-18 0.0115488 -0.999933 
-2.75837e-16 0.447213 -0.894427 
-2.75837e-16 0.447213 -0.894427 
-3.82846e-16 0.620706 -0.784043 
-2.75837e-16 0.447214 -0.894427 
-2.75837e-16 0.447214 -0.894427 
-5.92227e-16 0.960176 -0.279396 
-5.44458e-16 0.882727 -0.469886 
-5.44458e-16 0.882727 -0.469886 
-4.73666e-16 0.767953 -0.640506 
-3.82846e-16 0.620706 -0.784043 
-4.73666e-16 0.767953 -0.640506 
-6.11679e-16 0.991713 0.12847 
-5.8254e-16 0.944469 0.328601 
-6.11679e-16 0.991713 0.12847 
-5.92227e-16 0.960176 -0.279397 
-6.14955e-16 0.997024 -0.0770934 
-6.14955e-16 0.997024 -0.0770934 
-4.52636e-16 0.733857 0.679304 
-4.52636e-16 0.733857 0.679304 
-3.57366e-16 0.579396 0.815046 
-5.28767e-16 0.857288 0.514837 
-5.8254e-16 0.944469 0.328601 
-5.28767e-16 0.857288 0.514837 
-3.57366e-16 0.579396 0.815046 
-2.46985e-16 0.400435 0.916325 
-2.46985e-16 0.400435 0.916325 
-1.26159e-16 0.204542 0.978858 
-1.26159e-16 0.204542 0.978858 
-6.46263e-23 1.04778e-07 1 
2.29482e-22 -3.72059e-07 1 
1.37249e-16 -0.222521 0.974928 
3.67759e-24 -5.96246e-09 1 
3.67759e-24 -5.96246e-09 1 
4.82226e-16 -0.781832 0.62349 
3.84563e-16 -0.62349 0.781831 
3.84563e-16 -0.62349 0.781831 
2.67615e-16 -0.433884 0.900969 
1.37249e-16 -0.222521 0.974928 
2.67615e-16 -0.433884 0.900969 
6.01326e-16 -0.974928 0.222521 
6.01326e-16 -0.974928 0.222521 
5.55709e-16 -0.900969 0.433884 
4.82226e-16 -0.781831 0.62349 
5.55709e-16 -0.900969 0.433884 
6.16791e-16 -1 6.95354e-08 
6.16791e-16 -1 6.95354e-08 
-1.2616e-16 0.204542 -0.978858 
-2.54151e-23 4.12054e-08 -1 
-2.54151e-23 4.12054e-08 -1 
-4.52636e-16 0.733857 -0.679303 
-3.57366e-16 0.579396 -0.815046 
-3.57366e-16 0.579396 -0.815046 
-2.46985e-16 0.400435 -0.916325 
-1.2616e-16 0.204542 -0.978858 
-2.46985e-16 0.400435 -0.916325 
-5.82539e-16 0.944469 -0.328601 
-6.11679e-16 0.991713 -0.12847 
-5.82539e-16 0.944469 -0.328601 
-4.52636e-16 0.733857 -0.679304 
-5.28767e-16 0.857288 -0.514837 
-5.28767e-16 0.857288 -0.514837 
-5.92227e-16 0.960176 0.279397 
-5.92227e-16 0.960176 0.279397 
-5.44458e-16 0.882727 0.469886 
-6.14955e-16 0.997024 0.0770933 
-6.11679e-16 0.991713 -0.12847 
-6.14955e-16 0.997024 0.0770933 
-5.44458e-16 0.882727 0.469886 
-4.73666e-16 0.767953 0.640506 
-4.73666e-16 0.767953 0.640506 
-3.82846e-16 0.620706 0.784043 
-3.82846e-16 0.620706 0.784043 
-2.75837e-16 0.447214 0.894427 
-2.75837e-16 0.447213 0.894427 
-1.45173e-16 0.235369 0.971906 
-2.75837e-16 0.447214 0.894427 
-2.75837e-16 0.447214 0.894427 
2.63022e-16 -0.426437 0.904517 
1.3129e-16 -0.212859 0.977083 
1.3129e-16 -0.212859 0.977083 
-7.12308e-18 0.0115486 0.999933 
-1.45173e-16 0.235369 0.971906 
-7.12308e-18 0.0115486 0.999933 
4.80317e-16 -0.778736 0.627352 
5.54823e-16 -0.899532 0.436854 
4.80317e-16 -0.778736 0.627352 
2.63022e-16 -0.426437 0.904517 
3.81372e-16 -0.618317 0.785929 
3.81372e-16 -0.618317 0.785929 
6.01099e-16 -0.974559 0.224129 
6.01099e-16 -0.974559 0.224129 
5.54823e-16 -0.899532 0.436854 
6.16791e-16 -1 1.98654e-07 
6.16791e-16 -1 1.98654e-07 
6.01326e-16 -0.974928 -0.222521 
6.16791e-16 -1 -5.96244e-09 
6.16791e-16 -1 -5.96244e-09 
3.84563e-16 -0.62349 -0.781832 
4.82226e-16 -0.781831 -0.62349 
4.82226e-16 -0.781831 -0.62349 
5.55709e-16 -0.900969 -0.433884 
6.01326e-16 -0.974928 -0.222521 
5.55709e-16 -0.900969 -0.433884 
1.37249e-16 -0.222521 -0.974928 
1.37249e-16 -0.222521 -0.974928 
2.67615e-16 -0.433884 -0.900969 
3.84563e-16 -0.62349 -0.781831 
2.67615e-16 -0.433884 -0.900969 
4.28888e-23 -6.95355e-08 -1 
4.28888e-23 -6.95355e-08 -1 
0.173634 -0.98481 1.07544e-16 
6.16791e-16 -1 1.09202e-16 
-4.57472e-12 -1 1.09202e-16 
0.642744 -0.766081 8.36578e-17 
0.499963 -0.866047 9.45743e-17 
0.5 -0.866025 9.45719e-17 
0.341993 -0.939702 1.02618e-16 
0.173648 -0.984808 1.07543e-16 
0.34202 -0.939693 1.02617e-16 
0.866025 -0.5 5.46011e-17 
0.939659 -0.342114 3.73596e-17 
0.865983 -0.500074 5.46092e-17 
0.642788 -0.766044 8.36538e-17 
0.766044 -0.642788 7.01939e-17 
0.765999 -0.642842 7.01998e-17 
1 -0.000128225 1.40025e-20 
1 -7.54979e-08 8.24454e-24 
0.984832 0.173508 -1.89475e-17 
0.984788 -0.17376 1.8975e-17 
0.939693 -0.34202 3.73494e-17 
0.984808 -0.173648 1.89628e-17 
0.766163 0.642646 -7.01784e-17 
0.866111 0.499852 -5.4585e-17 
0.866025 0.5 -5.46011e-17 
0.939693 0.34202 -3.73494e-17 
0.939746 0.341873 -3.73333e-17 
0.984808 0.173648 -1.89628e-17 
0.5 0.866025 -9.45719e-17 
0.342234 0.939615 -1.02608e-16 
0.500185 0.865919 -9.45603e-17 
0.766044 0.642788 -7.01939e-17 
0.642788 0.766044 -8.36538e-17 
0.64294 0.765916 -8.36398e-17 
0.000256451 1 -1.09202e-16 
-8.74228e-08 1 -1.09202e-16 
-0.173381 0.984855 -1.07548e-16 
0.173887 0.984766 -1.07539e-16 
0.34202 0.939693 -1.02617e-16 
0.173648 0.984808 -1.07543e-16 
-0.642547 0.766246 -8.36758e-17 
-0.499741 0.866175 -9.45883e-17 
-0.5 0.866026 -9.4572e-17 
-0.34202 0.939693 -1.02617e-16 
-0.341752 0.93979 -1.02627e-16 
-0.173648 0.984808 -1.07543e-16 
-0.866025 0.5 -5.46011e-17 
-0.939571 0.342355 -3.73859e-17 
-0.865854 0.500296 -5.46335e-17 
-0.642788 0.766044 -8.36538e-17 
-0.766045 0.642788 -7.01939e-17 
-0.765834 0.643038 -7.02213e-17 
-1 0.00038861 -4.24371e-20 
-1 -1.19249e-08 1.30222e-24 
-0.984867 -0.173313 1.89262e-17 
-0.984743 0.174013 -1.90026e-17 
-0.939693 0.34202 -3.73494e-17 
-0.984808 0.173648 -1.89628e-17 
-0.984808 -0.173648 1.89628e-17 
-0.939795 -0.341739 3.73187e-17 
-0.866153 -0.499778 5.45769e-17 
-0.939693 -0.34202 3.73494e-17 
-0.866025 -0.5 5.46011e-17 
-0.766182 -0.642624 7.0176e-17 
-0.766044 -0.642788 7.01939e-17 
-0.642918 -0.765935 8.36418e-17 
-0.500111 -0.865961 9.45649e-17 
-0.642788 -0.766044 8.36538e-17 
-0.5 -0.866026 9.4572e-17 
-0.342101 -0.939663 1.02613e-16 
-0.34202 -0.939693 1.02617e-16 
-0.17369 -0.9848 1.07542e-16 
-0.173648 -0.984808 1.07543e-16 
-0.173299 -0.984869 -1.0755e-16 
-0.000375597 -1 -1.09202e-16 
0.000375422 -1 -1.09202e-16 
-0.173998 -0.984746 -1.07537e-16 
-0.341706 -0.939807 -1.02629e-16 
-0.499729 -0.866182 -9.4589e-17 
-0.342334 -0.939578 -1.02604e-16 
-0.642564 -0.766232 -8.36743e-17 
-0.500271 -0.865869 -9.45548e-17 
-0.643011 -0.765857 -8.36333e-17 
-0.76587 -0.642995 -7.02165e-17 
-0.8659 -0.500217 -5.46248e-17 
-0.766219 -0.64258 -7.01712e-17 
-0.939614 -0.342236 -3.73729e-17 
-0.866151 -0.499783 -5.45774e-17 
-0.939771 -0.341805 -3.73258e-17 
-0.984771 -0.173854 -1.89852e-17 
-1 -0.000187862 -2.05149e-20 
-0.984844 -0.173443 -1.89404e-17 
-0.984837 0.173484 1.89448e-17 
-1 0.000187409 2.04655e-20 
-0.939643 0.342157 3.73643e-17 
-0.984779 0.173813 1.89807e-17 
-0.939743 0.341883 3.73344e-17 
-0.865963 0.500109 5.4613e-17 
-0.866088 0.499892 5.45893e-17 
-0.765977 0.642868 7.02026e-17 
-0.642723 0.766098 8.36597e-17 
-0.766111 0.642708 7.01852e-17 
-0.642852 0.765991 8.36479e-17 
-0.499946 0.866057 9.45754e-17 
-0.500054 0.865994 9.45685e-17 
-0.341981 0.939707 1.02618e-16 
-0.173628 0.984811 1.07544e-16 
-0.342059 0.939678 1.02615e-16 
-0.173669 0.984804 1.07543e-16 
1.74846e-07 1 1.09202e-16 
1.74846e-07 1 1.09202e-16 
0.173299 -0.984869 -1.0755e-16 
0.341707 -0.939807 -1.02629e-16 
0.173997 -0.984746 -1.07537e-16 
0.499729 -0.866182 -9.4589e-17 
0.342334 -0.939578 -1.02604e-16 
0.500271 -0.865869 -9.45548e-17 
0.642564 -0.766232 -8.36743e-17 
0.76587 -0.642995 -7.02165e-17 
0.643011 -0.765857 -8.36333e-17 
0.8659 -0.500217 -5.46248e-17 
0.766219 -0.64258 -7.01712e-17 
0.86615 -0.499783 -5.45775e-17 
0.939614 -0.342236 -3.73729e-17 
0.984771 -0.173854 -1.89852e-17 
0.939771 -0.341805 -3.73258e-17 
1 -0.000187798 -2.0508e-20 
0.984844 -0.173443 -1.89404e-17 
1 0.000187711 2.04985e-20 
0.984837 0.173484 1.89448e-17 
0.984779 0.173812 1.89807e-17 
0.939643 0.342157 3.73644e-17 
0.939743 0.341883 3.73344e-17 
0.865963 0.500108 5.4613e-17 
0.765977 0.642868 7.02026e-17 
0.866088 0.499892 5.45893e-17 
0.766111 0.642708 7.01851e-17 
0.642724 0.766098 8.36597e-17 
0.642852 0.765991 8.36479e-17 
0.499946 0.866057 9.45754e-17 
0.341981 0.939707 1.02618e-16 
0.500054 0.865994 9.45685e-17 
0.342059 0.939678 1.02615e-16 
0.173628 0.984811 1.07544e-16 
0.173669 0.984804 1.07543e-16 
-0.173299 0.984869 1.32247e-15 
-0.000229208 1 1.34278e-15 
0.000375422 1 1.34278e-15 
-0.173861 0.98477 1.32233e-15 
-0.341706 0.939807 1.26196e-15 
-0.499729 0.866182 1.16309e-15 
-0.342212 0.939623 1.26171e-15 
-0.642564 0.766232 1.02888e-15 
-0.500166 0.86593 1.16276e-15 
-0.642924 0.76593 1.02848e-15 
-0.76587 0.642995 8.63403e-16 
-0.766151 0.642661 8.62954e-16 
-0.8659 0.500217 6.71683e-16 
-0.866102 0.499868 6.71214e-16 
-0.939741 0.341888 4.59082e-16 
-0.939614 0.342236 4.59548e-16 
-0.984771 0.173854 2.33448e-16 
-0.98483 0.173523 2.33003e-16 
-1 0.000187862 2.52258e-19 
-1 -0.000114453 -1.53685e-19 
-0.984837 -0.173484 -2.32951e-16 
-0.98479 -0.173749 -2.33307e-16 
-0.939662 -0.342104 -4.59371e-16 
-0.939743 -0.341883 -4.59075e-16 
-0.866088 -0.499892 -6.71246e-16 
-0.865987 -0.500066 -6.7148e-16 
-0.766111 -0.642708 -8.63017e-16 
-0.766003 -0.642836 -8.6319e-16 
-0.642749 -0.766077 -1.02868e-15 
-0.642852 -0.765991 -1.02856e-15 
-0.500054 -0.865994 -1.16284e-15 
-0.499967 -0.866045 -1.16291e-15 
-0.342059 -0.939678 -1.26178e-15 
-0.341996 -0.939701 -1.26182e-15 
-0.173636 -0.98481 -1.32239e-15 
-0.173669 -0.984804 -1.32238e-15 
1.74846e-07 -1 -1.34278e-15 
1.74846e-07 -1 -1.34278e-15 
0.17341 0.98485 1.32244e-15 
0.341781 0.93978 1.26192e-15 
0.173997 0.984746 1.3223e-15 
0.499768 0.866159 1.16306e-15 
0.342334 0.939578 1.26165e-15 
0.500271 0.865869 1.16267e-15 
0.642573 0.766225 1.02887e-15 
0.765856 0.643012 8.63426e-16 
0.643011 0.765857 1.02838e-15 
0.865872 0.500265 6.71747e-16 
0.766219 0.64258 8.62845e-16 
0.86615 0.499783 6.71101e-16 
0.939584 0.342319 4.59661e-16 
0.98475 0.173974 2.33609e-16 
0.939771 0.341805 4.5897e-16 
1 0.000346943 4.65869e-19 
0.984844 0.173443 2.32896e-16 
1 -0.000187711 -2.52055e-19 
0.984861 -0.173347 -2.32767e-16 
0.939784 -0.341769 -4.58921e-16 
0.984779 -0.173812 -2.33392e-16 
0.86614 -0.499801 -6.71125e-16 
0.939643 -0.342157 -4.59443e-16 
0.765977 -0.642868 -8.63232e-16 
0.865963 -0.500108 -6.71537e-16 
0.766167 -0.642641 -8.62928e-16 
0.642724 -0.766098 -1.0287e-15 
0.642905 -0.765946 -1.0285e-15 
0.499946 -0.866057 -1.16293e-15 
0.341981 -0.939707 -1.26182e-15 
0.500099 -0.865968 -1.16281e-15 
0.342092 -0.939666 -1.26177e-15 
0.173628 -0.984811 -1.32239e-15 
0.173686 -0.984801 -1.32237e-15 
0.173648 0.984808 -1.32238e-15 
-6.1679e-16 1 -1.34278e-15 
-4.57596e-12 1 -1.34278e-15 
0.642788 0.766044 -1.02863e-15 
0.5 0.866025 -1.16288e-15 
0.5 0.866025 -1.16288e-15 
0.34202 0.939693 -1.2618e-15 
0.173648 0.984808 -1.32238e-15 
0.34202 0.939693 -1.2618e-15 
0.866025 0.5 -6.71392e-16 
0.939693 0.34202 -4.59259e-16 
0.866025 0.5 -6.71392e-16 
0.642788 0.766044 -1.02863e-15 
0.766044 0.642788 -8.63125e-16 
0.766044 0.642788 -8.63124e-16 
1 -4.37114e-08 5.86949e-23 
1 7.54979e-08 -1.01377e-22 
0.984808 -0.173648 2.33172e-16 
0.984808 0.173648 -2.33172e-16 
0.939693 0.34202 -4.59259e-16 
0.984808 0.173648 -2.33172e-16 
0.766044 -0.642788 8.63125e-16 
0.866025 -0.5 6.71392e-16 
0.866025 -0.5 6.71392e-16 
0.939693 -0.34202 4.59259e-16 
0.939693 -0.34202 4.59259e-16 
0.984808 -0.173648 2.33172e-16 
0.5 -0.866025 1.16288e-15 
0.34202 -0.939693 1.2618e-15 
0.5 -0.866025 1.16288e-15 
0.766044 -0.642788 8.63125e-16 
0.642788 -0.766044 1.02863e-15 
0.642788 -0.766044 1.02863e-15 
-8.74228e-08 -1 1.34278e-15 
-8.74228e-08 -1 1.34278e-15 
-0.173648 -0.984808 1.32238e-15 
0.173648 -0.984808 1.32238e-15 
0.34202 -0.939693 1.2618e-15 
0.173648 -0.984808 1.32238e-15 
-0.642788 -0.766044 1.02863e-15 
-0.5 -0.866025 1.16288e-15 
-0.5 -0.866026 1.16288e-15 
-0.34202 -0.939693 1.2618e-15 
-0.34202 -0.939693 1.2618e-15 
-0.173648 -0.984808 1.32238e-15 
-0.866025 -0.5 6.71392e-16 
-0.939692 -0.342021 4.59259e-16 
-0.866025 -0.5 6.71392e-16 
-0.642788 -0.766044 1.02863e-15 
-0.766045 -0.642788 8.63124e-16 
-0.766045 -0.642788 8.63124e-16 
-1 1.19249e-08 -1.60125e-23 
-1 1.19249e-08 -1.60125e-23 
-0.984808 0.173648 -2.33172e-16 
-0.984808 -0.173648 2.33172e-16 
-0.939693 -0.34202 4.59259e-16 
-0.984808 -0.173648 2.33172e-16 
-0.984808 0.173648 -2.33172e-16 
-0.939693 0.34202 -4.59259e-16 
-0.866025 0.5 -6.71392e-16 
-0.939693 0.34202 -4.59259e-16 
-0.866025 0.5 -6.71392e-16 
-0.766044 0.642788 -8.63124e-16 
-0.766044 0.642788 -8.63124e-16 
-0.642788 0.766044 -1.02863e-15 
-0.5 0.866026 -1.16288e-15 
-0.642788 0.766044 -1.02863e-15 
-0.5 0.866026 -1.16288e-15 
-0.34202 0.939693 -1.2618e-15 
-0.34202 0.939693 -1.2618e-15 
-0.173648 0.984808 -1.32238e-15 
-0.173648 0.984808 -1.32238e-15 
0.294188 0.305754 0.905521 
1.34806e-13 0.319911 0.947448 
-2.92586e-11 0.319911 0.947448 
0.930723 0.116999 0.346504 
0.781565 0.199568 0.59104 
0.781832 0.199461 0.590724 
0.562948 0.264404 0.783059 
0.294755 0.305698 0.905355 
0.56332 0.264323 0.782818 
0.974928 -0.0711868 -0.210827 
0.866236 -0.159838 -0.473378 
0.975021 -0.0710558 -0.210439 
0.930874 0.116876 0.346141 
0.997204 0.023907 0.0708029 
0.997172 0.0240439 0.0712083 
0.149345 -0.316323 -0.936822 
0.433884 -0.288229 -0.853621 
0.149042 -0.316337 -0.936866 
0.434246 -0.288174 -0.853456 
0.680498 -0.234414 -0.694242 
0.680173 -0.234511 -0.694528 
-0.680173 -0.234511 -0.694528 
-0.680045 -0.234549 -0.694641 
-0.433884 -0.288229 -0.853621 
-0.149042 -0.316337 -0.936866 
-0.433752 -0.28825 -0.853681 
-0.148841 -0.316347 -0.936894 
-0.974928 -0.0711867 -0.210827 
-0.997216 0.0238562 0.0706526 
-0.974878 -0.0712564 -0.211033 
-0.865911 -0.160019 -0.473912 
-0.866025 -0.159955 -0.473724 
-0.930874 0.116876 0.346142 
-0.930907 0.116849 0.346061 
-0.997204 0.023907 0.070803 
-0.781868 0.199446 0.590681 
-0.781831 0.199461 0.590724 
-0.56332 0.264323 0.782818 
-0.563374 0.264311 0.782783 
-0.294755 0.305698 0.905355 
-0.294807 0.305693 0.90534 
0.866026 -0.159955 -0.473724 
0.294188 0.779612 0.552864 
6.7498e-14 0.815709 0.578463 
-2.92589e-11 0.815709 0.578463 
0.930723 0.298324 0.211558 
0.781565 0.508858 0.360858 
0.781832 0.508586 0.360666 
0.562948 0.674177 0.478095 
0.294755 0.779469 0.552763 
0.56332 0.67397 0.477948 
0.974928 -0.181512 -0.12872 
0.866236 -0.407557 -0.28902 
0.975021 -0.181178 -0.128483 
0.930874 0.298012 0.211336 
0.997204 0.060958 0.0432286 
0.997172 0.0613071 0.0434761 
0.149345 -0.806561 -0.571975 
0.433884 -0.734928 -0.521177 
0.149042 -0.806598 -0.572002 
0.434246 -0.734786 -0.521076 
0.680498 -0.597711 -0.423868 
0.680173 -0.597957 -0.424043 
-0.680173 -0.597957 -0.424043 
-0.680045 -0.598054 -0.424112 
-0.433884 -0.734928 -0.521177 
-0.149042 -0.806598 -0.572002 
-0.433752 -0.73498 -0.521213 
-0.148841 -0.806623 -0.572019 
-0.974928 -0.181512 -0.12872 
-0.997216 0.0608286 0.0431368 
-0.974878 -0.18169 -0.128846 
-0.865911 -0.408017 -0.289346 
-0.866025 -0.407855 -0.289231 
-0.930874 0.298012 0.211336 
-0.930907 0.297943 0.211287 
-0.997204 0.0609582 0.0432287 
-0.781868 0.508549 0.360639 
-0.781831 0.508586 0.360666 
-0.56332 0.67397 0.477948 
-0.563374 0.67394 0.477927 
-0.294755 0.779469 0.552763 
-0.294807 0.779456 0.552754 
0.866026 -0.407854 -0.289231 
0.294188 -0.284892 0.912299 
6.41327e-14 -0.298083 0.95454 
-2.92582e-11 -0.298083 0.95454 
0.930723 -0.109016 0.349098 
0.781565 -0.185951 0.595464 
0.781832 -0.185852 0.595146 
0.562948 -0.246363 0.78892 
0.294755 -0.28484 0.912133 
0.56332 -0.246288 0.788678 
0.974928 0.0663297 -0.212405 
0.866236 0.148933 -0.476922 
0.975021 0.0662076 -0.212014 
0.930874 -0.108902 0.348733 
0.997204 -0.0222758 0.0713329 
0.997172 -0.0224033 0.0717414 
0.149345 0.29474 -0.943835 
0.433884 0.268563 -0.860011 
0.149042 0.294753 -0.943879 
0.434246 0.268511 -0.859844 
0.680498 0.21842 -0.699439 
0.680173 0.21851 -0.699727 
-0.680173 0.21851 -0.699727 
-0.680045 0.218545 -0.69984 
-0.433884 0.268563 -0.860011 
-0.149042 0.294753 -0.943879 
-0.433752 0.268582 -0.860071 
-0.148841 0.294762 -0.943908 
-0.974928 0.0663295 -0.212405 
-0.997216 -0.0222285 0.0711815 
-0.974878 0.0663945 -0.212613 
-0.865911 0.149101 -0.47746 
-0.866025 0.149041 -0.47727 
-0.930874 -0.108902 0.348733 
-0.930907 -0.108877 0.348652 
-0.997204 -0.0222758 0.0713331 
-0.781868 -0.185838 0.595103 
-0.781831 -0.185852 0.595146 
-0.56332 -0.246288 0.788678 
-0.563374 -0.246277 0.788643 
-0.294755 -0.28484 0.912133 
-0.294807 -0.284835 0.912117 
0.866026 0.149041 -0.47727 
0.294188 -0.779612 -0.552864 
-5.93934e-14 -0.815709 -0.578463 
-2.93273e-11 -0.815709 -0.578463 
0.930723 -0.298324 -0.211558 
0.781565 -0.508858 -0.360858 
0.781832 -0.508586 -0.360666 
0.562948 -0.674177 -0.478095 
0.294755 -0.779469 -0.552763 
0.56332 -0.67397 -0.477948 
0.974928 0.181512 0.12872 
0.866236 0.407557 0.28902 
0.975021 0.181178 0.128483 
0.930874 -0.298012 -0.211336 
0.997204 -0.060958 -0.0432286 
0.997172 -0.0613071 -0.0434761 
0.149345 0.806561 0.571975 
0.433884 0.734928 0.521177 
0.149042 0.806598 0.572002 
0.434246 0.734786 0.521076 
0.680498 0.597711 0.423868 
0.680173 0.597957 0.424043 
-0.680173 0.597957 0.424043 
-0.680045 0.598054 0.424112 
-0.433884 0.734928 0.521177 
-0.149042 0.806598 0.572002 
-0.433752 0.73498 0.521213 
-0.148841 0.806623 0.572019 
-0.974928 0.181512 0.12872 
-0.997216 -0.0608286 -0.0431368 
-0.974878 0.18169 0.128846 
-0.865911 0.408017 0.289346 
-0.866025 0.407855 0.289231 
-0.930874 -0.298012 -0.211336 
-0.930907 -0.297943 -0.211287 
-0.997204 -0.0609582 -0.0432287 
-0.781868 -0.508549 -0.360639 
-0.781831 -0.508586 -0.360666 
-0.56332 -0.67397 -0.477948 
-0.563374 -0.67394 -0.477927 
-0.294755 -0.779469 -0.552763 
-0.294807 -0.779456 -0.552754 
0.866026 0.407854 0.289231 
0.294188 -0.305754 -0.905521 
1.97318e-16 -0.319911 -0.947448 
-2.92619e-11 -0.319911 -0.947448 
0.930723 -0.116999 -0.346504 
0.781565 -0.199568 -0.59104 
0.781832 -0.199461 -0.590724 
0.562948 -0.264404 -0.783059 
0.294755 -0.305698 -0.905355 
0.56332 -0.264323 -0.782818 
0.974928 0.0711868 0.210827 
0.866236 0.159838 0.473378 
0.975021 0.0710558 0.210439 
0.930874 -0.116876 -0.346141 
0.997204 -0.023907 -0.0708029 
0.997172 -0.0240439 -0.0712083 
0.149345 0.316323 0.936822 
0.433884 0.288229 0.853621 
0.149042 0.316337 0.936866 
0.434246 0.288174 0.853456 
0.680498 0.234414 0.694242 
0.680173 0.234511 0.694528 
-0.680173 0.234511 0.694528 
-0.680045 0.234549 0.694641 
-0.433884 0.288229 0.853621 
-0.149042 0.316337 0.936866 
-0.433752 0.28825 0.853681 
-0.148841 0.316347 0.936894 
-0.974928 0.0711867 0.210827 
-0.997216 -0.0238562 -0.0706526 
-0.974878 0.0712564 0.211033 
-0.865911 0.160019 0.473912 
-0.866025 0.159955 0.473724 
-0.930874 -0.116876 -0.346142 
-0.930907 -0.116849 -0.346061 
-0.997204 -0.023907 -0.070803 
-0.781868 -0.199446 -0.590681 
-0.781831 -0.199461 -0.590724 
-0.56332 -0.264323 -0.782818 
-0.563374 -0.264311 -0.782783 
-0.294755 -0.305698 -0.905355 
-0.294807 -0.305693 -0.90534 
0.866026 0.159955 0.473724 
0.294188 0.284892 -0.912299 
-1.83854e-16 0.298083 -0.95454 
-2.92623e-11 0.298083 -0.95454 
0.930723 0.109016 -0.349098 
0.781565 0.185951 -0.595464 
0.781832 0.185852 -0.595146 
0.562948 0.246363 -0.78892 
0.294755 0.28484 -0.912133 
0.56332 0.246288 -0.788678 
0.974928 -0.0663297 0.212405 
0.866236 -0.148933 0.476922 
0.975021 -0.0662076 0.212014 
0.930874 0.108902 -0.348733 
0.997204 0.0222758 -0.0713329 
0.997172 0.0224033 -0.0717414 
0.149345 -0.29474 0.943835 
0.433884 -0.268563 0.860011 
0.149042 -0.294753 0.943879 
0.434246 -0.268511 0.859844 
0.680498 -0.21842 0.699439 
0.680173 -0.21851 0.699727 
-0.680173 -0.21851 0.699727 
-0.680045 -0.218545 0.69984 
-0.433884 -0.268563 0.860011 
-0.149042 -0.294753 0.943879 
-0.433752 -0.268582 0.860071 
-0.148841 -0.294762 0.943908 
-0.974928 -0.0663295 0.212405 
-0.997216 0.0222285 -0.0711815 
-0.974878 -0.0663945 0.212613 
-0.865911 -0.149101 0.47746 
-0.866025 -0.149041 0.47727 
-0.930874 0.108902 -0.348733 
-0.930907 0.108877 -0.348652 
-0.997204 0.0222758 -0.0713331 
-0.781868 0.185838 -0.595103 
-0.781831 0.185852 -0.595146 
-0.56332 0.246288 -0.788678 
-0.563374 0.246277 -0.788643 
-0.294755 0.28484 -0.912133 
-0.294807 0.284835 -0.912117 
0.866026 -0.149041 0.47727 
0.294188 0.766719 -0.570611 
2.55831e-15 0.802219 -0.59703 
-2.92626e-11 0.802219 -0.59703 
0.930723 0.29339 -0.218348 
0.781565 0.500443 -0.372441 
0.781832 0.500175 -0.372242 
0.562948 0.663028 -0.493441 
0.294755 0.766578 -0.570506 
0.56332 0.662824 -0.49329 
0.974928 -0.17851 0.132852 
0.866236 -0.400816 0.298297 
0.975021 -0.178182 0.132607 
0.930874 0.293083 -0.21812 
0.997204 0.0599499 -0.0446162 
0.997172 0.0602932 -0.0448717 
0.149345 -0.793222 0.590335 
0.433884 -0.722774 0.537906 
0.149042 -0.793258 0.590362 
0.434246 -0.722634 0.537802 
0.680498 -0.587826 0.437474 
0.680173 -0.588068 0.437654 
-0.680173 -0.588068 0.437654 
-0.680045 -0.588163 0.437725 
-0.433884 -0.722774 0.537906 
-0.149042 -0.793258 0.590362 
-0.433752 -0.722825 0.537944 
-0.148841 -0.793283 0.59038 
-0.974928 -0.17851 0.132852 
-0.997216 0.0598226 -0.0445214 
-0.974878 -0.178685 0.132982 
-0.865911 -0.401269 0.298634 
-0.866025 -0.40111 0.298515 
-0.930874 0.293083 -0.21812 
-0.930907 0.293015 -0.218069 
-0.997204 0.05995 -0.0446163 
-0.781868 0.500139 -0.372215 
-0.781831 0.500175 -0.372243 
-0.56332 0.662824 -0.49329 
-0.563374 0.662795 -0.493268 
-0.294755 0.766578 -0.570506 
-0.294807 0.766565 -0.570497 
0.866026 -0.401109 0.298515 
0.294188 0.955685 -0.0109678 
-6.1675e-16 0.999934 -0.0114756 
-2.92627e-11 0.999934 -0.0114756 
0.930723 0.3657 -0.00419689 
0.781565 0.623782 -0.00715873 
0.781832 0.623449 -0.0071549 
0.562948 0.826438 -0.00948448 
0.294755 0.95551 -0.0109657 
0.56332 0.826184 -0.00948156 
0.974928 -0.222506 0.00255356 
0.866236 -0.499602 0.0057336 
0.975021 -0.222097 0.00254886 
0.930874 0.365317 -0.0041925 
0.997204 0.0747252 -0.000857571 
0.997172 0.0751531 -0.000862482 
0.149345 -0.98872 0.0113469 
0.433884 -0.90091 0.0103391 
0.149042 -0.988766 0.0113474 
0.434246 -0.900735 0.0103371 
0.680498 -0.732702 0.00840872 
0.680173 -0.733003 0.00841219 
-0.680173 -0.733004 0.00841219 
-0.680045 -0.733122 0.00841355 
-0.433884 -0.90091 0.0103391 
-0.149042 -0.988766 0.0113474 
-0.433752 -0.900973 0.0103399 
-0.148841 -0.988796 0.0113477 
-0.974928 -0.222506 0.00255355 
-0.997216 0.0745666 -0.00085575 
-0.974878 -0.222724 0.00255605 
-0.865911 -0.500166 0.00574007 
-0.866025 -0.499967 0.00573779 
-0.930874 0.365317 -0.0041925 
-0.930907 0.365232 -0.00419152 
-0.997204 0.0747254 -0.000857573 
-0.781868 0.623403 -0.00715438 
-0.781831 0.623449 -0.0071549 
-0.56332 0.826184 -0.00948156 
-0.563374 0.826148 -0.00948114 
-0.294755 0.95551 -0.0109657 
-0.294807 0.955494 -0.0109656 
0.866026 -0.499967 0.00573778 
-2.31664e-19 0.000375597 1 
-9.19277e-17 0.149042 0.988831 
-1.90797e-16 0.309338 0.950952 
-2.67615e-16 0.433884 0.900969 
-3.6269e-16 0.588028 0.80884 
-4.99089e-16 0.809172 0.587572 
-4.19524e-16 0.680173 0.733052 
-5.34156e-16 0.866025 0.5 
-5.86646e-16 0.951126 0.308803 
-6.01326e-16 0.974928 0.222521 
-6.16791e-16 1 -0.000187409 
-5.86574e-16 0.95101 -0.30916 
-6.15066e-16 0.997204 -0.0747303 
-5.74154e-16 0.930874 -0.365341 
-4.98953e-16 0.808951 -0.587876 
-4.82226e-16 0.781831 -0.62349 
-3.62503e-16 0.587724 -0.809061 
-1.90577e-16 0.308982 -0.951068 
-3.4745e-16 0.56332 -0.826239 
-1.81802e-16 0.294755 -0.955573 
1.07843e-22 -1.74846e-07 -1 
1.07843e-22 -1.74846e-07 -1 
9.19278e-17 -0.149042 0.988831 
2.67615e-16 -0.433884 0.900969 
1.90401e-16 -0.308696 0.951161 
3.6239e-16 -0.587542 0.809194 
4.19524e-16 -0.680173 0.733052 
4.98899e-16 -0.808862 0.587998 
5.34156e-16 -0.866026 0.5 
6.01326e-16 -0.974928 0.222521 
5.8656e-16 -0.950987 0.309231 
6.16791e-16 -1 0.000187798 
6.15066e-16 -0.997204 -0.0747301 
5.86631e-16 -0.951103 -0.308874 
5.74154e-16 -0.930874 -0.365341 
4.82226e-16 -0.781832 -0.62349 
4.99035e-16 -0.809083 -0.587694 
3.62578e-16 -0.587846 -0.808973 
3.4745e-16 -0.56332 -0.826239 
1.90621e-16 -0.309053 -0.951045 
1.81802e-16 -0.294755 -0.955573 
-2.31664e-19 0.000375597 1 
-9.19277e-17 0.149042 0.988831 
-1.90797e-16 0.309338 0.950952 
-2.67615e-16 0.433884 0.900969 
-3.6269e-16 0.588028 0.80884 
-4.99089e-16 0.809172 0.587572 
-4.19524e-16 0.680173 0.733052 
-5.34156e-16 0.866025 0.5 
-5.86646e-16 0.951126 0.308803 
-6.01326e-16 0.974928 0.222521 
-6.16791e-16 1 -0.000187409 
-5.86574e-16 0.95101 -0.30916 
-6.15066e-16 0.997204 -0.0747303 
-5.74154e-16 0.930874 -0.365341 
-4.98953e-16 0.808951 -0.587876 
-4.82226e-16 0.781831 -0.62349 
-3.62503e-16 0.587724 -0.809061 
-1.90577e-16 0.308982 -0.951068 
-3.4745e-16 0.56332 -0.826239 
-1.81802e-16 0.294755 -0.955573 
1.07843e-22 -1.74846e-07 -1 
1.07843e-22 -1.74846e-07 -1 
9.19278e-17 -0.149042 0.988831 
2.67615e-16 -0.433884 0.900969 
1.90401e-16 -0.308696 0.951161 
3.6239e-16 -0.587542 0.809194 
4.19524e-16 -0.680173 0.733052 
4.98899e-16 -0.808862 0.587998 
5.34156e-16 -0.866026 0.5 
6.01326e-16 -0.974928 0.222521 
5.8656e-16 -0.950987 0.309231 
6.16791e-16 -1 0.000187798 
6.15066e-16 -0.997204 -0.0747301 
5.86631e-16 -0.951103 -0.308874 
5.74154e-16 -0.930874 -0.365341 
4.82226e-16 -0.781832 -0.62349 
4.99035e-16 -0.809083 -0.587694 
3.62578e-16 -0.587846 -0.808973 
3.4745e-16 -0.56332 -0.826239 
1.90621e-16 -0.309053 -0.951045 
1.81802e-16 -0.294755 -0.955573 
-2.31664e-19 0.000375597 1 
-9.19277e-17 0.149042 0.988831 
-1.90797e-16 0.309338 0.950952 
-2.67615e-16 0.433884 0.900969 
-3.6269e-16 0.588028 0.80884 
-4.99089e-16 0.809172 0.587572 
-4.19524e-16 0.680173 0.733052 
-5.34156e-16 0.866025 0.5 
-5.86646e-16 0.951126 0.308803 
-6.01326e-16 0.974928 0.222521 
-6.16791e-16 1 -0.000187409 
-5.86574e-16 0.95101 -0.30916 
-6.15066e-16 0.997204 -0.0747303 
-5.74154e-16 0.930874 -0.365341 
-4.98953e-16 0.808951 -0.587876 
-4.82226e-16 0.781831 -0.62349 
-3.62503e-16 0.587724 -0.809061 
-1.90577e-16 0.308982 -0.951068 
-3.4745e-16 0.56332 -0.826239 
-1.81802e-16 0.294755 -0.955573 
1.07843e-22 -1.74846e-07 -1 
1.07843e-22 -1.74846e-07 -1 
9.19278e-17 -0.149042 0.988831 
2.67615e-16 -0.433884 0.900969 
1.90401e-16 -0.308696 0.951161 
3.6239e-16 -0.587542 0.809194 
4.19524e-16 -0.680173 0.733052 
4.98899e-16 -0.808862 0.587998 
5.34156e-16 -0.866026 0.5 
6.01326e-16 -0.974928 0.222521 
5.8656e-16 -0.950987 0.309231 
6.16791e-16 -1 0.000187798 
6.15066e-16 -0.997204 -0.0747301 
5.86631e-16 -0.951103 -0.308874 
5.74154e-16 -0.930874 -0.365341 
4.82226e-16 -0.781832 -0.62349 
4.99035e-16 -0.809083 -0.587694 
3.62578e-16 -0.587846 -0.808973 
3.4745e-16 -0.56332 -0.826239 
1.90621e-16 -0.309053 -0.951045 
1.81802e-16 -0.294755 -0.955573 
-2.31664e-19 0.000375597 1 
-9.19277e-17 0.149042 0.988831 
-1.90797e-16 0.309338 0.950952 
-2.67615e-16 0.433884 0.900969 
-3.6269e-16 0.588028 0.80884 
-4.99089e-16 0.809172 0.587572 
-4.19524e-16 0.680173 0.733052 
-5.34156e-16 0.866025 0.5 
-5.86646e-16 0.951126 0.308803 
-6.01326e-16 0.974928 0.222521 
-6.16791e-16 1 -0.000187409 
-5.86574e-16 0.95101 -0.30916 
-6.15066e-16 0.997204 -0.0747303 
-5.74154e-16 0.930874 -0.365341 
-4.98953e-16 0.808951 -0.587876 
-4.82226e-16 0.781831 -0.62349 
-3.62503e-16 0.587724 -0.809061 
-1.90577e-16 0.308982 -0.951068 
-3.4745e-16 0.56332 -0.826239 
-1.81802e-16 0.294755 -0.955573 
1.07843e-22 -1.74846e-07 -1 
1.07843e-22 -1.74846e-07 -1 
9.19278e-17 -0.149042 0.988831 
2.67615e-16 -0.433884 0.900969 
1.90401e-16 -0.308696 0.951161 
3.6239e-16 -0.587542 0.809194 
4.19524e-16 -0.680173 0.733052 
4.98899e-16 -0.808862 0.587998 
5.34156e-16 -0.866026 0.5 
6.01326e-16 -0.974928 0.222521 
5.8656e-16 -0.950987 0.309231 
6.16791e-16 -1 0.000187798 
6.15066e-16 -0.997204 -0.0747301 
5.86631e-16 -0.951103 -0.308874 
5.74154e-16 -0.930874 -0.365341 
4.82226e-16 -0.781832 -0.62349 
4.99035e-16 -0.809083 -0.587694 
3.62578e-16 -0.587846 -0.808973 
3.4745e-16 -0.56332 -0.826239 
1.90621e-16 -0.309053 -0.951045 
1.81802e-16 -0.294755 -0.955573 
-6.16235e-16 0.999099 -0.042441 
-6.14684e-16 0.996584 -0.0825794 
-6.14684e-16 0.996584 0.0825794 
5.23075e-17 -0.0848059 0.996397 
-5.23075e-17 0.0848059 0.996397 
-5.39215e-23 8.74228e-08 1 
-5.97917e-16 0.9694 -0.245486 
-6.02947e-16 0.977555 -0.210679 
-5.72313e-16 0.927889 -0.372857 
-5.6484e-16 0.915773 -0.401695 
-5.25215e-16 0.851529 -0.524307 
-5.16356e-16 0.837166 -0.546948 
-4.53788e-16 0.735724 -0.677282 
-4.63008e-16 0.750672 -0.660675 
-3.8748e-16 0.62822 -0.778036 
-3.78841e-16 0.614213 -0.78914 
-3.00806e-16 0.487695 -0.873014 
-2.9356e-16 0.475948 -0.879474 
-2.00272e-16 0.3247 -0.945817 
-2.05478e-16 0.33314 -0.942877 
-1.04238e-16 0.169001 -0.985616 
-1.0152e-16 0.164595 -0.986361 
-1.86266e-22 3.01992e-07 -1 
1.07843e-22 -1.74846e-07 -1 
-6.11795e-16 0.9919 0.127018 
-5.97917e-16 0.9694 0.245486 
-5.89755e-16 0.956167 0.292823 
-5.6484e-16 0.915773 0.401695 
-5.50748e-16 0.892926 0.450204 
-4.95898e-16 0.803997 0.594633 
-5.16356e-16 0.837167 0.546948 
-4.53788e-16 0.735724 0.677282 
-4.26781e-16 0.691939 0.721956 
-3.78841e-16 0.614213 0.78914 
-3.45387e-16 0.559975 0.82851 
-2.54057e-16 0.411901 0.911228 
-2.9356e-16 0.475947 0.879474 
-2.00271e-16 0.324699 0.945817 
-1.55418e-16 0.251978 0.967733 
-1.01521e-16 0.164595 0.986361 
3.45387e-16 -0.559975 0.82851 
2.54057e-16 -0.411901 0.911228 
2.9356e-16 -0.475947 0.879474 
1.55418e-16 -0.251978 0.967733 
1.0152e-16 -0.164595 0.986361 
2.00272e-16 -0.3247 0.945817 
5.16356e-16 -0.837166 0.546948 
5.50748e-16 -0.892926 0.450204 
4.95898e-16 -0.803997 0.594633 
3.78841e-16 -0.614213 0.789141 
4.53788e-16 -0.735724 0.677282 
4.26781e-16 -0.691939 0.721956 
6.11795e-16 -0.9919 0.127018 
6.14684e-16 -0.996584 0.0825794 
6.16235e-16 -0.999099 -0.0424412 
5.89755e-16 -0.956167 0.292823 
5.6484e-16 -0.915773 0.401695 
5.97917e-16 -0.9694 0.245485 
5.25215e-16 -0.851529 -0.524307 
5.72313e-16 -0.927889 -0.372857 
5.6484e-16 -0.915773 -0.401695 
5.97917e-16 -0.9694 -0.245485 
6.02947e-16 -0.977555 -0.210679 
6.14684e-16 -0.996584 -0.0825794 
3.78841e-16 -0.614213 -0.789141 
3.8748e-16 -0.62822 -0.778036 
4.53788e-16 -0.735724 -0.677282 
5.16356e-16 -0.837166 -0.546948 
4.63008e-16 -0.750672 -0.660675 
3.00806e-16 -0.487695 -0.873014 
2.9356e-16 -0.475947 -0.879474 
2.00272e-16 -0.324699 -0.945817 
2.05477e-16 -0.33314 -0.942877 
1.0152e-16 -0.164595 -0.986361 
1.04238e-16 -0.169001 -0.985616 
3.6254e-16 -0.587785 0.809017 
3.6254e-16 -0.587785 0.809017 
2.80017e-16 -0.45399 0.891007 
2.80017e-16 -0.453991 0.891006 
1.90599e-16 -0.309017 0.951056 
4.36137e-16 -0.707107 0.707107 
4.36137e-16 -0.707107 0.707107 
1.90599e-16 -0.309017 0.951056 
9.64873e-17 -0.156434 0.987688 
9.64873e-17 -0.156434 0.987688 
-4.47276e-23 7.25167e-08 1 
-4.47276e-23 7.25167e-08 1 
-3.6254e-16 0.587785 -0.809017 
-4.36137e-16 0.707107 -0.707107 
-4.36137e-16 0.707107 -0.707107 
-9.64873e-17 0.156435 -0.987688 
-1.90599e-16 0.309017 -0.951057 
-1.90599e-16 0.309017 -0.951056 
-2.80017e-16 0.45399 -0.891007 
-3.6254e-16 0.587785 -0.809017 
-2.80017e-16 0.45399 -0.891007 
5.51637e-24 -8.94366e-09 -1 
-9.64873e-17 0.156435 -0.987688 
5.51637e-24 -8.94366e-09 -1 
4.36137e-16 -0.707107 0.707107 
3.5679e-16 -0.578463 0.815709 
3.5679e-16 -0.578463 0.815709 
4.36137e-16 -0.707107 0.707107 
6.10264e-16 -0.989419 -0.14509 
6.1675e-16 -0.999934 0.0114755 
6.1675e-16 -0.999934 0.0114755 
5.88751e-16 -0.95454 -0.298083 
6.10264e-16 -0.989419 -0.14509 
5.88751e-16 -0.95454 -0.298083 
6.08049e-16 -0.985828 0.167758 
6.08049e-16 -0.985828 0.167758 
5.84377e-16 -0.947448 0.319911 
5.84377e-16 -0.947448 0.319911 
5.46315e-16 -0.885738 0.464186 
4.94801e-16 -0.802219 0.59703 
4.94801e-16 -0.802219 0.59703 
5.84377e-16 -0.947448 0.319911 
5.46315e-16 -0.885738 0.464186 
5.84377e-16 -0.947448 0.319911 
4.31103e-16 -0.698946 0.715175 
4.31103e-16 -0.698946 0.715175 
3.5679e-16 -0.578463 0.815709 
3.5679e-16 -0.578463 0.815709 
4.41113e-16 -0.715175 -0.698946 
5.03122e-16 -0.815709 -0.578463 
5.03122e-16 -0.815709 -0.578463 
3.68243e-16 -0.597031 -0.802219 
4.41113e-16 -0.715175 -0.698946 
3.68243e-16 -0.597031 -0.802219 
5.52742e-16 -0.896158 -0.443736 
5.52742e-16 -0.896158 -0.443736 
5.88751e-16 -0.95454 -0.298083 
5.88751e-16 -0.95454 -0.298083 
1.03472e-16 -0.167759 -0.985828 
1.97318e-16 -0.31991 -0.947448 
1.97318e-16 -0.31991 -0.947448 
7.07804e-18 -0.0114756 -0.999934 
1.03472e-16 -0.167759 -0.985828 
7.07804e-18 -0.0114756 -0.999934 
2.86305e-16 -0.464185 -0.885738 
2.86305e-16 -0.464185 -0.885738 
3.68243e-16 -0.597031 -0.802219 
3.68243e-16 -0.597031 -0.802219 
-2.73692e-16 0.443736 -0.896158 
-1.83855e-16 0.298083 -0.95454 
-1.83855e-16 0.298083 -0.95454 
-3.5679e-16 0.578463 -0.815709 
-2.73692e-16 0.443736 -0.896158 
-3.5679e-16 0.578463 -0.815709 
-8.94901e-17 0.14509 -0.989419 
-8.94901e-17 0.14509 -0.989419 
7.07805e-18 -0.0114756 -0.999934 
7.07805e-18 -0.0114756 -0.999934 
-5.46315e-16 0.885738 -0.464186 
-4.94801e-16 0.802219 -0.59703 
-4.94801e-16 0.802219 -0.59703 
-5.84377e-16 0.947448 -0.319911 
-5.46315e-16 0.885738 -0.464186 
-5.84377e-16 0.947448 -0.319911 
-4.31103e-16 0.698946 -0.715175 
-4.31103e-16 0.698946 -0.715175 
-3.5679e-16 0.578463 -0.815709 
-3.5679e-16 0.578463 -0.815709 
-6.10264e-16 0.989419 0.14509 
-6.1675e-16 0.999934 -0.0114755 
-6.1675e-16 0.999934 -0.0114755 
-5.88751e-16 0.95454 0.298083 
-6.10264e-16 0.989419 0.14509 
-5.88751e-16 0.95454 0.298083 
-6.08049e-16 0.985828 -0.167758 
-6.08049e-16 0.985828 -0.167758 
-5.84377e-16 0.947448 -0.319911 
-5.84377e-16 0.947448 -0.319911 
-6.10116e-16 0.989179 0.146712 
-5.88751e-16 0.95454 0.298083 
-5.88751e-16 0.95454 0.298083 
-5.85658e-16 0.949525 -0.313691 
-6.08551e-16 0.986641 -0.162908 
-6.08551e-16 0.986641 -0.162908 
-6.1677e-16 0.999966 -0.00819685 
-6.10116e-16 0.989179 0.146712 
-6.1677e-16 0.999966 -0.00819685 
-4.98399e-16 0.808052 -0.589111 
-4.98399e-16 0.808052 -0.589111 
-5.48643e-16 0.889513 -0.456909 
-5.85658e-16 0.949525 -0.313691 
-5.48643e-16 0.889513 -0.456909 
-4.36137e-16 0.707107 -0.707107 
-4.36137e-16 0.707107 -0.707107 
</float_array>
				<technique_common>
					<accessor source="#A_Joint_4_Hub_V5-1-solid112-mesh-normals-array" count="2866" stride="3">
						<param name="X" type="float"/>
						<param name="Y" type="float"/>
						<param name="Z" type="float"/>
					</accessor>
				</technique_common>
			</source>
			<vertices id="A_Joint_4_Hub_V5-1-solid112-mesh-vertices">
				<input semantic="POSITION" source="#A_Joint_4_Hub_V5-1-solid112-mesh-positions"/>
			</vertices>
			<triangles count="164" material="Material255-">
				<input semantic="VERTEX" source="#A_Joint_4_Hub_V5-1-solid112-mesh-vertices" offset="0"/>
				<input semantic="NORMAL" source="#A_Joint_4_Hub_V5-1-solid112-mesh-normals" offset="1"/>
				<p>
0 0 1 1 2 2 
3 3 4 4 5 5 
6 6 7 7 8 8 
9 9 10 10 11 11 
12 12 13 13 14 14 
15 15 16 16 17 17 
18 18 19 19 20 20 
21 21 22 22 23 23 
24 24 25 25 26 26 
27 27 28 28 29 29 
30 30 31 31 32 32 
33 33 34 34 35 35 
36 36 37 37 38 38 
39 39 40 40 41 41 
42 42 22 22 21 21 
43 43 44 44 45 45 
46 46 47 47 48 48 
49 49 50 50 51 51 
44 44 52 52 53 53 
54 54 55 55 41 41 
43 43 45 45 56 56 
57 57 58 58 46 46 
59 59 45 45 60 60 
61 61 62 62 63 63 
20 20 64 64 18 18 
36 36 65 65 37 37 
60 60 66 66 59 59 
67 67 68 68 69 69 
68 68 67 67 70 70 
71 71 72 72 66 66 
25 25 24 24 73 73 
74 74 25 25 73 73 
75 75 1 1 0 0 
76 76 77 77 78 78 
32 32 31 31 2 2 
70 70 67 67 79 79 
30 30 63 63 80 80 
32 32 63 63 30 30 
81 81 80 80 63 63 
82 82 80 80 81 81 
82 82 81 81 83 83 
84 84 53 53 85 85 
85 85 53 53 52 52 
86 86 87 87 88 88 
89 89 90 90 87 87 
54 54 89 89 91 91 
40 40 39 39 92 92 
93 93 66 66 60 60 
94 94 95 95 96 96 
97 97 93 93 60 60 
98 98 38 38 37 37 
99 99 71 71 34 34 
100 100 101 101 102 102 
94 94 103 103 35 35 
104 104 96 96 95 95 
105 105 106 106 107 107 
24 24 26 26 108 108 
27 27 29 29 109 109 
17 17 16 16 42 42 
12 12 108 108 110 110 
111 111 110 110 26 26 
7 7 112 112 113 113 
114 114 14 14 115 115 
116 116 117 117 118 118 
117 117 119 119 120 120 
11 11 8 8 9 9 
8 8 11 11 6 6 
121 121 9 9 8 8 
122 122 123 123 124 124 
125 125 9 9 121 121 
9 9 125 125 126 126 
127 127 128 128 121 121 
129 129 75 75 130 130 
64 64 129 129 130 130 
7 7 6 6 112 112 
114 114 115 115 131 131 
15 15 17 17 113 113 
15 15 113 113 112 112 
22 22 42 42 16 16 
23 23 28 28 132 132 
132 132 21 21 23 23 
111 111 109 109 29 29 
28 28 27 27 132 132 
111 111 26 26 109 109 
110 110 108 108 26 26 
110 110 13 13 12 12 
13 13 115 115 14 14 
133 133 114 114 131 131 
119 119 133 133 120 120 
133 133 119 119 114 114 
120 120 134 134 117 117 
118 118 3 3 116 116 
134 134 118 118 117 117 
5 5 4 4 10 10 
116 116 3 3 5 5 
11 11 10 10 4 4 
135 135 79 79 136 136 
79 79 137 137 70 70 
69 69 138 138 139 139 
138 138 69 69 68 68 
139 139 140 140 31 31 
138 138 140 140 139 139 
139 139 31 31 30 30 
32 32 2 2 1 1 
0 0 130 130 75 75 
64 64 20 20 129 129 
122 122 20 20 19 19 
19 19 123 123 122 122 
141 141 124 124 123 123 
128 128 125 125 121 121 
141 141 128 128 127 127 
141 141 127 127 124 124 
142 142 126 126 125 125 
76 76 142 142 77 77 
142 142 76 76 126 126 
77 77 143 143 78 78 
135 135 136 136 143 143 
78 78 143 143 136 136 
79 79 135 135 137 137 
98 98 144 144 38 38 
98 98 145 145 146 146 
65 65 147 147 97 97 
147 147 65 65 36 36 
147 147 93 93 97 97 
66 66 72 72 59 59 
71 71 99 99 72 72 
34 34 33 33 99 99 
35 35 103 103 33 33 
94 94 96 96 103 103 
107 107 96 96 104 104 
104 104 105 105 107 107 
148 148 106 106 105 105 
74 74 100 100 149 149 
150 150 148 148 151 151 
148 148 150 150 106 106 
150 150 73 73 24 24 
151 151 73 73 150 150 
25 25 74 74 149 149 
102 102 101 101 145 145 
149 149 100 100 102 102 
98 98 146 146 144 144 
145 145 101 101 146 146 
83 83 152 152 153 153 
153 153 82 82 83 83 
152 152 86 86 88 88 
152 152 88 88 153 153 
87 87 90 90 88 88 
89 89 54 54 90 90 
55 55 54 54 91 91 
56 56 45 45 59 59 
39 39 41 41 55 55 
92 92 154 154 40 40 
154 154 56 56 59 59 
92 92 56 56 154 154 
43 43 52 52 44 44 
50 50 84 84 85 85 
51 51 155 155 49 49 
50 50 49 49 84 84 
47 47 155 155 48 48 
51 51 48 48 155 155 
47 47 46 46 58 58 
58 58 57 57 61 61 
63 63 62 62 81 81 
61 61 57 57 62 62 
</p>
			</triangles>
			<triangles count="358" material="Material256-">
				<input semantic="VERTEX" source="#A_Joint_4_Hub_V5-1-solid112-mesh-vertices" offset="0"/>
				<input semantic="NORMAL" source="#A_Joint_4_Hub_V5-1-solid112-mesh-normals" offset="1"/>
				<p>
156 156 157 157 158 158 
159 159 160 160 161 161 
162 162 163 163 156 156 
162 162 156 156 158 158 
164 164 165 165 166 166 
167 167 160 160 159 159 
168 168 169 169 170 170 
167 167 171 171 160 160 
172 172 173 173 174 174 
173 173 175 175 174 174 
176 176 177 177 178 178 
175 175 173 173 179 179 
180 180 181 181 182 182 
183 183 184 184 185 185 
186 186 184 184 183 183 
187 187 188 188 189 189 
190 190 185 185 184 184 
191 191 192 192 193 193 
194 194 195 195 196 196 
194 194 196 196 197 197 
198 198 197 197 196 196 
180 180 199 199 200 200 
201 201 202 202 203 203 
204 204 205 205 206 206 
207 207 208 208 209 209 
199 199 210 210 211 211 
210 210 207 207 212 212 
211 211 210 210 212 212 
213 213 214 214 215 215 
207 207 216 216 217 217 
218 218 219 219 220 220 
221 221 222 222 223 223 
224 224 216 216 225 225 
226 226 227 227 228 228 
228 228 229 229 230 230 
231 231 232 232 233 233 
228 228 234 234 235 235 
216 216 207 207 225 225 
207 207 228 228 230 230 
236 236 207 207 237 237 
237 237 207 207 217 217 
212 212 207 207 236 236 
210 210 208 208 207 207 
238 238 239 239 240 240 
241 241 242 242 243 243 
244 244 245 245 202 202 
203 203 202 202 245 245 
246 246 247 247 248 248 
249 249 250 250 251 251 
200 200 199 199 211 211 
252 252 253 253 254 254 
253 253 255 255 163 163 
256 256 163 163 255 255 
179 179 173 173 257 257 
200 200 181 181 180 180 
258 258 259 259 260 260 
231 231 261 261 262 262 
233 233 263 263 264 264 
265 265 266 266 267 267 
268 268 269 269 270 270 
268 268 271 271 269 269 
272 272 273 273 232 232 
273 273 272 272 270 270 
273 273 274 274 233 233 
233 233 232 232 273 273 
262 262 232 232 231 231 
218 218 275 275 276 276 
277 277 278 278 231 231 
231 231 278 278 261 261 
279 279 280 280 231 231 
231 231 280 280 277 277 
281 281 282 282 231 231 
231 231 282 282 279 279 
231 231 283 283 284 284 
231 231 284 284 281 281 
283 283 231 231 285 285 
231 231 286 286 285 285 
287 287 288 288 289 289 
290 290 291 291 292 292 
213 213 287 287 289 289 
293 293 218 218 276 276 
294 294 295 295 218 218 
295 295 275 275 218 218 
296 296 297 297 213 213 
215 215 298 298 213 213 
299 299 300 300 301 301 
302 302 213 213 303 303 
268 268 304 304 305 305 
306 306 307 307 308 308 
259 259 309 309 310 310 
260 260 311 311 258 258 
260 260 312 312 313 313 
305 305 304 304 314 314 
259 259 258 258 309 309 
315 315 310 310 309 309 
305 305 314 314 316 316 
315 315 309 309 317 317 
318 318 316 316 267 267 
318 318 267 267 266 266 
319 319 299 299 320 320 
321 321 322 322 306 306 
323 323 324 324 302 302 
299 299 325 325 326 326 
325 325 299 299 319 319 
327 327 326 326 325 325 
328 328 329 329 330 330 
331 331 332 332 333 333 
332 332 331 331 322 322 
334 334 335 335 336 336 
335 335 264 264 336 336 
233 233 264 264 335 335 
337 337 263 263 233 233 
338 338 339 339 233 233 
233 233 339 339 337 337 
340 340 341 341 233 233 
233 233 341 341 338 338 
342 342 343 343 233 233 
233 233 343 343 340 340 
344 344 342 342 233 233 
274 274 344 344 233 233 
234 234 345 345 346 346 
347 347 324 324 348 348 
286 286 349 349 350 350 
229 229 223 223 222 222 
351 351 286 286 352 352 
223 223 229 229 228 228 
225 225 207 207 230 230 
235 235 226 226 228 228 
345 345 234 234 228 228 
234 234 346 346 353 353 
354 354 234 234 353 353 
355 355 354 354 353 353 
307 307 306 306 322 322 
335 335 356 356 355 355 
354 354 355 355 356 356 
331 331 333 333 264 264 
357 357 358 358 335 335 
335 335 358 358 356 356 
359 359 360 360 335 335 
335 335 360 360 357 357 
264 264 333 333 336 336 
335 335 361 361 359 359 
335 335 334 334 361 361 
321 321 332 332 322 322 
299 299 362 362 363 363 
299 299 363 363 320 320 
329 329 308 308 364 364 
301 301 362 362 299 299 
306 306 308 308 329 329 
329 329 365 365 366 366 
367 367 329 329 366 366 
368 368 300 300 299 299 
369 369 330 330 329 329 
329 329 367 367 369 369 
223 223 370 370 371 371 
372 372 373 373 374 374 
213 213 289 289 375 375 
348 348 376 376 347 347 
348 348 377 377 378 378 
371 371 370 370 379 379 
324 324 347 347 302 302 
380 380 323 323 302 302 
371 371 379 379 381 381 
380 380 302 302 382 382 
383 383 381 381 372 372 
293 293 384 384 218 218 
218 218 384 384 385 385 
288 288 287 287 290 290 
385 385 386 386 218 218 
291 291 290 290 287 287 
387 387 218 218 386 386 
386 386 388 388 387 387 
292 292 387 387 388 388 
292 292 389 389 390 390 
390 390 290 290 292 292 
285 285 391 391 389 389 
390 390 389 389 391 391 
286 286 391 391 285 285 
286 286 392 392 391 391 
349 349 286 286 393 393 
286 286 350 350 392 392 
286 286 351 351 394 394 
393 393 286 286 394 394 
352 352 286 286 395 395 
395 395 396 396 397 397 
352 352 395 395 397 397 
225 225 396 396 224 224 
395 395 224 224 396 396 
398 398 317 317 309 309 
268 268 272 272 304 304 
313 313 311 311 260 260 
269 269 271 271 312 312 
313 313 312 312 271 271 
272 272 268 268 270 270 
316 316 314 314 267 267 
219 219 265 265 399 399 
265 265 219 219 266 266 
400 400 401 401 219 219 
219 219 399 399 400 400 
309 309 329 329 398 398 
401 401 220 220 219 219 
213 213 298 298 296 296 
294 294 218 218 220 220 
402 402 213 213 297 297 
292 292 291 291 387 387 
213 213 375 375 214 214 
329 329 328 328 398 398 
402 402 303 303 213 213 
383 383 372 372 374 374 
303 303 382 382 302 302 
223 223 227 227 370 370 
378 378 376 376 348 348 
222 222 221 221 377 377 
378 378 377 377 221 221 
228 228 227 227 223 223 
381 381 379 379 372 372 
403 403 404 404 405 405 
405 405 373 373 406 406 
373 373 405 405 374 374 
407 407 403 403 405 405 
405 405 406 406 407 407 
368 368 299 299 404 404 
404 404 299 299 405 405 
332 332 321 321 326 326 
327 327 332 332 326 326 
329 329 364 364 365 365 
253 253 408 408 254 254 
173 173 160 160 409 409 
256 256 410 410 163 163 
164 164 411 411 412 412 
182 182 177 177 176 176 
160 160 171 171 413 413 
414 414 415 415 416 416 
417 417 418 418 184 184 
418 418 419 419 190 190 
156 156 420 420 421 421 
413 413 171 171 422 422 
253 253 252 252 255 255 
408 408 253 253 423 423 
424 424 425 425 408 408 
424 424 408 408 423 423 
426 426 408 408 248 248 
425 425 248 248 408 408 
248 248 244 244 246 246 
248 248 247 247 426 426 
249 249 427 427 244 244 
244 244 427 427 246 246 
202 202 428 428 429 429 
430 430 431 431 432 432 
433 433 434 434 435 435 
176 176 180 180 182 182 
197 197 178 178 177 177 
436 436 193 193 192 192 
437 437 438 438 439 439 
440 440 178 178 197 197 
441 441 438 438 442 442 
441 441 442 442 443 443 
444 444 443 443 445 445 
443 443 444 444 441 441 
204 204 206 206 446 446 
447 447 448 448 239 239 
206 206 449 449 446 446 
251 251 204 204 249 249 
244 244 450 450 451 451 
451 451 249 249 244 244 
429 429 450 450 202 202 
244 244 202 202 450 450 
428 428 202 202 452 452 
453 453 452 452 209 209 
202 202 209 209 452 452 
208 208 453 453 209 209 
454 454 455 455 456 456 
457 457 458 458 459 459 
170 170 439 439 440 440 
460 460 430 430 411 411 
461 461 462 462 463 463 
194 194 464 464 195 195 
418 418 190 190 184 184 
184 184 179 179 465 465 
465 465 417 417 184 184 
465 465 179 179 257 257 
257 257 173 173 409 409 
466 466 160 160 413 413 
409 409 160 160 466 466 
422 422 171 171 156 156 
420 420 156 156 163 163 
467 467 156 156 421 421 
422 422 156 156 467 467 
189 189 166 166 187 187 
166 166 420 420 163 163 
468 468 469 469 188 188 
455 455 454 454 469 469 
191 191 415 415 414 414 
470 470 416 416 471 471 
445 445 472 472 444 444 
430 430 412 412 411 411 
439 439 170 170 437 437 
437 437 442 442 438 438 
170 170 440 440 197 197 
193 193 436 436 419 419 
473 473 474 474 475 475 
169 169 473 473 476 476 
477 477 478 478 479 479 
168 168 170 170 197 197 
190 190 480 480 481 481 
197 197 198 198 168 168 
436 436 459 459 480 480 
457 457 459 459 482 482 
483 483 484 484 194 194 
485 485 462 462 486 486 
414 414 192 192 191 191 
487 487 470 470 471 471 
471 471 416 416 415 415 
166 166 410 410 164 164 
487 487 454 454 456 456 
456 456 470 470 487 487 
166 166 163 163 410 410 
468 468 188 188 187 187 
455 455 469 469 468 468 
189 189 420 420 166 166 
412 412 165 165 164 164 
240 240 432 432 431 431 
431 431 430 430 460 460 
239 239 238 238 447 447 
239 239 432 432 240 240 
448 448 447 447 449 449 
435 435 250 250 451 451 
448 448 449 449 206 206 
251 251 205 205 204 204 
250 250 249 249 451 451 
434 434 433 433 242 242 
250 250 435 435 434 434 
243 243 472 472 241 241 
433 433 243 243 242 242 
445 445 241 241 472 472 
488 488 489 489 490 490 
458 458 491 491 492 492 
493 493 492 492 491 491 
194 194 484 484 464 464 
462 462 484 484 486 486 
486 486 484 484 483 483 
436 436 480 480 419 419 
462 462 485 485 463 463 
463 463 481 481 494 494 
461 461 463 463 494 494 
480 480 190 190 419 419 
463 463 190 190 481 481 
436 436 482 482 459 459 
457 457 491 491 458 458 
489 489 488 488 493 493 
493 493 491 491 489 489 
488 488 490 490 495 495 
478 478 477 477 490 490 
495 495 490 490 477 477 
478 478 475 475 479 479 
475 475 476 476 473 473 
475 475 474 474 479 479 
169 169 168 168 473 473 
</p>
			</triangles>
			<triangles count="267" material="Material257-">
				<input semantic="VERTEX" source="#A_Joint_4_Hub_V5-1-solid112-mesh-vertices" offset="0"/>
				<input semantic="NORMAL" source="#A_Joint_4_Hub_V5-1-solid112-mesh-normals" offset="1"/>
				<p>
496 496 497 497 498 498 
499 499 500 500 501 501 
502 502 498 498 497 497 
498 498 502 502 503 503 
504 504 505 505 506 506 
507 507 508 508 509 509 
510 510 511 511 512 512 
501 501 510 510 512 512 
506 506 505 505 513 513 
510 510 514 514 511 511 
515 515 516 516 513 513 
517 517 506 506 513 513 
518 518 519 519 507 507 
519 519 520 520 507 507 
508 508 507 507 520 520 
521 521 522 522 523 523 
524 524 525 525 526 526 
527 527 528 528 529 529 
530 530 523 523 531 531 
532 532 530 530 527 527 
533 533 534 534 535 535 
529 529 532 532 527 527 
534 534 536 536 537 537 
501 501 512 512 499 499 
525 525 538 538 539 539 
540 540 541 541 539 539 
542 542 543 543 544 544 
538 538 540 540 539 539 
503 503 502 502 544 544 
545 545 546 546 547 547 
546 546 545 545 548 548 
549 549 550 550 551 551 
547 547 552 552 545 545 
553 553 550 550 549 549 
554 554 555 555 556 556 
557 557 558 558 559 559 
560 560 561 561 562 562 
561 561 560 560 563 563 
561 561 564 564 562 562 
565 565 564 564 561 561 
566 566 567 567 568 568 
569 569 570 570 571 571 
560 560 572 572 573 573 
574 574 575 575 576 576 
577 577 578 578 579 579 
560 560 558 558 557 557 
576 576 556 556 555 555 
580 580 537 537 581 581 
582 582 583 583 548 548 
584 584 585 585 586 586 
587 587 588 588 589 589 
589 589 582 582 590 590 
587 587 584 584 588 588 
591 591 566 566 592 592 
593 593 594 594 595 595 
596 596 566 566 597 597 
566 566 591 591 597 597 
598 598 566 566 599 599 
566 566 596 596 599 599 
600 600 566 566 601 601 
566 566 598 598 601 601 
566 566 602 602 603 603 
566 566 600 600 602 602 
603 603 604 604 566 566 
566 566 604 604 605 605 
569 569 606 606 607 607 
608 608 609 609 610 610 
569 569 611 611 606 606 
594 594 593 593 612 612 
613 613 614 614 615 615 
616 616 569 569 571 571 
617 617 593 593 595 595 
618 618 569 569 619 619 
617 617 620 620 593 593 
621 621 622 622 623 623 
569 569 624 624 619 619 
625 625 626 626 627 627 
628 628 623 623 629 629 
630 630 631 631 632 632 
615 615 614 614 633 633 
634 634 635 635 632 632 
636 636 637 637 638 638 
568 568 639 639 640 640 
634 634 640 640 639 639 
641 641 639 639 567 567 
639 639 568 568 567 567 
566 566 568 568 592 592 
565 565 561 561 642 642 
642 642 643 643 565 565 
644 644 645 645 646 646 
627 627 643 643 647 647 
642 642 647 647 643 643 
648 648 627 627 649 649 
627 627 647 647 649 649 
650 650 627 627 651 651 
627 627 648 648 651 651 
627 627 652 652 625 625 
627 627 650 650 652 652 
626 626 653 653 627 627 
628 628 629 629 654 654 
655 655 656 656 657 657 
658 658 659 659 614 614 
623 623 660 660 661 661 
659 659 633 633 614 614 
622 622 662 662 623 623 
663 663 664 664 665 665 
666 666 623 623 644 644 
663 663 667 667 664 664 
668 668 623 623 666 666 
573 573 669 669 670 670 
671 671 672 672 673 673 
674 674 573 573 572 572 
574 574 560 560 575 575 
675 675 676 676 605 605 
677 677 678 678 605 605 
574 574 572 572 560 560 
560 560 557 557 575 575 
563 563 560 560 679 679 
560 560 680 680 679 679 
528 528 526 526 681 681 
517 517 513 513 516 516 
499 499 682 682 506 506 
682 682 504 504 506 506 
499 499 506 506 500 500 
683 683 510 510 542 542 
683 683 514 514 510 510 
683 683 542 542 544 544 
543 543 503 503 544 544 
585 585 684 684 586 586 
496 496 684 684 685 685 
498 498 684 684 496 496 
541 541 540 540 533 533 
685 685 684 684 585 585 
584 584 587 587 585 585 
537 537 536 536 686 686 
582 582 687 687 590 590 
588 588 582 582 589 589 
687 687 582 582 548 548 
580 580 551 551 537 537 
583 583 546 546 548 548 
580 580 688 688 551 551 
689 689 549 549 551 551 
550 550 553 553 690 690 
545 545 552 552 558 558 
558 558 552 552 559 559 
575 575 550 550 690 690 
551 551 688 688 689 689 
537 537 686 686 581 581 
691 691 534 534 533 533 
534 534 691 691 536 536 
535 535 541 541 533 533 
539 539 526 526 525 525 
524 524 526 526 528 528 
532 532 523 523 530 530 
681 681 529 529 528 528 
523 523 692 692 521 521 
522 522 531 531 523 523 
508 508 521 521 509 509 
692 692 509 509 521 521 
518 518 507 507 515 515 
516 516 515 515 693 693 
515 515 507 507 693 693 
662 662 660 660 623 623 
623 623 694 694 629 629 
695 695 567 567 653 653 
628 628 654 654 655 655 
658 658 614 614 696 696 
655 655 657 657 628 628 
697 697 696 696 614 614 
698 698 699 699 614 614 
614 614 699 699 697 697 
699 699 698 698 700 700 
621 621 623 623 668 668 
656 656 701 701 702 702 
701 701 656 656 655 655 
626 626 702 702 653 653 
701 701 653 653 702 702 
627 627 653 653 567 567 
703 703 567 567 695 695 
704 704 567 567 705 705 
567 567 703 703 705 705 
706 706 567 567 707 707 
567 567 704 704 707 707 
708 708 567 567 709 709 
567 567 706 706 709 709 
710 710 567 567 708 708 
635 635 711 711 632 632 
567 567 710 710 641 641 
664 664 667 667 712 712 
713 713 636 636 714 714 
644 644 637 637 645 645 
637 637 636 636 645 645 
665 665 715 715 630 630 
715 715 631 631 630 630 
716 716 717 717 644 644 
646 646 716 716 644 644 
624 624 718 718 719 719 
611 611 569 569 616 616 
593 593 720 720 612 612 
721 721 720 720 593 593 
607 607 722 722 569 569 
593 593 723 723 721 721 
722 722 724 724 725 725 
723 723 593 593 726 726 
726 726 727 727 723 723 
727 727 726 726 609 609 
609 609 728 728 729 729 
728 728 609 609 608 608 
604 604 729 729 730 730 
728 728 730 730 729 729 
605 605 604 604 730 730 
605 605 730 730 731 731 
676 676 677 677 605 605 
605 605 731 731 675 675 
732 732 605 605 678 678 
605 605 733 733 554 554 
733 733 605 605 732 732 
554 554 734 734 555 555 
733 733 734 734 554 554 
576 576 690 690 556 556 
690 690 576 576 575 575 
735 735 736 736 579 579 
573 573 674 674 737 737 
673 673 738 738 739 739 
624 624 577 577 718 718 
577 577 579 579 718 718 
671 671 740 740 669 669 
740 740 670 670 669 669 
741 741 742 742 624 624 
719 719 741 741 624 624 
570 570 569 569 618 618 
743 743 593 593 744 744 
672 672 738 738 673 673 
619 619 624 624 742 742 
573 573 670 670 680 680 
735 735 579 579 578 578 
674 674 736 736 737 737 
735 735 737 737 736 736 
560 560 573 573 680 680 
671 671 673 673 740 740 
745 745 746 746 747 747 
746 746 748 748 739 739 
739 739 738 738 746 746 
749 749 746 746 745 745 
746 746 749 749 748 748 
613 613 747 747 614 614 
747 747 746 746 614 614 
656 656 698 698 657 657 
700 700 698 698 656 656 
623 623 661 661 694 694 
666 666 644 644 717 717 
632 632 631 631 640 640 
714 714 636 636 638 638 
635 635 713 713 711 711 
714 714 711 711 713 713 
640 640 634 634 632 632 
665 665 664 664 715 715 
743 743 750 750 712 712 
712 712 667 667 743 743 
751 751 743 743 752 752 
743 743 751 751 750 750 
752 752 743 743 744 744 
608 608 610 610 725 725 
620 620 744 744 593 593 
609 609 726 726 610 610 
722 722 725 725 569 569 
608 608 725 725 724 724 
</p>
			</triangles>
			<triangles count="2" material="Material258-">
				<input semantic="VERTEX" source="#A_Joint_4_Hub_V5-1-solid112-mesh-vertices" offset="0"/>
				<input semantic="NORMAL" source="#A_Joint_4_Hub_V5-1-solid112-mesh-normals" offset="1"/>
				<p>
753 753 754 754 755 755 
753 753 756 756 754 754 
</p>
			</triangles>
			<triangles count="78" material="Material259-">
				<input semantic="VERTEX" source="#A_Joint_4_Hub_V5-1-solid112-mesh-vertices" offset="0"/>
				<input semantic="NORMAL" source="#A_Joint_4_Hub_V5-1-solid112-mesh-normals" offset="1"/>
				<p>
757 757 758 758 759 759 
760 760 761 761 762 762 
763 763 764 764 765 765 
765 765 764 764 766 766 
767 767 765 765 761 761 
768 768 769 769 765 765 
765 765 769 769 763 763 
770 770 771 771 765 765 
765 765 771 771 768 768 
772 772 773 773 765 765 
765 765 773 773 770 770 
774 774 775 775 765 765 
765 765 775 775 772 772 
765 765 767 767 774 774 
758 758 776 776 759 759 
777 777 778 778 779 779 
780 780 781 781 782 782 
776 776 781 781 759 759 
783 783 784 784 785 785 
784 784 780 780 782 782 
766 766 786 786 787 787 
788 788 789 789 785 785 
790 790 791 791 792 792 
793 793 794 794 795 795 
796 796 797 797 790 790 
791 791 790 790 797 797 
787 787 796 796 798 798 
796 796 787 787 797 797 
799 799 789 789 788 788 
800 800 762 762 798 798 
801 801 802 802 766 766 
766 766 802 802 786 786 
803 803 804 804 766 766 
766 766 804 804 801 801 
805 805 806 806 766 766 
766 766 806 806 803 803 
807 807 808 808 766 766 
766 766 808 808 805 805 
764 764 807 807 766 766 
788 788 809 809 799 799 
810 810 811 811 762 762 
762 762 811 811 760 760 
787 787 798 798 766 766 
812 812 813 813 762 762 
762 762 813 813 810 810 
791 791 795 795 792 792 
814 814 815 815 762 762 
762 762 815 815 812 812 
816 816 817 817 762 762 
762 762 817 817 814 814 
798 798 762 762 766 766 
762 762 800 800 816 816 
793 793 809 809 794 794 
795 795 794 794 792 792 
799 799 809 809 793 793 
783 783 785 785 789 789 
780 780 784 784 783 783 
782 782 781 781 776 776 
757 757 818 818 758 758 
819 819 820 820 761 761 
778 778 818 818 779 779 
757 757 779 779 818 818 
777 777 821 821 778 778 
821 821 822 822 823 823 
822 822 821 821 777 777 
824 824 820 820 823 823 
823 823 822 822 824 824 
761 761 820 820 767 767 
824 824 767 767 820 820 
825 825 826 826 761 761 
761 761 826 826 819 819 
827 827 828 828 761 761 
761 761 828 828 825 825 
829 829 830 830 761 761 
761 761 830 830 827 827 
831 831 832 832 761 761 
761 761 832 832 829 829 
760 760 831 831 761 761 
</p>
			</triangles>
			<triangles count="2" material="Material260-">
				<input semantic="VERTEX" source="#A_Joint_4_Hub_V5-1-solid112-mesh-vertices" offset="0"/>
				<input semantic="NORMAL" source="#A_Joint_4_Hub_V5-1-solid112-mesh-normals" offset="1"/>
				<p>
833 833 834 834 835 835 
833 833 836 836 834 834 
</p>
			</triangles>
			<triangles count="25" material="Material261-">
				<input semantic="VERTEX" source="#A_Joint_4_Hub_V5-1-solid112-mesh-vertices" offset="0"/>
				<input semantic="NORMAL" source="#A_Joint_4_Hub_V5-1-solid112-mesh-normals" offset="1"/>
				<p>
837 837 838 838 839 839 
840 840 841 841 842 842 
843 843 837 837 844 844 
839 839 838 838 845 845 
846 846 847 847 848 848 
849 849 850 850 837 837 
837 837 850 850 838 838 
837 837 843 843 849 849 
851 851 844 844 848 848 
837 837 848 848 844 844 
852 852 853 853 848 848 
848 848 853 853 851 851 
848 848 847 847 852 852 
854 854 846 846 841 841 
848 848 841 841 846 846 
841 841 839 839 855 855 
841 841 840 840 854 854 
856 856 857 857 841 841 
841 841 857 857 842 842 
841 841 855 855 856 856 
858 858 859 859 839 839 
839 839 859 859 855 855 
860 860 861 861 839 839 
839 839 861 861 858 858 
845 845 860 860 839 839 
</p>
			</triangles>
			<triangles count="25" material="Material262-">
				<input semantic="VERTEX" source="#A_Joint_4_Hub_V5-1-solid112-mesh-vertices" offset="0"/>
				<input semantic="NORMAL" source="#A_Joint_4_Hub_V5-1-solid112-mesh-normals" offset="1"/>
				<p>
862 862 863 863 864 864 
865 865 866 866 867 867 
868 868 862 862 869 869 
864 864 863 863 870 870 
871 871 872 872 873 873 
874 874 875 875 862 862 
862 862 875 875 863 863 
862 862 868 868 874 874 
876 876 869 869 872 872 
862 862 872 872 869 869 
872 872 871 871 877 877 
872 872 877 877 876 876 
866 866 878 878 872 872 
873 873 872 872 878 878 
879 879 866 866 864 864 
866 866 865 865 878 878 
880 880 881 881 866 866 
866 866 881 881 867 867 
866 866 879 879 882 882 
866 866 882 882 880 880 
883 883 884 884 864 864 
864 864 884 884 879 879 
885 885 886 886 864 864 
864 864 886 886 883 883 
870 870 885 885 864 864 
</p>
			</triangles>
			<triangles count="25" material="Material263-">
				<input semantic="VERTEX" source="#A_Joint_4_Hub_V5-1-solid112-mesh-vertices" offset="0"/>
				<input semantic="NORMAL" source="#A_Joint_4_Hub_V5-1-solid112-mesh-normals" offset="1"/>
				<p>
887 887 888 888 889 889 
890 890 891 891 892 892 
893 893 887 887 894 894 
889 889 888 888 895 895 
896 896 897 897 898 898 
899 899 900 900 887 887 
887 887 900 900 888 888 
887 887 893 893 899 899 
901 901 894 894 897 897 
887 887 897 897 894 894 
897 897 896 896 902 902 
897 897 902 902 901 901 
891 891 903 903 897 897 
898 898 897 897 903 903 
904 904 891 891 889 889 
891 891 890 890 903 903 
905 905 906 906 891 891 
891 891 906 906 892 892 
891 891 904 904 907 907 
891 891 907 907 905 905 
908 908 909 909 889 889 
889 889 909 909 904 904 
910 910 911 911 889 889 
889 889 911 911 908 908 
895 895 910 910 889 889 
</p>
			</triangles>
			<triangles count="25" material="Material264-">
				<input semantic="VERTEX" source="#A_Joint_4_Hub_V5-1-solid112-mesh-vertices" offset="0"/>
				<input semantic="NORMAL" source="#A_Joint_4_Hub_V5-1-solid112-mesh-normals" offset="1"/>
				<p>
912 912 913 913 914 914 
915 915 916 916 917 917 
918 918 912 912 919 919 
914 914 913 913 920 920 
921 921 922 922 923 923 
924 924 925 925 912 912 
912 912 925 925 913 913 
912 912 918 918 924 924 
926 926 919 919 922 922 
912 912 922 922 919 919 
922 922 921 921 927 927 
922 922 927 927 926 926 
916 916 928 928 922 922 
923 923 922 922 928 928 
929 929 916 916 914 914 
916 916 915 915 928 928 
930 930 931 931 916 916 
916 916 931 931 917 917 
916 916 929 929 932 932 
916 916 932 932 930 930 
933 933 934 934 914 914 
914 914 934 934 929 929 
935 935 936 936 914 914 
914 914 936 936 933 933 
920 920 935 935 914 914 
</p>
			</triangles>
			<triangles count="25" material="Material265-">
				<input semantic="VERTEX" source="#A_Joint_4_Hub_V5-1-solid112-mesh-vertices" offset="0"/>
				<input semantic="NORMAL" source="#A_Joint_4_Hub_V5-1-solid112-mesh-normals" offset="1"/>
				<p>
937 937 938 938 939 939 
940 940 941 941 942 942 
943 943 937 937 944 944 
939 939 938 938 945 945 
946 946 947 947 948 948 
949 949 950 950 937 937 
937 937 950 950 938 938 
937 937 943 943 949 949 
951 951 944 944 947 947 
937 937 947 947 944 944 
947 947 946 946 952 952 
947 947 952 952 951 951 
941 941 953 953 947 947 
948 948 947 947 953 953 
954 954 941 941 939 939 
941 941 940 940 953 953 
955 955 956 956 941 941 
941 941 956 956 942 942 
941 941 954 954 957 957 
941 941 957 957 955 955 
958 958 959 959 939 939 
939 939 959 959 954 954 
960 960 961 961 939 939 
939 939 961 961 958 958 
945 945 960 960 939 939 
</p>
			</triangles>
			<triangles count="25" material="Material266-">
				<input semantic="VERTEX" source="#A_Joint_4_Hub_V5-1-solid112-mesh-vertices" offset="0"/>
				<input semantic="NORMAL" source="#A_Joint_4_Hub_V5-1-solid112-mesh-normals" offset="1"/>
				<p>
962 962 963 963 964 964 
965 965 966 966 967 967 
968 968 962 962 969 969 
964 964 963 963 970 970 
971 971 972 972 973 973 
974 974 975 975 962 962 
962 962 975 975 963 963 
962 962 968 968 974 974 
976 976 969 969 972 972 
962 962 972 972 969 969 
972 972 971 971 977 977 
972 972 977 977 976 976 
966 966 978 978 972 972 
973 973 972 972 978 978 
979 979 966 966 964 964 
966 966 965 965 978 978 
980 980 981 981 966 966 
966 966 981 981 967 967 
966 966 979 979 982 982 
966 966 982 982 980 980 
983 983 984 984 964 964 
964 964 984 984 979 979 
985 985 986 986 964 964 
964 964 986 986 983 983 
970 970 985 985 964 964 
</p>
			</triangles>
			<triangles count="25" material="Material267-">
				<input semantic="VERTEX" source="#A_Joint_4_Hub_V5-1-solid112-mesh-vertices" offset="0"/>
				<input semantic="NORMAL" source="#A_Joint_4_Hub_V5-1-solid112-mesh-normals" offset="1"/>
				<p>
987 987 988 988 989 989 
990 990 991 991 992 992 
993 993 994 994 995 995 
996 996 997 997 998 998 
999 999 994 994 991 991 
993 993 991 991 994 994 
991 991 990 990 1000 1000 
991 991 1000 1000 999 999 
1001 1001 992 992 988 988 
991 991 988 988 992 992 
988 988 987 987 1002 1002 
988 988 1002 1002 1001 1001 
996 996 1003 1003 988 988 
989 989 988 988 1003 1003 
1004 1004 996 996 993 993 
996 996 998 998 1003 1003 
1005 1005 1006 1006 996 996 
996 996 1006 1006 997 997 
996 996 1004 1004 1007 1007 
996 996 1007 1007 1005 1005 
1008 1008 1009 1009 993 993 
993 993 1009 1009 1004 1004 
1010 1010 1011 1011 993 993 
993 993 1011 1011 1008 1008 
995 995 1010 1010 993 993 
</p>
			</triangles>
			<triangles count="25" material="Material268-">
				<input semantic="VERTEX" source="#A_Joint_4_Hub_V5-1-solid112-mesh-vertices" offset="0"/>
				<input semantic="NORMAL" source="#A_Joint_4_Hub_V5-1-solid112-mesh-normals" offset="1"/>
				<p>
1012 1012 1013 1013 1014 1014 
1015 1015 1016 1016 1017 1017 
1018 1018 1012 1012 1019 1019 
1014 1014 1013 1013 1020 1020 
1021 1021 1022 1022 1023 1023 
1024 1024 1025 1025 1012 1012 
1012 1012 1025 1025 1013 1013 
1012 1012 1018 1018 1024 1024 
1026 1026 1019 1019 1022 1022 
1012 1012 1022 1022 1019 1019 
1022 1022 1021 1021 1027 1027 
1022 1022 1027 1027 1026 1026 
1016 1016 1028 1028 1022 1022 
1023 1023 1022 1022 1028 1028 
1029 1029 1016 1016 1014 1014 
1016 1016 1015 1015 1028 1028 
1030 1030 1031 1031 1016 1016 
1016 1016 1031 1031 1017 1017 
1016 1016 1029 1029 1032 1032 
1016 1016 1032 1032 1030 1030 
1033 1033 1034 1034 1014 1014 
1014 1014 1034 1034 1029 1029 
1035 1035 1036 1036 1014 1014 
1014 1014 1036 1036 1033 1033 
1020 1020 1035 1035 1014 1014 
</p>
			</triangles>
			<triangles count="2" material="Material269-">
				<input semantic="VERTEX" source="#A_Joint_4_Hub_V5-1-solid112-mesh-vertices" offset="0"/>
				<input semantic="NORMAL" source="#A_Joint_4_Hub_V5-1-solid112-mesh-normals" offset="1"/>
				<p>
1037 1037 1038 1038 1039 1039 
1039 1039 1040 1040 1037 1037 
</p>
			</triangles>
			<triangles count="78" material="Material270-">
				<input semantic="VERTEX" source="#A_Joint_4_Hub_V5-1-solid112-mesh-vertices" offset="0"/>
				<input semantic="NORMAL" source="#A_Joint_4_Hub_V5-1-solid112-mesh-normals" offset="1"/>
				<p>
1041 1041 1042 1042 1043 1043 
1044 1044 1045 1045 1046 1046 
1047 1047 1048 1048 1049 1049 
1050 1050 1051 1051 1047 1047 
1047 1047 1051 1051 1048 1048 
1047 1047 1052 1052 1053 1053 
1054 1054 1055 1055 1047 1047 
1047 1047 1055 1055 1050 1050 
1056 1056 1057 1057 1047 1047 
1047 1047 1057 1057 1054 1054 
1058 1058 1059 1059 1047 1047 
1047 1047 1059 1059 1056 1056 
1047 1047 1053 1053 1060 1060 
1047 1047 1060 1060 1058 1058 
1061 1061 1043 1043 1062 1062 
1043 1043 1061 1061 1041 1041 
1063 1063 1064 1064 1065 1065 
1064 1064 1063 1063 1062 1062 
1066 1066 1067 1067 1068 1068 
1066 1066 1065 1065 1069 1069 
1049 1049 1070 1070 1071 1071 
1072 1072 1073 1073 1074 1074 
1052 1052 1075 1075 1076 1076 
1077 1077 1078 1078 1079 1079 
1074 1074 1079 1079 1078 1078 
1080 1080 1077 1077 1081 1081 
1077 1077 1080 1080 1078 1078 
1071 1071 1080 1080 1081 1081 
1049 1049 1071 1071 1075 1075 
1082 1082 1075 1075 1083 1083 
1084 1084 1085 1085 1049 1049 
1049 1049 1085 1085 1070 1070 
1086 1086 1087 1087 1049 1049 
1049 1049 1087 1087 1084 1084 
1088 1088 1089 1089 1049 1049 
1049 1049 1089 1089 1086 1086 
1090 1090 1091 1091 1049 1049 
1049 1049 1091 1091 1088 1088 
1048 1048 1090 1090 1049 1049 
1092 1092 1093 1093 1094 1094 
1095 1095 1096 1096 1075 1075 
1075 1075 1096 1096 1076 1076 
1094 1094 1068 1068 1092 1092 
1073 1073 1072 1072 1093 1093 
1081 1081 1075 1075 1071 1071 
1075 1075 1082 1082 1095 1095 
1074 1074 1073 1073 1079 1079 
1097 1097 1098 1098 1075 1075 
1075 1075 1098 1098 1083 1083 
1099 1099 1100 1100 1075 1075 
1075 1075 1100 1100 1097 1097 
1075 1075 1081 1081 1101 1101 
1075 1075 1101 1101 1099 1099 
1094 1094 1093 1093 1072 1072 
1069 1069 1067 1067 1066 1066 
1067 1067 1092 1092 1068 1068 
1064 1064 1069 1069 1065 1065 
1063 1063 1061 1061 1062 1062 
1102 1102 1103 1103 1052 1052 
1041 1041 1045 1045 1042 1042 
1046 1046 1104 1104 1044 1044 
1045 1045 1044 1044 1042 1042 
1104 1104 1105 1105 1106 1106 
1105 1105 1104 1104 1046 1046 
1107 1107 1108 1108 1106 1106 
1106 1106 1105 1105 1107 1107 
1103 1103 1108 1108 1053 1053 
1107 1107 1053 1053 1108 1108 
1052 1052 1103 1103 1053 1053 
1109 1109 1110 1110 1052 1052 
1052 1052 1110 1110 1102 1102 
1111 1111 1112 1112 1052 1052 
1052 1052 1112 1112 1109 1109 
1113 1113 1114 1114 1052 1052 
1052 1052 1114 1114 1111 1111 
1115 1115 1116 1116 1052 1052 
1052 1052 1116 1116 1113 1113 
1076 1076 1115 1115 1052 1052 
</p>
			</triangles>
			<triangles count="260" material="Material271-">
				<input semantic="VERTEX" source="#A_Joint_4_Hub_V5-1-solid112-mesh-vertices" offset="0"/>
				<input semantic="NORMAL" source="#A_Joint_4_Hub_V5-1-solid112-mesh-normals" offset="1"/>
				<p>
1117 1117 1118 1118 1119 1119 
1120 1120 1121 1121 1118 1118 
1119 1119 1118 1118 1121 1121 
1122 1122 1121 1121 1123 1123 
1120 1120 1124 1124 1121 1121 
1125 1125 1126 1126 1127 1127 
1127 1127 1128 1128 1125 1125 
1129 1129 1130 1130 1126 1126 
1127 1127 1126 1126 1130 1130 
1131 1131 1129 1129 1132 1132 
1129 1129 1131 1131 1130 1130 
1132 1132 1133 1133 1134 1134 
1134 1134 1131 1131 1132 1132 
1135 1135 1136 1136 1133 1133 
1134 1134 1133 1133 1136 1136 
1137 1137 1135 1135 1138 1138 
1135 1135 1137 1137 1136 1136 
1139 1139 1137 1137 1138 1138 
1139 1139 1138 1138 1140 1140 
1119 1119 1141 1141 1117 1117 
1142 1142 1141 1141 1143 1143 
1141 1141 1142 1142 1117 1117 
1144 1144 1145 1145 1146 1146 
1147 1147 1148 1148 1143 1143 
1149 1149 1150 1150 1145 1145 
1146 1146 1145 1145 1150 1150 
1151 1151 1149 1149 1152 1152 
1149 1149 1151 1151 1150 1150 
1153 1153 1154 1154 1155 1155 
1156 1156 1154 1154 1153 1153 
1157 1157 1158 1158 1159 1159 
1160 1160 1161 1161 1162 1162 
1161 1161 1160 1160 1159 1159 
1162 1162 1163 1163 1164 1164 
1164 1164 1160 1160 1162 1162 
1165 1165 1166 1166 1167 1167 
1168 1168 1169 1169 1170 1170 
1171 1171 1167 1167 1166 1166 
1172 1172 1173 1173 1174 1174 
1175 1175 1176 1176 1177 1177 
1178 1178 1179 1179 1180 1180 
1181 1181 1182 1182 1183 1183 
1184 1184 1185 1185 1186 1186 
1187 1187 1188 1188 1189 1189 
1190 1190 1191 1191 1192 1192 
1193 1193 1194 1194 1195 1195 
1196 1196 1197 1197 1198 1198 
1199 1199 1200 1200 1201 1201 
1202 1202 1199 1199 1196 1196 
1203 1203 1204 1204 1201 1201 
1201 1201 1200 1200 1203 1203 
1140 1140 1204 1204 1205 1205 
1203 1203 1205 1205 1204 1204 
1139 1139 1140 1140 1205 1205 
1192 1192 1191 1191 1194 1194 
1196 1196 1206 1206 1197 1197 
1193 1193 1195 1195 1207 1207 
1192 1192 1194 1194 1193 1193 
1184 1184 1187 1187 1185 1185 
1208 1208 1209 1209 1186 1186 
1188 1188 1179 1179 1189 1189 
1187 1187 1189 1189 1185 1185 
1210 1210 1211 1211 1179 1179 
1180 1180 1179 1179 1188 1188 
1212 1212 1182 1182 1181 1181 
1182 1182 1213 1213 1183 1183 
1212 1212 1181 1181 1214 1214 
1215 1215 1216 1216 1168 1168 
1177 1177 1217 1217 1175 1175 
1169 1169 1218 1218 1170 1170 
1216 1216 1169 1169 1168 1168 
1219 1219 1220 1220 1221 1221 
1146 1146 1222 1222 1223 1223 
1224 1224 1225 1225 1146 1146 
1146 1146 1225 1225 1144 1144 
1146 1146 1223 1223 1224 1224 
1142 1142 1226 1226 1146 1146 
1222 1222 1146 1146 1226 1226 
1227 1227 1228 1228 1142 1142 
1142 1142 1228 1228 1226 1226 
1229 1229 1230 1230 1142 1142 
1142 1142 1230 1230 1227 1227 
1143 1143 1231 1231 1232 1232 
1143 1143 1232 1232 1142 1142 
1142 1142 1232 1232 1229 1229 
1143 1143 1148 1148 1231 1231 
1233 1233 1234 1234 1143 1143 
1143 1143 1234 1234 1235 1235 
1143 1143 1235 1235 1147 1147 
1236 1236 1233 1233 1145 1145 
1143 1143 1145 1145 1233 1233 
1237 1237 1238 1238 1145 1145 
1145 1145 1238 1238 1236 1236 
1144 1144 1239 1239 1145 1145 
1145 1145 1239 1239 1237 1237 
1159 1159 1240 1240 1161 1161 
1241 1241 1242 1242 1243 1243 
1244 1244 1245 1245 1159 1159 
1159 1159 1245 1245 1240 1240 
1159 1159 1158 1158 1244 1244 
1246 1246 1157 1157 1153 1153 
1159 1159 1153 1153 1157 1157 
1247 1247 1242 1242 1248 1248 
1249 1249 1250 1250 1153 1153 
1153 1153 1250 1250 1246 1246 
1251 1251 1242 1242 1247 1247 
1153 1153 1155 1155 1249 1249 
1152 1152 1156 1156 1151 1151 
1156 1156 1153 1153 1151 1151 
1242 1242 1251 1251 1252 1252 
1242 1242 1252 1252 1152 1152 
1152 1152 1252 1252 1156 1156 
1243 1243 1242 1242 1253 1253 
1242 1242 1241 1241 1248 1248 
1254 1254 1253 1253 1161 1161 
1242 1242 1161 1161 1253 1253 
1255 1255 1256 1256 1161 1161 
1161 1161 1256 1256 1254 1254 
1240 1240 1255 1255 1161 1161 
1128 1128 1257 1257 1125 1125 
1258 1258 1120 1120 1259 1259 
1260 1260 1261 1261 1120 1120 
1120 1120 1261 1261 1124 1124 
1120 1120 1258 1258 1262 1262 
1120 1120 1262 1262 1260 1260 
1263 1263 1121 1121 1264 1264 
1125 1125 1265 1265 1120 1120 
1259 1259 1120 1120 1265 1265 
1128 1128 1263 1263 1266 1266 
1267 1267 1268 1268 1125 1125 
1125 1125 1268 1268 1265 1265 
1125 1125 1257 1257 1269 1269 
1125 1125 1269 1269 1267 1267 
1270 1270 1271 1271 1128 1128 
1128 1128 1271 1271 1257 1257 
1128 1128 1266 1266 1272 1272 
1128 1128 1272 1272 1270 1270 
1128 1128 1121 1121 1263 1263 
1121 1121 1122 1122 1264 1264 
1273 1273 1274 1274 1121 1121 
1121 1121 1274 1274 1123 1123 
1124 1124 1273 1273 1121 1121 
1199 1199 1275 1275 1200 1200 
1276 1276 1277 1277 1278 1278 
1279 1279 1280 1280 1199 1199 
1199 1199 1280 1280 1275 1275 
1199 1199 1202 1202 1279 1279 
1281 1281 1277 1277 1282 1282 
1283 1283 1284 1284 1196 1196 
1196 1196 1284 1284 1202 1202 
1281 1281 1285 1285 1277 1277 
1198 1198 1286 1286 1196 1196 
1196 1196 1286 1286 1283 1283 
1196 1196 1191 1191 1287 1287 
1287 1287 1206 1206 1196 1196 
1288 1288 1277 1277 1289 1289 
1191 1191 1190 1190 1287 1287 
1277 1277 1288 1288 1190 1190 
1190 1190 1288 1288 1287 1287 
1277 1277 1285 1285 1289 1289 
1277 1277 1200 1200 1278 1278 
1277 1277 1276 1276 1282 1282 
1290 1290 1291 1291 1200 1200 
1200 1200 1291 1291 1278 1278 
1275 1275 1292 1292 1200 1200 
1200 1200 1292 1292 1290 1290 
1195 1195 1293 1293 1294 1294 
1295 1295 1296 1296 1195 1195 
1195 1195 1296 1296 1207 1207 
1195 1195 1294 1294 1295 1295 
1184 1184 1297 1297 1195 1195 
1293 1293 1195 1195 1297 1297 
1298 1298 1299 1299 1184 1184 
1184 1184 1299 1299 1297 1297 
1300 1300 1301 1301 1184 1184 
1184 1184 1301 1301 1298 1298 
1186 1186 1302 1302 1303 1303 
1186 1186 1303 1303 1184 1184 
1184 1184 1303 1303 1300 1300 
1186 1186 1209 1209 1302 1302 
1304 1304 1305 1305 1186 1186 
1186 1186 1305 1305 1306 1306 
1186 1186 1306 1306 1208 1208 
1307 1307 1304 1304 1193 1193 
1186 1186 1193 1193 1304 1304 
1308 1308 1309 1309 1193 1193 
1193 1193 1309 1309 1307 1307 
1207 1207 1310 1310 1193 1193 
1193 1193 1310 1310 1308 1308 
1213 1213 1311 1311 1183 1183 
1312 1312 1180 1180 1313 1313 
1314 1314 1315 1315 1180 1180 
1180 1180 1315 1315 1178 1178 
1180 1180 1312 1312 1316 1316 
1180 1180 1316 1316 1314 1314 
1183 1183 1317 1317 1180 1180 
1313 1313 1180 1180 1317 1317 
1213 1213 1318 1318 1319 1319 
1320 1320 1321 1321 1183 1183 
1183 1183 1321 1321 1317 1317 
1183 1183 1311 1311 1322 1322 
1183 1183 1322 1322 1320 1320 
1323 1323 1324 1324 1213 1213 
1213 1213 1324 1324 1311 1311 
1213 1213 1319 1319 1325 1325 
1213 1213 1325 1325 1323 1323 
1326 1326 1318 1318 1179 1179 
1213 1213 1179 1179 1318 1318 
1179 1179 1211 1211 1326 1326 
1327 1327 1328 1328 1179 1179 
1179 1179 1328 1328 1210 1210 
1178 1178 1327 1327 1179 1179 
1212 1212 1214 1214 1329 1329 
1175 1175 1330 1330 1331 1331 
1175 1175 1331 1331 1214 1214 
1214 1214 1331 1331 1329 1329 
1332 1332 1173 1173 1333 1333 
1175 1175 1217 1217 1330 1330 
1334 1334 1216 1216 1335 1335 
1176 1176 1175 1175 1336 1336 
1175 1175 1337 1337 1338 1338 
1336 1336 1175 1175 1338 1338 
1339 1339 1215 1215 1173 1173 
1216 1216 1334 1334 1337 1337 
1175 1175 1216 1216 1337 1337 
1340 1340 1335 1335 1215 1215 
1216 1216 1215 1215 1335 1335 
1341 1341 1342 1342 1215 1215 
1215 1215 1342 1342 1340 1340 
1215 1215 1339 1339 1341 1341 
1343 1343 1344 1344 1173 1173 
1173 1173 1344 1344 1339 1339 
1173 1173 1332 1332 1343 1343 
1173 1173 1172 1172 1333 1333 
1329 1329 1174 1174 1212 1212 
1212 1212 1174 1174 1173 1173 
1170 1170 1218 1218 1345 1345 
1218 1218 1166 1166 1346 1346 
1218 1218 1346 1346 1347 1347 
1218 1218 1347 1347 1345 1345 
1348 1348 1349 1349 1166 1166 
1166 1166 1349 1349 1346 1346 
1350 1350 1219 1219 1351 1351 
1165 1165 1352 1352 1166 1166 
1166 1166 1352 1352 1348 1348 
1219 1219 1350 1350 1353 1353 
1164 1164 1354 1354 1355 1355 
1166 1166 1164 1164 1355 1355 
1171 1171 1166 1166 1355 1355 
1356 1356 1219 1219 1357 1357 
1358 1358 1354 1354 1163 1163 
1164 1164 1163 1163 1354 1354 
1219 1219 1356 1356 1163 1163 
1163 1163 1356 1356 1358 1358 
1219 1219 1353 1353 1357 1357 
1219 1219 1170 1170 1220 1220 
1219 1219 1221 1221 1351 1351 
1359 1359 1360 1360 1170 1170 
1170 1170 1360 1360 1220 1220 
1345 1345 1359 1359 1170 1170 
</p>
			</triangles>
			<triangles count="40" material="Material272-">
				<input semantic="VERTEX" source="#A_Joint_4_Hub_V5-1-solid112-mesh-vertices" offset="0"/>
				<input semantic="NORMAL" source="#A_Joint_4_Hub_V5-1-solid112-mesh-normals" offset="1"/>
				<p>
1361 1361 1362 1362 1363 1363 
1364 1364 1365 1365 1366 1366 
1367 1367 1368 1368 1369 1369 
1370 1370 1371 1371 1372 1372 
1373 1373 1368 1368 1366 1366 
1367 1367 1366 1366 1368 1368 
1374 1374 1375 1375 1366 1366 
1366 1366 1375 1375 1373 1373 
1366 1366 1365 1365 1374 1374 
1366 1366 1376 1376 1377 1377 
1364 1364 1366 1366 1377 1377 
1362 1362 1378 1378 1366 1366 
1376 1376 1366 1366 1378 1378 
1379 1379 1380 1380 1362 1362 
1362 1362 1380 1380 1378 1378 
1381 1381 1382 1382 1362 1362 
1362 1362 1382 1382 1379 1379 
1383 1383 1384 1384 1362 1362 
1362 1362 1384 1384 1381 1381 
1362 1362 1361 1361 1383 1383 
1385 1385 1363 1363 1370 1370 
1362 1362 1370 1370 1363 1363 
1370 1370 1386 1386 1387 1387 
1370 1370 1372 1372 1385 1385 
1388 1388 1389 1389 1370 1370 
1370 1370 1389 1389 1371 1371 
1390 1390 1391 1391 1370 1370 
1370 1370 1391 1391 1388 1388 
1370 1370 1387 1387 1390 1390 
1386 1386 1370 1370 1392 1392 
1393 1393 1392 1392 1367 1367 
1370 1370 1367 1367 1392 1392 
1394 1394 1395 1395 1367 1367 
1367 1367 1395 1395 1393 1393 
1396 1396 1397 1397 1367 1367 
1367 1367 1397 1397 1394 1394 
1398 1398 1399 1399 1367 1367 
1367 1367 1399 1399 1396 1396 
1369 1369 1400 1400 1367 1367 
1367 1367 1400 1400 1398 1398 
</p>
			</triangles>
			<triangles count="2" material="Material273-">
				<input semantic="VERTEX" source="#A_Joint_4_Hub_V5-1-solid112-mesh-vertices" offset="0"/>
				<input semantic="NORMAL" source="#A_Joint_4_Hub_V5-1-solid112-mesh-normals" offset="1"/>
				<p>
1401 1401 1402 1402 1403 1403 
1403 1403 1404 1404 1401 1401 
</p>
			</triangles>
			<triangles count="2" material="Material274-">
				<input semantic="VERTEX" source="#A_Joint_4_Hub_V5-1-solid112-mesh-vertices" offset="0"/>
				<input semantic="NORMAL" source="#A_Joint_4_Hub_V5-1-solid112-mesh-normals" offset="1"/>
				<p>
1405 1405 1406 1406 1407 1407 
1405 1405 1408 1408 1406 1406 
</p>
			</triangles>
			<triangles count="40" material="Material275-">
				<input semantic="VERTEX" source="#A_Joint_4_Hub_V5-1-solid112-mesh-vertices" offset="0"/>
				<input semantic="NORMAL" source="#A_Joint_4_Hub_V5-1-solid112-mesh-normals" offset="1"/>
				<p>
1409 1409 1410 1410 1411 1411 
1412 1412 1413 1413 1414 1414 
1415 1415 1416 1416 1409 1409 
1417 1417 1409 1409 1418 1418 
1409 1409 1419 1419 1418 1418 
1420 1420 1409 1409 1421 1421 
1409 1409 1417 1417 1421 1421 
1422 1422 1409 1409 1423 1423 
1409 1409 1420 1420 1423 1423 
1409 1409 1422 1422 1410 1410 
1414 1414 1409 1409 1424 1424 
1411 1411 1424 1424 1409 1409 
1425 1425 1414 1414 1426 1426 
1414 1414 1424 1424 1426 1426 
1427 1427 1414 1414 1428 1428 
1414 1414 1425 1425 1428 1428 
1429 1429 1414 1414 1430 1430 
1414 1414 1427 1427 1430 1430 
1414 1414 1431 1431 1412 1412 
1414 1414 1429 1429 1431 1431 
1432 1432 1414 1414 1433 1433 
1413 1413 1433 1433 1414 1414 
1434 1434 1435 1435 1432 1432 
1436 1436 1432 1432 1437 1437 
1432 1432 1433 1433 1437 1437 
1432 1432 1438 1438 1434 1434 
1432 1432 1436 1436 1438 1438 
1432 1432 1439 1439 1440 1440 
1435 1435 1439 1439 1432 1432 
1440 1440 1441 1441 1432 1432 
1442 1442 1415 1415 1441 1441 
1432 1432 1441 1441 1415 1415 
1443 1443 1415 1415 1444 1444 
1415 1415 1442 1442 1444 1444 
1445 1445 1415 1415 1446 1446 
1415 1415 1443 1443 1446 1446 
1447 1447 1415 1415 1448 1448 
1415 1415 1445 1445 1448 1448 
1409 1409 1416 1416 1419 1419 
1415 1415 1447 1447 1416 1416 
</p>
			</triangles>
			<triangles count="2" material="Material276-">
				<input semantic="VERTEX" source="#A_Joint_4_Hub_V5-1-solid112-mesh-vertices" offset="0"/>
				<input semantic="NORMAL" source="#A_Joint_4_Hub_V5-1-solid112-mesh-normals" offset="1"/>
				<p>
1449 1449 1450 1450 1451 1451 
1449 1449 1451 1451 1452 1452 
</p>
			</triangles>
			<triangles count="2" material="Material277-">
				<input semantic="VERTEX" source="#A_Joint_4_Hub_V5-1-solid112-mesh-vertices" offset="0"/>
				<input semantic="NORMAL" source="#A_Joint_4_Hub_V5-1-solid112-mesh-normals" offset="1"/>
				<p>
1453 1453 1454 1454 1455 1455 
1454 1454 1453 1453 1456 1456 
</p>
			</triangles>
			<triangles count="40" material="Material278-">
				<input semantic="VERTEX" source="#A_Joint_4_Hub_V5-1-solid112-mesh-vertices" offset="0"/>
				<input semantic="NORMAL" source="#A_Joint_4_Hub_V5-1-solid112-mesh-normals" offset="1"/>
				<p>
1457 1457 1458 1458 1459 1459 
1460 1460 1461 1461 1462 1462 
1461 1461 1463 1463 1464 1464 
1458 1458 1465 1465 1466 1466 
1467 1467 1461 1461 1468 1468 
1461 1461 1464 1464 1468 1468 
1469 1469 1461 1461 1470 1470 
1461 1461 1467 1467 1470 1470 
1471 1471 1461 1461 1472 1472 
1461 1461 1469 1469 1472 1472 
1461 1461 1473 1473 1462 1462 
1461 1461 1471 1471 1473 1473 
1458 1458 1461 1461 1474 1474 
1460 1460 1474 1474 1461 1461 
1475 1475 1458 1458 1476 1476 
1458 1458 1474 1474 1476 1476 
1458 1458 1477 1477 1459 1459 
1458 1458 1475 1475 1477 1477 
1458 1458 1478 1478 1479 1479 
1457 1457 1478 1478 1458 1458 
1480 1480 1466 1466 1481 1481 
1479 1479 1465 1465 1458 1458 
1482 1482 1466 1466 1483 1483 
1466 1466 1465 1465 1483 1483 
1484 1484 1466 1466 1485 1485 
1466 1466 1482 1482 1485 1485 
1486 1486 1466 1466 1487 1487 
1466 1466 1484 1484 1487 1487 
1466 1466 1486 1486 1481 1481 
1488 1488 1463 1463 1480 1480 
1466 1466 1480 1480 1463 1463 
1489 1489 1463 1463 1490 1490 
1463 1463 1488 1488 1490 1490 
1491 1491 1463 1463 1492 1492 
1463 1463 1489 1489 1492 1492 
1493 1493 1463 1463 1494 1494 
1463 1463 1491 1491 1494 1494 
1495 1495 1463 1463 1496 1496 
1463 1463 1493 1493 1496 1496 
1464 1464 1463 1463 1495 1495 
</p>
			</triangles>
			<triangles count="2" material="Material279-">
				<input semantic="VERTEX" source="#A_Joint_4_Hub_V5-1-solid112-mesh-vertices" offset="0"/>
				<input semantic="NORMAL" source="#A_Joint_4_Hub_V5-1-solid112-mesh-normals" offset="1"/>
				<p>
1497 1497 1498 1498 1499 1499 
1498 1498 1497 1497 1500 1500 
</p>
			</triangles>
			<triangles count="2" material="Material280-">
				<input semantic="VERTEX" source="#A_Joint_4_Hub_V5-1-solid112-mesh-vertices" offset="0"/>
				<input semantic="NORMAL" source="#A_Joint_4_Hub_V5-1-solid112-mesh-normals" offset="1"/>
				<p>
1501 1501 1502 1502 1503 1503 
1501 1501 1503 1503 1504 1504 
</p>
			</triangles>
			<triangles count="40" material="Material281-">
				<input semantic="VERTEX" source="#A_Joint_4_Hub_V5-1-solid112-mesh-vertices" offset="0"/>
				<input semantic="NORMAL" source="#A_Joint_4_Hub_V5-1-solid112-mesh-normals" offset="1"/>
				<p>
1505 1505 1506 1506 1507 1507 
1508 1508 1509 1509 1510 1510 
1505 1505 1511 1511 1512 1512 
1509 1509 1513 1513 1514 1514 
1515 1515 1516 1516 1505 1505 
1505 1505 1516 1516 1511 1511 
1517 1517 1518 1518 1505 1505 
1505 1505 1518 1518 1515 1515 
1519 1519 1520 1520 1505 1505 
1505 1505 1520 1520 1517 1517 
1505 1505 1507 1507 1521 1521 
1505 1505 1521 1521 1519 1519 
1509 1509 1522 1522 1505 1505 
1506 1506 1505 1505 1522 1522 
1523 1523 1524 1524 1509 1509 
1509 1509 1524 1524 1522 1522 
1509 1509 1508 1508 1525 1525 
1509 1509 1525 1525 1523 1523 
1509 1509 1526 1526 1527 1527 
1510 1510 1509 1509 1527 1527 
1528 1528 1529 1529 1513 1513 
1526 1526 1509 1509 1514 1514 
1530 1530 1531 1531 1513 1513 
1513 1513 1531 1531 1514 1514 
1532 1532 1533 1533 1513 1513 
1513 1513 1533 1533 1530 1530 
1534 1534 1535 1535 1513 1513 
1513 1513 1535 1535 1532 1532 
1513 1513 1529 1529 1534 1534 
1536 1536 1528 1528 1512 1512 
1513 1513 1512 1512 1528 1528 
1537 1537 1538 1538 1512 1512 
1512 1512 1538 1538 1536 1536 
1539 1539 1540 1540 1512 1512 
1512 1512 1540 1540 1537 1537 
1541 1541 1542 1542 1512 1512 
1512 1512 1542 1542 1539 1539 
1543 1543 1544 1544 1512 1512 
1512 1512 1544 1544 1541 1541 
1511 1511 1543 1543 1512 1512 
</p>
			</triangles>
			<triangles count="2" material="Material282-">
				<input semantic="VERTEX" source="#A_Joint_4_Hub_V5-1-solid112-mesh-vertices" offset="0"/>
				<input semantic="NORMAL" source="#A_Joint_4_Hub_V5-1-solid112-mesh-normals" offset="1"/>
				<p>
1545 1545 1546 1546 1547 1547 
1547 1547 1548 1548 1545 1545 
</p>
			</triangles>
			<triangles count="2" material="Material283-">
				<input semantic="VERTEX" source="#A_Joint_4_Hub_V5-1-solid112-mesh-vertices" offset="0"/>
				<input semantic="NORMAL" source="#A_Joint_4_Hub_V5-1-solid112-mesh-normals" offset="1"/>
				<p>
1549 1549 1550 1550 1551 1551 
1551 1551 1552 1552 1549 1549 
</p>
			</triangles>
			<triangles count="2" material="Material284-">
				<input semantic="VERTEX" source="#A_Joint_4_Hub_V5-1-solid112-mesh-vertices" offset="0"/>
				<input semantic="NORMAL" source="#A_Joint_4_Hub_V5-1-solid112-mesh-normals" offset="1"/>
				<p>
1553 1553 1554 1554 1555 1555 
1555 1555 1556 1556 1553 1553 
</p>
			</triangles>
			<triangles count="2" material="Material285-">
				<input semantic="VERTEX" source="#A_Joint_4_Hub_V5-1-solid112-mesh-vertices" offset="0"/>
				<input semantic="NORMAL" source="#A_Joint_4_Hub_V5-1-solid112-mesh-normals" offset="1"/>
				<p>
1557 1557 1558 1558 1559 1559 
1559 1559 1560 1560 1557 1557 
</p>
			</triangles>
			<triangles count="2" material="Material286-">
				<input semantic="VERTEX" source="#A_Joint_4_Hub_V5-1-solid112-mesh-vertices" offset="0"/>
				<input semantic="NORMAL" source="#A_Joint_4_Hub_V5-1-solid112-mesh-normals" offset="1"/>
				<p>
1561 1561 1562 1562 1563 1563 
1561 1561 1564 1564 1562 1562 
</p>
			</triangles>
			<triangles count="2" material="Material287-">
				<input semantic="VERTEX" source="#A_Joint_4_Hub_V5-1-solid112-mesh-vertices" offset="0"/>
				<input semantic="NORMAL" source="#A_Joint_4_Hub_V5-1-solid112-mesh-normals" offset="1"/>
				<p>
1565 1565 1566 1566 1567 1567 
1567 1567 1568 1568 1565 1565 
</p>
			</triangles>
			<triangles count="20" material="Material288-">
				<input semantic="VERTEX" source="#A_Joint_4_Hub_V5-1-solid112-mesh-vertices" offset="0"/>
				<input semantic="NORMAL" source="#A_Joint_4_Hub_V5-1-solid112-mesh-normals" offset="1"/>
				<p>
1569 1569 1570 1570 1571 1571 
1572 1572 1573 1573 1574 1574 
1575 1575 1576 1576 1577 1577 
1578 1578 1579 1579 1580 1580 
1581 1581 1582 1582 1583 1583 
1584 1584 1585 1585 1586 1586 
1586 1586 1587 1587 1584 1584 
1588 1588 1585 1585 1589 1589 
1584 1584 1589 1589 1585 1585 
1590 1590 1588 1588 1589 1589 
1587 1587 1579 1579 1578 1578 
1579 1579 1587 1587 1586 1586 
1582 1582 1580 1580 1583 1583 
1582 1582 1578 1578 1580 1580 
1581 1581 1572 1572 1574 1574 
1581 1581 1583 1583 1572 1572 
1573 1573 1575 1575 1577 1577 
1574 1574 1573 1573 1577 1577 
1569 1569 1571 1571 1576 1576 
1575 1575 1569 1569 1576 1576 
</p>
			</triangles>
			<triangles count="8" material="Material289-">
				<input semantic="VERTEX" source="#A_Joint_4_Hub_V5-1-solid112-mesh-vertices" offset="0"/>
				<input semantic="NORMAL" source="#A_Joint_4_Hub_V5-1-solid112-mesh-normals" offset="1"/>
				<p>
1591 1591 1592 1592 1593 1593 
1594 1594 1595 1595 1596 1596 
1597 1597 1598 1598 1599 1599 
1600 1600 1594 1594 1596 1596 
1597 1597 1599 1599 1595 1595 
1596 1596 1595 1595 1599 1599 
1591 1591 1593 1593 1598 1598 
1597 1597 1591 1591 1598 1598 
</p>
			</triangles>
			<triangles count="20" material="Material290-">
				<input semantic="VERTEX" source="#A_Joint_4_Hub_V5-1-solid112-mesh-vertices" offset="0"/>
				<input semantic="NORMAL" source="#A_Joint_4_Hub_V5-1-solid112-mesh-normals" offset="1"/>
				<p>
1601 1601 1602 1602 1603 1603 
1604 1604 1605 1605 1606 1606 
1607 1607 1608 1608 1609 1609 
1610 1610 1611 1611 1612 1612 
1613 1613 1614 1614 1615 1615 
1616 1616 1617 1617 1618 1618 
1618 1618 1619 1619 1616 1616 
1620 1620 1617 1617 1621 1621 
1616 1616 1621 1621 1617 1617 
1622 1622 1620 1620 1621 1621 
1619 1619 1611 1611 1610 1610 
1611 1611 1619 1619 1618 1618 
1614 1614 1612 1612 1615 1615 
1614 1614 1610 1610 1612 1612 
1613 1613 1604 1604 1606 1606 
1613 1613 1615 1615 1604 1604 
1605 1605 1607 1607 1609 1609 
1606 1606 1605 1605 1609 1609 
1601 1601 1603 1603 1608 1608 
1607 1607 1601 1601 1608 1608 
</p>
			</triangles>
			<triangles count="8" material="Material291-">
				<input semantic="VERTEX" source="#A_Joint_4_Hub_V5-1-solid112-mesh-vertices" offset="0"/>
				<input semantic="NORMAL" source="#A_Joint_4_Hub_V5-1-solid112-mesh-normals" offset="1"/>
				<p>
1623 1623 1624 1624 1625 1625 
1626 1626 1627 1627 1628 1628 
1629 1629 1630 1630 1631 1631 
1632 1632 1626 1626 1628 1628 
1629 1629 1631 1631 1627 1627 
1628 1628 1627 1627 1631 1631 
1623 1623 1625 1625 1630 1630 
1629 1629 1623 1623 1630 1630 
</p>
			</triangles>
			<triangles count="26" material="Material292-">
				<input semantic="VERTEX" source="#A_Joint_4_Hub_V5-1-solid112-mesh-vertices" offset="0"/>
				<input semantic="NORMAL" source="#A_Joint_4_Hub_V5-1-solid112-mesh-normals" offset="1"/>
				<p>
1633 1633 1634 1634 1635 1635 
1636 1636 1637 1637 1638 1638 
1639 1639 1640 1640 1641 1641 
1642 1642 1643 1643 1644 1644 
1645 1645 1646 1646 1647 1647 
1648 1648 1649 1649 1650 1650 
1651 1651 1652 1652 1653 1653 
1654 1654 1655 1655 1656 1656 
1656 1656 1650 1650 1654 1654 
1657 1657 1658 1658 1655 1655 
1656 1656 1655 1655 1658 1658 
1659 1659 1657 1657 1660 1660 
1657 1657 1659 1659 1658 1658 
1649 1649 1648 1648 1653 1653 
1650 1650 1649 1649 1654 1654 
1643 1643 1652 1652 1651 1651 
1651 1651 1653 1653 1648 1648 
1646 1646 1642 1642 1644 1644 
1642 1642 1652 1652 1643 1643 
1645 1645 1647 1647 1636 1636 
1646 1646 1644 1644 1647 1647 
1638 1638 1637 1637 1641 1641 
1645 1645 1636 1636 1638 1638 
1639 1639 1633 1633 1640 1640 
1637 1637 1639 1639 1641 1641 
1635 1635 1640 1640 1633 1633 
</p>
			</triangles>
			<triangles count="14" material="Material293-">
				<input semantic="VERTEX" source="#A_Joint_4_Hub_V5-1-solid112-mesh-vertices" offset="0"/>
				<input semantic="NORMAL" source="#A_Joint_4_Hub_V5-1-solid112-mesh-normals" offset="1"/>
				<p>
1661 1661 1662 1662 1663 1663 
1664 1664 1665 1665 1666 1666 
1667 1667 1668 1668 1669 1669 
1670 1670 1671 1671 1672 1672 
1673 1673 1672 1672 1674 1674 
1675 1675 1670 1670 1676 1676 
1670 1670 1675 1675 1671 1671 
1664 1664 1673 1673 1674 1674 
1672 1672 1671 1671 1674 1674 
1666 1666 1665 1665 1669 1669 
1673 1673 1664 1664 1666 1666 
1667 1667 1661 1661 1668 1668 
1665 1665 1667 1667 1669 1669 
1663 1663 1668 1668 1661 1661 
</p>
			</triangles>
			<triangles count="18" material="Material294-">
				<input semantic="VERTEX" source="#A_Joint_4_Hub_V5-1-solid112-mesh-vertices" offset="0"/>
				<input semantic="NORMAL" source="#A_Joint_4_Hub_V5-1-solid112-mesh-normals" offset="1"/>
				<p>
1677 1677 1678 1678 1679 1679 
1680 1680 1681 1681 1682 1682 
1683 1683 1684 1684 1685 1685 
1686 1686 1687 1687 1688 1688 
1689 1689 1690 1690 1691 1691 
1692 1692 1693 1693 1694 1694 
1687 1687 1694 1694 1693 1693 
1695 1695 1692 1692 1696 1696 
1692 1692 1695 1695 1693 1693 
1686 1686 1688 1688 1690 1690 
1686 1686 1694 1694 1687 1687 
1689 1689 1691 1691 1680 1680 
1690 1690 1688 1688 1691 1691 
1682 1682 1681 1681 1685 1685 
1689 1689 1680 1680 1682 1682 
1683 1683 1677 1677 1684 1684 
1681 1681 1683 1683 1685 1685 
1679 1679 1684 1684 1677 1677 
</p>
			</triangles>
			<triangles count="26" material="Material295-">
				<input semantic="VERTEX" source="#A_Joint_4_Hub_V5-1-solid112-mesh-vertices" offset="0"/>
				<input semantic="NORMAL" source="#A_Joint_4_Hub_V5-1-solid112-mesh-normals" offset="1"/>
				<p>
1697 1697 1698 1698 1699 1699 
1700 1700 1701 1701 1702 1702 
1703 1703 1704 1704 1705 1705 
1706 1706 1707 1707 1708 1708 
1709 1709 1710 1710 1711 1711 
1712 1712 1713 1713 1714 1714 
1715 1715 1716 1716 1717 1717 
1718 1718 1719 1719 1720 1720 
1720 1720 1714 1714 1718 1718 
1721 1721 1722 1722 1719 1719 
1720 1720 1719 1719 1722 1722 
1723 1723 1721 1721 1724 1724 
1721 1721 1723 1723 1722 1722 
1713 1713 1712 1712 1717 1717 
1714 1714 1713 1713 1718 1718 
1707 1707 1716 1716 1715 1715 
1715 1715 1717 1717 1712 1712 
1710 1710 1706 1706 1708 1708 
1706 1706 1716 1716 1707 1707 
1709 1709 1711 1711 1700 1700 
1710 1710 1708 1708 1711 1711 
1702 1702 1701 1701 1705 1705 
1709 1709 1700 1700 1702 1702 
1703 1703 1697 1697 1704 1704 
1701 1701 1703 1703 1705 1705 
1699 1699 1704 1704 1697 1697 
</p>
			</triangles>
			<triangles count="18" material="Material296-">
				<input semantic="VERTEX" source="#A_Joint_4_Hub_V5-1-solid112-mesh-vertices" offset="0"/>
				<input semantic="NORMAL" source="#A_Joint_4_Hub_V5-1-solid112-mesh-normals" offset="1"/>
				<p>
1725 1725 1726 1726 1727 1727 
1728 1728 1729 1729 1730 1730 
1731 1731 1732 1732 1733 1733 
1734 1734 1735 1735 1736 1736 
1737 1737 1738 1738 1739 1739 
1740 1740 1741 1741 1742 1742 
1735 1735 1742 1742 1741 1741 
1743 1743 1740 1740 1744 1744 
1740 1740 1743 1743 1741 1741 
1734 1734 1736 1736 1738 1738 
1734 1734 1742 1742 1735 1735 
1737 1737 1739 1739 1728 1728 
1738 1738 1736 1736 1739 1739 
1730 1730 1729 1729 1733 1733 
1737 1737 1728 1728 1730 1730 
1731 1731 1725 1725 1732 1732 
1729 1729 1731 1731 1733 1733 
1727 1727 1732 1732 1725 1725 
</p>
			</triangles>
			<triangles count="14" material="Material297-">
				<input semantic="VERTEX" source="#A_Joint_4_Hub_V5-1-solid112-mesh-vertices" offset="0"/>
				<input semantic="NORMAL" source="#A_Joint_4_Hub_V5-1-solid112-mesh-normals" offset="1"/>
				<p>
1745 1745 1746 1746 1747 1747 
1748 1748 1749 1749 1750 1750 
1751 1751 1752 1752 1753 1753 
1754 1754 1755 1755 1756 1756 
1757 1757 1756 1756 1758 1758 
1759 1759 1754 1754 1760 1760 
1754 1754 1759 1759 1755 1755 
1748 1748 1757 1757 1758 1758 
1756 1756 1755 1755 1758 1758 
1750 1750 1749 1749 1753 1753 
1757 1757 1748 1748 1750 1750 
1751 1751 1745 1745 1752 1752 
1749 1749 1751 1751 1753 1753 
1747 1747 1752 1752 1745 1745 
</p>
			</triangles>
			<triangles count="18" material="Material298-">
				<input semantic="VERTEX" source="#A_Joint_4_Hub_V5-1-solid112-mesh-vertices" offset="0"/>
				<input semantic="NORMAL" source="#A_Joint_4_Hub_V5-1-solid112-mesh-normals" offset="1"/>
				<p>
1761 1761 1762 1762 1763 1763 
1764 1764 1765 1765 1766 1766 
1767 1767 1768 1768 1769 1769 
1770 1770 1771 1771 1772 1772 
1773 1773 1774 1774 1775 1775 
1776 1776 1777 1777 1778 1778 
1771 1771 1778 1778 1777 1777 
1779 1779 1776 1776 1780 1780 
1776 1776 1779 1779 1777 1777 
1770 1770 1772 1772 1774 1774 
1770 1770 1778 1778 1771 1771 
1773 1773 1775 1775 1764 1764 
1774 1774 1772 1772 1775 1775 
1766 1766 1765 1765 1769 1769 
1773 1773 1764 1764 1766 1766 
1767 1767 1761 1761 1768 1768 
1765 1765 1767 1767 1769 1769 
1763 1763 1768 1768 1761 1761 
</p>
			</triangles>
			<triangles count="26" material="Material299-">
				<input semantic="VERTEX" source="#A_Joint_4_Hub_V5-1-solid112-mesh-vertices" offset="0"/>
				<input semantic="NORMAL" source="#A_Joint_4_Hub_V5-1-solid112-mesh-normals" offset="1"/>
				<p>
1781 1781 1782 1782 1783 1783 
1784 1784 1785 1785 1786 1786 
1787 1787 1788 1788 1789 1789 
1790 1790 1791 1791 1792 1792 
1793 1793 1794 1794 1795 1795 
1796 1796 1797 1797 1798 1798 
1799 1799 1800 1800 1801 1801 
1802 1802 1803 1803 1804 1804 
1804 1804 1798 1798 1802 1802 
1805 1805 1806 1806 1803 1803 
1804 1804 1803 1803 1806 1806 
1807 1807 1805 1805 1808 1808 
1805 1805 1807 1807 1806 1806 
1797 1797 1796 1796 1801 1801 
1798 1798 1797 1797 1802 1802 
1791 1791 1800 1800 1799 1799 
1799 1799 1801 1801 1796 1796 
1794 1794 1790 1790 1792 1792 
1790 1790 1800 1800 1791 1791 
1793 1793 1795 1795 1784 1784 
1794 1794 1792 1792 1795 1795 
1786 1786 1785 1785 1789 1789 
1793 1793 1784 1784 1786 1786 
1787 1787 1781 1781 1788 1788 
1785 1785 1787 1787 1789 1789 
1783 1783 1788 1788 1781 1781 
</p>
			</triangles>
			<triangles count="14" material="Material300-">
				<input semantic="VERTEX" source="#A_Joint_4_Hub_V5-1-solid112-mesh-vertices" offset="0"/>
				<input semantic="NORMAL" source="#A_Joint_4_Hub_V5-1-solid112-mesh-normals" offset="1"/>
				<p>
1809 1809 1810 1810 1811 1811 
1812 1812 1813 1813 1814 1814 
1815 1815 1816 1816 1817 1817 
1818 1818 1819 1819 1820 1820 
1821 1821 1820 1820 1822 1822 
1823 1823 1818 1818 1824 1824 
1818 1818 1823 1823 1819 1819 
1812 1812 1821 1821 1822 1822 
1820 1820 1819 1819 1822 1822 
1814 1814 1813 1813 1817 1817 
1821 1821 1812 1812 1814 1814 
1815 1815 1809 1809 1816 1816 
1813 1813 1815 1815 1817 1817 
1811 1811 1816 1816 1809 1809 
</p>
			</triangles>
			<triangles count="26" material="Material301-">
				<input semantic="VERTEX" source="#A_Joint_4_Hub_V5-1-solid112-mesh-vertices" offset="0"/>
				<input semantic="NORMAL" source="#A_Joint_4_Hub_V5-1-solid112-mesh-normals" offset="1"/>
				<p>
1825 1825 1826 1826 1827 1827 
1828 1828 1829 1829 1830 1830 
1831 1831 1832 1832 1833 1833 
1834 1834 1835 1835 1836 1836 
1837 1837 1838 1838 1839 1839 
1840 1840 1841 1841 1842 1842 
1843 1843 1844 1844 1845 1845 
1846 1846 1847 1847 1848 1848 
1848 1848 1842 1842 1846 1846 
1849 1849 1850 1850 1847 1847 
1848 1848 1847 1847 1850 1850 
1851 1851 1849 1849 1852 1852 
1849 1849 1851 1851 1850 1850 
1841 1841 1840 1840 1845 1845 
1842 1842 1841 1841 1846 1846 
1835 1835 1844 1844 1843 1843 
1843 1843 1845 1845 1840 1840 
1838 1838 1834 1834 1836 1836 
1834 1834 1844 1844 1835 1835 
1837 1837 1839 1839 1828 1828 
1838 1838 1836 1836 1839 1839 
1830 1830 1829 1829 1833 1833 
1837 1837 1828 1828 1830 1830 
1831 1831 1825 1825 1832 1832 
1829 1829 1831 1831 1833 1833 
1827 1827 1832 1832 1825 1825 
</p>
			</triangles>
			<triangles count="18" material="Material302-">
				<input semantic="VERTEX" source="#A_Joint_4_Hub_V5-1-solid112-mesh-vertices" offset="0"/>
				<input semantic="NORMAL" source="#A_Joint_4_Hub_V5-1-solid112-mesh-normals" offset="1"/>
				<p>
1853 1853 1854 1854 1855 1855 
1856 1856 1857 1857 1858 1858 
1859 1859 1860 1860 1861 1861 
1862 1862 1863 1863 1864 1864 
1865 1865 1866 1866 1867 1867 
1868 1868 1869 1869 1870 1870 
1863 1863 1870 1870 1869 1869 
1871 1871 1868 1868 1872 1872 
1868 1868 1871 1871 1869 1869 
1862 1862 1864 1864 1866 1866 
1862 1862 1870 1870 1863 1863 
1865 1865 1867 1867 1856 1856 
1866 1866 1864 1864 1867 1867 
1858 1858 1857 1857 1861 1861 
1865 1865 1856 1856 1858 1858 
1859 1859 1853 1853 1860 1860 
1857 1857 1859 1859 1861 1861 
1855 1855 1860 1860 1853 1853 
</p>
			</triangles>
			<triangles count="14" material="Material303-">
				<input semantic="VERTEX" source="#A_Joint_4_Hub_V5-1-solid112-mesh-vertices" offset="0"/>
				<input semantic="NORMAL" source="#A_Joint_4_Hub_V5-1-solid112-mesh-normals" offset="1"/>
				<p>
1873 1873 1874 1874 1875 1875 
1876 1876 1877 1877 1878 1878 
1879 1879 1880 1880 1881 1881 
1882 1882 1883 1883 1884 1884 
1885 1885 1884 1884 1886 1886 
1887 1887 1882 1882 1888 1888 
1882 1882 1887 1887 1883 1883 
1876 1876 1885 1885 1886 1886 
1884 1884 1883 1883 1886 1886 
1878 1878 1877 1877 1881 1881 
1885 1885 1876 1876 1878 1878 
1879 1879 1873 1873 1880 1880 
1877 1877 1879 1879 1881 1881 
1875 1875 1880 1880 1873 1873 
</p>
			</triangles>
			<triangles count="72" material="Material304-">
				<input semantic="VERTEX" source="#A_Joint_4_Hub_V5-1-solid112-mesh-vertices" offset="0"/>
				<input semantic="NORMAL" source="#A_Joint_4_Hub_V5-1-solid112-mesh-normals" offset="1"/>
				<p>
1889 1889 1890 1890 1891 1891 
1892 1892 1893 1893 1894 1894 
1895 1895 1896 1896 1897 1897 
1898 1898 1899 1899 1900 1900 
1901 1901 1902 1902 1903 1903 
1904 1904 1905 1905 1906 1906 
1907 1907 1908 1908 1909 1909 
1910 1910 1911 1911 1912 1912 
1913 1913 1914 1914 1915 1915 
1916 1916 1917 1917 1918 1918 
1919 1919 1920 1920 1921 1921 
1922 1922 1923 1923 1924 1924 
1925 1925 1926 1926 1927 1927 
1928 1928 1929 1929 1930 1930 
1931 1931 1932 1932 1933 1933 
1934 1934 1935 1935 1936 1936 
1937 1937 1938 1938 1939 1939 
1940 1940 1941 1941 1942 1942 
1943 1943 1944 1944 1945 1945 
1946 1946 1947 1947 1942 1942 
1942 1942 1941 1941 1946 1946 
1948 1948 1947 1947 1949 1949 
1946 1946 1949 1949 1947 1947 
1948 1948 1950 1950 1951 1951 
1950 1950 1948 1948 1949 1949 
1952 1952 1953 1953 1951 1951 
1951 1951 1950 1950 1952 1952 
1954 1954 1953 1953 1955 1955 
1952 1952 1955 1955 1953 1953 
1954 1954 1956 1956 1957 1957 
1956 1956 1954 1954 1955 1955 
1958 1958 1959 1959 1957 1957 
1957 1957 1956 1956 1958 1958 
1890 1890 1959 1959 1960 1960 
1958 1958 1960 1960 1959 1959 
1891 1891 1890 1890 1960 1960 
1943 1943 1945 1945 1940 1940 
1940 1940 1945 1945 1941 1941 
1934 1934 1944 1944 1935 1935 
1935 1935 1944 1944 1943 1943 
1938 1938 1936 1936 1939 1939 
1938 1938 1934 1934 1936 1936 
1937 1937 1928 1928 1930 1930 
1937 1937 1939 1939 1928 1928 
1929 1929 1932 1932 1931 1931 
1930 1930 1929 1929 1931 1931 
1924 1924 1923 1923 1933 1933 
1932 1932 1924 1924 1933 1933 
1925 1925 1927 1927 1922 1922 
1922 1922 1927 1927 1923 1923 
1916 1916 1926 1926 1917 1917 
1917 1917 1926 1926 1925 1925 
1920 1920 1918 1918 1921 1921 
1920 1920 1916 1916 1918 1918 
1919 1919 1910 1910 1912 1912 
1919 1919 1921 1921 1910 1910 
1911 1911 1914 1914 1913 1913 
1912 1912 1911 1911 1913 1913 
1906 1906 1905 1905 1915 1915 
1914 1914 1906 1906 1915 1915 
1907 1907 1909 1909 1904 1904 
1904 1904 1909 1909 1905 1905 
1898 1898 1908 1908 1899 1899 
1899 1899 1908 1908 1907 1907 
1902 1902 1900 1900 1903 1903 
1902 1902 1898 1898 1900 1900 
1901 1901 1892 1892 1894 1894 
1901 1901 1903 1903 1892 1892 
1893 1893 1895 1895 1897 1897 
1894 1894 1893 1893 1897 1897 
1889 1889 1891 1891 1896 1896 
1895 1895 1889 1889 1896 1896 
</p>
			</triangles>
			<triangles count="72" material="Material305-">
				<input semantic="VERTEX" source="#A_Joint_4_Hub_V5-1-solid112-mesh-vertices" offset="0"/>
				<input semantic="NORMAL" source="#A_Joint_4_Hub_V5-1-solid112-mesh-normals" offset="1"/>
				<p>
1961 1961 1962 1962 1963 1963 
1964 1964 1961 1961 1965 1965 
1961 1961 1964 1964 1962 1962 
1965 1965 1966 1966 1967 1967 
1967 1967 1964 1964 1965 1965 
1968 1968 1969 1969 1966 1966 
1967 1967 1966 1966 1969 1969 
1970 1970 1968 1968 1971 1971 
1968 1968 1970 1970 1969 1969 
1971 1971 1972 1972 1973 1973 
1973 1973 1970 1970 1971 1971 
1974 1974 1975 1975 1972 1972 
1973 1973 1972 1972 1975 1975 
1976 1976 1974 1974 1977 1977 
1974 1974 1976 1976 1975 1975 
1977 1977 1978 1978 1979 1979 
1979 1979 1976 1976 1977 1977 
1980 1980 1981 1981 1978 1978 
1979 1979 1978 1978 1981 1981 
1982 1982 1983 1983 1980 1980 
1980 1980 1983 1983 1981 1981 
1982 1982 1984 1984 1985 1985 
1984 1984 1982 1982 1980 1980 
1986 1986 1987 1987 1985 1985 
1985 1985 1984 1984 1986 1986 
1988 1988 1987 1987 1989 1989 
1986 1986 1989 1989 1987 1987 
1988 1988 1990 1990 1991 1991 
1990 1990 1988 1988 1989 1989 
1992 1992 1993 1993 1991 1991 
1991 1991 1990 1990 1992 1992 
1994 1994 1993 1993 1995 1995 
1992 1992 1995 1995 1993 1993 
1994 1994 1996 1996 1997 1997 
1996 1996 1994 1994 1995 1995 
1997 1997 1996 1996 1998 1998 
1963 1963 1962 1962 1999 1999 
1999 1999 2000 2000 2001 2001 
2001 2001 1963 1963 1999 1999 
2002 2002 2003 2003 2000 2000 
2001 2001 2000 2000 2003 2003 
2004 2004 2002 2002 2005 2005 
2002 2002 2004 2004 2003 2003 
2005 2005 2006 2006 2007 2007 
2007 2007 2004 2004 2005 2005 
2008 2008 2009 2009 2006 2006 
2007 2007 2006 2006 2009 2009 
2010 2010 2008 2008 2011 2011 
2008 2008 2010 2010 2009 2009 
2011 2011 2012 2012 2013 2013 
2013 2013 2010 2010 2011 2011 
2014 2014 2015 2015 2012 2012 
2013 2013 2012 2012 2015 2015 
2016 2016 2014 2014 2017 2017 
2014 2014 2016 2016 2015 2015 
2018 2018 2017 2017 2019 2019 
2018 2018 2016 2016 2017 2017 
2020 2020 2021 2021 2019 2019 
2019 2019 2017 2017 2020 2020 
2022 2022 2021 2021 2023 2023 
2020 2020 2023 2023 2021 2021 
2022 2022 2024 2024 2025 2025 
2024 2024 2022 2022 2023 2023 
2026 2026 2027 2027 2025 2025 
2025 2025 2024 2024 2026 2026 
2028 2028 2027 2027 2029 2029 
2026 2026 2029 2029 2027 2027 
2028 2028 2030 2030 2031 2031 
2030 2030 2028 2028 2029 2029 
2032 2032 1998 1998 2031 2031 
2031 2031 2030 2030 2032 2032 
2032 2032 1997 1997 1998 1998 
</p>
			</triangles>
			<triangles count="72" material="Material306-">
				<input semantic="VERTEX" source="#A_Joint_4_Hub_V5-1-solid112-mesh-vertices" offset="0"/>
				<input semantic="NORMAL" source="#A_Joint_4_Hub_V5-1-solid112-mesh-normals" offset="1"/>
				<p>
2033 2033 2034 2034 2035 2035 
2036 2036 2033 2033 2037 2037 
2033 2033 2036 2036 2034 2034 
2037 2037 2038 2038 2039 2039 
2039 2039 2036 2036 2037 2037 
2040 2040 2041 2041 2038 2038 
2039 2039 2038 2038 2041 2041 
2040 2040 2042 2042 2041 2041 
2042 2042 2043 2043 2044 2044 
2043 2043 2042 2042 2040 2040 
2045 2045 2046 2046 2044 2044 
2044 2044 2043 2043 2045 2045 
2047 2047 2046 2046 2048 2048 
2045 2045 2048 2048 2046 2046 
2047 2047 2049 2049 2050 2050 
2049 2049 2047 2047 2048 2048 
2049 2049 2051 2051 2052 2052 
2052 2052 2050 2050 2049 2049 
2053 2053 2054 2054 2051 2051 
2052 2052 2051 2051 2054 2054 
2055 2055 2053 2053 2056 2056 
2053 2053 2055 2055 2054 2054 
2056 2056 2057 2057 2058 2058 
2058 2058 2055 2055 2056 2056 
2059 2059 2060 2060 2057 2057 
2058 2058 2057 2057 2060 2060 
2061 2061 2059 2059 2062 2062 
2059 2059 2061 2061 2060 2060 
2062 2062 2063 2063 2064 2064 
2064 2064 2061 2061 2062 2062 
2065 2065 2066 2066 2063 2063 
2064 2064 2063 2063 2066 2066 
2067 2067 2065 2065 2068 2068 
2065 2065 2067 2067 2066 2066 
2069 2069 2067 2067 2068 2068 
2069 2069 2068 2068 2070 2070 
2035 2035 2034 2034 2071 2071 
2071 2071 2072 2072 2073 2073 
2073 2073 2035 2035 2071 2071 
2074 2074 2075 2075 2072 2072 
2073 2073 2072 2072 2075 2075 
2076 2076 2074 2074 2077 2077 
2074 2074 2076 2076 2075 2075 
2077 2077 2078 2078 2079 2079 
2079 2079 2076 2076 2077 2077 
2080 2080 2081 2081 2078 2078 
2079 2079 2078 2078 2081 2081 
2082 2082 2080 2080 2083 2083 
2080 2080 2082 2082 2081 2081 
2083 2083 2084 2084 2085 2085 
2085 2085 2082 2082 2083 2083 
2086 2086 2087 2087 2084 2084 
2085 2085 2084 2084 2087 2087 
2088 2088 2086 2086 2089 2089 
2086 2086 2088 2088 2087 2087 
2089 2089 2090 2090 2091 2091 
2091 2091 2088 2088 2089 2089 
2092 2092 2093 2093 2090 2090 
2091 2091 2090 2090 2093 2093 
2094 2094 2095 2095 2092 2092 
2092 2092 2095 2095 2093 2093 
2094 2094 2096 2096 2097 2097 
2096 2096 2094 2094 2092 2092 
2098 2098 2099 2099 2097 2097 
2097 2097 2096 2096 2098 2098 
2100 2100 2099 2099 2101 2101 
2098 2098 2101 2101 2099 2099 
2100 2100 2102 2102 2103 2103 
2102 2102 2100 2100 2101 2101 
2104 2104 2070 2070 2103 2103 
2103 2103 2102 2102 2104 2104 
2104 2104 2069 2069 2070 2070 
</p>
			</triangles>
			<triangles count="72" material="Material307-">
				<input semantic="VERTEX" source="#A_Joint_4_Hub_V5-1-solid112-mesh-vertices" offset="0"/>
				<input semantic="NORMAL" source="#A_Joint_4_Hub_V5-1-solid112-mesh-normals" offset="1"/>
				<p>
2105 2105 2106 2106 2107 2107 
2108 2108 2109 2109 2110 2110 
2111 2111 2112 2112 2113 2113 
2114 2114 2115 2115 2116 2116 
2117 2117 2118 2118 2119 2119 
2120 2120 2121 2121 2122 2122 
2123 2123 2124 2124 2125 2125 
2126 2126 2127 2127 2128 2128 
2129 2129 2130 2130 2131 2131 
2132 2132 2133 2133 2134 2134 
2135 2135 2136 2136 2137 2137 
2138 2138 2139 2139 2140 2140 
2141 2141 2142 2142 2143 2143 
2144 2144 2145 2145 2146 2146 
2147 2147 2148 2148 2149 2149 
2150 2150 2151 2151 2152 2152 
2153 2153 2154 2154 2155 2155 
2156 2156 2157 2157 2158 2158 
2159 2159 2160 2160 2161 2161 
2162 2162 2163 2163 2158 2158 
2158 2158 2157 2157 2162 2162 
2164 2164 2163 2163 2165 2165 
2162 2162 2165 2165 2163 2163 
2164 2164 2166 2166 2167 2167 
2166 2166 2164 2164 2165 2165 
2168 2168 2169 2169 2167 2167 
2167 2167 2166 2166 2168 2168 
2170 2170 2169 2169 2171 2171 
2168 2168 2171 2171 2169 2169 
2170 2170 2172 2172 2173 2173 
2172 2172 2170 2170 2171 2171 
2174 2174 2175 2175 2173 2173 
2173 2173 2172 2172 2174 2174 
2106 2106 2175 2175 2176 2176 
2174 2174 2176 2176 2175 2175 
2107 2107 2106 2106 2176 2176 
2159 2159 2161 2161 2156 2156 
2156 2156 2161 2161 2157 2157 
2150 2150 2160 2160 2151 2151 
2151 2151 2160 2160 2159 2159 
2154 2154 2152 2152 2155 2155 
2154 2154 2150 2150 2152 2152 
2153 2153 2144 2144 2146 2146 
2153 2153 2155 2155 2144 2144 
2145 2145 2148 2148 2147 2147 
2146 2146 2145 2145 2147 2147 
2140 2140 2139 2139 2149 2149 
2148 2148 2140 2140 2149 2149 
2141 2141 2143 2143 2138 2138 
2138 2138 2143 2143 2139 2139 
2132 2132 2142 2142 2133 2133 
2133 2133 2142 2142 2141 2141 
2136 2136 2134 2134 2137 2137 
2136 2136 2132 2132 2134 2134 
2135 2135 2126 2126 2128 2128 
2135 2135 2137 2137 2126 2126 
2127 2127 2130 2130 2129 2129 
2128 2128 2127 2127 2129 2129 
2122 2122 2121 2121 2131 2131 
2130 2130 2122 2122 2131 2131 
2123 2123 2125 2125 2120 2120 
2120 2120 2125 2125 2121 2121 
2114 2114 2124 2124 2115 2115 
2115 2115 2124 2124 2123 2123 
2118 2118 2116 2116 2119 2119 
2118 2118 2114 2114 2116 2116 
2117 2117 2108 2108 2110 2110 
2117 2117 2119 2119 2108 2108 
2109 2109 2111 2111 2113 2113 
2110 2110 2109 2109 2113 2113 
2105 2105 2107 2107 2112 2112 
2111 2111 2105 2105 2112 2112 
</p>
			</triangles>
			<triangles count="42" material="Material308-">
				<input semantic="VERTEX" source="#A_Joint_4_Hub_V5-1-solid112-mesh-vertices" offset="0"/>
				<input semantic="NORMAL" source="#A_Joint_4_Hub_V5-1-solid112-mesh-normals" offset="1"/>
				<p>
2177 2177 2178 2178 2179 2179 
2180 2180 2181 2181 2182 2182 
2183 2183 2184 2184 2185 2185 
2186 2186 2187 2187 2188 2188 
2189 2189 2190 2190 2191 2191 
2192 2192 2193 2193 2194 2194 
2195 2195 2196 2196 2197 2197 
2198 2198 2199 2199 2200 2200 
2201 2201 2202 2202 2203 2203 
2204 2204 2205 2205 2206 2206 
2207 2207 2208 2208 2206 2206 
2209 2209 2210 2210 2211 2211 
2205 2205 2211 2211 2210 2210 
2212 2212 2209 2209 2213 2213 
2209 2209 2212 2212 2210 2210 
2213 2213 2214 2214 2215 2215 
2215 2215 2212 2212 2213 2213 
2216 2216 2217 2217 2214 2214 
2215 2215 2214 2214 2217 2217 
2178 2178 2216 2216 2179 2179 
2216 2216 2178 2178 2217 2217 
2204 2204 2206 2206 2208 2208 
2204 2204 2211 2211 2205 2205 
2198 2198 2207 2207 2199 2199 
2198 2198 2208 2208 2207 2207 
2200 2200 2202 2202 2201 2201 
2200 2200 2199 2199 2202 2202 
2203 2203 2192 2192 2194 2194 
2201 2201 2203 2203 2194 2194 
2195 2195 2197 2197 2193 2193 
2192 2192 2195 2195 2193 2193 
2187 2187 2218 2218 2196 2196 
2196 2196 2218 2218 2197 2197 
2190 2190 2186 2186 2188 2188 
2186 2186 2218 2218 2187 2187 
2189 2189 2191 2191 2180 2180 
2190 2190 2188 2188 2191 2191 
2182 2182 2181 2181 2185 2185 
2189 2189 2180 2180 2182 2182 
2183 2183 2177 2177 2184 2184 
2181 2181 2183 2183 2185 2185 
2179 2179 2184 2184 2177 2177 
</p>
			</triangles>
			<triangles count="42" material="Material309-">
				<input semantic="VERTEX" source="#A_Joint_4_Hub_V5-1-solid112-mesh-vertices" offset="0"/>
				<input semantic="NORMAL" source="#A_Joint_4_Hub_V5-1-solid112-mesh-normals" offset="1"/>
				<p>
2219 2219 2220 2220 2221 2221 
2222 2222 2223 2223 2224 2224 
2225 2225 2226 2226 2227 2227 
2228 2228 2229 2229 2230 2230 
2231 2231 2232 2232 2233 2233 
2234 2234 2235 2235 2236 2236 
2237 2237 2238 2238 2239 2239 
2240 2240 2241 2241 2242 2242 
2243 2243 2244 2244 2245 2245 
2246 2246 2247 2247 2248 2248 
2249 2249 2250 2250 2248 2248 
2251 2251 2252 2252 2253 2253 
2247 2247 2253 2253 2252 2252 
2254 2254 2251 2251 2255 2255 
2251 2251 2254 2254 2252 2252 
2255 2255 2256 2256 2257 2257 
2257 2257 2254 2254 2255 2255 
2258 2258 2259 2259 2256 2256 
2257 2257 2256 2256 2259 2259 
2220 2220 2258 2258 2221 2221 
2258 2258 2220 2220 2259 2259 
2246 2246 2248 2248 2250 2250 
2246 2246 2253 2253 2247 2247 
2240 2240 2249 2249 2241 2241 
2240 2240 2250 2250 2249 2249 
2242 2242 2244 2244 2243 2243 
2242 2242 2241 2241 2244 2244 
2245 2245 2234 2234 2236 2236 
2243 2243 2245 2245 2236 2236 
2237 2237 2239 2239 2235 2235 
2234 2234 2237 2237 2235 2235 
2229 2229 2260 2260 2238 2238 
2238 2238 2260 2260 2239 2239 
2232 2232 2228 2228 2230 2230 
2228 2228 2260 2260 2229 2229 
2231 2231 2233 2233 2222 2222 
2232 2232 2230 2230 2233 2233 
2224 2224 2223 2223 2227 2227 
2231 2231 2222 2222 2224 2224 
2225 2225 2219 2219 2226 2226 
2223 2223 2225 2225 2227 2227 
2221 2221 2226 2226 2219 2219 
</p>
			</triangles>
			<triangles count="42" material="Material310-">
				<input semantic="VERTEX" source="#A_Joint_4_Hub_V5-1-solid112-mesh-vertices" offset="0"/>
				<input semantic="NORMAL" source="#A_Joint_4_Hub_V5-1-solid112-mesh-normals" offset="1"/>
				<p>
2261 2261 2262 2262 2263 2263 
2264 2264 2265 2265 2266 2266 
2267 2267 2268 2268 2269 2269 
2270 2270 2271 2271 2272 2272 
2273 2273 2274 2274 2275 2275 
2276 2276 2277 2277 2278 2278 
2279 2279 2280 2280 2281 2281 
2282 2282 2283 2283 2284 2284 
2285 2285 2286 2286 2287 2287 
2288 2288 2289 2289 2290 2290 
2291 2291 2292 2292 2290 2290 
2293 2293 2294 2294 2295 2295 
2289 2289 2295 2295 2294 2294 
2296 2296 2293 2293 2297 2297 
2293 2293 2296 2296 2294 2294 
2297 2297 2298 2298 2299 2299 
2299 2299 2296 2296 2297 2297 
2300 2300 2301 2301 2298 2298 
2299 2299 2298 2298 2301 2301 
2262 2262 2300 2300 2263 2263 
2300 2300 2262 2262 2301 2301 
2288 2288 2290 2290 2292 2292 
2288 2288 2295 2295 2289 2289 
2282 2282 2291 2291 2283 2283 
2282 2282 2292 2292 2291 2291 
2284 2284 2286 2286 2285 2285 
2284 2284 2283 2283 2286 2286 
2287 2287 2276 2276 2278 2278 
2285 2285 2287 2287 2278 2278 
2279 2279 2281 2281 2277 2277 
2276 2276 2279 2279 2277 2277 
2271 2271 2302 2302 2280 2280 
2280 2280 2302 2302 2281 2281 
2274 2274 2270 2270 2272 2272 
2270 2270 2302 2302 2271 2271 
2273 2273 2275 2275 2264 2264 
2274 2274 2272 2272 2275 2275 
2266 2266 2265 2265 2269 2269 
2273 2273 2264 2264 2266 2266 
2267 2267 2261 2261 2268 2268 
2265 2265 2267 2267 2269 2269 
2263 2263 2268 2268 2261 2261 
</p>
			</triangles>
			<triangles count="42" material="Material311-">
				<input semantic="VERTEX" source="#A_Joint_4_Hub_V5-1-solid112-mesh-vertices" offset="0"/>
				<input semantic="NORMAL" source="#A_Joint_4_Hub_V5-1-solid112-mesh-normals" offset="1"/>
				<p>
2303 2303 2304 2304 2305 2305 
2306 2306 2307 2307 2308 2308 
2309 2309 2310 2310 2311 2311 
2312 2312 2313 2313 2314 2314 
2315 2315 2316 2316 2317 2317 
2318 2318 2319 2319 2320 2320 
2321 2321 2322 2322 2323 2323 
2324 2324 2325 2325 2326 2326 
2327 2327 2328 2328 2329 2329 
2330 2330 2331 2331 2332 2332 
2333 2333 2334 2334 2332 2332 
2335 2335 2336 2336 2337 2337 
2331 2331 2337 2337 2336 2336 
2338 2338 2335 2335 2339 2339 
2335 2335 2338 2338 2336 2336 
2339 2339 2340 2340 2341 2341 
2341 2341 2338 2338 2339 2339 
2342 2342 2343 2343 2340 2340 
2341 2341 2340 2340 2343 2343 
2304 2304 2342 2342 2305 2305 
2342 2342 2304 2304 2343 2343 
2330 2330 2332 2332 2334 2334 
2330 2330 2337 2337 2331 2331 
2324 2324 2333 2333 2325 2325 
2324 2324 2334 2334 2333 2333 
2326 2326 2328 2328 2327 2327 
2326 2326 2325 2325 2328 2328 
2329 2329 2318 2318 2320 2320 
2327 2327 2329 2329 2320 2320 
2321 2321 2323 2323 2319 2319 
2318 2318 2321 2321 2319 2319 
2313 2313 2344 2344 2322 2322 
2322 2322 2344 2344 2323 2323 
2316 2316 2312 2312 2314 2314 
2312 2312 2344 2344 2313 2313 
2315 2315 2317 2317 2306 2306 
2316 2316 2314 2314 2317 2317 
2308 2308 2307 2307 2311 2311 
2315 2315 2306 2306 2308 2308 
2309 2309 2303 2303 2310 2310 
2307 2307 2309 2309 2311 2311 
2305 2305 2310 2310 2303 2303 
</p>
			</triangles>
			<triangles count="42" material="Material312-">
				<input semantic="VERTEX" source="#A_Joint_4_Hub_V5-1-solid112-mesh-vertices" offset="0"/>
				<input semantic="NORMAL" source="#A_Joint_4_Hub_V5-1-solid112-mesh-normals" offset="1"/>
				<p>
2345 2345 2346 2346 2347 2347 
2348 2348 2349 2349 2350 2350 
2351 2351 2352 2352 2353 2353 
2354 2354 2355 2355 2356 2356 
2357 2357 2358 2358 2359 2359 
2360 2360 2361 2361 2362 2362 
2363 2363 2364 2364 2365 2365 
2366 2366 2367 2367 2368 2368 
2369 2369 2370 2370 2371 2371 
2372 2372 2373 2373 2374 2374 
2375 2375 2376 2376 2374 2374 
2377 2377 2378 2378 2379 2379 
2373 2373 2379 2379 2378 2378 
2380 2380 2377 2377 2381 2381 
2377 2377 2380 2380 2378 2378 
2381 2381 2382 2382 2383 2383 
2383 2383 2380 2380 2381 2381 
2384 2384 2385 2385 2382 2382 
2383 2383 2382 2382 2385 2385 
2346 2346 2384 2384 2347 2347 
2384 2384 2346 2346 2385 2385 
2372 2372 2374 2374 2376 2376 
2372 2372 2379 2379 2373 2373 
2366 2366 2375 2375 2367 2367 
2366 2366 2376 2376 2375 2375 
2368 2368 2370 2370 2369 2369 
2368 2368 2367 2367 2370 2370 
2371 2371 2360 2360 2362 2362 
2369 2369 2371 2371 2362 2362 
2363 2363 2365 2365 2361 2361 
2360 2360 2363 2363 2361 2361 
2355 2355 2386 2386 2364 2364 
2364 2364 2386 2386 2365 2365 
2358 2358 2354 2354 2356 2356 
2354 2354 2386 2386 2355 2355 
2357 2357 2359 2359 2348 2348 
2358 2358 2356 2356 2359 2359 
2350 2350 2349 2349 2353 2353 
2357 2357 2348 2348 2350 2350 
2351 2351 2345 2345 2352 2352 
2349 2349 2351 2351 2353 2353 
2347 2347 2352 2352 2345 2345 
</p>
			</triangles>
			<triangles count="42" material="Material313-">
				<input semantic="VERTEX" source="#A_Joint_4_Hub_V5-1-solid112-mesh-vertices" offset="0"/>
				<input semantic="NORMAL" source="#A_Joint_4_Hub_V5-1-solid112-mesh-normals" offset="1"/>
				<p>
2387 2387 2388 2388 2389 2389 
2390 2390 2391 2391 2392 2392 
2393 2393 2394 2394 2395 2395 
2396 2396 2397 2397 2398 2398 
2399 2399 2400 2400 2401 2401 
2402 2402 2403 2403 2404 2404 
2405 2405 2406 2406 2407 2407 
2408 2408 2409 2409 2410 2410 
2411 2411 2412 2412 2413 2413 
2414 2414 2415 2415 2416 2416 
2417 2417 2418 2418 2416 2416 
2419 2419 2420 2420 2421 2421 
2415 2415 2421 2421 2420 2420 
2422 2422 2419 2419 2423 2423 
2419 2419 2422 2422 2420 2420 
2423 2423 2424 2424 2425 2425 
2425 2425 2422 2422 2423 2423 
2426 2426 2427 2427 2424 2424 
2425 2425 2424 2424 2427 2427 
2388 2388 2426 2426 2389 2389 
2426 2426 2388 2388 2427 2427 
2414 2414 2416 2416 2418 2418 
2414 2414 2421 2421 2415 2415 
2408 2408 2417 2417 2409 2409 
2408 2408 2418 2418 2417 2417 
2410 2410 2412 2412 2411 2411 
2410 2410 2409 2409 2412 2412 
2413 2413 2402 2402 2404 2404 
2411 2411 2413 2413 2404 2404 
2405 2405 2407 2407 2403 2403 
2402 2402 2405 2405 2403 2403 
2397 2397 2428 2428 2406 2406 
2406 2406 2428 2428 2407 2407 
2400 2400 2396 2396 2398 2398 
2396 2396 2428 2428 2397 2397 
2399 2399 2401 2401 2390 2390 
2400 2400 2398 2398 2401 2401 
2392 2392 2391 2391 2395 2395 
2399 2399 2390 2390 2392 2392 
2393 2393 2387 2387 2394 2394 
2391 2391 2393 2393 2395 2395 
2389 2389 2394 2394 2387 2387 
</p>
			</triangles>
			<triangles count="42" material="Material314-">
				<input semantic="VERTEX" source="#A_Joint_4_Hub_V5-1-solid112-mesh-vertices" offset="0"/>
				<input semantic="NORMAL" source="#A_Joint_4_Hub_V5-1-solid112-mesh-normals" offset="1"/>
				<p>
2429 2429 2430 2430 2431 2431 
2432 2432 2433 2433 2434 2434 
2435 2435 2436 2436 2437 2437 
2438 2438 2439 2439 2440 2440 
2441 2441 2442 2442 2443 2443 
2444 2444 2445 2445 2446 2446 
2447 2447 2448 2448 2449 2449 
2450 2450 2451 2451 2452 2452 
2453 2453 2454 2454 2455 2455 
2456 2456 2457 2457 2458 2458 
2459 2459 2460 2460 2458 2458 
2461 2461 2462 2462 2463 2463 
2457 2457 2463 2463 2462 2462 
2464 2464 2461 2461 2465 2465 
2461 2461 2464 2464 2462 2462 
2465 2465 2466 2466 2467 2467 
2467 2467 2464 2464 2465 2465 
2468 2468 2469 2469 2466 2466 
2467 2467 2466 2466 2469 2469 
2430 2430 2468 2468 2431 2431 
2468 2468 2430 2430 2469 2469 
2456 2456 2458 2458 2460 2460 
2456 2456 2463 2463 2457 2457 
2450 2450 2459 2459 2451 2451 
2450 2450 2460 2460 2459 2459 
2452 2452 2454 2454 2453 2453 
2452 2452 2451 2451 2454 2454 
2455 2455 2444 2444 2446 2446 
2453 2453 2455 2455 2446 2446 
2447 2447 2449 2449 2445 2445 
2444 2444 2447 2447 2445 2445 
2439 2439 2470 2470 2448 2448 
2448 2448 2470 2470 2449 2449 
2442 2442 2438 2438 2440 2440 
2438 2438 2470 2470 2439 2439 
2441 2441 2443 2443 2432 2432 
2442 2442 2440 2440 2443 2443 
2434 2434 2433 2433 2437 2437 
2441 2441 2432 2432 2434 2434 
2435 2435 2429 2429 2436 2436 
2433 2433 2435 2435 2437 2437 
2431 2431 2436 2436 2429 2429 
</p>
			</triangles>
			<triangles count="42" material="Material315-">
				<input semantic="VERTEX" source="#A_Joint_4_Hub_V5-1-solid112-mesh-vertices" offset="0"/>
				<input semantic="NORMAL" source="#A_Joint_4_Hub_V5-1-solid112-mesh-normals" offset="1"/>
				<p>
2471 2471 2472 2472 2473 2473 
2474 2474 2475 2475 2476 2476 
2477 2477 2478 2478 2479 2479 
2480 2480 2481 2481 2482 2482 
2483 2483 2484 2484 2485 2485 
2486 2486 2487 2487 2488 2488 
2489 2489 2490 2490 2491 2491 
2492 2492 2493 2493 2494 2494 
2495 2495 2496 2496 2497 2497 
2498 2498 2499 2499 2500 2500 
2501 2501 2502 2502 2500 2500 
2503 2503 2504 2504 2505 2505 
2499 2499 2505 2505 2504 2504 
2506 2506 2503 2503 2507 2507 
2503 2503 2506 2506 2504 2504 
2507 2507 2508 2508 2509 2509 
2509 2509 2506 2506 2507 2507 
2510 2510 2511 2511 2508 2508 
2509 2509 2508 2508 2511 2511 
2472 2472 2510 2510 2473 2473 
2510 2510 2472 2472 2511 2511 
2498 2498 2500 2500 2502 2502 
2498 2498 2505 2505 2499 2499 
2492 2492 2501 2501 2493 2493 
2492 2492 2502 2502 2501 2501 
2494 2494 2496 2496 2495 2495 
2494 2494 2493 2493 2496 2496 
2497 2497 2486 2486 2488 2488 
2495 2495 2497 2497 2488 2488 
2489 2489 2491 2491 2487 2487 
2486 2486 2489 2489 2487 2487 
2481 2481 2512 2512 2490 2490 
2490 2490 2512 2512 2491 2491 
2484 2484 2480 2480 2482 2482 
2480 2480 2512 2512 2481 2481 
2483 2483 2485 2485 2474 2474 
2484 2484 2482 2482 2485 2485 
2476 2476 2475 2475 2479 2479 
2483 2483 2474 2474 2476 2476 
2477 2477 2471 2471 2478 2478 
2475 2475 2477 2477 2479 2479 
2473 2473 2478 2478 2471 2471 
</p>
			</triangles>
			<triangles count="41" material="Material316-">
				<input semantic="VERTEX" source="#A_Joint_4_Hub_V5-1-solid112-mesh-vertices" offset="0"/>
				<input semantic="NORMAL" source="#A_Joint_4_Hub_V5-1-solid112-mesh-normals" offset="1"/>
				<p>
2513 2513 2514 2514 2515 2515 
2516 2516 2517 2517 2515 2515 
2515 2515 2514 2514 2516 2516 
2518 2518 2517 2517 2519 2519 
2516 2516 2519 2519 2517 2517 
2518 2518 2520 2520 2521 2521 
2520 2520 2518 2518 2519 2519 
2522 2522 2523 2523 2521 2521 
2521 2521 2520 2520 2522 2522 
2524 2524 2523 2523 2525 2525 
2522 2522 2525 2525 2523 2523 
2524 2524 2526 2526 2527 2527 
2526 2526 2524 2524 2525 2525 
2528 2528 2529 2529 2527 2527 
2527 2527 2526 2526 2528 2528 
2530 2530 2529 2529 2531 2531 
2528 2528 2531 2531 2529 2529 
2530 2530 2532 2532 2533 2533 
2532 2532 2530 2530 2531 2531 
2533 2533 2532 2532 2534 2534 
2535 2535 2514 2514 2513 2513 
2536 2536 2535 2535 2537 2537 
2513 2513 2537 2537 2535 2535 
2536 2536 2538 2538 2539 2539 
2538 2538 2536 2536 2537 2537 
2540 2540 2541 2541 2539 2539 
2539 2539 2538 2538 2540 2540 
2542 2542 2541 2541 2543 2543 
2540 2540 2543 2543 2541 2541 
2542 2542 2544 2544 2545 2545 
2544 2544 2542 2542 2543 2543 
2546 2546 2547 2547 2545 2545 
2545 2545 2544 2544 2546 2546 
2548 2548 2547 2547 2549 2549 
2546 2546 2549 2549 2547 2547 
2548 2548 2550 2550 2551 2551 
2550 2550 2548 2548 2549 2549 
2552 2552 2553 2553 2551 2551 
2551 2551 2550 2550 2552 2552 
2552 2552 2533 2533 2553 2553 
2533 2533 2534 2534 2553 2553 
</p>
			</triangles>
			<triangles count="41" material="Material317-">
				<input semantic="VERTEX" source="#A_Joint_4_Hub_V5-1-solid112-mesh-vertices" offset="0"/>
				<input semantic="NORMAL" source="#A_Joint_4_Hub_V5-1-solid112-mesh-normals" offset="1"/>
				<p>
2554 2554 2555 2555 2556 2556 
2557 2557 2558 2558 2556 2556 
2556 2556 2555 2555 2557 2557 
2559 2559 2558 2558 2560 2560 
2557 2557 2560 2560 2558 2558 
2559 2559 2561 2561 2562 2562 
2561 2561 2559 2559 2560 2560 
2563 2563 2564 2564 2562 2562 
2562 2562 2561 2561 2563 2563 
2565 2565 2564 2564 2566 2566 
2563 2563 2566 2566 2564 2564 
2565 2565 2567 2567 2568 2568 
2567 2567 2565 2565 2566 2566 
2569 2569 2570 2570 2568 2568 
2568 2568 2567 2567 2569 2569 
2571 2571 2570 2570 2572 2572 
2569 2569 2572 2572 2570 2570 
2571 2571 2573 2573 2574 2574 
2573 2573 2571 2571 2572 2572 
2574 2574 2573 2573 2575 2575 
2576 2576 2555 2555 2554 2554 
2577 2577 2576 2576 2578 2578 
2554 2554 2578 2578 2576 2576 
2577 2577 2579 2579 2580 2580 
2579 2579 2577 2577 2578 2578 
2581 2581 2582 2582 2580 2580 
2580 2580 2579 2579 2581 2581 
2583 2583 2582 2582 2584 2584 
2581 2581 2584 2584 2582 2582 
2583 2583 2585 2585 2586 2586 
2585 2585 2583 2583 2584 2584 
2587 2587 2588 2588 2586 2586 
2586 2586 2585 2585 2587 2587 
2589 2589 2588 2588 2590 2590 
2587 2587 2590 2590 2588 2588 
2589 2589 2591 2591 2592 2592 
2591 2591 2589 2589 2590 2590 
2593 2593 2594 2594 2592 2592 
2592 2592 2591 2591 2593 2593 
2593 2593 2574 2574 2594 2594 
2574 2574 2575 2575 2594 2594 
</p>
			</triangles>
			<triangles count="41" material="Material318-">
				<input semantic="VERTEX" source="#A_Joint_4_Hub_V5-1-solid112-mesh-vertices" offset="0"/>
				<input semantic="NORMAL" source="#A_Joint_4_Hub_V5-1-solid112-mesh-normals" offset="1"/>
				<p>
2595 2595 2596 2596 2597 2597 
2598 2598 2599 2599 2597 2597 
2597 2597 2596 2596 2598 2598 
2600 2600 2599 2599 2601 2601 
2598 2598 2601 2601 2599 2599 
2600 2600 2602 2602 2603 2603 
2602 2602 2600 2600 2601 2601 
2604 2604 2605 2605 2603 2603 
2603 2603 2602 2602 2604 2604 
2606 2606 2605 2605 2607 2607 
2604 2604 2607 2607 2605 2605 
2606 2606 2608 2608 2609 2609 
2608 2608 2606 2606 2607 2607 
2610 2610 2611 2611 2609 2609 
2609 2609 2608 2608 2610 2610 
2612 2612 2611 2611 2613 2613 
2610 2610 2613 2613 2611 2611 
2612 2612 2614 2614 2615 2615 
2614 2614 2612 2612 2613 2613 
2615 2615 2614 2614 2616 2616 
2617 2617 2596 2596 2595 2595 
2618 2618 2617 2617 2619 2619 
2595 2595 2619 2619 2617 2617 
2618 2618 2620 2620 2621 2621 
2620 2620 2618 2618 2619 2619 
2622 2622 2623 2623 2621 2621 
2621 2621 2620 2620 2622 2622 
2624 2624 2623 2623 2625 2625 
2622 2622 2625 2625 2623 2623 
2624 2624 2626 2626 2627 2627 
2626 2626 2624 2624 2625 2625 
2628 2628 2629 2629 2627 2627 
2627 2627 2626 2626 2628 2628 
2630 2630 2629 2629 2631 2631 
2628 2628 2631 2631 2629 2629 
2630 2630 2632 2632 2633 2633 
2632 2632 2630 2630 2631 2631 
2634 2634 2635 2635 2633 2633 
2633 2633 2632 2632 2634 2634 
2634 2634 2615 2615 2635 2635 
2615 2615 2616 2616 2635 2635 
</p>
			</triangles>
			<triangles count="41" material="Material319-">
				<input semantic="VERTEX" source="#A_Joint_4_Hub_V5-1-solid112-mesh-vertices" offset="0"/>
				<input semantic="NORMAL" source="#A_Joint_4_Hub_V5-1-solid112-mesh-normals" offset="1"/>
				<p>
2636 2636 2637 2637 2638 2638 
2639 2639 2640 2640 2638 2638 
2638 2638 2637 2637 2639 2639 
2641 2641 2640 2640 2642 2642 
2639 2639 2642 2642 2640 2640 
2641 2641 2643 2643 2644 2644 
2643 2643 2641 2641 2642 2642 
2645 2645 2646 2646 2644 2644 
2644 2644 2643 2643 2645 2645 
2647 2647 2646 2646 2648 2648 
2645 2645 2648 2648 2646 2646 
2647 2647 2649 2649 2650 2650 
2649 2649 2647 2647 2648 2648 
2651 2651 2652 2652 2650 2650 
2650 2650 2649 2649 2651 2651 
2653 2653 2652 2652 2654 2654 
2651 2651 2654 2654 2652 2652 
2653 2653 2655 2655 2656 2656 
2655 2655 2653 2653 2654 2654 
2656 2656 2655 2655 2657 2657 
2658 2658 2637 2637 2636 2636 
2659 2659 2658 2658 2660 2660 
2636 2636 2660 2660 2658 2658 
2659 2659 2661 2661 2662 2662 
2661 2661 2659 2659 2660 2660 
2663 2663 2664 2664 2662 2662 
2662 2662 2661 2661 2663 2663 
2665 2665 2664 2664 2666 2666 
2663 2663 2666 2666 2664 2664 
2665 2665 2667 2667 2668 2668 
2667 2667 2665 2665 2666 2666 
2669 2669 2670 2670 2668 2668 
2668 2668 2667 2667 2669 2669 
2671 2671 2670 2670 2672 2672 
2669 2669 2672 2672 2670 2670 
2671 2671 2673 2673 2674 2674 
2673 2673 2671 2671 2672 2672 
2675 2675 2676 2676 2674 2674 
2674 2674 2673 2673 2675 2675 
2675 2675 2656 2656 2676 2676 
2656 2656 2657 2657 2676 2676 
</p>
			</triangles>
			<triangles count="75" material="Material320-">
				<input semantic="VERTEX" source="#A_Joint_4_Hub_V5-1-solid112-mesh-vertices" offset="0"/>
				<input semantic="NORMAL" source="#A_Joint_4_Hub_V5-1-solid112-mesh-normals" offset="1"/>
				<p>
2677 2677 2678 2678 2679 2679 
2680 2680 2681 2681 2682 2682 
2683 2683 2678 2678 2684 2684 
2677 2677 2684 2684 2678 2678 
2683 2683 2685 2685 2686 2686 
2685 2685 2683 2683 2684 2684 
2687 2687 2688 2688 2686 2686 
2686 2686 2685 2685 2687 2687 
2689 2689 2688 2688 2690 2690 
2687 2687 2690 2690 2688 2688 
2689 2689 2691 2691 2692 2692 
2691 2691 2689 2689 2690 2690 
2693 2693 2694 2694 2692 2692 
2692 2692 2691 2691 2693 2693 
2695 2695 2694 2694 2696 2696 
2693 2693 2696 2696 2694 2694 
2695 2695 2697 2697 2698 2698 
2697 2697 2695 2695 2696 2696 
2698 2698 2697 2697 2699 2699 
2698 2698 2699 2699 2700 2700 
2679 2679 2701 2701 2677 2677 
2701 2701 2702 2702 2703 2703 
2702 2702 2701 2701 2679 2679 
2704 2704 2705 2705 2703 2703 
2703 2703 2702 2702 2704 2704 
2706 2706 2705 2705 2707 2707 
2704 2704 2707 2707 2705 2705 
2706 2706 2708 2708 2709 2709 
2708 2708 2706 2706 2707 2707 
2710 2710 2711 2711 2709 2709 
2709 2709 2708 2708 2710 2710 
2712 2712 2711 2711 2713 2713 
2710 2710 2713 2713 2711 2711 
2712 2712 2714 2714 2715 2715 
2714 2714 2712 2712 2713 2713 
2716 2716 2681 2681 2715 2715 
2715 2715 2714 2714 2716 2716 
2716 2716 2682 2682 2681 2681 
2717 2717 2718 2718 2719 2719 
2720 2720 2721 2721 2722 2722 
2723 2723 2724 2724 2725 2725 
2726 2726 2727 2727 2728 2728 
2729 2729 2730 2730 2731 2731 
2732 2732 2733 2733 2734 2734 
2735 2735 2736 2736 2737 2737 
2738 2738 2739 2739 2740 2740 
2741 2741 2742 2742 2743 2743 
2744 2744 2743 2743 2745 2745 
2746 2746 2741 2741 2747 2747 
2741 2741 2746 2746 2742 2742 
2747 2747 2748 2748 2749 2749 
2749 2749 2746 2746 2747 2747 
2750 2750 2751 2751 2748 2748 
2749 2749 2748 2748 2751 2751 
2699 2699 2750 2750 2700 2700 
2750 2750 2699 2699 2751 2751 
2744 2744 2745 2745 2735 2735 
2743 2743 2742 2742 2745 2745 
2737 2737 2736 2736 2738 2738 
2744 2744 2735 2735 2737 2737 
2739 2739 2731 2731 2740 2740 
2736 2736 2739 2739 2738 2738 
2729 2729 2734 2734 2730 2730 
2731 2731 2730 2730 2740 2740 
2724 2724 2733 2733 2732 2732 
2732 2732 2734 2734 2729 2729 
2727 2727 2723 2723 2725 2725 
2723 2723 2733 2733 2724 2724 
2726 2726 2728 2728 2717 2717 
2727 2727 2725 2725 2728 2728 
2719 2719 2718 2718 2722 2722 
2726 2726 2717 2717 2719 2719 
2720 2720 2680 2680 2721 2721 
2718 2718 2720 2720 2722 2722 
2682 2682 2721 2721 2680 2680 
</p>
			</triangles>
			<triangles count="10" material="Material321-">
				<input semantic="VERTEX" source="#A_Joint_4_Hub_V5-1-solid112-mesh-vertices" offset="0"/>
				<input semantic="NORMAL" source="#A_Joint_4_Hub_V5-1-solid112-mesh-normals" offset="1"/>
				<p>
2752 2752 2753 2753 2754 2754 
2755 2755 2754 2754 2756 2756 
2754 2754 2755 2755 2752 2752 
2757 2757 2758 2758 2753 2753 
2752 2752 2757 2757 2753 2753 
2755 2755 2756 2756 2759 2759 
2759 2759 2760 2760 2761 2761 
2760 2760 2759 2759 2756 2756 
2760 2760 2762 2762 2761 2761 
2761 2761 2762 2762 2763 2763 
</p>
			</triangles>
			<triangles count="10" material="Material322-">
				<input semantic="VERTEX" source="#A_Joint_4_Hub_V5-1-solid112-mesh-vertices" offset="0"/>
				<input semantic="NORMAL" source="#A_Joint_4_Hub_V5-1-solid112-mesh-normals" offset="1"/>
				<p>
2764 2764 2765 2765 2766 2766 
2767 2767 2768 2768 2769 2769 
2770 2770 2771 2771 2772 2772 
2773 2773 2774 2774 2775 2775 
2774 2774 2773 2773 2767 2767 
2769 2769 2768 2768 2772 2772 
2774 2774 2767 2767 2769 2769 
2770 2770 2764 2764 2771 2771 
2768 2768 2770 2770 2772 2772 
2766 2766 2771 2771 2764 2764 
</p>
			</triangles>
			<triangles count="2" material="Material323-">
				<input semantic="VERTEX" source="#A_Joint_4_Hub_V5-1-solid112-mesh-vertices" offset="0"/>
				<input semantic="NORMAL" source="#A_Joint_4_Hub_V5-1-solid112-mesh-normals" offset="1"/>
				<p>
2776 2776 2777 2777 2778 2778 
2778 2778 2779 2779 2776 2776 
</p>
			</triangles>
			<triangles count="8" material="Material324-">
				<input semantic="VERTEX" source="#A_Joint_4_Hub_V5-1-solid112-mesh-vertices" offset="0"/>
				<input semantic="NORMAL" source="#A_Joint_4_Hub_V5-1-solid112-mesh-normals" offset="1"/>
				<p>
2780 2780 2781 2781 2782 2782 
2780 2780 2783 2783 2784 2784 
2784 2784 2781 2781 2780 2780 
2783 2783 2785 2785 2784 2784 
2786 2786 2782 2782 2781 2781 
2787 2787 2786 2786 2788 2788 
2786 2786 2787 2787 2782 2782 
2787 2787 2788 2788 2789 2789 
</p>
			</triangles>
			<triangles count="8" material="Material325-">
				<input semantic="VERTEX" source="#A_Joint_4_Hub_V5-1-solid112-mesh-vertices" offset="0"/>
				<input semantic="NORMAL" source="#A_Joint_4_Hub_V5-1-solid112-mesh-normals" offset="1"/>
				<p>
2790 2790 2791 2791 2792 2792 
2790 2790 2793 2793 2794 2794 
2794 2794 2791 2791 2790 2790 
2793 2793 2795 2795 2794 2794 
2796 2796 2792 2792 2791 2791 
2797 2797 2796 2796 2798 2798 
2796 2796 2797 2797 2792 2792 
2797 2797 2798 2798 2799 2799 
</p>
			</triangles>
			<triangles count="8" material="Material326-">
				<input semantic="VERTEX" source="#A_Joint_4_Hub_V5-1-solid112-mesh-vertices" offset="0"/>
				<input semantic="NORMAL" source="#A_Joint_4_Hub_V5-1-solid112-mesh-normals" offset="1"/>
				<p>
2800 2800 2801 2801 2802 2802 
2800 2800 2803 2803 2804 2804 
2804 2804 2801 2801 2800 2800 
2803 2803 2805 2805 2804 2804 
2806 2806 2802 2802 2801 2801 
2807 2807 2806 2806 2808 2808 
2806 2806 2807 2807 2802 2802 
2807 2807 2808 2808 2809 2809 
</p>
			</triangles>
			<triangles count="8" material="Material327-">
				<input semantic="VERTEX" source="#A_Joint_4_Hub_V5-1-solid112-mesh-vertices" offset="0"/>
				<input semantic="NORMAL" source="#A_Joint_4_Hub_V5-1-solid112-mesh-normals" offset="1"/>
				<p>
2810 2810 2811 2811 2812 2812 
2810 2810 2813 2813 2814 2814 
2814 2814 2811 2811 2810 2810 
2813 2813 2815 2815 2814 2814 
2816 2816 2812 2812 2811 2811 
2817 2817 2816 2816 2818 2818 
2816 2816 2817 2817 2812 2812 
2817 2817 2818 2818 2819 2819 
</p>
			</triangles>
			<triangles count="8" material="Material328-">
				<input semantic="VERTEX" source="#A_Joint_4_Hub_V5-1-solid112-mesh-vertices" offset="0"/>
				<input semantic="NORMAL" source="#A_Joint_4_Hub_V5-1-solid112-mesh-normals" offset="1"/>
				<p>
2820 2820 2821 2821 2822 2822 
2820 2820 2823 2823 2824 2824 
2824 2824 2821 2821 2820 2820 
2823 2823 2825 2825 2824 2824 
2826 2826 2822 2822 2821 2821 
2827 2827 2826 2826 2828 2828 
2826 2826 2827 2827 2822 2822 
2827 2827 2828 2828 2829 2829 
</p>
			</triangles>
			<triangles count="8" material="Material329-">
				<input semantic="VERTEX" source="#A_Joint_4_Hub_V5-1-solid112-mesh-vertices" offset="0"/>
				<input semantic="NORMAL" source="#A_Joint_4_Hub_V5-1-solid112-mesh-normals" offset="1"/>
				<p>
2830 2830 2831 2831 2832 2832 
2830 2830 2833 2833 2834 2834 
2834 2834 2831 2831 2830 2830 
2833 2833 2835 2835 2834 2834 
2836 2836 2832 2832 2831 2831 
2837 2837 2836 2836 2838 2838 
2836 2836 2837 2837 2832 2832 
2837 2837 2838 2838 2839 2839 
</p>
			</triangles>
			<triangles count="8" material="Material330-">
				<input semantic="VERTEX" source="#A_Joint_4_Hub_V5-1-solid112-mesh-vertices" offset="0"/>
				<input semantic="NORMAL" source="#A_Joint_4_Hub_V5-1-solid112-mesh-normals" offset="1"/>
				<p>
2840 2840 2841 2841 2842 2842 
2840 2840 2843 2843 2844 2844 
2844 2844 2841 2841 2840 2840 
2843 2843 2845 2845 2844 2844 
2846 2846 2842 2842 2841 2841 
2847 2847 2846 2846 2848 2848 
2846 2846 2847 2847 2842 2842 
2847 2847 2848 2848 2849 2849 
</p>
			</triangles>
			<triangles count="14" material="Material331-">
				<input semantic="VERTEX" source="#A_Joint_4_Hub_V5-1-solid112-mesh-vertices" offset="0"/>
				<input semantic="NORMAL" source="#A_Joint_4_Hub_V5-1-solid112-mesh-normals" offset="1"/>
				<p>
2850 2850 2851 2851 2852 2852 
2853 2853 2854 2854 2855 2855 
2856 2856 2857 2857 2858 2858 
2859 2859 2860 2860 2861 2861 
2862 2862 2861 2861 2863 2863 
2864 2864 2859 2859 2865 2865 
2859 2859 2864 2864 2860 2860 
2853 2853 2862 2862 2863 2863 
2861 2861 2860 2860 2863 2863 
2855 2855 2854 2854 2858 2858 
2862 2862 2853 2853 2855 2855 
2856 2856 2850 2850 2857 2857 
2854 2854 2856 2856 2858 2858 
2852 2852 2857 2857 2850 2850 
</p>
			</triangles>
		</mesh>
	</geometry>
</library_geometries>
<library_effects>
	<effect id="Material0-satin_finish_aluminum-effect">
		<profile_COMMON>
			<technique sid="common">
				<phong>
					<diffuse>
						<color sid="diffuse">
0.866667 0.909804 1 1 </color>
					</diffuse>
					<transparency>
						<float sid="transparency">
1 </float>
					</transparency>
				</phong>
			</technique>
		</profile_COMMON>
	</effect>
	<effect id="Material1-satin_finish_aluminum-effect">
		<profile_COMMON>
			<technique sid="common">
				<phong>
					<diffuse>
						<color sid="diffuse">
0.866667 0.909804 1 1 </color>
					</diffuse>
					<transparency>
						<float sid="transparency">
1 </float>
					</transparency>
				</phong>
			</technique>
		</profile_COMMON>
	</effect>
	<effect id="Material2-satin_finish_aluminum-effect">
		<profile_COMMON>
			<technique sid="common">
				<phong>
					<diffuse>
						<color sid="diffuse">
0.866667 0.909804 1 1 </color>
					</diffuse>
					<transparency>
						<float sid="transparency">
1 </float>
					</transparency>
				</phong>
			</technique>
		</profile_COMMON>
	</effect>
	<effect id="Material3-satin_finish_aluminum-effect">
		<profile_COMMON>
			<technique sid="common">
				<phong>
					<diffuse>
						<color sid="diffuse">
0.866667 0.909804 1 1 </color>
					</diffuse>
					<transparency>
						<float sid="transparency">
1 </float>
					</transparency>
				</phong>
			</technique>
		</profile_COMMON>
	</effect>
	<effect id="Material4-satin_finish_aluminum-effect">
		<profile_COMMON>
			<technique sid="common">
				<phong>
					<diffuse>
						<color sid="diffuse">
0.866667 0.909804 1 1 </color>
					</diffuse>
					<transparency>
						<float sid="transparency">
1 </float>
					</transparency>
				</phong>
			</technique>
		</profile_COMMON>
	</effect>
	<effect id="Material5-satin_finish_aluminum-effect">
		<profile_COMMON>
			<technique sid="common">
				<phong>
					<diffuse>
						<color sid="diffuse">
0.866667 0.909804 1 1 </color>
					</diffuse>
					<transparency>
						<float sid="transparency">
1 </float>
					</transparency>
				</phong>
			</technique>
		</profile_COMMON>
	</effect>
	<effect id="Material6-satin_finish_aluminum-effect">
		<profile_COMMON>
			<technique sid="common">
				<phong>
					<diffuse>
						<color sid="diffuse">
0.866667 0.909804 1 1 </color>
					</diffuse>
					<transparency>
						<float sid="transparency">
1 </float>
					</transparency>
				</phong>
			</technique>
		</profile_COMMON>
	</effect>
	<effect id="Material7-satin_finish_aluminum-effect">
		<profile_COMMON>
			<technique sid="common">
				<phong>
					<diffuse>
						<color sid="diffuse">
0.866667 0.909804 1 1 </color>
					</diffuse>
					<transparency>
						<float sid="transparency">
1 </float>
					</transparency>
				</phong>
			</technique>
		</profile_COMMON>
	</effect>
	<effect id="Material8-satin_finish_aluminum-effect">
		<profile_COMMON>
			<technique sid="common">
				<phong>
					<diffuse>
						<color sid="diffuse">
0.866667 0.909804 1 1 </color>
					</diffuse>
					<transparency>
						<float sid="transparency">
1 </float>
					</transparency>
				</phong>
			</technique>
		</profile_COMMON>
	</effect>
	<effect id="Material9-satin_finish_aluminum-effect">
		<profile_COMMON>
			<technique sid="common">
				<phong>
					<diffuse>
						<color sid="diffuse">
0.866667 0.909804 1 1 </color>
					</diffuse>
					<transparency>
						<float sid="transparency">
1 </float>
					</transparency>
				</phong>
			</technique>
		</profile_COMMON>
	</effect>
	<effect id="Material10-satin_finish_aluminum-effect">
		<profile_COMMON>
			<technique sid="common">
				<phong>
					<diffuse>
						<color sid="diffuse">
0.866667 0.909804 1 1 </color>
					</diffuse>
					<transparency>
						<float sid="transparency">
1 </float>
					</transparency>
				</phong>
			</technique>
		</profile_COMMON>
	</effect>
	<effect id="Material11-satin_finish_aluminum-effect">
		<profile_COMMON>
			<technique sid="common">
				<phong>
					<diffuse>
						<color sid="diffuse">
0.866667 0.909804 1 1 </color>
					</diffuse>
					<transparency>
						<float sid="transparency">
1 </float>
					</transparency>
				</phong>
			</technique>
		</profile_COMMON>
	</effect>
	<effect id="Material12-satin_finish_aluminum-effect">
		<profile_COMMON>
			<technique sid="common">
				<phong>
					<diffuse>
						<color sid="diffuse">
0.866667 0.909804 1 1 </color>
					</diffuse>
					<transparency>
						<float sid="transparency">
1 </float>
					</transparency>
				</phong>
			</technique>
		</profile_COMMON>
	</effect>
	<effect id="Material13-satin_finish_aluminum-effect">
		<profile_COMMON>
			<technique sid="common">
				<phong>
					<diffuse>
						<color sid="diffuse">
0.866667 0.909804 1 1 </color>
					</diffuse>
					<transparency>
						<float sid="transparency">
1 </float>
					</transparency>
				</phong>
			</technique>
		</profile_COMMON>
	</effect>
	<effect id="Material14-satin_finish_aluminum-effect">
		<profile_COMMON>
			<technique sid="common">
				<phong>
					<diffuse>
						<color sid="diffuse">
0.866667 0.909804 1 1 </color>
					</diffuse>
					<transparency>
						<float sid="transparency">
1 </float>
					</transparency>
				</phong>
			</technique>
		</profile_COMMON>
	</effect>
	<effect id="Material15-satin_finish_aluminum-effect">
		<profile_COMMON>
			<technique sid="common">
				<phong>
					<diffuse>
						<color sid="diffuse">
0.866667 0.909804 1 1 </color>
					</diffuse>
					<transparency>
						<float sid="transparency">
1 </float>
					</transparency>
				</phong>
			</technique>
		</profile_COMMON>
	</effect>
	<effect id="Material16-satin_finish_aluminum-effect">
		<profile_COMMON>
			<technique sid="common">
				<phong>
					<diffuse>
						<color sid="diffuse">
0.866667 0.909804 1 1 </color>
					</diffuse>
					<transparency>
						<float sid="transparency">
1 </float>
					</transparency>
				</phong>
			</technique>
		</profile_COMMON>
	</effect>
	<effect id="Material17-satin_finish_aluminum-effect">
		<profile_COMMON>
			<technique sid="common">
				<phong>
					<diffuse>
						<color sid="diffuse">
0.866667 0.909804 1 1 </color>
					</diffuse>
					<transparency>
						<float sid="transparency">
1 </float>
					</transparency>
				</phong>
			</technique>
		</profile_COMMON>
	</effect>
	<effect id="Material18-satin_finish_aluminum-effect">
		<profile_COMMON>
			<technique sid="common">
				<phong>
					<diffuse>
						<color sid="diffuse">
0.866667 0.909804 1 1 </color>
					</diffuse>
					<transparency>
						<float sid="transparency">
1 </float>
					</transparency>
				</phong>
			</technique>
		</profile_COMMON>
	</effect>
	<effect id="Material19-satin_finish_aluminum-effect">
		<profile_COMMON>
			<technique sid="common">
				<phong>
					<diffuse>
						<color sid="diffuse">
0.866667 0.909804 1 1 </color>
					</diffuse>
					<transparency>
						<float sid="transparency">
1 </float>
					</transparency>
				</phong>
			</technique>
		</profile_COMMON>
	</effect>
	<effect id="Material20-satin_finish_aluminum-effect">
		<profile_COMMON>
			<technique sid="common">
				<phong>
					<diffuse>
						<color sid="diffuse">
0.866667 0.909804 1 1 </color>
					</diffuse>
					<transparency>
						<float sid="transparency">
1 </float>
					</transparency>
				</phong>
			</technique>
		</profile_COMMON>
	</effect>
	<effect id="Material21-satin_finish_aluminum-effect">
		<profile_COMMON>
			<technique sid="common">
				<phong>
					<diffuse>
						<color sid="diffuse">
0.866667 0.909804 1 1 </color>
					</diffuse>
					<transparency>
						<float sid="transparency">
1 </float>
					</transparency>
				</phong>
			</technique>
		</profile_COMMON>
	</effect>
	<effect id="Material22-satin_finish_aluminum-effect">
		<profile_COMMON>
			<technique sid="common">
				<phong>
					<diffuse>
						<color sid="diffuse">
0.866667 0.909804 1 1 </color>
					</diffuse>
					<transparency>
						<float sid="transparency">
1 </float>
					</transparency>
				</phong>
			</technique>
		</profile_COMMON>
	</effect>
	<effect id="Material23-satin_finish_aluminum-effect">
		<profile_COMMON>
			<technique sid="common">
				<phong>
					<diffuse>
						<color sid="diffuse">
0.866667 0.909804 1 1 </color>
					</diffuse>
					<transparency>
						<float sid="transparency">
1 </float>
					</transparency>
				</phong>
			</technique>
		</profile_COMMON>
	</effect>
	<effect id="Material24-satin_finish_aluminum-effect">
		<profile_COMMON>
			<technique sid="common">
				<phong>
					<diffuse>
						<color sid="diffuse">
0.866667 0.909804 1 1 </color>
					</diffuse>
					<transparency>
						<float sid="transparency">
1 </float>
					</transparency>
				</phong>
			</technique>
		</profile_COMMON>
	</effect>
	<effect id="Material25-satin_finish_aluminum-effect">
		<profile_COMMON>
			<technique sid="common">
				<phong>
					<diffuse>
						<color sid="diffuse">
0.866667 0.909804 1 1 </color>
					</diffuse>
					<transparency>
						<float sid="transparency">
1 </float>
					</transparency>
				</phong>
			</technique>
		</profile_COMMON>
	</effect>
	<effect id="Material26-satin_finish_aluminum-effect">
		<profile_COMMON>
			<technique sid="common">
				<phong>
					<diffuse>
						<color sid="diffuse">
0.866667 0.909804 1 1 </color>
					</diffuse>
					<transparency>
						<float sid="transparency">
1 </float>
					</transparency>
				</phong>
			</technique>
		</profile_COMMON>
	</effect>
	<effect id="Material27-satin_finish_aluminum-effect">
		<profile_COMMON>
			<technique sid="common">
				<phong>
					<diffuse>
						<color sid="diffuse">
0.866667 0.909804 1 1 </color>
					</diffuse>
					<transparency>
						<float sid="transparency">
1 </float>
					</transparency>
				</phong>
			</technique>
		</profile_COMMON>
	</effect>
	<effect id="Material28-satin_finish_aluminum-effect">
		<profile_COMMON>
			<technique sid="common">
				<phong>
					<diffuse>
						<color sid="diffuse">
0.866667 0.909804 1 1 </color>
					</diffuse>
					<transparency>
						<float sid="transparency">
1 </float>
					</transparency>
				</phong>
			</technique>
		</profile_COMMON>
	</effect>
	<effect id="Material29-satin_finish_aluminum-effect">
		<profile_COMMON>
			<technique sid="common">
				<phong>
					<diffuse>
						<color sid="diffuse">
0.866667 0.909804 1 1 </color>
					</diffuse>
					<transparency>
						<float sid="transparency">
1 </float>
					</transparency>
				</phong>
			</technique>
		</profile_COMMON>
	</effect>
	<effect id="Material30-satin_finish_aluminum-effect">
		<profile_COMMON>
			<technique sid="common">
				<phong>
					<diffuse>
						<color sid="diffuse">
0.866667 0.909804 1 1 </color>
					</diffuse>
					<transparency>
						<float sid="transparency">
1 </float>
					</transparency>
				</phong>
			</technique>
		</profile_COMMON>
	</effect>
	<effect id="Material31-satin_finish_aluminum-effect">
		<profile_COMMON>
			<technique sid="common">
				<phong>
					<diffuse>
						<color sid="diffuse">
0.866667 0.909804 1 1 </color>
					</diffuse>
					<transparency>
						<float sid="transparency">
1 </float>
					</transparency>
				</phong>
			</technique>
		</profile_COMMON>
	</effect>
	<effect id="Material32-satin_finish_aluminum-effect">
		<profile_COMMON>
			<technique sid="common">
				<phong>
					<diffuse>
						<color sid="diffuse">
0.866667 0.909804 1 1 </color>
					</diffuse>
					<transparency>
						<float sid="transparency">
1 </float>
					</transparency>
				</phong>
			</technique>
		</profile_COMMON>
	</effect>
	<effect id="Material33-satin_finish_aluminum-effect">
		<profile_COMMON>
			<technique sid="common">
				<phong>
					<diffuse>
						<color sid="diffuse">
0.866667 0.909804 1 1 </color>
					</diffuse>
					<transparency>
						<float sid="transparency">
1 </float>
					</transparency>
				</phong>
			</technique>
		</profile_COMMON>
	</effect>
	<effect id="Material34-satin_finish_aluminum-effect">
		<profile_COMMON>
			<technique sid="common">
				<phong>
					<diffuse>
						<color sid="diffuse">
0.866667 0.909804 1 1 </color>
					</diffuse>
					<transparency>
						<float sid="transparency">
1 </float>
					</transparency>
				</phong>
			</technique>
		</profile_COMMON>
	</effect>
	<effect id="Material35-satin_finish_aluminum-effect">
		<profile_COMMON>
			<technique sid="common">
				<phong>
					<diffuse>
						<color sid="diffuse">
0.866667 0.909804 1 1 </color>
					</diffuse>
					<transparency>
						<float sid="transparency">
1 </float>
					</transparency>
				</phong>
			</technique>
		</profile_COMMON>
	</effect>
	<effect id="Material36-satin_finish_aluminum-effect">
		<profile_COMMON>
			<technique sid="common">
				<phong>
					<diffuse>
						<color sid="diffuse">
0.866667 0.909804 1 1 </color>
					</diffuse>
					<transparency>
						<float sid="transparency">
1 </float>
					</transparency>
				</phong>
			</technique>
		</profile_COMMON>
	</effect>
	<effect id="Material37-satin_finish_aluminum-effect">
		<profile_COMMON>
			<technique sid="common">
				<phong>
					<diffuse>
						<color sid="diffuse">
0.866667 0.909804 1 1 </color>
					</diffuse>
					<transparency>
						<float sid="transparency">
1 </float>
					</transparency>
				</phong>
			</technique>
		</profile_COMMON>
	</effect>
	<effect id="Material38-satin_finish_aluminum-effect">
		<profile_COMMON>
			<technique sid="common">
				<phong>
					<diffuse>
						<color sid="diffuse">
0.866667 0.909804 1 1 </color>
					</diffuse>
					<transparency>
						<float sid="transparency">
1 </float>
					</transparency>
				</phong>
			</technique>
		</profile_COMMON>
	</effect>
	<effect id="Material39-satin_finish_aluminum-effect">
		<profile_COMMON>
			<technique sid="common">
				<phong>
					<diffuse>
						<color sid="diffuse">
0.866667 0.909804 1 1 </color>
					</diffuse>
					<transparency>
						<float sid="transparency">
1 </float>
					</transparency>
				</phong>
			</technique>
		</profile_COMMON>
	</effect>
	<effect id="Material40-satin_finish_aluminum-effect">
		<profile_COMMON>
			<technique sid="common">
				<phong>
					<diffuse>
						<color sid="diffuse">
0.866667 0.909804 1 1 </color>
					</diffuse>
					<transparency>
						<float sid="transparency">
1 </float>
					</transparency>
				</phong>
			</technique>
		</profile_COMMON>
	</effect>
	<effect id="Material41-satin_finish_aluminum-effect">
		<profile_COMMON>
			<technique sid="common">
				<phong>
					<diffuse>
						<color sid="diffuse">
0.866667 0.909804 1 1 </color>
					</diffuse>
					<transparency>
						<float sid="transparency">
1 </float>
					</transparency>
				</phong>
			</technique>
		</profile_COMMON>
	</effect>
	<effect id="Material42-satin_finish_aluminum-effect">
		<profile_COMMON>
			<technique sid="common">
				<phong>
					<diffuse>
						<color sid="diffuse">
0.866667 0.909804 1 1 </color>
					</diffuse>
					<transparency>
						<float sid="transparency">
1 </float>
					</transparency>
				</phong>
			</technique>
		</profile_COMMON>
	</effect>
	<effect id="Material43-satin_finish_aluminum-effect">
		<profile_COMMON>
			<technique sid="common">
				<phong>
					<diffuse>
						<color sid="diffuse">
0.866667 0.909804 1 1 </color>
					</diffuse>
					<transparency>
						<float sid="transparency">
1 </float>
					</transparency>
				</phong>
			</technique>
		</profile_COMMON>
	</effect>
	<effect id="Material44-satin_finish_aluminum-effect">
		<profile_COMMON>
			<technique sid="common">
				<phong>
					<diffuse>
						<color sid="diffuse">
0.866667 0.909804 1 1 </color>
					</diffuse>
					<transparency>
						<float sid="transparency">
1 </float>
					</transparency>
				</phong>
			</technique>
		</profile_COMMON>
	</effect>
	<effect id="Material45-satin_finish_aluminum-effect">
		<profile_COMMON>
			<technique sid="common">
				<phong>
					<diffuse>
						<color sid="diffuse">
0.866667 0.909804 1 1 </color>
					</diffuse>
					<transparency>
						<float sid="transparency">
1 </float>
					</transparency>
				</phong>
			</technique>
		</profile_COMMON>
	</effect>
	<effect id="Material46-satin_finish_aluminum-effect">
		<profile_COMMON>
			<technique sid="common">
				<phong>
					<diffuse>
						<color sid="diffuse">
0.866667 0.909804 1 1 </color>
					</diffuse>
					<transparency>
						<float sid="transparency">
1 </float>
					</transparency>
				</phong>
			</technique>
		</profile_COMMON>
	</effect>
	<effect id="Material47-satin_finish_aluminum-effect">
		<profile_COMMON>
			<technique sid="common">
				<phong>
					<diffuse>
						<color sid="diffuse">
0.866667 0.909804 1 1 </color>
					</diffuse>
					<transparency>
						<float sid="transparency">
1 </float>
					</transparency>
				</phong>
			</technique>
		</profile_COMMON>
	</effect>
	<effect id="Material48-satin_finish_aluminum-effect">
		<profile_COMMON>
			<technique sid="common">
				<phong>
					<diffuse>
						<color sid="diffuse">
0.866667 0.909804 1 1 </color>
					</diffuse>
					<transparency>
						<float sid="transparency">
1 </float>
					</transparency>
				</phong>
			</technique>
		</profile_COMMON>
	</effect>
	<effect id="Material49-satin_finish_aluminum-effect">
		<profile_COMMON>
			<technique sid="common">
				<phong>
					<diffuse>
						<color sid="diffuse">
0.866667 0.909804 1 1 </color>
					</diffuse>
					<transparency>
						<float sid="transparency">
1 </float>
					</transparency>
				</phong>
			</technique>
		</profile_COMMON>
	</effect>
	<effect id="Material50-satin_finish_aluminum-effect">
		<profile_COMMON>
			<technique sid="common">
				<phong>
					<diffuse>
						<color sid="diffuse">
0.866667 0.909804 1 1 </color>
					</diffuse>
					<transparency>
						<float sid="transparency">
1 </float>
					</transparency>
				</phong>
			</technique>
		</profile_COMMON>
	</effect>
	<effect id="Material51-satin_finish_aluminum-effect">
		<profile_COMMON>
			<technique sid="common">
				<phong>
					<diffuse>
						<color sid="diffuse">
0.866667 0.909804 1 1 </color>
					</diffuse>
					<transparency>
						<float sid="transparency">
1 </float>
					</transparency>
				</phong>
			</technique>
		</profile_COMMON>
	</effect>
	<effect id="Material52-satin_finish_aluminum-effect">
		<profile_COMMON>
			<technique sid="common">
				<phong>
					<diffuse>
						<color sid="diffuse">
0.866667 0.909804 1 1 </color>
					</diffuse>
					<transparency>
						<float sid="transparency">
1 </float>
					</transparency>
				</phong>
			</technique>
		</profile_COMMON>
	</effect>
	<effect id="Material53-satin_finish_aluminum-effect">
		<profile_COMMON>
			<technique sid="common">
				<phong>
					<diffuse>
						<color sid="diffuse">
0.866667 0.909804 1 1 </color>
					</diffuse>
					<transparency>
						<float sid="transparency">
1 </float>
					</transparency>
				</phong>
			</technique>
		</profile_COMMON>
	</effect>
	<effect id="Material54-satin_finish_aluminum-effect">
		<profile_COMMON>
			<technique sid="common">
				<phong>
					<diffuse>
						<color sid="diffuse">
0.866667 0.909804 1 1 </color>
					</diffuse>
					<transparency>
						<float sid="transparency">
1 </float>
					</transparency>
				</phong>
			</technique>
		</profile_COMMON>
	</effect>
	<effect id="Material55-satin_finish_aluminum-effect">
		<profile_COMMON>
			<technique sid="common">
				<phong>
					<diffuse>
						<color sid="diffuse">
0.866667 0.909804 1 1 </color>
					</diffuse>
					<transparency>
						<float sid="transparency">
1 </float>
					</transparency>
				</phong>
			</technique>
		</profile_COMMON>
	</effect>
	<effect id="Material56-satin_finish_aluminum-effect">
		<profile_COMMON>
			<technique sid="common">
				<phong>
					<diffuse>
						<color sid="diffuse">
0.866667 0.909804 1 1 </color>
					</diffuse>
					<transparency>
						<float sid="transparency">
1 </float>
					</transparency>
				</phong>
			</technique>
		</profile_COMMON>
	</effect>
	<effect id="Material57-satin_finish_aluminum-effect">
		<profile_COMMON>
			<technique sid="common">
				<phong>
					<diffuse>
						<color sid="diffuse">
0.866667 0.909804 1 1 </color>
					</diffuse>
					<transparency>
						<float sid="transparency">
1 </float>
					</transparency>
				</phong>
			</technique>
		</profile_COMMON>
	</effect>
	<effect id="Material58-satin_finish_aluminum-effect">
		<profile_COMMON>
			<technique sid="common">
				<phong>
					<diffuse>
						<color sid="diffuse">
0.866667 0.909804 1 1 </color>
					</diffuse>
					<transparency>
						<float sid="transparency">
1 </float>
					</transparency>
				</phong>
			</technique>
		</profile_COMMON>
	</effect>
	<effect id="Material59-satin_finish_aluminum-effect">
		<profile_COMMON>
			<technique sid="common">
				<phong>
					<diffuse>
						<color sid="diffuse">
0.866667 0.909804 1 1 </color>
					</diffuse>
					<transparency>
						<float sid="transparency">
1 </float>
					</transparency>
				</phong>
			</technique>
		</profile_COMMON>
	</effect>
	<effect id="Material60-satin_finish_aluminum-effect">
		<profile_COMMON>
			<technique sid="common">
				<phong>
					<diffuse>
						<color sid="diffuse">
0.866667 0.909804 1 1 </color>
					</diffuse>
					<transparency>
						<float sid="transparency">
1 </float>
					</transparency>
				</phong>
			</technique>
		</profile_COMMON>
	</effect>
	<effect id="Material61-satin_finish_aluminum-effect">
		<profile_COMMON>
			<technique sid="common">
				<phong>
					<diffuse>
						<color sid="diffuse">
0.866667 0.909804 1 1 </color>
					</diffuse>
					<transparency>
						<float sid="transparency">
1 </float>
					</transparency>
				</phong>
			</technique>
		</profile_COMMON>
	</effect>
	<effect id="Material62-satin_finish_aluminum-effect">
		<profile_COMMON>
			<technique sid="common">
				<phong>
					<diffuse>
						<color sid="diffuse">
0.866667 0.909804 1 1 </color>
					</diffuse>
					<transparency>
						<float sid="transparency">
1 </float>
					</transparency>
				</phong>
			</technique>
		</profile_COMMON>
	</effect>
	<effect id="Material63-satin_finish_aluminum-effect">
		<profile_COMMON>
			<technique sid="common">
				<phong>
					<diffuse>
						<color sid="diffuse">
0.866667 0.909804 1 1 </color>
					</diffuse>
					<transparency>
						<float sid="transparency">
1 </float>
					</transparency>
				</phong>
			</technique>
		</profile_COMMON>
	</effect>
	<effect id="Material64-satin_finish_aluminum-effect">
		<profile_COMMON>
			<technique sid="common">
				<phong>
					<diffuse>
						<color sid="diffuse">
0.866667 0.909804 1 1 </color>
					</diffuse>
					<transparency>
						<float sid="transparency">
1 </float>
					</transparency>
				</phong>
			</technique>
		</profile_COMMON>
	</effect>
	<effect id="Material65-satin_finish_aluminum-effect">
		<profile_COMMON>
			<technique sid="common">
				<phong>
					<diffuse>
						<color sid="diffuse">
0.866667 0.909804 1 1 </color>
					</diffuse>
					<transparency>
						<float sid="transparency">
1 </float>
					</transparency>
				</phong>
			</technique>
		</profile_COMMON>
	</effect>
	<effect id="Material66-satin_finish_aluminum-effect">
		<profile_COMMON>
			<technique sid="common">
				<phong>
					<diffuse>
						<color sid="diffuse">
0.866667 0.909804 1 1 </color>
					</diffuse>
					<transparency>
						<float sid="transparency">
1 </float>
					</transparency>
				</phong>
			</technique>
		</profile_COMMON>
	</effect>
	<effect id="Material67-satin_finish_aluminum-effect">
		<profile_COMMON>
			<technique sid="common">
				<phong>
					<diffuse>
						<color sid="diffuse">
0.866667 0.909804 1 1 </color>
					</diffuse>
					<transparency>
						<float sid="transparency">
1 </float>
					</transparency>
				</phong>
			</technique>
		</profile_COMMON>
	</effect>
	<effect id="Material68-satin_finish_aluminum-effect">
		<profile_COMMON>
			<technique sid="common">
				<phong>
					<diffuse>
						<color sid="diffuse">
0.866667 0.909804 1 1 </color>
					</diffuse>
					<transparency>
						<float sid="transparency">
1 </float>
					</transparency>
				</phong>
			</technique>
		</profile_COMMON>
	</effect>
	<effect id="Material69-satin_finish_aluminum-effect">
		<profile_COMMON>
			<technique sid="common">
				<phong>
					<diffuse>
						<color sid="diffuse">
0.866667 0.909804 1 1 </color>
					</diffuse>
					<transparency>
						<float sid="transparency">
1 </float>
					</transparency>
				</phong>
			</technique>
		</profile_COMMON>
	</effect>
	<effect id="Material70-satin_finish_aluminum-effect">
		<profile_COMMON>
			<technique sid="common">
				<phong>
					<diffuse>
						<color sid="diffuse">
0.866667 0.909804 1 1 </color>
					</diffuse>
					<transparency>
						<float sid="transparency">
1 </float>
					</transparency>
				</phong>
			</technique>
		</profile_COMMON>
	</effect>
	<effect id="Material71-satin_finish_aluminum-effect">
		<profile_COMMON>
			<technique sid="common">
				<phong>
					<diffuse>
						<color sid="diffuse">
0.866667 0.909804 1 1 </color>
					</diffuse>
					<transparency>
						<float sid="transparency">
1 </float>
					</transparency>
				</phong>
			</technique>
		</profile_COMMON>
	</effect>
	<effect id="Material72-satin_finish_aluminum-effect">
		<profile_COMMON>
			<technique sid="common">
				<phong>
					<diffuse>
						<color sid="diffuse">
0.866667 0.909804 1 1 </color>
					</diffuse>
					<transparency>
						<float sid="transparency">
1 </float>
					</transparency>
				</phong>
			</technique>
		</profile_COMMON>
	</effect>
	<effect id="Material73-satin_finish_aluminum-effect">
		<profile_COMMON>
			<technique sid="common">
				<phong>
					<diffuse>
						<color sid="diffuse">
0.866667 0.909804 1 1 </color>
					</diffuse>
					<transparency>
						<float sid="transparency">
1 </float>
					</transparency>
				</phong>
			</technique>
		</profile_COMMON>
	</effect>
	<effect id="Material74-satin_finish_aluminum-effect">
		<profile_COMMON>
			<technique sid="common">
				<phong>
					<diffuse>
						<color sid="diffuse">
0.866667 0.909804 1 1 </color>
					</diffuse>
					<transparency>
						<float sid="transparency">
1 </float>
					</transparency>
				</phong>
			</technique>
		</profile_COMMON>
	</effect>
	<effect id="Material75-satin_finish_aluminum-effect">
		<profile_COMMON>
			<technique sid="common">
				<phong>
					<diffuse>
						<color sid="diffuse">
0.866667 0.909804 1 1 </color>
					</diffuse>
					<transparency>
						<float sid="transparency">
1 </float>
					</transparency>
				</phong>
			</technique>
		</profile_COMMON>
	</effect>
	<effect id="Material76-satin_finish_aluminum-effect">
		<profile_COMMON>
			<technique sid="common">
				<phong>
					<diffuse>
						<color sid="diffuse">
0.866667 0.909804 1 1 </color>
					</diffuse>
					<transparency>
						<float sid="transparency">
1 </float>
					</transparency>
				</phong>
			</technique>
		</profile_COMMON>
	</effect>
	<effect id="Material77-satin_finish_aluminum-effect">
		<profile_COMMON>
			<technique sid="common">
				<phong>
					<diffuse>
						<color sid="diffuse">
0.866667 0.909804 1 1 </color>
					</diffuse>
					<transparency>
						<float sid="transparency">
1 </float>
					</transparency>
				</phong>
			</technique>
		</profile_COMMON>
	</effect>
	<effect id="Material78-satin_finish_aluminum-effect">
		<profile_COMMON>
			<technique sid="common">
				<phong>
					<diffuse>
						<color sid="diffuse">
0.866667 0.909804 1 1 </color>
					</diffuse>
					<transparency>
						<float sid="transparency">
1 </float>
					</transparency>
				</phong>
			</technique>
		</profile_COMMON>
	</effect>
	<effect id="Material79-satin_finish_aluminum-effect">
		<profile_COMMON>
			<technique sid="common">
				<phong>
					<diffuse>
						<color sid="diffuse">
0.866667 0.909804 1 1 </color>
					</diffuse>
					<transparency>
						<float sid="transparency">
1 </float>
					</transparency>
				</phong>
			</technique>
		</profile_COMMON>
	</effect>
	<effect id="Material80-satin_finish_aluminum-effect">
		<profile_COMMON>
			<technique sid="common">
				<phong>
					<diffuse>
						<color sid="diffuse">
0.866667 0.909804 1 1 </color>
					</diffuse>
					<transparency>
						<float sid="transparency">
1 </float>
					</transparency>
				</phong>
			</technique>
		</profile_COMMON>
	</effect>
	<effect id="Material81-satin_finish_aluminum-effect">
		<profile_COMMON>
			<technique sid="common">
				<phong>
					<diffuse>
						<color sid="diffuse">
0.866667 0.909804 1 1 </color>
					</diffuse>
					<transparency>
						<float sid="transparency">
1 </float>
					</transparency>
				</phong>
			</technique>
		</profile_COMMON>
	</effect>
	<effect id="Material82-satin_finish_aluminum-effect">
		<profile_COMMON>
			<technique sid="common">
				<phong>
					<diffuse>
						<color sid="diffuse">
0.866667 0.909804 1 1 </color>
					</diffuse>
					<transparency>
						<float sid="transparency">
1 </float>
					</transparency>
				</phong>
			</technique>
		</profile_COMMON>
	</effect>
	<effect id="Material83-satin_finish_aluminum-effect">
		<profile_COMMON>
			<technique sid="common">
				<phong>
					<diffuse>
						<color sid="diffuse">
0.866667 0.909804 1 1 </color>
					</diffuse>
					<transparency>
						<float sid="transparency">
1 </float>
					</transparency>
				</phong>
			</technique>
		</profile_COMMON>
	</effect>
	<effect id="Material84-satin_finish_aluminum-effect">
		<profile_COMMON>
			<technique sid="common">
				<phong>
					<diffuse>
						<color sid="diffuse">
0.866667 0.909804 1 1 </color>
					</diffuse>
					<transparency>
						<float sid="transparency">
1 </float>
					</transparency>
				</phong>
			</technique>
		</profile_COMMON>
	</effect>
	<effect id="Material85-satin_finish_aluminum-effect">
		<profile_COMMON>
			<technique sid="common">
				<phong>
					<diffuse>
						<color sid="diffuse">
0.866667 0.909804 1 1 </color>
					</diffuse>
					<transparency>
						<float sid="transparency">
1 </float>
					</transparency>
				</phong>
			</technique>
		</profile_COMMON>
	</effect>
	<effect id="Material86-satin_finish_aluminum-effect">
		<profile_COMMON>
			<technique sid="common">
				<phong>
					<diffuse>
						<color sid="diffuse">
0.866667 0.909804 1 1 </color>
					</diffuse>
					<transparency>
						<float sid="transparency">
1 </float>
					</transparency>
				</phong>
			</technique>
		</profile_COMMON>
	</effect>
	<effect id="Material87-satin_finish_aluminum-effect">
		<profile_COMMON>
			<technique sid="common">
				<phong>
					<diffuse>
						<color sid="diffuse">
0.866667 0.909804 1 1 </color>
					</diffuse>
					<transparency>
						<float sid="transparency">
1 </float>
					</transparency>
				</phong>
			</technique>
		</profile_COMMON>
	</effect>
	<effect id="Material88-satin_finish_aluminum-effect">
		<profile_COMMON>
			<technique sid="common">
				<phong>
					<diffuse>
						<color sid="diffuse">
0.866667 0.909804 1 1 </color>
					</diffuse>
					<transparency>
						<float sid="transparency">
1 </float>
					</transparency>
				</phong>
			</technique>
		</profile_COMMON>
	</effect>
	<effect id="Material89-satin_finish_aluminum-effect">
		<profile_COMMON>
			<technique sid="common">
				<phong>
					<diffuse>
						<color sid="diffuse">
0.866667 0.909804 1 1 </color>
					</diffuse>
					<transparency>
						<float sid="transparency">
1 </float>
					</transparency>
				</phong>
			</technique>
		</profile_COMMON>
	</effect>
	<effect id="Material90-satin_finish_aluminum-effect">
		<profile_COMMON>
			<technique sid="common">
				<phong>
					<diffuse>
						<color sid="diffuse">
0.866667 0.909804 1 1 </color>
					</diffuse>
					<transparency>
						<float sid="transparency">
1 </float>
					</transparency>
				</phong>
			</technique>
		</profile_COMMON>
	</effect>
	<effect id="Material91-satin_finish_aluminum-effect">
		<profile_COMMON>
			<technique sid="common">
				<phong>
					<diffuse>
						<color sid="diffuse">
0.866667 0.909804 1 1 </color>
					</diffuse>
					<transparency>
						<float sid="transparency">
1 </float>
					</transparency>
				</phong>
			</technique>
		</profile_COMMON>
	</effect>
	<effect id="Material92-satin_finish_aluminum-effect">
		<profile_COMMON>
			<technique sid="common">
				<phong>
					<diffuse>
						<color sid="diffuse">
0.866667 0.909804 1 1 </color>
					</diffuse>
					<transparency>
						<float sid="transparency">
1 </float>
					</transparency>
				</phong>
			</technique>
		</profile_COMMON>
	</effect>
	<effect id="Material93-satin_finish_aluminum-effect">
		<profile_COMMON>
			<technique sid="common">
				<phong>
					<diffuse>
						<color sid="diffuse">
0.866667 0.909804 1 1 </color>
					</diffuse>
					<transparency>
						<float sid="transparency">
1 </float>
					</transparency>
				</phong>
			</technique>
		</profile_COMMON>
	</effect>
	<effect id="Material94-satin_finish_aluminum-effect">
		<profile_COMMON>
			<technique sid="common">
				<phong>
					<diffuse>
						<color sid="diffuse">
0.866667 0.909804 1 1 </color>
					</diffuse>
					<transparency>
						<float sid="transparency">
1 </float>
					</transparency>
				</phong>
			</technique>
		</profile_COMMON>
	</effect>
	<effect id="Material95-satin_finish_aluminum-effect">
		<profile_COMMON>
			<technique sid="common">
				<phong>
					<diffuse>
						<color sid="diffuse">
0.866667 0.909804 1 1 </color>
					</diffuse>
					<transparency>
						<float sid="transparency">
1 </float>
					</transparency>
				</phong>
			</technique>
		</profile_COMMON>
	</effect>
	<effect id="Material96-satin_finish_aluminum-effect">
		<profile_COMMON>
			<technique sid="common">
				<phong>
					<diffuse>
						<color sid="diffuse">
0.866667 0.909804 1 1 </color>
					</diffuse>
					<transparency>
						<float sid="transparency">
1 </float>
					</transparency>
				</phong>
			</technique>
		</profile_COMMON>
	</effect>
	<effect id="Material97-satin_finish_aluminum-effect">
		<profile_COMMON>
			<technique sid="common">
				<phong>
					<diffuse>
						<color sid="diffuse">
0.866667 0.909804 1 1 </color>
					</diffuse>
					<transparency>
						<float sid="transparency">
1 </float>
					</transparency>
				</phong>
			</technique>
		</profile_COMMON>
	</effect>
	<effect id="Material98-satin_finish_aluminum-effect">
		<profile_COMMON>
			<technique sid="common">
				<phong>
					<diffuse>
						<color sid="diffuse">
0.866667 0.909804 1 1 </color>
					</diffuse>
					<transparency>
						<float sid="transparency">
1 </float>
					</transparency>
				</phong>
			</technique>
		</profile_COMMON>
	</effect>
	<effect id="Material99-satin_finish_aluminum-effect">
		<profile_COMMON>
			<technique sid="common">
				<phong>
					<diffuse>
						<color sid="diffuse">
0.866667 0.909804 1 1 </color>
					</diffuse>
					<transparency>
						<float sid="transparency">
1 </float>
					</transparency>
				</phong>
			</technique>
		</profile_COMMON>
	</effect>
	<effect id="Material100-satin_finish_aluminum-effect">
		<profile_COMMON>
			<technique sid="common">
				<phong>
					<diffuse>
						<color sid="diffuse">
0.866667 0.909804 1 1 </color>
					</diffuse>
					<transparency>
						<float sid="transparency">
1 </float>
					</transparency>
				</phong>
			</technique>
		</profile_COMMON>
	</effect>
	<effect id="Material101-satin_finish_aluminum-effect">
		<profile_COMMON>
			<technique sid="common">
				<phong>
					<diffuse>
						<color sid="diffuse">
0.866667 0.909804 1 1 </color>
					</diffuse>
					<transparency>
						<float sid="transparency">
1 </float>
					</transparency>
				</phong>
			</technique>
		</profile_COMMON>
	</effect>
	<effect id="Material102-satin_finish_aluminum-effect">
		<profile_COMMON>
			<technique sid="common">
				<phong>
					<diffuse>
						<color sid="diffuse">
0.866667 0.909804 1 1 </color>
					</diffuse>
					<transparency>
						<float sid="transparency">
1 </float>
					</transparency>
				</phong>
			</technique>
		</profile_COMMON>
	</effect>
	<effect id="Material103-satin_finish_aluminum-effect">
		<profile_COMMON>
			<technique sid="common">
				<phong>
					<diffuse>
						<color sid="diffuse">
0.866667 0.909804 1 1 </color>
					</diffuse>
					<transparency>
						<float sid="transparency">
1 </float>
					</transparency>
				</phong>
			</technique>
		</profile_COMMON>
	</effect>
	<effect id="Material104-satin_finish_aluminum-effect">
		<profile_COMMON>
			<technique sid="common">
				<phong>
					<diffuse>
						<color sid="diffuse">
0.866667 0.909804 1 1 </color>
					</diffuse>
					<transparency>
						<float sid="transparency">
1 </float>
					</transparency>
				</phong>
			</technique>
		</profile_COMMON>
	</effect>
	<effect id="Material105-satin_finish_aluminum-effect">
		<profile_COMMON>
			<technique sid="common">
				<phong>
					<diffuse>
						<color sid="diffuse">
0.866667 0.909804 1 1 </color>
					</diffuse>
					<transparency>
						<float sid="transparency">
1 </float>
					</transparency>
				</phong>
			</technique>
		</profile_COMMON>
	</effect>
	<effect id="Material106-satin_finish_aluminum-effect">
		<profile_COMMON>
			<technique sid="common">
				<phong>
					<diffuse>
						<color sid="diffuse">
0.866667 0.909804 1 1 </color>
					</diffuse>
					<transparency>
						<float sid="transparency">
1 </float>
					</transparency>
				</phong>
			</technique>
		</profile_COMMON>
	</effect>
	<effect id="Material107-satin_finish_aluminum-effect">
		<profile_COMMON>
			<technique sid="common">
				<phong>
					<diffuse>
						<color sid="diffuse">
0.866667 0.909804 1 1 </color>
					</diffuse>
					<transparency>
						<float sid="transparency">
1 </float>
					</transparency>
				</phong>
			</technique>
		</profile_COMMON>
	</effect>
	<effect id="Material108-satin_finish_aluminum-effect">
		<profile_COMMON>
			<technique sid="common">
				<phong>
					<diffuse>
						<color sid="diffuse">
0.866667 0.909804 1 1 </color>
					</diffuse>
					<transparency>
						<float sid="transparency">
1 </float>
					</transparency>
				</phong>
			</technique>
		</profile_COMMON>
	</effect>
	<effect id="Material109-satin_finish_aluminum-effect">
		<profile_COMMON>
			<technique sid="common">
				<phong>
					<diffuse>
						<color sid="diffuse">
0.866667 0.909804 1 1 </color>
					</diffuse>
					<transparency>
						<float sid="transparency">
1 </float>
					</transparency>
				</phong>
			</technique>
		</profile_COMMON>
	</effect>
	<effect id="Material110-satin_finish_aluminum-effect">
		<profile_COMMON>
			<technique sid="common">
				<phong>
					<diffuse>
						<color sid="diffuse">
0.866667 0.909804 1 1 </color>
					</diffuse>
					<transparency>
						<float sid="transparency">
1 </float>
					</transparency>
				</phong>
			</technique>
		</profile_COMMON>
	</effect>
	<effect id="Material111-satin_finish_aluminum-effect">
		<profile_COMMON>
			<technique sid="common">
				<phong>
					<diffuse>
						<color sid="diffuse">
0.866667 0.909804 1 1 </color>
					</diffuse>
					<transparency>
						<float sid="transparency">
1 </float>
					</transparency>
				</phong>
			</technique>
		</profile_COMMON>
	</effect>
	<effect id="Material112-satin_finish_aluminum-effect">
		<profile_COMMON>
			<technique sid="common">
				<phong>
					<diffuse>
						<color sid="diffuse">
0.866667 0.909804 1 1 </color>
					</diffuse>
					<transparency>
						<float sid="transparency">
1 </float>
					</transparency>
				</phong>
			</technique>
		</profile_COMMON>
	</effect>
	<effect id="Material113-satin_finish_aluminum-effect">
		<profile_COMMON>
			<technique sid="common">
				<phong>
					<diffuse>
						<color sid="diffuse">
0.866667 0.909804 1 1 </color>
					</diffuse>
					<transparency>
						<float sid="transparency">
1 </float>
					</transparency>
				</phong>
			</technique>
		</profile_COMMON>
	</effect>
	<effect id="Material114-satin_finish_aluminum-effect">
		<profile_COMMON>
			<technique sid="common">
				<phong>
					<diffuse>
						<color sid="diffuse">
0.866667 0.909804 1 1 </color>
					</diffuse>
					<transparency>
						<float sid="transparency">
1 </float>
					</transparency>
				</phong>
			</technique>
		</profile_COMMON>
	</effect>
	<effect id="Material115-satin_finish_aluminum-effect">
		<profile_COMMON>
			<technique sid="common">
				<phong>
					<diffuse>
						<color sid="diffuse">
0.866667 0.909804 1 1 </color>
					</diffuse>
					<transparency>
						<float sid="transparency">
1 </float>
					</transparency>
				</phong>
			</technique>
		</profile_COMMON>
	</effect>
	<effect id="Material116-satin_finish_aluminum-effect">
		<profile_COMMON>
			<technique sid="common">
				<phong>
					<diffuse>
						<color sid="diffuse">
0.866667 0.909804 1 1 </color>
					</diffuse>
					<transparency>
						<float sid="transparency">
1 </float>
					</transparency>
				</phong>
			</technique>
		</profile_COMMON>
	</effect>
	<effect id="Material117-satin_finish_aluminum-effect">
		<profile_COMMON>
			<technique sid="common">
				<phong>
					<diffuse>
						<color sid="diffuse">
0.866667 0.909804 1 1 </color>
					</diffuse>
					<transparency>
						<float sid="transparency">
1 </float>
					</transparency>
				</phong>
			</technique>
		</profile_COMMON>
	</effect>
	<effect id="Material118-satin_finish_aluminum-effect">
		<profile_COMMON>
			<technique sid="common">
				<phong>
					<diffuse>
						<color sid="diffuse">
0.866667 0.909804 1 1 </color>
					</diffuse>
					<transparency>
						<float sid="transparency">
1 </float>
					</transparency>
				</phong>
			</technique>
		</profile_COMMON>
	</effect>
	<effect id="Material119-satin_finish_aluminum-effect">
		<profile_COMMON>
			<technique sid="common">
				<phong>
					<diffuse>
						<color sid="diffuse">
0.866667 0.909804 1 1 </color>
					</diffuse>
					<transparency>
						<float sid="transparency">
1 </float>
					</transparency>
				</phong>
			</technique>
		</profile_COMMON>
	</effect>
	<effect id="Material120-satin_finish_aluminum-effect">
		<profile_COMMON>
			<technique sid="common">
				<phong>
					<diffuse>
						<color sid="diffuse">
0.866667 0.909804 1 1 </color>
					</diffuse>
					<transparency>
						<float sid="transparency">
1 </float>
					</transparency>
				</phong>
			</technique>
		</profile_COMMON>
	</effect>
	<effect id="Material121-satin_finish_aluminum-effect">
		<profile_COMMON>
			<technique sid="common">
				<phong>
					<diffuse>
						<color sid="diffuse">
0.866667 0.909804 1 1 </color>
					</diffuse>
					<transparency>
						<float sid="transparency">
1 </float>
					</transparency>
				</phong>
			</technique>
		</profile_COMMON>
	</effect>
	<effect id="Material122-satin_finish_aluminum-effect">
		<profile_COMMON>
			<technique sid="common">
				<phong>
					<diffuse>
						<color sid="diffuse">
0.866667 0.909804 1 1 </color>
					</diffuse>
					<transparency>
						<float sid="transparency">
1 </float>
					</transparency>
				</phong>
			</technique>
		</profile_COMMON>
	</effect>
	<effect id="Material123-satin_finish_aluminum-effect">
		<profile_COMMON>
			<technique sid="common">
				<phong>
					<diffuse>
						<color sid="diffuse">
0.866667 0.909804 1 1 </color>
					</diffuse>
					<transparency>
						<float sid="transparency">
1 </float>
					</transparency>
				</phong>
			</technique>
		</profile_COMMON>
	</effect>
	<effect id="Material124-satin_finish_aluminum-effect">
		<profile_COMMON>
			<technique sid="common">
				<phong>
					<diffuse>
						<color sid="diffuse">
0.866667 0.909804 1 1 </color>
					</diffuse>
					<transparency>
						<float sid="transparency">
1 </float>
					</transparency>
				</phong>
			</technique>
		</profile_COMMON>
	</effect>
	<effect id="Material125-satin_finish_aluminum-effect">
		<profile_COMMON>
			<technique sid="common">
				<phong>
					<diffuse>
						<color sid="diffuse">
0.866667 0.909804 1 1 </color>
					</diffuse>
					<transparency>
						<float sid="transparency">
1 </float>
					</transparency>
				</phong>
			</technique>
		</profile_COMMON>
	</effect>
	<effect id="Material126-satin_finish_aluminum-effect">
		<profile_COMMON>
			<technique sid="common">
				<phong>
					<diffuse>
						<color sid="diffuse">
0.866667 0.909804 1 1 </color>
					</diffuse>
					<transparency>
						<float sid="transparency">
1 </float>
					</transparency>
				</phong>
			</technique>
		</profile_COMMON>
	</effect>
	<effect id="Material127-satin_finish_aluminum-effect">
		<profile_COMMON>
			<technique sid="common">
				<phong>
					<diffuse>
						<color sid="diffuse">
0.866667 0.909804 1 1 </color>
					</diffuse>
					<transparency>
						<float sid="transparency">
1 </float>
					</transparency>
				</phong>
			</technique>
		</profile_COMMON>
	</effect>
	<effect id="Material128-satin_finish_aluminum-effect">
		<profile_COMMON>
			<technique sid="common">
				<phong>
					<diffuse>
						<color sid="diffuse">
0.866667 0.909804 1 1 </color>
					</diffuse>
					<transparency>
						<float sid="transparency">
1 </float>
					</transparency>
				</phong>
			</technique>
		</profile_COMMON>
	</effect>
	<effect id="Material129-satin_finish_aluminum-effect">
		<profile_COMMON>
			<technique sid="common">
				<phong>
					<diffuse>
						<color sid="diffuse">
0.866667 0.909804 1 1 </color>
					</diffuse>
					<transparency>
						<float sid="transparency">
1 </float>
					</transparency>
				</phong>
			</technique>
		</profile_COMMON>
	</effect>
	<effect id="Material130-satin_finish_aluminum-effect">
		<profile_COMMON>
			<technique sid="common">
				<phong>
					<diffuse>
						<color sid="diffuse">
0.866667 0.909804 1 1 </color>
					</diffuse>
					<transparency>
						<float sid="transparency">
1 </float>
					</transparency>
				</phong>
			</technique>
		</profile_COMMON>
	</effect>
	<effect id="Material131-satin_finish_aluminum-effect">
		<profile_COMMON>
			<technique sid="common">
				<phong>
					<diffuse>
						<color sid="diffuse">
0.866667 0.909804 1 1 </color>
					</diffuse>
					<transparency>
						<float sid="transparency">
1 </float>
					</transparency>
				</phong>
			</technique>
		</profile_COMMON>
	</effect>
	<effect id="Material132-satin_finish_aluminum-effect">
		<profile_COMMON>
			<technique sid="common">
				<phong>
					<diffuse>
						<color sid="diffuse">
0.866667 0.909804 1 1 </color>
					</diffuse>
					<transparency>
						<float sid="transparency">
1 </float>
					</transparency>
				</phong>
			</technique>
		</profile_COMMON>
	</effect>
	<effect id="Material133-satin_finish_aluminum-effect">
		<profile_COMMON>
			<technique sid="common">
				<phong>
					<diffuse>
						<color sid="diffuse">
0.866667 0.909804 1 1 </color>
					</diffuse>
					<transparency>
						<float sid="transparency">
1 </float>
					</transparency>
				</phong>
			</technique>
		</profile_COMMON>
	</effect>
	<effect id="Material134-satin_finish_aluminum-effect">
		<profile_COMMON>
			<technique sid="common">
				<phong>
					<diffuse>
						<color sid="diffuse">
0.866667 0.909804 1 1 </color>
					</diffuse>
					<transparency>
						<float sid="transparency">
1 </float>
					</transparency>
				</phong>
			</technique>
		</profile_COMMON>
	</effect>
	<effect id="Material135-satin_finish_aluminum-effect">
		<profile_COMMON>
			<technique sid="common">
				<phong>
					<diffuse>
						<color sid="diffuse">
0.866667 0.909804 1 1 </color>
					</diffuse>
					<transparency>
						<float sid="transparency">
1 </float>
					</transparency>
				</phong>
			</technique>
		</profile_COMMON>
	</effect>
	<effect id="Material136-satin_finish_aluminum-effect">
		<profile_COMMON>
			<technique sid="common">
				<phong>
					<diffuse>
						<color sid="diffuse">
0.866667 0.909804 1 1 </color>
					</diffuse>
					<transparency>
						<float sid="transparency">
1 </float>
					</transparency>
				</phong>
			</technique>
		</profile_COMMON>
	</effect>
	<effect id="Material137-satin_finish_aluminum-effect">
		<profile_COMMON>
			<technique sid="common">
				<phong>
					<diffuse>
						<color sid="diffuse">
0.866667 0.909804 1 1 </color>
					</diffuse>
					<transparency>
						<float sid="transparency">
1 </float>
					</transparency>
				</phong>
			</technique>
		</profile_COMMON>
	</effect>
	<effect id="Material138-satin_finish_aluminum-effect">
		<profile_COMMON>
			<technique sid="common">
				<phong>
					<diffuse>
						<color sid="diffuse">
0.866667 0.909804 1 1 </color>
					</diffuse>
					<transparency>
						<float sid="transparency">
1 </float>
					</transparency>
				</phong>
			</technique>
		</profile_COMMON>
	</effect>
	<effect id="Material139-satin_finish_aluminum-effect">
		<profile_COMMON>
			<technique sid="common">
				<phong>
					<diffuse>
						<color sid="diffuse">
0.866667 0.909804 1 1 </color>
					</diffuse>
					<transparency>
						<float sid="transparency">
1 </float>
					</transparency>
				</phong>
			</technique>
		</profile_COMMON>
	</effect>
	<effect id="Material140-satin_finish_aluminum-effect">
		<profile_COMMON>
			<technique sid="common">
				<phong>
					<diffuse>
						<color sid="diffuse">
0.866667 0.909804 1 1 </color>
					</diffuse>
					<transparency>
						<float sid="transparency">
1 </float>
					</transparency>
				</phong>
			</technique>
		</profile_COMMON>
	</effect>
	<effect id="Material141-satin_finish_aluminum-effect">
		<profile_COMMON>
			<technique sid="common">
				<phong>
					<diffuse>
						<color sid="diffuse">
0.866667 0.909804 1 1 </color>
					</diffuse>
					<transparency>
						<float sid="transparency">
1 </float>
					</transparency>
				</phong>
			</technique>
		</profile_COMMON>
	</effect>
	<effect id="Material142-satin_finish_aluminum-effect">
		<profile_COMMON>
			<technique sid="common">
				<phong>
					<diffuse>
						<color sid="diffuse">
0.866667 0.909804 1 1 </color>
					</diffuse>
					<transparency>
						<float sid="transparency">
1 </float>
					</transparency>
				</phong>
			</technique>
		</profile_COMMON>
	</effect>
	<effect id="Material143-satin_finish_aluminum-effect">
		<profile_COMMON>
			<technique sid="common">
				<phong>
					<diffuse>
						<color sid="diffuse">
0.866667 0.909804 1 1 </color>
					</diffuse>
					<transparency>
						<float sid="transparency">
1 </float>
					</transparency>
				</phong>
			</technique>
		</profile_COMMON>
	</effect>
	<effect id="Material144-satin_finish_aluminum-effect">
		<profile_COMMON>
			<technique sid="common">
				<phong>
					<diffuse>
						<color sid="diffuse">
0.866667 0.909804 1 1 </color>
					</diffuse>
					<transparency>
						<float sid="transparency">
1 </float>
					</transparency>
				</phong>
			</technique>
		</profile_COMMON>
	</effect>
	<effect id="Material145-satin_finish_aluminum-effect">
		<profile_COMMON>
			<technique sid="common">
				<phong>
					<diffuse>
						<color sid="diffuse">
0.866667 0.909804 1 1 </color>
					</diffuse>
					<transparency>
						<float sid="transparency">
1 </float>
					</transparency>
				</phong>
			</technique>
		</profile_COMMON>
	</effect>
	<effect id="Material146-satin_finish_aluminum-effect">
		<profile_COMMON>
			<technique sid="common">
				<phong>
					<diffuse>
						<color sid="diffuse">
0.866667 0.909804 1 1 </color>
					</diffuse>
					<transparency>
						<float sid="transparency">
1 </float>
					</transparency>
				</phong>
			</technique>
		</profile_COMMON>
	</effect>
	<effect id="Material147-satin_finish_aluminum-effect">
		<profile_COMMON>
			<technique sid="common">
				<phong>
					<diffuse>
						<color sid="diffuse">
0.866667 0.909804 1 1 </color>
					</diffuse>
					<transparency>
						<float sid="transparency">
1 </float>
					</transparency>
				</phong>
			</technique>
		</profile_COMMON>
	</effect>
	<effect id="Material148-satin_finish_aluminum-effect">
		<profile_COMMON>
			<technique sid="common">
				<phong>
					<diffuse>
						<color sid="diffuse">
0.866667 0.909804 1 1 </color>
					</diffuse>
					<transparency>
						<float sid="transparency">
1 </float>
					</transparency>
				</phong>
			</technique>
		</profile_COMMON>
	</effect>
	<effect id="Material149-satin_finish_aluminum-effect">
		<profile_COMMON>
			<technique sid="common">
				<phong>
					<diffuse>
						<color sid="diffuse">
0.866667 0.909804 1 1 </color>
					</diffuse>
					<transparency>
						<float sid="transparency">
1 </float>
					</transparency>
				</phong>
			</technique>
		</profile_COMMON>
	</effect>
	<effect id="Material150-satin_finish_aluminum-effect">
		<profile_COMMON>
			<technique sid="common">
				<phong>
					<diffuse>
						<color sid="diffuse">
0.866667 0.909804 1 1 </color>
					</diffuse>
					<transparency>
						<float sid="transparency">
1 </float>
					</transparency>
				</phong>
			</technique>
		</profile_COMMON>
	</effect>
	<effect id="Material151-satin_finish_aluminum-effect">
		<profile_COMMON>
			<technique sid="common">
				<phong>
					<diffuse>
						<color sid="diffuse">
0.866667 0.909804 1 1 </color>
					</diffuse>
					<transparency>
						<float sid="transparency">
1 </float>
					</transparency>
				</phong>
			</technique>
		</profile_COMMON>
	</effect>
	<effect id="Material152-satin_finish_aluminum-effect">
		<profile_COMMON>
			<technique sid="common">
				<phong>
					<diffuse>
						<color sid="diffuse">
0.866667 0.909804 1 1 </color>
					</diffuse>
					<transparency>
						<float sid="transparency">
1 </float>
					</transparency>
				</phong>
			</technique>
		</profile_COMMON>
	</effect>
	<effect id="Material153-satin_finish_aluminum-effect">
		<profile_COMMON>
			<technique sid="common">
				<phong>
					<diffuse>
						<color sid="diffuse">
0.866667 0.909804 1 1 </color>
					</diffuse>
					<transparency>
						<float sid="transparency">
1 </float>
					</transparency>
				</phong>
			</technique>
		</profile_COMMON>
	</effect>
	<effect id="Material154-satin_finish_aluminum-effect">
		<profile_COMMON>
			<technique sid="common">
				<phong>
					<diffuse>
						<color sid="diffuse">
0.866667 0.909804 1 1 </color>
					</diffuse>
					<transparency>
						<float sid="transparency">
1 </float>
					</transparency>
				</phong>
			</technique>
		</profile_COMMON>
	</effect>
	<effect id="Material155-satin_finish_aluminum-effect">
		<profile_COMMON>
			<technique sid="common">
				<phong>
					<diffuse>
						<color sid="diffuse">
0.866667 0.909804 1 1 </color>
					</diffuse>
					<transparency>
						<float sid="transparency">
1 </float>
					</transparency>
				</phong>
			</technique>
		</profile_COMMON>
	</effect>
	<effect id="Material156-satin_finish_aluminum-effect">
		<profile_COMMON>
			<technique sid="common">
				<phong>
					<diffuse>
						<color sid="diffuse">
0.866667 0.909804 1 1 </color>
					</diffuse>
					<transparency>
						<float sid="transparency">
1 </float>
					</transparency>
				</phong>
			</technique>
		</profile_COMMON>
	</effect>
	<effect id="Material157-satin_finish_aluminum-effect">
		<profile_COMMON>
			<technique sid="common">
				<phong>
					<diffuse>
						<color sid="diffuse">
0.866667 0.909804 1 1 </color>
					</diffuse>
					<transparency>
						<float sid="transparency">
1 </float>
					</transparency>
				</phong>
			</technique>
		</profile_COMMON>
	</effect>
	<effect id="Material158-satin_finish_aluminum-effect">
		<profile_COMMON>
			<technique sid="common">
				<phong>
					<diffuse>
						<color sid="diffuse">
0.866667 0.909804 1 1 </color>
					</diffuse>
					<transparency>
						<float sid="transparency">
1 </float>
					</transparency>
				</phong>
			</technique>
		</profile_COMMON>
	</effect>
	<effect id="Material159-satin_finish_aluminum-effect">
		<profile_COMMON>
			<technique sid="common">
				<phong>
					<diffuse>
						<color sid="diffuse">
0.866667 0.909804 1 1 </color>
					</diffuse>
					<transparency>
						<float sid="transparency">
1 </float>
					</transparency>
				</phong>
			</technique>
		</profile_COMMON>
	</effect>
	<effect id="Material160-satin_finish_aluminum-effect">
		<profile_COMMON>
			<technique sid="common">
				<phong>
					<diffuse>
						<color sid="diffuse">
0.866667 0.909804 1 1 </color>
					</diffuse>
					<transparency>
						<float sid="transparency">
1 </float>
					</transparency>
				</phong>
			</technique>
		</profile_COMMON>
	</effect>
	<effect id="Material161-satin_finish_aluminum-effect">
		<profile_COMMON>
			<technique sid="common">
				<phong>
					<diffuse>
						<color sid="diffuse">
0.866667 0.909804 1 1 </color>
					</diffuse>
					<transparency>
						<float sid="transparency">
1 </float>
					</transparency>
				</phong>
			</technique>
		</profile_COMMON>
	</effect>
	<effect id="Material162-satin_finish_aluminum-effect">
		<profile_COMMON>
			<technique sid="common">
				<phong>
					<diffuse>
						<color sid="diffuse">
0.866667 0.909804 1 1 </color>
					</diffuse>
					<transparency>
						<float sid="transparency">
1 </float>
					</transparency>
				</phong>
			</technique>
		</profile_COMMON>
	</effect>
	<effect id="Material163-satin_finish_aluminum-effect">
		<profile_COMMON>
			<technique sid="common">
				<phong>
					<diffuse>
						<color sid="diffuse">
0.866667 0.909804 1 1 </color>
					</diffuse>
					<transparency>
						<float sid="transparency">
1 </float>
					</transparency>
				</phong>
			</technique>
		</profile_COMMON>
	</effect>
	<effect id="Material164-satin_finish_aluminum-effect">
		<profile_COMMON>
			<technique sid="common">
				<phong>
					<diffuse>
						<color sid="diffuse">
0.866667 0.909804 1 1 </color>
					</diffuse>
					<transparency>
						<float sid="transparency">
1 </float>
					</transparency>
				</phong>
			</technique>
		</profile_COMMON>
	</effect>
	<effect id="Material165-satin_finish_aluminum-effect">
		<profile_COMMON>
			<technique sid="common">
				<phong>
					<diffuse>
						<color sid="diffuse">
0.866667 0.909804 1 1 </color>
					</diffuse>
					<transparency>
						<float sid="transparency">
1 </float>
					</transparency>
				</phong>
			</technique>
		</profile_COMMON>
	</effect>
	<effect id="Material166-satin_finish_aluminum-effect">
		<profile_COMMON>
			<technique sid="common">
				<phong>
					<diffuse>
						<color sid="diffuse">
0.866667 0.909804 1 1 </color>
					</diffuse>
					<transparency>
						<float sid="transparency">
1 </float>
					</transparency>
				</phong>
			</technique>
		</profile_COMMON>
	</effect>
	<effect id="Material167-satin_finish_aluminum-effect">
		<profile_COMMON>
			<technique sid="common">
				<phong>
					<diffuse>
						<color sid="diffuse">
0.866667 0.909804 1 1 </color>
					</diffuse>
					<transparency>
						<float sid="transparency">
1 </float>
					</transparency>
				</phong>
			</technique>
		</profile_COMMON>
	</effect>
	<effect id="Material168-satin_finish_aluminum-effect">
		<profile_COMMON>
			<technique sid="common">
				<phong>
					<diffuse>
						<color sid="diffuse">
0.866667 0.909804 1 1 </color>
					</diffuse>
					<transparency>
						<float sid="transparency">
1 </float>
					</transparency>
				</phong>
			</technique>
		</profile_COMMON>
	</effect>
	<effect id="Material169-satin_finish_aluminum-effect">
		<profile_COMMON>
			<technique sid="common">
				<phong>
					<diffuse>
						<color sid="diffuse">
0.866667 0.909804 1 1 </color>
					</diffuse>
					<transparency>
						<float sid="transparency">
1 </float>
					</transparency>
				</phong>
			</technique>
		</profile_COMMON>
	</effect>
	<effect id="Material170-satin_finish_aluminum-effect">
		<profile_COMMON>
			<technique sid="common">
				<phong>
					<diffuse>
						<color sid="diffuse">
0.866667 0.909804 1 1 </color>
					</diffuse>
					<transparency>
						<float sid="transparency">
1 </float>
					</transparency>
				</phong>
			</technique>
		</profile_COMMON>
	</effect>
	<effect id="Material171-satin_finish_aluminum-effect">
		<profile_COMMON>
			<technique sid="common">
				<phong>
					<diffuse>
						<color sid="diffuse">
0.866667 0.909804 1 1 </color>
					</diffuse>
					<transparency>
						<float sid="transparency">
1 </float>
					</transparency>
				</phong>
			</technique>
		</profile_COMMON>
	</effect>
	<effect id="Material172-satin_finish_aluminum-effect">
		<profile_COMMON>
			<technique sid="common">
				<phong>
					<diffuse>
						<color sid="diffuse">
0.866667 0.909804 1 1 </color>
					</diffuse>
					<transparency>
						<float sid="transparency">
1 </float>
					</transparency>
				</phong>
			</technique>
		</profile_COMMON>
	</effect>
	<effect id="Material173-satin_finish_aluminum-effect">
		<profile_COMMON>
			<technique sid="common">
				<phong>
					<diffuse>
						<color sid="diffuse">
0.866667 0.909804 1 1 </color>
					</diffuse>
					<transparency>
						<float sid="transparency">
1 </float>
					</transparency>
				</phong>
			</technique>
		</profile_COMMON>
	</effect>
	<effect id="Material174-satin_finish_aluminum-effect">
		<profile_COMMON>
			<technique sid="common">
				<phong>
					<diffuse>
						<color sid="diffuse">
0.866667 0.909804 1 1 </color>
					</diffuse>
					<transparency>
						<float sid="transparency">
1 </float>
					</transparency>
				</phong>
			</technique>
		</profile_COMMON>
	</effect>
	<effect id="Material175-satin_finish_aluminum-effect">
		<profile_COMMON>
			<technique sid="common">
				<phong>
					<diffuse>
						<color sid="diffuse">
0.866667 0.909804 1 1 </color>
					</diffuse>
					<transparency>
						<float sid="transparency">
1 </float>
					</transparency>
				</phong>
			</technique>
		</profile_COMMON>
	</effect>
	<effect id="Material176-satin_finish_aluminum-effect">
		<profile_COMMON>
			<technique sid="common">
				<phong>
					<diffuse>
						<color sid="diffuse">
0.866667 0.909804 1 1 </color>
					</diffuse>
					<transparency>
						<float sid="transparency">
1 </float>
					</transparency>
				</phong>
			</technique>
		</profile_COMMON>
	</effect>
	<effect id="Material177-satin_finish_aluminum-effect">
		<profile_COMMON>
			<technique sid="common">
				<phong>
					<diffuse>
						<color sid="diffuse">
0.866667 0.909804 1 1 </color>
					</diffuse>
					<transparency>
						<float sid="transparency">
1 </float>
					</transparency>
				</phong>
			</technique>
		</profile_COMMON>
	</effect>
	<effect id="Material178-satin_finish_aluminum-effect">
		<profile_COMMON>
			<technique sid="common">
				<phong>
					<diffuse>
						<color sid="diffuse">
0.866667 0.909804 1 1 </color>
					</diffuse>
					<transparency>
						<float sid="transparency">
1 </float>
					</transparency>
				</phong>
			</technique>
		</profile_COMMON>
	</effect>
	<effect id="Material179-satin_finish_aluminum-effect">
		<profile_COMMON>
			<technique sid="common">
				<phong>
					<diffuse>
						<color sid="diffuse">
0.866667 0.909804 1 1 </color>
					</diffuse>
					<transparency>
						<float sid="transparency">
1 </float>
					</transparency>
				</phong>
			</technique>
		</profile_COMMON>
	</effect>
	<effect id="Material180-satin_finish_aluminum-effect">
		<profile_COMMON>
			<technique sid="common">
				<phong>
					<diffuse>
						<color sid="diffuse">
0.866667 0.909804 1 1 </color>
					</diffuse>
					<transparency>
						<float sid="transparency">
1 </float>
					</transparency>
				</phong>
			</technique>
		</profile_COMMON>
	</effect>
	<effect id="Material181-satin_finish_aluminum-effect">
		<profile_COMMON>
			<technique sid="common">
				<phong>
					<diffuse>
						<color sid="diffuse">
0.866667 0.909804 1 1 </color>
					</diffuse>
					<transparency>
						<float sid="transparency">
1 </float>
					</transparency>
				</phong>
			</technique>
		</profile_COMMON>
	</effect>
	<effect id="Material182-satin_finish_aluminum-effect">
		<profile_COMMON>
			<technique sid="common">
				<phong>
					<diffuse>
						<color sid="diffuse">
0.866667 0.909804 1 1 </color>
					</diffuse>
					<transparency>
						<float sid="transparency">
1 </float>
					</transparency>
				</phong>
			</technique>
		</profile_COMMON>
	</effect>
	<effect id="Material183-satin_finish_aluminum-effect">
		<profile_COMMON>
			<technique sid="common">
				<phong>
					<diffuse>
						<color sid="diffuse">
0.866667 0.909804 1 1 </color>
					</diffuse>
					<transparency>
						<float sid="transparency">
1 </float>
					</transparency>
				</phong>
			</technique>
		</profile_COMMON>
	</effect>
	<effect id="Material184-satin_finish_aluminum-effect">
		<profile_COMMON>
			<technique sid="common">
				<phong>
					<diffuse>
						<color sid="diffuse">
0.866667 0.909804 1 1 </color>
					</diffuse>
					<transparency>
						<float sid="transparency">
1 </float>
					</transparency>
				</phong>
			</technique>
		</profile_COMMON>
	</effect>
	<effect id="Material185-satin_finish_aluminum-effect">
		<profile_COMMON>
			<technique sid="common">
				<phong>
					<diffuse>
						<color sid="diffuse">
0.866667 0.909804 1 1 </color>
					</diffuse>
					<transparency>
						<float sid="transparency">
1 </float>
					</transparency>
				</phong>
			</technique>
		</profile_COMMON>
	</effect>
	<effect id="Material186-satin_finish_aluminum-effect">
		<profile_COMMON>
			<technique sid="common">
				<phong>
					<diffuse>
						<color sid="diffuse">
0.866667 0.909804 1 1 </color>
					</diffuse>
					<transparency>
						<float sid="transparency">
1 </float>
					</transparency>
				</phong>
			</technique>
		</profile_COMMON>
	</effect>
	<effect id="Material187-satin_finish_aluminum-effect">
		<profile_COMMON>
			<technique sid="common">
				<phong>
					<diffuse>
						<color sid="diffuse">
0.866667 0.909804 1 1 </color>
					</diffuse>
					<transparency>
						<float sid="transparency">
1 </float>
					</transparency>
				</phong>
			</technique>
		</profile_COMMON>
	</effect>
	<effect id="Material188-satin_finish_aluminum-effect">
		<profile_COMMON>
			<technique sid="common">
				<phong>
					<diffuse>
						<color sid="diffuse">
0.866667 0.909804 1 1 </color>
					</diffuse>
					<transparency>
						<float sid="transparency">
1 </float>
					</transparency>
				</phong>
			</technique>
		</profile_COMMON>
	</effect>
	<effect id="Material189-satin_finish_aluminum-effect">
		<profile_COMMON>
			<technique sid="common">
				<phong>
					<diffuse>
						<color sid="diffuse">
0.866667 0.909804 1 1 </color>
					</diffuse>
					<transparency>
						<float sid="transparency">
1 </float>
					</transparency>
				</phong>
			</technique>
		</profile_COMMON>
	</effect>
	<effect id="Material190-satin_finish_aluminum-effect">
		<profile_COMMON>
			<technique sid="common">
				<phong>
					<diffuse>
						<color sid="diffuse">
0.866667 0.909804 1 1 </color>
					</diffuse>
					<transparency>
						<float sid="transparency">
1 </float>
					</transparency>
				</phong>
			</technique>
		</profile_COMMON>
	</effect>
	<effect id="Material191-satin_finish_aluminum-effect">
		<profile_COMMON>
			<technique sid="common">
				<phong>
					<diffuse>
						<color sid="diffuse">
0.866667 0.909804 1 1 </color>
					</diffuse>
					<transparency>
						<float sid="transparency">
1 </float>
					</transparency>
				</phong>
			</technique>
		</profile_COMMON>
	</effect>
	<effect id="Material192-satin_finish_aluminum-effect">
		<profile_COMMON>
			<technique sid="common">
				<phong>
					<diffuse>
						<color sid="diffuse">
0.866667 0.909804 1 1 </color>
					</diffuse>
					<transparency>
						<float sid="transparency">
1 </float>
					</transparency>
				</phong>
			</technique>
		</profile_COMMON>
	</effect>
	<effect id="Material193-satin_finish_aluminum-effect">
		<profile_COMMON>
			<technique sid="common">
				<phong>
					<diffuse>
						<color sid="diffuse">
0.866667 0.909804 1 1 </color>
					</diffuse>
					<transparency>
						<float sid="transparency">
1 </float>
					</transparency>
				</phong>
			</technique>
		</profile_COMMON>
	</effect>
	<effect id="Material194-satin_finish_aluminum-effect">
		<profile_COMMON>
			<technique sid="common">
				<phong>
					<diffuse>
						<color sid="diffuse">
0.866667 0.909804 1 1 </color>
					</diffuse>
					<transparency>
						<float sid="transparency">
1 </float>
					</transparency>
				</phong>
			</technique>
		</profile_COMMON>
	</effect>
	<effect id="Material195-satin_finish_aluminum-effect">
		<profile_COMMON>
			<technique sid="common">
				<phong>
					<diffuse>
						<color sid="diffuse">
0.866667 0.909804 1 1 </color>
					</diffuse>
					<transparency>
						<float sid="transparency">
1 </float>
					</transparency>
				</phong>
			</technique>
		</profile_COMMON>
	</effect>
	<effect id="Material196-satin_finish_aluminum-effect">
		<profile_COMMON>
			<technique sid="common">
				<phong>
					<diffuse>
						<color sid="diffuse">
0.866667 0.909804 1 1 </color>
					</diffuse>
					<transparency>
						<float sid="transparency">
1 </float>
					</transparency>
				</phong>
			</technique>
		</profile_COMMON>
	</effect>
	<effect id="Material197-satin_finish_aluminum-effect">
		<profile_COMMON>
			<technique sid="common">
				<phong>
					<diffuse>
						<color sid="diffuse">
0.866667 0.909804 1 1 </color>
					</diffuse>
					<transparency>
						<float sid="transparency">
1 </float>
					</transparency>
				</phong>
			</technique>
		</profile_COMMON>
	</effect>
	<effect id="Material198-satin_finish_aluminum-effect">
		<profile_COMMON>
			<technique sid="common">
				<phong>
					<diffuse>
						<color sid="diffuse">
0.866667 0.909804 1 1 </color>
					</diffuse>
					<transparency>
						<float sid="transparency">
1 </float>
					</transparency>
				</phong>
			</technique>
		</profile_COMMON>
	</effect>
	<effect id="Material199-satin_finish_aluminum-effect">
		<profile_COMMON>
			<technique sid="common">
				<phong>
					<diffuse>
						<color sid="diffuse">
0.866667 0.909804 1 1 </color>
					</diffuse>
					<transparency>
						<float sid="transparency">
1 </float>
					</transparency>
				</phong>
			</technique>
		</profile_COMMON>
	</effect>
	<effect id="Material200-satin_finish_aluminum-effect">
		<profile_COMMON>
			<technique sid="common">
				<phong>
					<diffuse>
						<color sid="diffuse">
0.866667 0.909804 1 1 </color>
					</diffuse>
					<transparency>
						<float sid="transparency">
1 </float>
					</transparency>
				</phong>
			</technique>
		</profile_COMMON>
	</effect>
	<effect id="Material201-satin_finish_aluminum-effect">
		<profile_COMMON>
			<technique sid="common">
				<phong>
					<diffuse>
						<color sid="diffuse">
0.866667 0.909804 1 1 </color>
					</diffuse>
					<transparency>
						<float sid="transparency">
1 </float>
					</transparency>
				</phong>
			</technique>
		</profile_COMMON>
	</effect>
	<effect id="Material202-satin_finish_aluminum-effect">
		<profile_COMMON>
			<technique sid="common">
				<phong>
					<diffuse>
						<color sid="diffuse">
0.866667 0.909804 1 1 </color>
					</diffuse>
					<transparency>
						<float sid="transparency">
1 </float>
					</transparency>
				</phong>
			</technique>
		</profile_COMMON>
	</effect>
	<effect id="Material203-satin_finish_aluminum-effect">
		<profile_COMMON>
			<technique sid="common">
				<phong>
					<diffuse>
						<color sid="diffuse">
0.866667 0.909804 1 1 </color>
					</diffuse>
					<transparency>
						<float sid="transparency">
1 </float>
					</transparency>
				</phong>
			</technique>
		</profile_COMMON>
	</effect>
	<effect id="Material204-satin_finish_aluminum-effect">
		<profile_COMMON>
			<technique sid="common">
				<phong>
					<diffuse>
						<color sid="diffuse">
0.866667 0.909804 1 1 </color>
					</diffuse>
					<transparency>
						<float sid="transparency">
1 </float>
					</transparency>
				</phong>
			</technique>
		</profile_COMMON>
	</effect>
	<effect id="Material205-satin_finish_aluminum-effect">
		<profile_COMMON>
			<technique sid="common">
				<phong>
					<diffuse>
						<color sid="diffuse">
0.866667 0.909804 1 1 </color>
					</diffuse>
					<transparency>
						<float sid="transparency">
1 </float>
					</transparency>
				</phong>
			</technique>
		</profile_COMMON>
	</effect>
	<effect id="Material206-satin_finish_aluminum-effect">
		<profile_COMMON>
			<technique sid="common">
				<phong>
					<diffuse>
						<color sid="diffuse">
0.866667 0.909804 1 1 </color>
					</diffuse>
					<transparency>
						<float sid="transparency">
1 </float>
					</transparency>
				</phong>
			</technique>
		</profile_COMMON>
	</effect>
	<effect id="Material207-satin_finish_aluminum-effect">
		<profile_COMMON>
			<technique sid="common">
				<phong>
					<diffuse>
						<color sid="diffuse">
0.866667 0.909804 1 1 </color>
					</diffuse>
					<transparency>
						<float sid="transparency">
1 </float>
					</transparency>
				</phong>
			</technique>
		</profile_COMMON>
	</effect>
	<effect id="Material208-satin_finish_aluminum-effect">
		<profile_COMMON>
			<technique sid="common">
				<phong>
					<diffuse>
						<color sid="diffuse">
0.866667 0.909804 1 1 </color>
					</diffuse>
					<transparency>
						<float sid="transparency">
1 </float>
					</transparency>
				</phong>
			</technique>
		</profile_COMMON>
	</effect>
	<effect id="Material209-satin_finish_aluminum-effect">
		<profile_COMMON>
			<technique sid="common">
				<phong>
					<diffuse>
						<color sid="diffuse">
0.866667 0.909804 1 1 </color>
					</diffuse>
					<transparency>
						<float sid="transparency">
1 </float>
					</transparency>
				</phong>
			</technique>
		</profile_COMMON>
	</effect>
	<effect id="Material210-satin_finish_aluminum-effect">
		<profile_COMMON>
			<technique sid="common">
				<phong>
					<diffuse>
						<color sid="diffuse">
0.866667 0.909804 1 1 </color>
					</diffuse>
					<transparency>
						<float sid="transparency">
1 </float>
					</transparency>
				</phong>
			</technique>
		</profile_COMMON>
	</effect>
	<effect id="Material211-satin_finish_aluminum-effect">
		<profile_COMMON>
			<technique sid="common">
				<phong>
					<diffuse>
						<color sid="diffuse">
0.866667 0.909804 1 1 </color>
					</diffuse>
					<transparency>
						<float sid="transparency">
1 </float>
					</transparency>
				</phong>
			</technique>
		</profile_COMMON>
	</effect>
	<effect id="Material212-satin_finish_aluminum-effect">
		<profile_COMMON>
			<technique sid="common">
				<phong>
					<diffuse>
						<color sid="diffuse">
0.866667 0.909804 1 1 </color>
					</diffuse>
					<transparency>
						<float sid="transparency">
1 </float>
					</transparency>
				</phong>
			</technique>
		</profile_COMMON>
	</effect>
	<effect id="Material213-satin_finish_aluminum-effect">
		<profile_COMMON>
			<technique sid="common">
				<phong>
					<diffuse>
						<color sid="diffuse">
0.866667 0.909804 1 1 </color>
					</diffuse>
					<transparency>
						<float sid="transparency">
1 </float>
					</transparency>
				</phong>
			</technique>
		</profile_COMMON>
	</effect>
	<effect id="Material214-satin_finish_aluminum-effect">
		<profile_COMMON>
			<technique sid="common">
				<phong>
					<diffuse>
						<color sid="diffuse">
0.866667 0.909804 1 1 </color>
					</diffuse>
					<transparency>
						<float sid="transparency">
1 </float>
					</transparency>
				</phong>
			</technique>
		</profile_COMMON>
	</effect>
	<effect id="Material215-satin_finish_aluminum-effect">
		<profile_COMMON>
			<technique sid="common">
				<phong>
					<diffuse>
						<color sid="diffuse">
0.866667 0.909804 1 1 </color>
					</diffuse>
					<transparency>
						<float sid="transparency">
1 </float>
					</transparency>
				</phong>
			</technique>
		</profile_COMMON>
	</effect>
	<effect id="Material216-satin_finish_aluminum-effect">
		<profile_COMMON>
			<technique sid="common">
				<phong>
					<diffuse>
						<color sid="diffuse">
0.866667 0.909804 1 1 </color>
					</diffuse>
					<transparency>
						<float sid="transparency">
1 </float>
					</transparency>
				</phong>
			</technique>
		</profile_COMMON>
	</effect>
	<effect id="Material217-satin_finish_aluminum-effect">
		<profile_COMMON>
			<technique sid="common">
				<phong>
					<diffuse>
						<color sid="diffuse">
0.866667 0.909804 1 1 </color>
					</diffuse>
					<transparency>
						<float sid="transparency">
1 </float>
					</transparency>
				</phong>
			</technique>
		</profile_COMMON>
	</effect>
	<effect id="Material218-satin_finish_aluminum-effect">
		<profile_COMMON>
			<technique sid="common">
				<phong>
					<diffuse>
						<color sid="diffuse">
0.866667 0.909804 1 1 </color>
					</diffuse>
					<transparency>
						<float sid="transparency">
1 </float>
					</transparency>
				</phong>
			</technique>
		</profile_COMMON>
	</effect>
	<effect id="Material219-satin_finish_aluminum-effect">
		<profile_COMMON>
			<technique sid="common">
				<phong>
					<diffuse>
						<color sid="diffuse">
0.866667 0.909804 1 1 </color>
					</diffuse>
					<transparency>
						<float sid="transparency">
1 </float>
					</transparency>
				</phong>
			</technique>
		</profile_COMMON>
	</effect>
	<effect id="Material220-satin_finish_aluminum-effect">
		<profile_COMMON>
			<technique sid="common">
				<phong>
					<diffuse>
						<color sid="diffuse">
0.866667 0.909804 1 1 </color>
					</diffuse>
					<transparency>
						<float sid="transparency">
1 </float>
					</transparency>
				</phong>
			</technique>
		</profile_COMMON>
	</effect>
	<effect id="Material221-satin_finish_aluminum-effect">
		<profile_COMMON>
			<technique sid="common">
				<phong>
					<diffuse>
						<color sid="diffuse">
0.866667 0.909804 1 1 </color>
					</diffuse>
					<transparency>
						<float sid="transparency">
1 </float>
					</transparency>
				</phong>
			</technique>
		</profile_COMMON>
	</effect>
	<effect id="Material222-satin_finish_aluminum-effect">
		<profile_COMMON>
			<technique sid="common">
				<phong>
					<diffuse>
						<color sid="diffuse">
0.866667 0.909804 1 1 </color>
					</diffuse>
					<transparency>
						<float sid="transparency">
1 </float>
					</transparency>
				</phong>
			</technique>
		</profile_COMMON>
	</effect>
	<effect id="Material223-satin_finish_aluminum-effect">
		<profile_COMMON>
			<technique sid="common">
				<phong>
					<diffuse>
						<color sid="diffuse">
0.866667 0.909804 1 1 </color>
					</diffuse>
					<transparency>
						<float sid="transparency">
1 </float>
					</transparency>
				</phong>
			</technique>
		</profile_COMMON>
	</effect>
	<effect id="Material224-satin_finish_aluminum-effect">
		<profile_COMMON>
			<technique sid="common">
				<phong>
					<diffuse>
						<color sid="diffuse">
0.866667 0.909804 1 1 </color>
					</diffuse>
					<transparency>
						<float sid="transparency">
1 </float>
					</transparency>
				</phong>
			</technique>
		</profile_COMMON>
	</effect>
	<effect id="Material225-satin_finish_aluminum-effect">
		<profile_COMMON>
			<technique sid="common">
				<phong>
					<diffuse>
						<color sid="diffuse">
0.866667 0.909804 1 1 </color>
					</diffuse>
					<transparency>
						<float sid="transparency">
1 </float>
					</transparency>
				</phong>
			</technique>
		</profile_COMMON>
	</effect>
	<effect id="Material226-satin_finish_aluminum-effect">
		<profile_COMMON>
			<technique sid="common">
				<phong>
					<diffuse>
						<color sid="diffuse">
0.866667 0.909804 1 1 </color>
					</diffuse>
					<transparency>
						<float sid="transparency">
1 </float>
					</transparency>
				</phong>
			</technique>
		</profile_COMMON>
	</effect>
	<effect id="Material227-satin_finish_aluminum-effect">
		<profile_COMMON>
			<technique sid="common">
				<phong>
					<diffuse>
						<color sid="diffuse">
0.866667 0.909804 1 1 </color>
					</diffuse>
					<transparency>
						<float sid="transparency">
1 </float>
					</transparency>
				</phong>
			</technique>
		</profile_COMMON>
	</effect>
	<effect id="Material228-satin_finish_aluminum-effect">
		<profile_COMMON>
			<technique sid="common">
				<phong>
					<diffuse>
						<color sid="diffuse">
0.866667 0.909804 1 1 </color>
					</diffuse>
					<transparency>
						<float sid="transparency">
1 </float>
					</transparency>
				</phong>
			</technique>
		</profile_COMMON>
	</effect>
	<effect id="Material229-satin_finish_aluminum-effect">
		<profile_COMMON>
			<technique sid="common">
				<phong>
					<diffuse>
						<color sid="diffuse">
0.866667 0.909804 1 1 </color>
					</diffuse>
					<transparency>
						<float sid="transparency">
1 </float>
					</transparency>
				</phong>
			</technique>
		</profile_COMMON>
	</effect>
	<effect id="Material230-satin_finish_aluminum-effect">
		<profile_COMMON>
			<technique sid="common">
				<phong>
					<diffuse>
						<color sid="diffuse">
0.866667 0.909804 1 1 </color>
					</diffuse>
					<transparency>
						<float sid="transparency">
1 </float>
					</transparency>
				</phong>
			</technique>
		</profile_COMMON>
	</effect>
	<effect id="Material231-satin_finish_aluminum-effect">
		<profile_COMMON>
			<technique sid="common">
				<phong>
					<diffuse>
						<color sid="diffuse">
0.866667 0.909804 1 1 </color>
					</diffuse>
					<transparency>
						<float sid="transparency">
1 </float>
					</transparency>
				</phong>
			</technique>
		</profile_COMMON>
	</effect>
	<effect id="Material232-satin_finish_aluminum-effect">
		<profile_COMMON>
			<technique sid="common">
				<phong>
					<diffuse>
						<color sid="diffuse">
0.866667 0.909804 1 1 </color>
					</diffuse>
					<transparency>
						<float sid="transparency">
1 </float>
					</transparency>
				</phong>
			</technique>
		</profile_COMMON>
	</effect>
	<effect id="Material233-satin_finish_aluminum-effect">
		<profile_COMMON>
			<technique sid="common">
				<phong>
					<diffuse>
						<color sid="diffuse">
0.866667 0.909804 1 1 </color>
					</diffuse>
					<transparency>
						<float sid="transparency">
1 </float>
					</transparency>
				</phong>
			</technique>
		</profile_COMMON>
	</effect>
	<effect id="Material234-satin_finish_aluminum-effect">
		<profile_COMMON>
			<technique sid="common">
				<phong>
					<diffuse>
						<color sid="diffuse">
0.866667 0.909804 1 1 </color>
					</diffuse>
					<transparency>
						<float sid="transparency">
1 </float>
					</transparency>
				</phong>
			</technique>
		</profile_COMMON>
	</effect>
	<effect id="Material235-satin_finish_aluminum-effect">
		<profile_COMMON>
			<technique sid="common">
				<phong>
					<diffuse>
						<color sid="diffuse">
0.866667 0.909804 1 1 </color>
					</diffuse>
					<transparency>
						<float sid="transparency">
1 </float>
					</transparency>
				</phong>
			</technique>
		</profile_COMMON>
	</effect>
	<effect id="Material236-satin_finish_aluminum-effect">
		<profile_COMMON>
			<technique sid="common">
				<phong>
					<diffuse>
						<color sid="diffuse">
0.866667 0.909804 1 1 </color>
					</diffuse>
					<transparency>
						<float sid="transparency">
1 </float>
					</transparency>
				</phong>
			</technique>
		</profile_COMMON>
	</effect>
	<effect id="Material237-satin_finish_aluminum-effect">
		<profile_COMMON>
			<technique sid="common">
				<phong>
					<diffuse>
						<color sid="diffuse">
0.866667 0.909804 1 1 </color>
					</diffuse>
					<transparency>
						<float sid="transparency">
1 </float>
					</transparency>
				</phong>
			</technique>
		</profile_COMMON>
	</effect>
	<effect id="Material238-satin_finish_aluminum-effect">
		<profile_COMMON>
			<technique sid="common">
				<phong>
					<diffuse>
						<color sid="diffuse">
0.866667 0.909804 1 1 </color>
					</diffuse>
					<transparency>
						<float sid="transparency">
1 </float>
					</transparency>
				</phong>
			</technique>
		</profile_COMMON>
	</effect>
	<effect id="Material239-satin_finish_aluminum-effect">
		<profile_COMMON>
			<technique sid="common">
				<phong>
					<diffuse>
						<color sid="diffuse">
0.866667 0.909804 1 1 </color>
					</diffuse>
					<transparency>
						<float sid="transparency">
1 </float>
					</transparency>
				</phong>
			</technique>
		</profile_COMMON>
	</effect>
	<effect id="Material240-satin_finish_aluminum-effect">
		<profile_COMMON>
			<technique sid="common">
				<phong>
					<diffuse>
						<color sid="diffuse">
0.866667 0.909804 1 1 </color>
					</diffuse>
					<transparency>
						<float sid="transparency">
1 </float>
					</transparency>
				</phong>
			</technique>
		</profile_COMMON>
	</effect>
	<effect id="Material241-satin_finish_aluminum-effect">
		<profile_COMMON>
			<technique sid="common">
				<phong>
					<diffuse>
						<color sid="diffuse">
0.866667 0.909804 1 1 </color>
					</diffuse>
					<transparency>
						<float sid="transparency">
1 </float>
					</transparency>
				</phong>
			</technique>
		</profile_COMMON>
	</effect>
	<effect id="Material242-satin_finish_aluminum-effect">
		<profile_COMMON>
			<technique sid="common">
				<phong>
					<diffuse>
						<color sid="diffuse">
0.866667 0.909804 1 1 </color>
					</diffuse>
					<transparency>
						<float sid="transparency">
1 </float>
					</transparency>
				</phong>
			</technique>
		</profile_COMMON>
	</effect>
	<effect id="Material243-satin_finish_aluminum-effect">
		<profile_COMMON>
			<technique sid="common">
				<phong>
					<diffuse>
						<color sid="diffuse">
0.866667 0.909804 1 1 </color>
					</diffuse>
					<transparency>
						<float sid="transparency">
1 </float>
					</transparency>
				</phong>
			</technique>
		</profile_COMMON>
	</effect>
	<effect id="Material244-satin_finish_aluminum-effect">
		<profile_COMMON>
			<technique sid="common">
				<phong>
					<diffuse>
						<color sid="diffuse">
0.866667 0.909804 1 1 </color>
					</diffuse>
					<transparency>
						<float sid="transparency">
1 </float>
					</transparency>
				</phong>
			</technique>
		</profile_COMMON>
	</effect>
	<effect id="Material245-satin_finish_aluminum-effect">
		<profile_COMMON>
			<technique sid="common">
				<phong>
					<diffuse>
						<color sid="diffuse">
0.866667 0.909804 1 1 </color>
					</diffuse>
					<transparency>
						<float sid="transparency">
1 </float>
					</transparency>
				</phong>
			</technique>
		</profile_COMMON>
	</effect>
	<effect id="Material246-satin_finish_aluminum-effect">
		<profile_COMMON>
			<technique sid="common">
				<phong>
					<diffuse>
						<color sid="diffuse">
0.866667 0.909804 1 1 </color>
					</diffuse>
					<transparency>
						<float sid="transparency">
1 </float>
					</transparency>
				</phong>
			</technique>
		</profile_COMMON>
	</effect>
	<effect id="Material247-satin_finish_aluminum-effect">
		<profile_COMMON>
			<technique sid="common">
				<phong>
					<diffuse>
						<color sid="diffuse">
0.866667 0.909804 1 1 </color>
					</diffuse>
					<transparency>
						<float sid="transparency">
1 </float>
					</transparency>
				</phong>
			</technique>
		</profile_COMMON>
	</effect>
	<effect id="Material248-satin_finish_aluminum-effect">
		<profile_COMMON>
			<technique sid="common">
				<phong>
					<diffuse>
						<color sid="diffuse">
0.866667 0.909804 1 1 </color>
					</diffuse>
					<transparency>
						<float sid="transparency">
1 </float>
					</transparency>
				</phong>
			</technique>
		</profile_COMMON>
	</effect>
	<effect id="Material249-satin_finish_aluminum-effect">
		<profile_COMMON>
			<technique sid="common">
				<phong>
					<diffuse>
						<color sid="diffuse">
0.866667 0.909804 1 1 </color>
					</diffuse>
					<transparency>
						<float sid="transparency">
1 </float>
					</transparency>
				</phong>
			</technique>
		</profile_COMMON>
	</effect>
	<effect id="Material250-satin_finish_aluminum-effect">
		<profile_COMMON>
			<technique sid="common">
				<phong>
					<diffuse>
						<color sid="diffuse">
0.866667 0.909804 1 1 </color>
					</diffuse>
					<transparency>
						<float sid="transparency">
1 </float>
					</transparency>
				</phong>
			</technique>
		</profile_COMMON>
	</effect>
	<effect id="Material251-satin_finish_aluminum-effect">
		<profile_COMMON>
			<technique sid="common">
				<phong>
					<diffuse>
						<color sid="diffuse">
0.866667 0.909804 1 1 </color>
					</diffuse>
					<transparency>
						<float sid="transparency">
1 </float>
					</transparency>
				</phong>
			</technique>
		</profile_COMMON>
	</effect>
	<effect id="Material252-satin_finish_aluminum-effect">
		<profile_COMMON>
			<technique sid="common">
				<phong>
					<diffuse>
						<color sid="diffuse">
0.866667 0.909804 1 1 </color>
					</diffuse>
					<transparency>
						<float sid="transparency">
1 </float>
					</transparency>
				</phong>
			</technique>
		</profile_COMMON>
	</effect>
	<effect id="Material253-satin_finish_aluminum-effect">
		<profile_COMMON>
			<technique sid="common">
				<phong>
					<diffuse>
						<color sid="diffuse">
0.866667 0.909804 1 1 </color>
					</diffuse>
					<transparency>
						<float sid="transparency">
1 </float>
					</transparency>
				</phong>
			</technique>
		</profile_COMMON>
	</effect>
	<effect id="Material254-satin_finish_aluminum-effect">
		<profile_COMMON>
			<technique sid="common">
				<phong>
					<diffuse>
						<color sid="diffuse">
0.866667 0.909804 1 1 </color>
					</diffuse>
					<transparency>
						<float sid="transparency">
1 </float>
					</transparency>
				</phong>
			</technique>
		</profile_COMMON>
	</effect>
	<effect id="Material255--effect">
		<profile_COMMON>
			<technique sid="common">
				<phong>
					<diffuse>
						<color sid="diffuse">
0.796078 0.823529 0.937255 1 </color>
					</diffuse>
					<transparency>
						<float sid="transparency">
1 </float>
					</transparency>
				</phong>
			</technique>
		</profile_COMMON>
	</effect>
	<effect id="Material256--effect">
		<profile_COMMON>
			<technique sid="common">
				<phong>
					<diffuse>
						<color sid="diffuse">
0.796078 0.823529 0.937255 1 </color>
					</diffuse>
					<transparency>
						<float sid="transparency">
1 </float>
					</transparency>
				</phong>
			</technique>
		</profile_COMMON>
	</effect>
	<effect id="Material257--effect">
		<profile_COMMON>
			<technique sid="common">
				<phong>
					<diffuse>
						<color sid="diffuse">
0.796078 0.823529 0.937255 1 </color>
					</diffuse>
					<transparency>
						<float sid="transparency">
1 </float>
					</transparency>
				</phong>
			</technique>
		</profile_COMMON>
	</effect>
	<effect id="Material258--effect">
		<profile_COMMON>
			<technique sid="common">
				<phong>
					<diffuse>
						<color sid="diffuse">
0.796078 0.823529 0.937255 1 </color>
					</diffuse>
					<transparency>
						<float sid="transparency">
1 </float>
					</transparency>
				</phong>
			</technique>
		</profile_COMMON>
	</effect>
	<effect id="Material259--effect">
		<profile_COMMON>
			<technique sid="common">
				<phong>
					<diffuse>
						<color sid="diffuse">
0.796078 0.823529 0.937255 1 </color>
					</diffuse>
					<transparency>
						<float sid="transparency">
1 </float>
					</transparency>
				</phong>
			</technique>
		</profile_COMMON>
	</effect>
	<effect id="Material260--effect">
		<profile_COMMON>
			<technique sid="common">
				<phong>
					<diffuse>
						<color sid="diffuse">
0.796078 0.823529 0.937255 1 </color>
					</diffuse>
					<transparency>
						<float sid="transparency">
1 </float>
					</transparency>
				</phong>
			</technique>
		</profile_COMMON>
	</effect>
	<effect id="Material261--effect">
		<profile_COMMON>
			<technique sid="common">
				<phong>
					<diffuse>
						<color sid="diffuse">
0.796078 0.823529 0.937255 1 </color>
					</diffuse>
					<transparency>
						<float sid="transparency">
1 </float>
					</transparency>
				</phong>
			</technique>
		</profile_COMMON>
	</effect>
	<effect id="Material262--effect">
		<profile_COMMON>
			<technique sid="common">
				<phong>
					<diffuse>
						<color sid="diffuse">
0.796078 0.823529 0.937255 1 </color>
					</diffuse>
					<transparency>
						<float sid="transparency">
1 </float>
					</transparency>
				</phong>
			</technique>
		</profile_COMMON>
	</effect>
	<effect id="Material263--effect">
		<profile_COMMON>
			<technique sid="common">
				<phong>
					<diffuse>
						<color sid="diffuse">
0.796078 0.823529 0.937255 1 </color>
					</diffuse>
					<transparency>
						<float sid="transparency">
1 </float>
					</transparency>
				</phong>
			</technique>
		</profile_COMMON>
	</effect>
	<effect id="Material264--effect">
		<profile_COMMON>
			<technique sid="common">
				<phong>
					<diffuse>
						<color sid="diffuse">
0.796078 0.823529 0.937255 1 </color>
					</diffuse>
					<transparency>
						<float sid="transparency">
1 </float>
					</transparency>
				</phong>
			</technique>
		</profile_COMMON>
	</effect>
	<effect id="Material265--effect">
		<profile_COMMON>
			<technique sid="common">
				<phong>
					<diffuse>
						<color sid="diffuse">
0.796078 0.823529 0.937255 1 </color>
					</diffuse>
					<transparency>
						<float sid="transparency">
1 </float>
					</transparency>
				</phong>
			</technique>
		</profile_COMMON>
	</effect>
	<effect id="Material266--effect">
		<profile_COMMON>
			<technique sid="common">
				<phong>
					<diffuse>
						<color sid="diffuse">
0.796078 0.823529 0.937255 1 </color>
					</diffuse>
					<transparency>
						<float sid="transparency">
1 </float>
					</transparency>
				</phong>
			</technique>
		</profile_COMMON>
	</effect>
	<effect id="Material267--effect">
		<profile_COMMON>
			<technique sid="common">
				<phong>
					<diffuse>
						<color sid="diffuse">
0.796078 0.823529 0.937255 1 </color>
					</diffuse>
					<transparency>
						<float sid="transparency">
1 </float>
					</transparency>
				</phong>
			</technique>
		</profile_COMMON>
	</effect>
	<effect id="Material268--effect">
		<profile_COMMON>
			<technique sid="common">
				<phong>
					<diffuse>
						<color sid="diffuse">
0.796078 0.823529 0.937255 1 </color>
					</diffuse>
					<transparency>
						<float sid="transparency">
1 </float>
					</transparency>
				</phong>
			</technique>
		</profile_COMMON>
	</effect>
	<effect id="Material269--effect">
		<profile_COMMON>
			<technique sid="common">
				<phong>
					<diffuse>
						<color sid="diffuse">
0.796078 0.823529 0.937255 1 </color>
					</diffuse>
					<transparency>
						<float sid="transparency">
1 </float>
					</transparency>
				</phong>
			</technique>
		</profile_COMMON>
	</effect>
	<effect id="Material270--effect">
		<profile_COMMON>
			<technique sid="common">
				<phong>
					<diffuse>
						<color sid="diffuse">
0.796078 0.823529 0.937255 1 </color>
					</diffuse>
					<transparency>
						<float sid="transparency">
1 </float>
					</transparency>
				</phong>
			</technique>
		</profile_COMMON>
	</effect>
	<effect id="Material271--effect">
		<profile_COMMON>
			<technique sid="common">
				<phong>
					<diffuse>
						<color sid="diffuse">
0.796078 0.823529 0.937255 1 </color>
					</diffuse>
					<transparency>
						<float sid="transparency">
1 </float>
					</transparency>
				</phong>
			</technique>
		</profile_COMMON>
	</effect>
	<effect id="Material272--effect">
		<profile_COMMON>
			<technique sid="common">
				<phong>
					<diffuse>
						<color sid="diffuse">
0.796078 0.823529 0.937255 1 </color>
					</diffuse>
					<transparency>
						<float sid="transparency">
1 </float>
					</transparency>
				</phong>
			</technique>
		</profile_COMMON>
	</effect>
	<effect id="Material273--effect">
		<profile_COMMON>
			<technique sid="common">
				<phong>
					<diffuse>
						<color sid="diffuse">
0.796078 0.823529 0.937255 1 </color>
					</diffuse>
					<transparency>
						<float sid="transparency">
1 </float>
					</transparency>
				</phong>
			</technique>
		</profile_COMMON>
	</effect>
	<effect id="Material274--effect">
		<profile_COMMON>
			<technique sid="common">
				<phong>
					<diffuse>
						<color sid="diffuse">
0.796078 0.823529 0.937255 1 </color>
					</diffuse>
					<transparency>
						<float sid="transparency">
1 </float>
					</transparency>
				</phong>
			</technique>
		</profile_COMMON>
	</effect>
	<effect id="Material275--effect">
		<profile_COMMON>
			<technique sid="common">
				<phong>
					<diffuse>
						<color sid="diffuse">
0.796078 0.823529 0.937255 1 </color>
					</diffuse>
					<transparency>
						<float sid="transparency">
1 </float>
					</transparency>
				</phong>
			</technique>
		</profile_COMMON>
	</effect>
	<effect id="Material276--effect">
		<profile_COMMON>
			<technique sid="common">
				<phong>
					<diffuse>
						<color sid="diffuse">
0.796078 0.823529 0.937255 1 </color>
					</diffuse>
					<transparency>
						<float sid="transparency">
1 </float>
					</transparency>
				</phong>
			</technique>
		</profile_COMMON>
	</effect>
	<effect id="Material277--effect">
		<profile_COMMON>
			<technique sid="common">
				<phong>
					<diffuse>
						<color sid="diffuse">
0.796078 0.823529 0.937255 1 </color>
					</diffuse>
					<transparency>
						<float sid="transparency">
1 </float>
					</transparency>
				</phong>
			</technique>
		</profile_COMMON>
	</effect>
	<effect id="Material278--effect">
		<profile_COMMON>
			<technique sid="common">
				<phong>
					<diffuse>
						<color sid="diffuse">
0.796078 0.823529 0.937255 1 </color>
					</diffuse>
					<transparency>
						<float sid="transparency">
1 </float>
					</transparency>
				</phong>
			</technique>
		</profile_COMMON>
	</effect>
	<effect id="Material279--effect">
		<profile_COMMON>
			<technique sid="common">
				<phong>
					<diffuse>
						<color sid="diffuse">
0.796078 0.823529 0.937255 1 </color>
					</diffuse>
					<transparency>
						<float sid="transparency">
1 </float>
					</transparency>
				</phong>
			</technique>
		</profile_COMMON>
	</effect>
	<effect id="Material280--effect">
		<profile_COMMON>
			<technique sid="common">
				<phong>
					<diffuse>
						<color sid="diffuse">
0.796078 0.823529 0.937255 1 </color>
					</diffuse>
					<transparency>
						<float sid="transparency">
1 </float>
					</transparency>
				</phong>
			</technique>
		</profile_COMMON>
	</effect>
	<effect id="Material281--effect">
		<profile_COMMON>
			<technique sid="common">
				<phong>
					<diffuse>
						<color sid="diffuse">
0.796078 0.823529 0.937255 1 </color>
					</diffuse>
					<transparency>
						<float sid="transparency">
1 </float>
					</transparency>
				</phong>
			</technique>
		</profile_COMMON>
	</effect>
	<effect id="Material282--effect">
		<profile_COMMON>
			<technique sid="common">
				<phong>
					<diffuse>
						<color sid="diffuse">
0.796078 0.823529 0.937255 1 </color>
					</diffuse>
					<transparency>
						<float sid="transparency">
1 </float>
					</transparency>
				</phong>
			</technique>
		</profile_COMMON>
	</effect>
	<effect id="Material283--effect">
		<profile_COMMON>
			<technique sid="common">
				<phong>
					<diffuse>
						<color sid="diffuse">
0.796078 0.823529 0.937255 1 </color>
					</diffuse>
					<transparency>
						<float sid="transparency">
1 </float>
					</transparency>
				</phong>
			</technique>
		</profile_COMMON>
	</effect>
	<effect id="Material284--effect">
		<profile_COMMON>
			<technique sid="common">
				<phong>
					<diffuse>
						<color sid="diffuse">
0.796078 0.823529 0.937255 1 </color>
					</diffuse>
					<transparency>
						<float sid="transparency">
1 </float>
					</transparency>
				</phong>
			</technique>
		</profile_COMMON>
	</effect>
	<effect id="Material285--effect">
		<profile_COMMON>
			<technique sid="common">
				<phong>
					<diffuse>
						<color sid="diffuse">
0.796078 0.823529 0.937255 1 </color>
					</diffuse>
					<transparency>
						<float sid="transparency">
1 </float>
					</transparency>
				</phong>
			</technique>
		</profile_COMMON>
	</effect>
	<effect id="Material286--effect">
		<profile_COMMON>
			<technique sid="common">
				<phong>
					<diffuse>
						<color sid="diffuse">
0.796078 0.823529 0.937255 1 </color>
					</diffuse>
					<transparency>
						<float sid="transparency">
1 </float>
					</transparency>
				</phong>
			</technique>
		</profile_COMMON>
	</effect>
	<effect id="Material287--effect">
		<profile_COMMON>
			<technique sid="common">
				<phong>
					<diffuse>
						<color sid="diffuse">
0.796078 0.823529 0.937255 1 </color>
					</diffuse>
					<transparency>
						<float sid="transparency">
1 </float>
					</transparency>
				</phong>
			</technique>
		</profile_COMMON>
	</effect>
	<effect id="Material288--effect">
		<profile_COMMON>
			<technique sid="common">
				<phong>
					<diffuse>
						<color sid="diffuse">
0.796078 0.823529 0.937255 1 </color>
					</diffuse>
					<transparency>
						<float sid="transparency">
1 </float>
					</transparency>
				</phong>
			</technique>
		</profile_COMMON>
	</effect>
	<effect id="Material289--effect">
		<profile_COMMON>
			<technique sid="common">
				<phong>
					<diffuse>
						<color sid="diffuse">
0.796078 0.823529 0.937255 1 </color>
					</diffuse>
					<transparency>
						<float sid="transparency">
1 </float>
					</transparency>
				</phong>
			</technique>
		</profile_COMMON>
	</effect>
	<effect id="Material290--effect">
		<profile_COMMON>
			<technique sid="common">
				<phong>
					<diffuse>
						<color sid="diffuse">
0.796078 0.823529 0.937255 1 </color>
					</diffuse>
					<transparency>
						<float sid="transparency">
1 </float>
					</transparency>
				</phong>
			</technique>
		</profile_COMMON>
	</effect>
	<effect id="Material291--effect">
		<profile_COMMON>
			<technique sid="common">
				<phong>
					<diffuse>
						<color sid="diffuse">
0.796078 0.823529 0.937255 1 </color>
					</diffuse>
					<transparency>
						<float sid="transparency">
1 </float>
					</transparency>
				</phong>
			</technique>
		</profile_COMMON>
	</effect>
	<effect id="Material292--effect">
		<profile_COMMON>
			<technique sid="common">
				<phong>
					<diffuse>
						<color sid="diffuse">
0.796078 0.823529 0.937255 1 </color>
					</diffuse>
					<transparency>
						<float sid="transparency">
1 </float>
					</transparency>
				</phong>
			</technique>
		</profile_COMMON>
	</effect>
	<effect id="Material293--effect">
		<profile_COMMON>
			<technique sid="common">
				<phong>
					<diffuse>
						<color sid="diffuse">
0.796078 0.823529 0.937255 1 </color>
					</diffuse>
					<transparency>
						<float sid="transparency">
1 </float>
					</transparency>
				</phong>
			</technique>
		</profile_COMMON>
	</effect>
	<effect id="Material294--effect">
		<profile_COMMON>
			<technique sid="common">
				<phong>
					<diffuse>
						<color sid="diffuse">
0.796078 0.823529 0.937255 1 </color>
					</diffuse>
					<transparency>
						<float sid="transparency">
1 </float>
					</transparency>
				</phong>
			</technique>
		</profile_COMMON>
	</effect>
	<effect id="Material295--effect">
		<profile_COMMON>
			<technique sid="common">
				<phong>
					<diffuse>
						<color sid="diffuse">
0.796078 0.823529 0.937255 1 </color>
					</diffuse>
					<transparency>
						<float sid="transparency">
1 </float>
					</transparency>
				</phong>
			</technique>
		</profile_COMMON>
	</effect>
	<effect id="Material296--effect">
		<profile_COMMON>
			<technique sid="common">
				<phong>
					<diffuse>
						<color sid="diffuse">
0.796078 0.823529 0.937255 1 </color>
					</diffuse>
					<transparency>
						<float sid="transparency">
1 </float>
					</transparency>
				</phong>
			</technique>
		</profile_COMMON>
	</effect>
	<effect id="Material297--effect">
		<profile_COMMON>
			<technique sid="common">
				<phong>
					<diffuse>
						<color sid="diffuse">
0.796078 0.823529 0.937255 1 </color>
					</diffuse>
					<transparency>
						<float sid="transparency">
1 </float>
					</transparency>
				</phong>
			</technique>
		</profile_COMMON>
	</effect>
	<effect id="Material298--effect">
		<profile_COMMON>
			<technique sid="common">
				<phong>
					<diffuse>
						<color sid="diffuse">
0.796078 0.823529 0.937255 1 </color>
					</diffuse>
					<transparency>
						<float sid="transparency">
1 </float>
					</transparency>
				</phong>
			</technique>
		</profile_COMMON>
	</effect>
	<effect id="Material299--effect">
		<profile_COMMON>
			<technique sid="common">
				<phong>
					<diffuse>
						<color sid="diffuse">
0.796078 0.823529 0.937255 1 </color>
					</diffuse>
					<transparency>
						<float sid="transparency">
1 </float>
					</transparency>
				</phong>
			</technique>
		</profile_COMMON>
	</effect>
	<effect id="Material300--effect">
		<profile_COMMON>
			<technique sid="common">
				<phong>
					<diffuse>
						<color sid="diffuse">
0.796078 0.823529 0.937255 1 </color>
					</diffuse>
					<transparency>
						<float sid="transparency">
1 </float>
					</transparency>
				</phong>
			</technique>
		</profile_COMMON>
	</effect>
	<effect id="Material301--effect">
		<profile_COMMON>
			<technique sid="common">
				<phong>
					<diffuse>
						<color sid="diffuse">
0.796078 0.823529 0.937255 1 </color>
					</diffuse>
					<transparency>
						<float sid="transparency">
1 </float>
					</transparency>
				</phong>
			</technique>
		</profile_COMMON>
	</effect>
	<effect id="Material302--effect">
		<profile_COMMON>
			<technique sid="common">
				<phong>
					<diffuse>
						<color sid="diffuse">
0.796078 0.823529 0.937255 1 </color>
					</diffuse>
					<transparency>
						<float sid="transparency">
1 </float>
					</transparency>
				</phong>
			</technique>
		</profile_COMMON>
	</effect>
	<effect id="Material303--effect">
		<profile_COMMON>
			<technique sid="common">
				<phong>
					<diffuse>
						<color sid="diffuse">
0.796078 0.823529 0.937255 1 </color>
					</diffuse>
					<transparency>
						<float sid="transparency">
1 </float>
					</transparency>
				</phong>
			</technique>
		</profile_COMMON>
	</effect>
	<effect id="Material304--effect">
		<profile_COMMON>
			<technique sid="common">
				<phong>
					<diffuse>
						<color sid="diffuse">
0.796078 0.823529 0.937255 1 </color>
					</diffuse>
					<transparency>
						<float sid="transparency">
1 </float>
					</transparency>
				</phong>
			</technique>
		</profile_COMMON>
	</effect>
	<effect id="Material305--effect">
		<profile_COMMON>
			<technique sid="common">
				<phong>
					<diffuse>
						<color sid="diffuse">
0.796078 0.823529 0.937255 1 </color>
					</diffuse>
					<transparency>
						<float sid="transparency">
1 </float>
					</transparency>
				</phong>
			</technique>
		</profile_COMMON>
	</effect>
	<effect id="Material306--effect">
		<profile_COMMON>
			<technique sid="common">
				<phong>
					<diffuse>
						<color sid="diffuse">
0.796078 0.823529 0.937255 1 </color>
					</diffuse>
					<transparency>
						<float sid="transparency">
1 </float>
					</transparency>
				</phong>
			</technique>
		</profile_COMMON>
	</effect>
	<effect id="Material307--effect">
		<profile_COMMON>
			<technique sid="common">
				<phong>
					<diffuse>
						<color sid="diffuse">
0.796078 0.823529 0.937255 1 </color>
					</diffuse>
					<transparency>
						<float sid="transparency">
1 </float>
					</transparency>
				</phong>
			</technique>
		</profile_COMMON>
	</effect>
	<effect id="Material308--effect">
		<profile_COMMON>
			<technique sid="common">
				<phong>
					<diffuse>
						<color sid="diffuse">
0.796078 0.823529 0.937255 1 </color>
					</diffuse>
					<transparency>
						<float sid="transparency">
1 </float>
					</transparency>
				</phong>
			</technique>
		</profile_COMMON>
	</effect>
	<effect id="Material309--effect">
		<profile_COMMON>
			<technique sid="common">
				<phong>
					<diffuse>
						<color sid="diffuse">
0.796078 0.823529 0.937255 1 </color>
					</diffuse>
					<transparency>
						<float sid="transparency">
1 </float>
					</transparency>
				</phong>
			</technique>
		</profile_COMMON>
	</effect>
	<effect id="Material310--effect">
		<profile_COMMON>
			<technique sid="common">
				<phong>
					<diffuse>
						<color sid="diffuse">
0.796078 0.823529 0.937255 1 </color>
					</diffuse>
					<transparency>
						<float sid="transparency">
1 </float>
					</transparency>
				</phong>
			</technique>
		</profile_COMMON>
	</effect>
	<effect id="Material311--effect">
		<profile_COMMON>
			<technique sid="common">
				<phong>
					<diffuse>
						<color sid="diffuse">
0.796078 0.823529 0.937255 1 </color>
					</diffuse>
					<transparency>
						<float sid="transparency">
1 </float>
					</transparency>
				</phong>
			</technique>
		</profile_COMMON>
	</effect>
	<effect id="Material312--effect">
		<profile_COMMON>
			<technique sid="common">
				<phong>
					<diffuse>
						<color sid="diffuse">
0.796078 0.823529 0.937255 1 </color>
					</diffuse>
					<transparency>
						<float sid="transparency">
1 </float>
					</transparency>
				</phong>
			</technique>
		</profile_COMMON>
	</effect>
	<effect id="Material313--effect">
		<profile_COMMON>
			<technique sid="common">
				<phong>
					<diffuse>
						<color sid="diffuse">
0.796078 0.823529 0.937255 1 </color>
					</diffuse>
					<transparency>
						<float sid="transparency">
1 </float>
					</transparency>
				</phong>
			</technique>
		</profile_COMMON>
	</effect>
	<effect id="Material314--effect">
		<profile_COMMON>
			<technique sid="common">
				<phong>
					<diffuse>
						<color sid="diffuse">
0.796078 0.823529 0.937255 1 </color>
					</diffuse>
					<transparency>
						<float sid="transparency">
1 </float>
					</transparency>
				</phong>
			</technique>
		</profile_COMMON>
	</effect>
	<effect id="Material315--effect">
		<profile_COMMON>
			<technique sid="common">
				<phong>
					<diffuse>
						<color sid="diffuse">
0.796078 0.823529 0.937255 1 </color>
					</diffuse>
					<transparency>
						<float sid="transparency">
1 </float>
					</transparency>
				</phong>
			</technique>
		</profile_COMMON>
	</effect>
	<effect id="Material316--effect">
		<profile_COMMON>
			<technique sid="common">
				<phong>
					<diffuse>
						<color sid="diffuse">
0.796078 0.823529 0.937255 1 </color>
					</diffuse>
					<transparency>
						<float sid="transparency">
1 </float>
					</transparency>
				</phong>
			</technique>
		</profile_COMMON>
	</effect>
	<effect id="Material317--effect">
		<profile_COMMON>
			<technique sid="common">
				<phong>
					<diffuse>
						<color sid="diffuse">
0.796078 0.823529 0.937255 1 </color>
					</diffuse>
					<transparency>
						<float sid="transparency">
1 </float>
					</transparency>
				</phong>
			</technique>
		</profile_COMMON>
	</effect>
	<effect id="Material318--effect">
		<profile_COMMON>
			<technique sid="common">
				<phong>
					<diffuse>
						<color sid="diffuse">
0.796078 0.823529 0.937255 1 </color>
					</diffuse>
					<transparency>
						<float sid="transparency">
1 </float>
					</transparency>
				</phong>
			</technique>
		</profile_COMMON>
	</effect>
	<effect id="Material319--effect">
		<profile_COMMON>
			<technique sid="common">
				<phong>
					<diffuse>
						<color sid="diffuse">
0.796078 0.823529 0.937255 1 </color>
					</diffuse>
					<transparency>
						<float sid="transparency">
1 </float>
					</transparency>
				</phong>
			</technique>
		</profile_COMMON>
	</effect>
	<effect id="Material320--effect">
		<profile_COMMON>
			<technique sid="common">
				<phong>
					<diffuse>
						<color sid="diffuse">
0.796078 0.823529 0.937255 1 </color>
					</diffuse>
					<transparency>
						<float sid="transparency">
1 </float>
					</transparency>
				</phong>
			</technique>
		</profile_COMMON>
	</effect>
	<effect id="Material321--effect">
		<profile_COMMON>
			<technique sid="common">
				<phong>
					<diffuse>
						<color sid="diffuse">
0.796078 0.823529 0.937255 1 </color>
					</diffuse>
					<transparency>
						<float sid="transparency">
1 </float>
					</transparency>
				</phong>
			</technique>
		</profile_COMMON>
	</effect>
	<effect id="Material322--effect">
		<profile_COMMON>
			<technique sid="common">
				<phong>
					<diffuse>
						<color sid="diffuse">
0.796078 0.823529 0.937255 1 </color>
					</diffuse>
					<transparency>
						<float sid="transparency">
1 </float>
					</transparency>
				</phong>
			</technique>
		</profile_COMMON>
	</effect>
	<effect id="Material323--effect">
		<profile_COMMON>
			<technique sid="common">
				<phong>
					<diffuse>
						<color sid="diffuse">
0.796078 0.823529 0.937255 1 </color>
					</diffuse>
					<transparency>
						<float sid="transparency">
1 </float>
					</transparency>
				</phong>
			</technique>
		</profile_COMMON>
	</effect>
	<effect id="Material324--effect">
		<profile_COMMON>
			<technique sid="common">
				<phong>
					<diffuse>
						<color sid="diffuse">
0.796078 0.823529 0.937255 1 </color>
					</diffuse>
					<transparency>
						<float sid="transparency">
1 </float>
					</transparency>
				</phong>
			</technique>
		</profile_COMMON>
	</effect>
	<effect id="Material325--effect">
		<profile_COMMON>
			<technique sid="common">
				<phong>
					<diffuse>
						<color sid="diffuse">
0.796078 0.823529 0.937255 1 </color>
					</diffuse>
					<transparency>
						<float sid="transparency">
1 </float>
					</transparency>
				</phong>
			</technique>
		</profile_COMMON>
	</effect>
	<effect id="Material326--effect">
		<profile_COMMON>
			<technique sid="common">
				<phong>
					<diffuse>
						<color sid="diffuse">
0.796078 0.823529 0.937255 1 </color>
					</diffuse>
					<transparency>
						<float sid="transparency">
1 </float>
					</transparency>
				</phong>
			</technique>
		</profile_COMMON>
	</effect>
	<effect id="Material327--effect">
		<profile_COMMON>
			<technique sid="common">
				<phong>
					<diffuse>
						<color sid="diffuse">
0.796078 0.823529 0.937255 1 </color>
					</diffuse>
					<transparency>
						<float sid="transparency">
1 </float>
					</transparency>
				</phong>
			</technique>
		</profile_COMMON>
	</effect>
	<effect id="Material328--effect">
		<profile_COMMON>
			<technique sid="common">
				<phong>
					<diffuse>
						<color sid="diffuse">
0.796078 0.823529 0.937255 1 </color>
					</diffuse>
					<transparency>
						<float sid="transparency">
1 </float>
					</transparency>
				</phong>
			</technique>
		</profile_COMMON>
	</effect>
	<effect id="Material329--effect">
		<profile_COMMON>
			<technique sid="common">
				<phong>
					<diffuse>
						<color sid="diffuse">
0.796078 0.823529 0.937255 1 </color>
					</diffuse>
					<transparency>
						<float sid="transparency">
1 </float>
					</transparency>
				</phong>
			</technique>
		</profile_COMMON>
	</effect>
	<effect id="Material330--effect">
		<profile_COMMON>
			<technique sid="common">
				<phong>
					<diffuse>
						<color sid="diffuse">
0.796078 0.823529 0.937255 1 </color>
					</diffuse>
					<transparency>
						<float sid="transparency">
1 </float>
					</transparency>
				</phong>
			</technique>
		</profile_COMMON>
	</effect>
	<effect id="Material331--effect">
		<profile_COMMON>
			<technique sid="common">
				<phong>
					<diffuse>
						<color sid="diffuse">
0.796078 0.823529 0.937255 1 </color>
					</diffuse>
					<transparency>
						<float sid="transparency">
1 </float>
					</transparency>
				</phong>
			</technique>
		</profile_COMMON>
	</effect>
</library_effects>
<library_materials>
	<material id="Material0-satin_finish_aluminum">
		<instance_effect url="#Material0-satin_finish_aluminum-effect"/>
	</material>
	<material id="Material1-satin_finish_aluminum">
		<instance_effect url="#Material1-satin_finish_aluminum-effect"/>
	</material>
	<material id="Material2-satin_finish_aluminum">
		<instance_effect url="#Material2-satin_finish_aluminum-effect"/>
	</material>
	<material id="Material3-satin_finish_aluminum">
		<instance_effect url="#Material3-satin_finish_aluminum-effect"/>
	</material>
	<material id="Material4-satin_finish_aluminum">
		<instance_effect url="#Material4-satin_finish_aluminum-effect"/>
	</material>
	<material id="Material5-satin_finish_aluminum">
		<instance_effect url="#Material5-satin_finish_aluminum-effect"/>
	</material>
	<material id="Material6-satin_finish_aluminum">
		<instance_effect url="#Material6-satin_finish_aluminum-effect"/>
	</material>
	<material id="Material7-satin_finish_aluminum">
		<instance_effect url="#Material7-satin_finish_aluminum-effect"/>
	</material>
	<material id="Material8-satin_finish_aluminum">
		<instance_effect url="#Material8-satin_finish_aluminum-effect"/>
	</material>
	<material id="Material9-satin_finish_aluminum">
		<instance_effect url="#Material9-satin_finish_aluminum-effect"/>
	</material>
	<material id="Material10-satin_finish_aluminum">
		<instance_effect url="#Material10-satin_finish_aluminum-effect"/>
	</material>
	<material id="Material11-satin_finish_aluminum">
		<instance_effect url="#Material11-satin_finish_aluminum-effect"/>
	</material>
	<material id="Material12-satin_finish_aluminum">
		<instance_effect url="#Material12-satin_finish_aluminum-effect"/>
	</material>
	<material id="Material13-satin_finish_aluminum">
		<instance_effect url="#Material13-satin_finish_aluminum-effect"/>
	</material>
	<material id="Material14-satin_finish_aluminum">
		<instance_effect url="#Material14-satin_finish_aluminum-effect"/>
	</material>
	<material id="Material15-satin_finish_aluminum">
		<instance_effect url="#Material15-satin_finish_aluminum-effect"/>
	</material>
	<material id="Material16-satin_finish_aluminum">
		<instance_effect url="#Material16-satin_finish_aluminum-effect"/>
	</material>
	<material id="Material17-satin_finish_aluminum">
		<instance_effect url="#Material17-satin_finish_aluminum-effect"/>
	</material>
	<material id="Material18-satin_finish_aluminum">
		<instance_effect url="#Material18-satin_finish_aluminum-effect"/>
	</material>
	<material id="Material19-satin_finish_aluminum">
		<instance_effect url="#Material19-satin_finish_aluminum-effect"/>
	</material>
	<material id="Material20-satin_finish_aluminum">
		<instance_effect url="#Material20-satin_finish_aluminum-effect"/>
	</material>
	<material id="Material21-satin_finish_aluminum">
		<instance_effect url="#Material21-satin_finish_aluminum-effect"/>
	</material>
	<material id="Material22-satin_finish_aluminum">
		<instance_effect url="#Material22-satin_finish_aluminum-effect"/>
	</material>
	<material id="Material23-satin_finish_aluminum">
		<instance_effect url="#Material23-satin_finish_aluminum-effect"/>
	</material>
	<material id="Material24-satin_finish_aluminum">
		<instance_effect url="#Material24-satin_finish_aluminum-effect"/>
	</material>
	<material id="Material25-satin_finish_aluminum">
		<instance_effect url="#Material25-satin_finish_aluminum-effect"/>
	</material>
	<material id="Material26-satin_finish_aluminum">
		<instance_effect url="#Material26-satin_finish_aluminum-effect"/>
	</material>
	<material id="Material27-satin_finish_aluminum">
		<instance_effect url="#Material27-satin_finish_aluminum-effect"/>
	</material>
	<material id="Material28-satin_finish_aluminum">
		<instance_effect url="#Material28-satin_finish_aluminum-effect"/>
	</material>
	<material id="Material29-satin_finish_aluminum">
		<instance_effect url="#Material29-satin_finish_aluminum-effect"/>
	</material>
	<material id="Material30-satin_finish_aluminum">
		<instance_effect url="#Material30-satin_finish_aluminum-effect"/>
	</material>
	<material id="Material31-satin_finish_aluminum">
		<instance_effect url="#Material31-satin_finish_aluminum-effect"/>
	</material>
	<material id="Material32-satin_finish_aluminum">
		<instance_effect url="#Material32-satin_finish_aluminum-effect"/>
	</material>
	<material id="Material33-satin_finish_aluminum">
		<instance_effect url="#Material33-satin_finish_aluminum-effect"/>
	</material>
	<material id="Material34-satin_finish_aluminum">
		<instance_effect url="#Material34-satin_finish_aluminum-effect"/>
	</material>
	<material id="Material35-satin_finish_aluminum">
		<instance_effect url="#Material35-satin_finish_aluminum-effect"/>
	</material>
	<material id="Material36-satin_finish_aluminum">
		<instance_effect url="#Material36-satin_finish_aluminum-effect"/>
	</material>
	<material id="Material37-satin_finish_aluminum">
		<instance_effect url="#Material37-satin_finish_aluminum-effect"/>
	</material>
	<material id="Material38-satin_finish_aluminum">
		<instance_effect url="#Material38-satin_finish_aluminum-effect"/>
	</material>
	<material id="Material39-satin_finish_aluminum">
		<instance_effect url="#Material39-satin_finish_aluminum-effect"/>
	</material>
	<material id="Material40-satin_finish_aluminum">
		<instance_effect url="#Material40-satin_finish_aluminum-effect"/>
	</material>
	<material id="Material41-satin_finish_aluminum">
		<instance_effect url="#Material41-satin_finish_aluminum-effect"/>
	</material>
	<material id="Material42-satin_finish_aluminum">
		<instance_effect url="#Material42-satin_finish_aluminum-effect"/>
	</material>
	<material id="Material43-satin_finish_aluminum">
		<instance_effect url="#Material43-satin_finish_aluminum-effect"/>
	</material>
	<material id="Material44-satin_finish_aluminum">
		<instance_effect url="#Material44-satin_finish_aluminum-effect"/>
	</material>
	<material id="Material45-satin_finish_aluminum">
		<instance_effect url="#Material45-satin_finish_aluminum-effect"/>
	</material>
	<material id="Material46-satin_finish_aluminum">
		<instance_effect url="#Material46-satin_finish_aluminum-effect"/>
	</material>
	<material id="Material47-satin_finish_aluminum">
		<instance_effect url="#Material47-satin_finish_aluminum-effect"/>
	</material>
	<material id="Material48-satin_finish_aluminum">
		<instance_effect url="#Material48-satin_finish_aluminum-effect"/>
	</material>
	<material id="Material49-satin_finish_aluminum">
		<instance_effect url="#Material49-satin_finish_aluminum-effect"/>
	</material>
	<material id="Material50-satin_finish_aluminum">
		<instance_effect url="#Material50-satin_finish_aluminum-effect"/>
	</material>
	<material id="Material51-satin_finish_aluminum">
		<instance_effect url="#Material51-satin_finish_aluminum-effect"/>
	</material>
	<material id="Material52-satin_finish_aluminum">
		<instance_effect url="#Material52-satin_finish_aluminum-effect"/>
	</material>
	<material id="Material53-satin_finish_aluminum">
		<instance_effect url="#Material53-satin_finish_aluminum-effect"/>
	</material>
	<material id="Material54-satin_finish_aluminum">
		<instance_effect url="#Material54-satin_finish_aluminum-effect"/>
	</material>
	<material id="Material55-satin_finish_aluminum">
		<instance_effect url="#Material55-satin_finish_aluminum-effect"/>
	</material>
	<material id="Material56-satin_finish_aluminum">
		<instance_effect url="#Material56-satin_finish_aluminum-effect"/>
	</material>
	<material id="Material57-satin_finish_aluminum">
		<instance_effect url="#Material57-satin_finish_aluminum-effect"/>
	</material>
	<material id="Material58-satin_finish_aluminum">
		<instance_effect url="#Material58-satin_finish_aluminum-effect"/>
	</material>
	<material id="Material59-satin_finish_aluminum">
		<instance_effect url="#Material59-satin_finish_aluminum-effect"/>
	</material>
	<material id="Material60-satin_finish_aluminum">
		<instance_effect url="#Material60-satin_finish_aluminum-effect"/>
	</material>
	<material id="Material61-satin_finish_aluminum">
		<instance_effect url="#Material61-satin_finish_aluminum-effect"/>
	</material>
	<material id="Material62-satin_finish_aluminum">
		<instance_effect url="#Material62-satin_finish_aluminum-effect"/>
	</material>
	<material id="Material63-satin_finish_aluminum">
		<instance_effect url="#Material63-satin_finish_aluminum-effect"/>
	</material>
	<material id="Material64-satin_finish_aluminum">
		<instance_effect url="#Material64-satin_finish_aluminum-effect"/>
	</material>
	<material id="Material65-satin_finish_aluminum">
		<instance_effect url="#Material65-satin_finish_aluminum-effect"/>
	</material>
	<material id="Material66-satin_finish_aluminum">
		<instance_effect url="#Material66-satin_finish_aluminum-effect"/>
	</material>
	<material id="Material67-satin_finish_aluminum">
		<instance_effect url="#Material67-satin_finish_aluminum-effect"/>
	</material>
	<material id="Material68-satin_finish_aluminum">
		<instance_effect url="#Material68-satin_finish_aluminum-effect"/>
	</material>
	<material id="Material69-satin_finish_aluminum">
		<instance_effect url="#Material69-satin_finish_aluminum-effect"/>
	</material>
	<material id="Material70-satin_finish_aluminum">
		<instance_effect url="#Material70-satin_finish_aluminum-effect"/>
	</material>
	<material id="Material71-satin_finish_aluminum">
		<instance_effect url="#Material71-satin_finish_aluminum-effect"/>
	</material>
	<material id="Material72-satin_finish_aluminum">
		<instance_effect url="#Material72-satin_finish_aluminum-effect"/>
	</material>
	<material id="Material73-satin_finish_aluminum">
		<instance_effect url="#Material73-satin_finish_aluminum-effect"/>
	</material>
	<material id="Material74-satin_finish_aluminum">
		<instance_effect url="#Material74-satin_finish_aluminum-effect"/>
	</material>
	<material id="Material75-satin_finish_aluminum">
		<instance_effect url="#Material75-satin_finish_aluminum-effect"/>
	</material>
	<material id="Material76-satin_finish_aluminum">
		<instance_effect url="#Material76-satin_finish_aluminum-effect"/>
	</material>
	<material id="Material77-satin_finish_aluminum">
		<instance_effect url="#Material77-satin_finish_aluminum-effect"/>
	</material>
	<material id="Material78-satin_finish_aluminum">
		<instance_effect url="#Material78-satin_finish_aluminum-effect"/>
	</material>
	<material id="Material79-satin_finish_aluminum">
		<instance_effect url="#Material79-satin_finish_aluminum-effect"/>
	</material>
	<material id="Material80-satin_finish_aluminum">
		<instance_effect url="#Material80-satin_finish_aluminum-effect"/>
	</material>
	<material id="Material81-satin_finish_aluminum">
		<instance_effect url="#Material81-satin_finish_aluminum-effect"/>
	</material>
	<material id="Material82-satin_finish_aluminum">
		<instance_effect url="#Material82-satin_finish_aluminum-effect"/>
	</material>
	<material id="Material83-satin_finish_aluminum">
		<instance_effect url="#Material83-satin_finish_aluminum-effect"/>
	</material>
	<material id="Material84-satin_finish_aluminum">
		<instance_effect url="#Material84-satin_finish_aluminum-effect"/>
	</material>
	<material id="Material85-satin_finish_aluminum">
		<instance_effect url="#Material85-satin_finish_aluminum-effect"/>
	</material>
	<material id="Material86-satin_finish_aluminum">
		<instance_effect url="#Material86-satin_finish_aluminum-effect"/>
	</material>
	<material id="Material87-satin_finish_aluminum">
		<instance_effect url="#Material87-satin_finish_aluminum-effect"/>
	</material>
	<material id="Material88-satin_finish_aluminum">
		<instance_effect url="#Material88-satin_finish_aluminum-effect"/>
	</material>
	<material id="Material89-satin_finish_aluminum">
		<instance_effect url="#Material89-satin_finish_aluminum-effect"/>
	</material>
	<material id="Material90-satin_finish_aluminum">
		<instance_effect url="#Material90-satin_finish_aluminum-effect"/>
	</material>
	<material id="Material91-satin_finish_aluminum">
		<instance_effect url="#Material91-satin_finish_aluminum-effect"/>
	</material>
	<material id="Material92-satin_finish_aluminum">
		<instance_effect url="#Material92-satin_finish_aluminum-effect"/>
	</material>
	<material id="Material93-satin_finish_aluminum">
		<instance_effect url="#Material93-satin_finish_aluminum-effect"/>
	</material>
	<material id="Material94-satin_finish_aluminum">
		<instance_effect url="#Material94-satin_finish_aluminum-effect"/>
	</material>
	<material id="Material95-satin_finish_aluminum">
		<instance_effect url="#Material95-satin_finish_aluminum-effect"/>
	</material>
	<material id="Material96-satin_finish_aluminum">
		<instance_effect url="#Material96-satin_finish_aluminum-effect"/>
	</material>
	<material id="Material97-satin_finish_aluminum">
		<instance_effect url="#Material97-satin_finish_aluminum-effect"/>
	</material>
	<material id="Material98-satin_finish_aluminum">
		<instance_effect url="#Material98-satin_finish_aluminum-effect"/>
	</material>
	<material id="Material99-satin_finish_aluminum">
		<instance_effect url="#Material99-satin_finish_aluminum-effect"/>
	</material>
	<material id="Material100-satin_finish_aluminum">
		<instance_effect url="#Material100-satin_finish_aluminum-effect"/>
	</material>
	<material id="Material101-satin_finish_aluminum">
		<instance_effect url="#Material101-satin_finish_aluminum-effect"/>
	</material>
	<material id="Material102-satin_finish_aluminum">
		<instance_effect url="#Material102-satin_finish_aluminum-effect"/>
	</material>
	<material id="Material103-satin_finish_aluminum">
		<instance_effect url="#Material103-satin_finish_aluminum-effect"/>
	</material>
	<material id="Material104-satin_finish_aluminum">
		<instance_effect url="#Material104-satin_finish_aluminum-effect"/>
	</material>
	<material id="Material105-satin_finish_aluminum">
		<instance_effect url="#Material105-satin_finish_aluminum-effect"/>
	</material>
	<material id="Material106-satin_finish_aluminum">
		<instance_effect url="#Material106-satin_finish_aluminum-effect"/>
	</material>
	<material id="Material107-satin_finish_aluminum">
		<instance_effect url="#Material107-satin_finish_aluminum-effect"/>
	</material>
	<material id="Material108-satin_finish_aluminum">
		<instance_effect url="#Material108-satin_finish_aluminum-effect"/>
	</material>
	<material id="Material109-satin_finish_aluminum">
		<instance_effect url="#Material109-satin_finish_aluminum-effect"/>
	</material>
	<material id="Material110-satin_finish_aluminum">
		<instance_effect url="#Material110-satin_finish_aluminum-effect"/>
	</material>
	<material id="Material111-satin_finish_aluminum">
		<instance_effect url="#Material111-satin_finish_aluminum-effect"/>
	</material>
	<material id="Material112-satin_finish_aluminum">
		<instance_effect url="#Material112-satin_finish_aluminum-effect"/>
	</material>
	<material id="Material113-satin_finish_aluminum">
		<instance_effect url="#Material113-satin_finish_aluminum-effect"/>
	</material>
	<material id="Material114-satin_finish_aluminum">
		<instance_effect url="#Material114-satin_finish_aluminum-effect"/>
	</material>
	<material id="Material115-satin_finish_aluminum">
		<instance_effect url="#Material115-satin_finish_aluminum-effect"/>
	</material>
	<material id="Material116-satin_finish_aluminum">
		<instance_effect url="#Material116-satin_finish_aluminum-effect"/>
	</material>
	<material id="Material117-satin_finish_aluminum">
		<instance_effect url="#Material117-satin_finish_aluminum-effect"/>
	</material>
	<material id="Material118-satin_finish_aluminum">
		<instance_effect url="#Material118-satin_finish_aluminum-effect"/>
	</material>
	<material id="Material119-satin_finish_aluminum">
		<instance_effect url="#Material119-satin_finish_aluminum-effect"/>
	</material>
	<material id="Material120-satin_finish_aluminum">
		<instance_effect url="#Material120-satin_finish_aluminum-effect"/>
	</material>
	<material id="Material121-satin_finish_aluminum">
		<instance_effect url="#Material121-satin_finish_aluminum-effect"/>
	</material>
	<material id="Material122-satin_finish_aluminum">
		<instance_effect url="#Material122-satin_finish_aluminum-effect"/>
	</material>
	<material id="Material123-satin_finish_aluminum">
		<instance_effect url="#Material123-satin_finish_aluminum-effect"/>
	</material>
	<material id="Material124-satin_finish_aluminum">
		<instance_effect url="#Material124-satin_finish_aluminum-effect"/>
	</material>
	<material id="Material125-satin_finish_aluminum">
		<instance_effect url="#Material125-satin_finish_aluminum-effect"/>
	</material>
	<material id="Material126-satin_finish_aluminum">
		<instance_effect url="#Material126-satin_finish_aluminum-effect"/>
	</material>
	<material id="Material127-satin_finish_aluminum">
		<instance_effect url="#Material127-satin_finish_aluminum-effect"/>
	</material>
	<material id="Material128-satin_finish_aluminum">
		<instance_effect url="#Material128-satin_finish_aluminum-effect"/>
	</material>
	<material id="Material129-satin_finish_aluminum">
		<instance_effect url="#Material129-satin_finish_aluminum-effect"/>
	</material>
	<material id="Material130-satin_finish_aluminum">
		<instance_effect url="#Material130-satin_finish_aluminum-effect"/>
	</material>
	<material id="Material131-satin_finish_aluminum">
		<instance_effect url="#Material131-satin_finish_aluminum-effect"/>
	</material>
	<material id="Material132-satin_finish_aluminum">
		<instance_effect url="#Material132-satin_finish_aluminum-effect"/>
	</material>
	<material id="Material133-satin_finish_aluminum">
		<instance_effect url="#Material133-satin_finish_aluminum-effect"/>
	</material>
	<material id="Material134-satin_finish_aluminum">
		<instance_effect url="#Material134-satin_finish_aluminum-effect"/>
	</material>
	<material id="Material135-satin_finish_aluminum">
		<instance_effect url="#Material135-satin_finish_aluminum-effect"/>
	</material>
	<material id="Material136-satin_finish_aluminum">
		<instance_effect url="#Material136-satin_finish_aluminum-effect"/>
	</material>
	<material id="Material137-satin_finish_aluminum">
		<instance_effect url="#Material137-satin_finish_aluminum-effect"/>
	</material>
	<material id="Material138-satin_finish_aluminum">
		<instance_effect url="#Material138-satin_finish_aluminum-effect"/>
	</material>
	<material id="Material139-satin_finish_aluminum">
		<instance_effect url="#Material139-satin_finish_aluminum-effect"/>
	</material>
	<material id="Material140-satin_finish_aluminum">
		<instance_effect url="#Material140-satin_finish_aluminum-effect"/>
	</material>
	<material id="Material141-satin_finish_aluminum">
		<instance_effect url="#Material141-satin_finish_aluminum-effect"/>
	</material>
	<material id="Material142-satin_finish_aluminum">
		<instance_effect url="#Material142-satin_finish_aluminum-effect"/>
	</material>
	<material id="Material143-satin_finish_aluminum">
		<instance_effect url="#Material143-satin_finish_aluminum-effect"/>
	</material>
	<material id="Material144-satin_finish_aluminum">
		<instance_effect url="#Material144-satin_finish_aluminum-effect"/>
	</material>
	<material id="Material145-satin_finish_aluminum">
		<instance_effect url="#Material145-satin_finish_aluminum-effect"/>
	</material>
	<material id="Material146-satin_finish_aluminum">
		<instance_effect url="#Material146-satin_finish_aluminum-effect"/>
	</material>
	<material id="Material147-satin_finish_aluminum">
		<instance_effect url="#Material147-satin_finish_aluminum-effect"/>
	</material>
	<material id="Material148-satin_finish_aluminum">
		<instance_effect url="#Material148-satin_finish_aluminum-effect"/>
	</material>
	<material id="Material149-satin_finish_aluminum">
		<instance_effect url="#Material149-satin_finish_aluminum-effect"/>
	</material>
	<material id="Material150-satin_finish_aluminum">
		<instance_effect url="#Material150-satin_finish_aluminum-effect"/>
	</material>
	<material id="Material151-satin_finish_aluminum">
		<instance_effect url="#Material151-satin_finish_aluminum-effect"/>
	</material>
	<material id="Material152-satin_finish_aluminum">
		<instance_effect url="#Material152-satin_finish_aluminum-effect"/>
	</material>
	<material id="Material153-satin_finish_aluminum">
		<instance_effect url="#Material153-satin_finish_aluminum-effect"/>
	</material>
	<material id="Material154-satin_finish_aluminum">
		<instance_effect url="#Material154-satin_finish_aluminum-effect"/>
	</material>
	<material id="Material155-satin_finish_aluminum">
		<instance_effect url="#Material155-satin_finish_aluminum-effect"/>
	</material>
	<material id="Material156-satin_finish_aluminum">
		<instance_effect url="#Material156-satin_finish_aluminum-effect"/>
	</material>
	<material id="Material157-satin_finish_aluminum">
		<instance_effect url="#Material157-satin_finish_aluminum-effect"/>
	</material>
	<material id="Material158-satin_finish_aluminum">
		<instance_effect url="#Material158-satin_finish_aluminum-effect"/>
	</material>
	<material id="Material159-satin_finish_aluminum">
		<instance_effect url="#Material159-satin_finish_aluminum-effect"/>
	</material>
	<material id="Material160-satin_finish_aluminum">
		<instance_effect url="#Material160-satin_finish_aluminum-effect"/>
	</material>
	<material id="Material161-satin_finish_aluminum">
		<instance_effect url="#Material161-satin_finish_aluminum-effect"/>
	</material>
	<material id="Material162-satin_finish_aluminum">
		<instance_effect url="#Material162-satin_finish_aluminum-effect"/>
	</material>
	<material id="Material163-satin_finish_aluminum">
		<instance_effect url="#Material163-satin_finish_aluminum-effect"/>
	</material>
	<material id="Material164-satin_finish_aluminum">
		<instance_effect url="#Material164-satin_finish_aluminum-effect"/>
	</material>
	<material id="Material165-satin_finish_aluminum">
		<instance_effect url="#Material165-satin_finish_aluminum-effect"/>
	</material>
	<material id="Material166-satin_finish_aluminum">
		<instance_effect url="#Material166-satin_finish_aluminum-effect"/>
	</material>
	<material id="Material167-satin_finish_aluminum">
		<instance_effect url="#Material167-satin_finish_aluminum-effect"/>
	</material>
	<material id="Material168-satin_finish_aluminum">
		<instance_effect url="#Material168-satin_finish_aluminum-effect"/>
	</material>
	<material id="Material169-satin_finish_aluminum">
		<instance_effect url="#Material169-satin_finish_aluminum-effect"/>
	</material>
	<material id="Material170-satin_finish_aluminum">
		<instance_effect url="#Material170-satin_finish_aluminum-effect"/>
	</material>
	<material id="Material171-satin_finish_aluminum">
		<instance_effect url="#Material171-satin_finish_aluminum-effect"/>
	</material>
	<material id="Material172-satin_finish_aluminum">
		<instance_effect url="#Material172-satin_finish_aluminum-effect"/>
	</material>
	<material id="Material173-satin_finish_aluminum">
		<instance_effect url="#Material173-satin_finish_aluminum-effect"/>
	</material>
	<material id="Material174-satin_finish_aluminum">
		<instance_effect url="#Material174-satin_finish_aluminum-effect"/>
	</material>
	<material id="Material175-satin_finish_aluminum">
		<instance_effect url="#Material175-satin_finish_aluminum-effect"/>
	</material>
	<material id="Material176-satin_finish_aluminum">
		<instance_effect url="#Material176-satin_finish_aluminum-effect"/>
	</material>
	<material id="Material177-satin_finish_aluminum">
		<instance_effect url="#Material177-satin_finish_aluminum-effect"/>
	</material>
	<material id="Material178-satin_finish_aluminum">
		<instance_effect url="#Material178-satin_finish_aluminum-effect"/>
	</material>
	<material id="Material179-satin_finish_aluminum">
		<instance_effect url="#Material179-satin_finish_aluminum-effect"/>
	</material>
	<material id="Material180-satin_finish_aluminum">
		<instance_effect url="#Material180-satin_finish_aluminum-effect"/>
	</material>
	<material id="Material181-satin_finish_aluminum">
		<instance_effect url="#Material181-satin_finish_aluminum-effect"/>
	</material>
	<material id="Material182-satin_finish_aluminum">
		<instance_effect url="#Material182-satin_finish_aluminum-effect"/>
	</material>
	<material id="Material183-satin_finish_aluminum">
		<instance_effect url="#Material183-satin_finish_aluminum-effect"/>
	</material>
	<material id="Material184-satin_finish_aluminum">
		<instance_effect url="#Material184-satin_finish_aluminum-effect"/>
	</material>
	<material id="Material185-satin_finish_aluminum">
		<instance_effect url="#Material185-satin_finish_aluminum-effect"/>
	</material>
	<material id="Material186-satin_finish_aluminum">
		<instance_effect url="#Material186-satin_finish_aluminum-effect"/>
	</material>
	<material id="Material187-satin_finish_aluminum">
		<instance_effect url="#Material187-satin_finish_aluminum-effect"/>
	</material>
	<material id="Material188-satin_finish_aluminum">
		<instance_effect url="#Material188-satin_finish_aluminum-effect"/>
	</material>
	<material id="Material189-satin_finish_aluminum">
		<instance_effect url="#Material189-satin_finish_aluminum-effect"/>
	</material>
	<material id="Material190-satin_finish_aluminum">
		<instance_effect url="#Material190-satin_finish_aluminum-effect"/>
	</material>
	<material id="Material191-satin_finish_aluminum">
		<instance_effect url="#Material191-satin_finish_aluminum-effect"/>
	</material>
	<material id="Material192-satin_finish_aluminum">
		<instance_effect url="#Material192-satin_finish_aluminum-effect"/>
	</material>
	<material id="Material193-satin_finish_aluminum">
		<instance_effect url="#Material193-satin_finish_aluminum-effect"/>
	</material>
	<material id="Material194-satin_finish_aluminum">
		<instance_effect url="#Material194-satin_finish_aluminum-effect"/>
	</material>
	<material id="Material195-satin_finish_aluminum">
		<instance_effect url="#Material195-satin_finish_aluminum-effect"/>
	</material>
	<material id="Material196-satin_finish_aluminum">
		<instance_effect url="#Material196-satin_finish_aluminum-effect"/>
	</material>
	<material id="Material197-satin_finish_aluminum">
		<instance_effect url="#Material197-satin_finish_aluminum-effect"/>
	</material>
	<material id="Material198-satin_finish_aluminum">
		<instance_effect url="#Material198-satin_finish_aluminum-effect"/>
	</material>
	<material id="Material199-satin_finish_aluminum">
		<instance_effect url="#Material199-satin_finish_aluminum-effect"/>
	</material>
	<material id="Material200-satin_finish_aluminum">
		<instance_effect url="#Material200-satin_finish_aluminum-effect"/>
	</material>
	<material id="Material201-satin_finish_aluminum">
		<instance_effect url="#Material201-satin_finish_aluminum-effect"/>
	</material>
	<material id="Material202-satin_finish_aluminum">
		<instance_effect url="#Material202-satin_finish_aluminum-effect"/>
	</material>
	<material id="Material203-satin_finish_aluminum">
		<instance_effect url="#Material203-satin_finish_aluminum-effect"/>
	</material>
	<material id="Material204-satin_finish_aluminum">
		<instance_effect url="#Material204-satin_finish_aluminum-effect"/>
	</material>
	<material id="Material205-satin_finish_aluminum">
		<instance_effect url="#Material205-satin_finish_aluminum-effect"/>
	</material>
	<material id="Material206-satin_finish_aluminum">
		<instance_effect url="#Material206-satin_finish_aluminum-effect"/>
	</material>
	<material id="Material207-satin_finish_aluminum">
		<instance_effect url="#Material207-satin_finish_aluminum-effect"/>
	</material>
	<material id="Material208-satin_finish_aluminum">
		<instance_effect url="#Material208-satin_finish_aluminum-effect"/>
	</material>
	<material id="Material209-satin_finish_aluminum">
		<instance_effect url="#Material209-satin_finish_aluminum-effect"/>
	</material>
	<material id="Material210-satin_finish_aluminum">
		<instance_effect url="#Material210-satin_finish_aluminum-effect"/>
	</material>
	<material id="Material211-satin_finish_aluminum">
		<instance_effect url="#Material211-satin_finish_aluminum-effect"/>
	</material>
	<material id="Material212-satin_finish_aluminum">
		<instance_effect url="#Material212-satin_finish_aluminum-effect"/>
	</material>
	<material id="Material213-satin_finish_aluminum">
		<instance_effect url="#Material213-satin_finish_aluminum-effect"/>
	</material>
	<material id="Material214-satin_finish_aluminum">
		<instance_effect url="#Material214-satin_finish_aluminum-effect"/>
	</material>
	<material id="Material215-satin_finish_aluminum">
		<instance_effect url="#Material215-satin_finish_aluminum-effect"/>
	</material>
	<material id="Material216-satin_finish_aluminum">
		<instance_effect url="#Material216-satin_finish_aluminum-effect"/>
	</material>
	<material id="Material217-satin_finish_aluminum">
		<instance_effect url="#Material217-satin_finish_aluminum-effect"/>
	</material>
	<material id="Material218-satin_finish_aluminum">
		<instance_effect url="#Material218-satin_finish_aluminum-effect"/>
	</material>
	<material id="Material219-satin_finish_aluminum">
		<instance_effect url="#Material219-satin_finish_aluminum-effect"/>
	</material>
	<material id="Material220-satin_finish_aluminum">
		<instance_effect url="#Material220-satin_finish_aluminum-effect"/>
	</material>
	<material id="Material221-satin_finish_aluminum">
		<instance_effect url="#Material221-satin_finish_aluminum-effect"/>
	</material>
	<material id="Material222-satin_finish_aluminum">
		<instance_effect url="#Material222-satin_finish_aluminum-effect"/>
	</material>
	<material id="Material223-satin_finish_aluminum">
		<instance_effect url="#Material223-satin_finish_aluminum-effect"/>
	</material>
	<material id="Material224-satin_finish_aluminum">
		<instance_effect url="#Material224-satin_finish_aluminum-effect"/>
	</material>
	<material id="Material225-satin_finish_aluminum">
		<instance_effect url="#Material225-satin_finish_aluminum-effect"/>
	</material>
	<material id="Material226-satin_finish_aluminum">
		<instance_effect url="#Material226-satin_finish_aluminum-effect"/>
	</material>
	<material id="Material227-satin_finish_aluminum">
		<instance_effect url="#Material227-satin_finish_aluminum-effect"/>
	</material>
	<material id="Material228-satin_finish_aluminum">
		<instance_effect url="#Material228-satin_finish_aluminum-effect"/>
	</material>
	<material id="Material229-satin_finish_aluminum">
		<instance_effect url="#Material229-satin_finish_aluminum-effect"/>
	</material>
	<material id="Material230-satin_finish_aluminum">
		<instance_effect url="#Material230-satin_finish_aluminum-effect"/>
	</material>
	<material id="Material231-satin_finish_aluminum">
		<instance_effect url="#Material231-satin_finish_aluminum-effect"/>
	</material>
	<material id="Material232-satin_finish_aluminum">
		<instance_effect url="#Material232-satin_finish_aluminum-effect"/>
	</material>
	<material id="Material233-satin_finish_aluminum">
		<instance_effect url="#Material233-satin_finish_aluminum-effect"/>
	</material>
	<material id="Material234-satin_finish_aluminum">
		<instance_effect url="#Material234-satin_finish_aluminum-effect"/>
	</material>
	<material id="Material235-satin_finish_aluminum">
		<instance_effect url="#Material235-satin_finish_aluminum-effect"/>
	</material>
	<material id="Material236-satin_finish_aluminum">
		<instance_effect url="#Material236-satin_finish_aluminum-effect"/>
	</material>
	<material id="Material237-satin_finish_aluminum">
		<instance_effect url="#Material237-satin_finish_aluminum-effect"/>
	</material>
	<material id="Material238-satin_finish_aluminum">
		<instance_effect url="#Material238-satin_finish_aluminum-effect"/>
	</material>
	<material id="Material239-satin_finish_aluminum">
		<instance_effect url="#Material239-satin_finish_aluminum-effect"/>
	</material>
	<material id="Material240-satin_finish_aluminum">
		<instance_effect url="#Material240-satin_finish_aluminum-effect"/>
	</material>
	<material id="Material241-satin_finish_aluminum">
		<instance_effect url="#Material241-satin_finish_aluminum-effect"/>
	</material>
	<material id="Material242-satin_finish_aluminum">
		<instance_effect url="#Material242-satin_finish_aluminum-effect"/>
	</material>
	<material id="Material243-satin_finish_aluminum">
		<instance_effect url="#Material243-satin_finish_aluminum-effect"/>
	</material>
	<material id="Material244-satin_finish_aluminum">
		<instance_effect url="#Material244-satin_finish_aluminum-effect"/>
	</material>
	<material id="Material245-satin_finish_aluminum">
		<instance_effect url="#Material245-satin_finish_aluminum-effect"/>
	</material>
	<material id="Material246-satin_finish_aluminum">
		<instance_effect url="#Material246-satin_finish_aluminum-effect"/>
	</material>
	<material id="Material247-satin_finish_aluminum">
		<instance_effect url="#Material247-satin_finish_aluminum-effect"/>
	</material>
	<material id="Material248-satin_finish_aluminum">
		<instance_effect url="#Material248-satin_finish_aluminum-effect"/>
	</material>
	<material id="Material249-satin_finish_aluminum">
		<instance_effect url="#Material249-satin_finish_aluminum-effect"/>
	</material>
	<material id="Material250-satin_finish_aluminum">
		<instance_effect url="#Material250-satin_finish_aluminum-effect"/>
	</material>
	<material id="Material251-satin_finish_aluminum">
		<instance_effect url="#Material251-satin_finish_aluminum-effect"/>
	</material>
	<material id="Material252-satin_finish_aluminum">
		<instance_effect url="#Material252-satin_finish_aluminum-effect"/>
	</material>
	<material id="Material253-satin_finish_aluminum">
		<instance_effect url="#Material253-satin_finish_aluminum-effect"/>
	</material>
	<material id="Material254-satin_finish_aluminum">
		<instance_effect url="#Material254-satin_finish_aluminum-effect"/>
	</material>
	<material id="Material255-">
		<instance_effect url="#Material255--effect"/>
	</material>
	<material id="Material256-">
		<instance_effect url="#Material256--effect"/>
	</material>
	<material id="Material257-">
		<instance_effect url="#Material257--effect"/>
	</material>
	<material id="Material258-">
		<instance_effect url="#Material258--effect"/>
	</material>
	<material id="Material259-">
		<instance_effect url="#Material259--effect"/>
	</material>
	<material id="Material260-">
		<instance_effect url="#Material260--effect"/>
	</material>
	<material id="Material261-">
		<instance_effect url="#Material261--effect"/>
	</material>
	<material id="Material262-">
		<instance_effect url="#Material262--effect"/>
	</material>
	<material id="Material263-">
		<instance_effect url="#Material263--effect"/>
	</material>
	<material id="Material264-">
		<instance_effect url="#Material264--effect"/>
	</material>
	<material id="Material265-">
		<instance_effect url="#Material265--effect"/>
	</material>
	<material id="Material266-">
		<instance_effect url="#Material266--effect"/>
	</material>
	<material id="Material267-">
		<instance_effect url="#Material267--effect"/>
	</material>
	<material id="Material268-">
		<instance_effect url="#Material268--effect"/>
	</material>
	<material id="Material269-">
		<instance_effect url="#Material269--effect"/>
	</material>
	<material id="Material270-">
		<instance_effect url="#Material270--effect"/>
	</material>
	<material id="Material271-">
		<instance_effect url="#Material271--effect"/>
	</material>
	<material id="Material272-">
		<instance_effect url="#Material272--effect"/>
	</material>
	<material id="Material273-">
		<instance_effect url="#Material273--effect"/>
	</material>
	<material id="Material274-">
		<instance_effect url="#Material274--effect"/>
	</material>
	<material id="Material275-">
		<instance_effect url="#Material275--effect"/>
	</material>
	<material id="Material276-">
		<instance_effect url="#Material276--effect"/>
	</material>
	<material id="Material277-">
		<instance_effect url="#Material277--effect"/>
	</material>
	<material id="Material278-">
		<instance_effect url="#Material278--effect"/>
	</material>
	<material id="Material279-">
		<instance_effect url="#Material279--effect"/>
	</material>
	<material id="Material280-">
		<instance_effect url="#Material280--effect"/>
	</material>
	<material id="Material281-">
		<instance_effect url="#Material281--effect"/>
	</material>
	<material id="Material282-">
		<instance_effect url="#Material282--effect"/>
	</material>
	<material id="Material283-">
		<instance_effect url="#Material283--effect"/>
	</material>
	<material id="Material284-">
		<instance_effect url="#Material284--effect"/>
	</material>
	<material id="Material285-">
		<instance_effect url="#Material285--effect"/>
	</material>
	<material id="Material286-">
		<instance_effect url="#Material286--effect"/>
	</material>
	<material id="Material287-">
		<instance_effect url="#Material287--effect"/>
	</material>
	<material id="Material288-">
		<instance_effect url="#Material288--effect"/>
	</material>
	<material id="Material289-">
		<instance_effect url="#Material289--effect"/>
	</material>
	<material id="Material290-">
		<instance_effect url="#Material290--effect"/>
	</material>
	<material id="Material291-">
		<instance_effect url="#Material291--effect"/>
	</material>
	<material id="Material292-">
		<instance_effect url="#Material292--effect"/>
	</material>
	<material id="Material293-">
		<instance_effect url="#Material293--effect"/>
	</material>
	<material id="Material294-">
		<instance_effect url="#Material294--effect"/>
	</material>
	<material id="Material295-">
		<instance_effect url="#Material295--effect"/>
	</material>
	<material id="Material296-">
		<instance_effect url="#Material296--effect"/>
	</material>
	<material id="Material297-">
		<instance_effect url="#Material297--effect"/>
	</material>
	<material id="Material298-">
		<instance_effect url="#Material298--effect"/>
	</material>
	<material id="Material299-">
		<instance_effect url="#Material299--effect"/>
	</material>
	<material id="Material300-">
		<instance_effect url="#Material300--effect"/>
	</material>
	<material id="Material301-">
		<instance_effect url="#Material301--effect"/>
	</material>
	<material id="Material302-">
		<instance_effect url="#Material302--effect"/>
	</material>
	<material id="Material303-">
		<instance_effect url="#Material303--effect"/>
	</material>
	<material id="Material304-">
		<instance_effect url="#Material304--effect"/>
	</material>
	<material id="Material305-">
		<instance_effect url="#Material305--effect"/>
	</material>
	<material id="Material306-">
		<instance_effect url="#Material306--effect"/>
	</material>
	<material id="Material307-">
		<instance_effect url="#Material307--effect"/>
	</material>
	<material id="Material308-">
		<instance_effect url="#Material308--effect"/>
	</material>
	<material id="Material309-">
		<instance_effect url="#Material309--effect"/>
	</material>
	<material id="Material310-">
		<instance_effect url="#Material310--effect"/>
	</material>
	<material id="Material311-">
		<instance_effect url="#Material311--effect"/>
	</material>
	<material id="Material312-">
		<instance_effect url="#Material312--effect"/>
	</material>
	<material id="Material313-">
		<instance_effect url="#Material313--effect"/>
	</material>
	<material id="Material314-">
		<instance_effect url="#Material314--effect"/>
	</material>
	<material id="Material315-">
		<instance_effect url="#Material315--effect"/>
	</material>
	<material id="Material316-">
		<instance_effect url="#Material316--effect"/>
	</material>
	<material id="Material317-">
		<instance_effect url="#Material317--effect"/>
	</material>
	<material id="Material318-">
		<instance_effect url="#Material318--effect"/>
	</material>
	<material id="Material319-">
		<instance_effect url="#Material319--effect"/>
	</material>
	<material id="Material320-">
		<instance_effect url="#Material320--effect"/>
	</material>
	<material id="Material321-">
		<instance_effect url="#Material321--effect"/>
	</material>
	<material id="Material322-">
		<instance_effect url="#Material322--effect"/>
	</material>
	<material id="Material323-">
		<instance_effect url="#Material323--effect"/>
	</material>
	<material id="Material324-">
		<instance_effect url="#Material324--effect"/>
	</material>
	<material id="Material325-">
		<instance_effect url="#Material325--effect"/>
	</material>
	<material id="Material326-">
		<instance_effect url="#Material326--effect"/>
	</material>
	<material id="Material327-">
		<instance_effect url="#Material327--effect"/>
	</material>
	<material id="Material328-">
		<instance_effect url="#Material328--effect"/>
	</material>
	<material id="Material329-">
		<instance_effect url="#Material329--effect"/>
	</material>
	<material id="Material330-">
		<instance_effect url="#Material330--effect"/>
	</material>
	<material id="Material331-">
		<instance_effect url="#Material331--effect"/>
	</material>
</library_materials>
<library_visual_scenes>
	<visual_scene id="Scene">
		<node id="A_Joint_4_Hub" name="A_Joint_4_Hub">
			<instance_geometry url="#A_Joint_4_Hub_Back_Plate-1-solid110">
				<bind_material>
					<technique_common>
						<instance_material symbol="Material0-satin_finish_aluminum" target="#Material0-satin_finish_aluminum"/>
						<instance_material symbol="Material1-satin_finish_aluminum" target="#Material1-satin_finish_aluminum"/>
						<instance_material symbol="Material10-satin_finish_aluminum" target="#Material10-satin_finish_aluminum"/>
						<instance_material symbol="Material100-satin_finish_aluminum" target="#Material100-satin_finish_aluminum"/>
						<instance_material symbol="Material101-satin_finish_aluminum" target="#Material101-satin_finish_aluminum"/>
						<instance_material symbol="Material102-satin_finish_aluminum" target="#Material102-satin_finish_aluminum"/>
						<instance_material symbol="Material103-satin_finish_aluminum" target="#Material103-satin_finish_aluminum"/>
						<instance_material symbol="Material104-satin_finish_aluminum" target="#Material104-satin_finish_aluminum"/>
						<instance_material symbol="Material105-satin_finish_aluminum" target="#Material105-satin_finish_aluminum"/>
						<instance_material symbol="Material106-satin_finish_aluminum" target="#Material106-satin_finish_aluminum"/>
						<instance_material symbol="Material107-satin_finish_aluminum" target="#Material107-satin_finish_aluminum"/>
						<instance_material symbol="Material108-satin_finish_aluminum" target="#Material108-satin_finish_aluminum"/>
						<instance_material symbol="Material109-satin_finish_aluminum" target="#Material109-satin_finish_aluminum"/>
						<instance_material symbol="Material11-satin_finish_aluminum" target="#Material11-satin_finish_aluminum"/>
						<instance_material symbol="Material110-satin_finish_aluminum" target="#Material110-satin_finish_aluminum"/>
						<instance_material symbol="Material111-satin_finish_aluminum" target="#Material111-satin_finish_aluminum"/>
						<instance_material symbol="Material112-satin_finish_aluminum" target="#Material112-satin_finish_aluminum"/>
						<instance_material symbol="Material113-satin_finish_aluminum" target="#Material113-satin_finish_aluminum"/>
						<instance_material symbol="Material114-satin_finish_aluminum" target="#Material114-satin_finish_aluminum"/>
						<instance_material symbol="Material115-satin_finish_aluminum" target="#Material115-satin_finish_aluminum"/>
						<instance_material symbol="Material116-satin_finish_aluminum" target="#Material116-satin_finish_aluminum"/>
						<instance_material symbol="Material117-satin_finish_aluminum" target="#Material117-satin_finish_aluminum"/>
						<instance_material symbol="Material118-satin_finish_aluminum" target="#Material118-satin_finish_aluminum"/>
						<instance_material symbol="Material119-satin_finish_aluminum" target="#Material119-satin_finish_aluminum"/>
						<instance_material symbol="Material12-satin_finish_aluminum" target="#Material12-satin_finish_aluminum"/>
						<instance_material symbol="Material120-satin_finish_aluminum" target="#Material120-satin_finish_aluminum"/>
						<instance_material symbol="Material121-satin_finish_aluminum" target="#Material121-satin_finish_aluminum"/>
						<instance_material symbol="Material122-satin_finish_aluminum" target="#Material122-satin_finish_aluminum"/>
						<instance_material symbol="Material123-satin_finish_aluminum" target="#Material123-satin_finish_aluminum"/>
						<instance_material symbol="Material124-satin_finish_aluminum" target="#Material124-satin_finish_aluminum"/>
						<instance_material symbol="Material125-satin_finish_aluminum" target="#Material125-satin_finish_aluminum"/>
						<instance_material symbol="Material126-satin_finish_aluminum" target="#Material126-satin_finish_aluminum"/>
						<instance_material symbol="Material127-satin_finish_aluminum" target="#Material127-satin_finish_aluminum"/>
						<instance_material symbol="Material128-satin_finish_aluminum" target="#Material128-satin_finish_aluminum"/>
						<instance_material symbol="Material129-satin_finish_aluminum" target="#Material129-satin_finish_aluminum"/>
						<instance_material symbol="Material13-satin_finish_aluminum" target="#Material13-satin_finish_aluminum"/>
						<instance_material symbol="Material130-satin_finish_aluminum" target="#Material130-satin_finish_aluminum"/>
						<instance_material symbol="Material131-satin_finish_aluminum" target="#Material131-satin_finish_aluminum"/>
						<instance_material symbol="Material132-satin_finish_aluminum" target="#Material132-satin_finish_aluminum"/>
						<instance_material symbol="Material133-satin_finish_aluminum" target="#Material133-satin_finish_aluminum"/>
						<instance_material symbol="Material134-satin_finish_aluminum" target="#Material134-satin_finish_aluminum"/>
						<instance_material symbol="Material135-satin_finish_aluminum" target="#Material135-satin_finish_aluminum"/>
						<instance_material symbol="Material136-satin_finish_aluminum" target="#Material136-satin_finish_aluminum"/>
						<instance_material symbol="Material137-satin_finish_aluminum" target="#Material137-satin_finish_aluminum"/>
						<instance_material symbol="Material138-satin_finish_aluminum" target="#Material138-satin_finish_aluminum"/>
						<instance_material symbol="Material139-satin_finish_aluminum" target="#Material139-satin_finish_aluminum"/>
						<instance_material symbol="Material14-satin_finish_aluminum" target="#Material14-satin_finish_aluminum"/>
						<instance_material symbol="Material140-satin_finish_aluminum" target="#Material140-satin_finish_aluminum"/>
						<instance_material symbol="Material141-satin_finish_aluminum" target="#Material141-satin_finish_aluminum"/>
						<instance_material symbol="Material142-satin_finish_aluminum" target="#Material142-satin_finish_aluminum"/>
						<instance_material symbol="Material143-satin_finish_aluminum" target="#Material143-satin_finish_aluminum"/>
						<instance_material symbol="Material144-satin_finish_aluminum" target="#Material144-satin_finish_aluminum"/>
						<instance_material symbol="Material145-satin_finish_aluminum" target="#Material145-satin_finish_aluminum"/>
						<instance_material symbol="Material146-satin_finish_aluminum" target="#Material146-satin_finish_aluminum"/>
						<instance_material symbol="Material147-satin_finish_aluminum" target="#Material147-satin_finish_aluminum"/>
						<instance_material symbol="Material148-satin_finish_aluminum" target="#Material148-satin_finish_aluminum"/>
						<instance_material symbol="Material149-satin_finish_aluminum" target="#Material149-satin_finish_aluminum"/>
						<instance_material symbol="Material15-satin_finish_aluminum" target="#Material15-satin_finish_aluminum"/>
						<instance_material symbol="Material150-satin_finish_aluminum" target="#Material150-satin_finish_aluminum"/>
						<instance_material symbol="Material151-satin_finish_aluminum" target="#Material151-satin_finish_aluminum"/>
						<instance_material symbol="Material152-satin_finish_aluminum" target="#Material152-satin_finish_aluminum"/>
						<instance_material symbol="Material153-satin_finish_aluminum" target="#Material153-satin_finish_aluminum"/>
						<instance_material symbol="Material154-satin_finish_aluminum" target="#Material154-satin_finish_aluminum"/>
						<instance_material symbol="Material155-satin_finish_aluminum" target="#Material155-satin_finish_aluminum"/>
						<instance_material symbol="Material156-satin_finish_aluminum" target="#Material156-satin_finish_aluminum"/>
						<instance_material symbol="Material157-satin_finish_aluminum" target="#Material157-satin_finish_aluminum"/>
						<instance_material symbol="Material158-satin_finish_aluminum" target="#Material158-satin_finish_aluminum"/>
						<instance_material symbol="Material159-satin_finish_aluminum" target="#Material159-satin_finish_aluminum"/>
						<instance_material symbol="Material16-satin_finish_aluminum" target="#Material16-satin_finish_aluminum"/>
						<instance_material symbol="Material160-satin_finish_aluminum" target="#Material160-satin_finish_aluminum"/>
						<instance_material symbol="Material161-satin_finish_aluminum" target="#Material161-satin_finish_aluminum"/>
						<instance_material symbol="Material162-satin_finish_aluminum" target="#Material162-satin_finish_aluminum"/>
						<instance_material symbol="Material163-satin_finish_aluminum" target="#Material163-satin_finish_aluminum"/>
						<instance_material symbol="Material164-satin_finish_aluminum" target="#Material164-satin_finish_aluminum"/>
						<instance_material symbol="Material165-satin_finish_aluminum" target="#Material165-satin_finish_aluminum"/>
						<instance_material symbol="Material166-satin_finish_aluminum" target="#Material166-satin_finish_aluminum"/>
						<instance_material symbol="Material167-satin_finish_aluminum" target="#Material167-satin_finish_aluminum"/>
						<instance_material symbol="Material168-satin_finish_aluminum" target="#Material168-satin_finish_aluminum"/>
						<instance_material symbol="Material169-satin_finish_aluminum" target="#Material169-satin_finish_aluminum"/>
						<instance_material symbol="Material17-satin_finish_aluminum" target="#Material17-satin_finish_aluminum"/>
						<instance_material symbol="Material170-satin_finish_aluminum" target="#Material170-satin_finish_aluminum"/>
						<instance_material symbol="Material171-satin_finish_aluminum" target="#Material171-satin_finish_aluminum"/>
						<instance_material symbol="Material172-satin_finish_aluminum" target="#Material172-satin_finish_aluminum"/>
						<instance_material symbol="Material173-satin_finish_aluminum" target="#Material173-satin_finish_aluminum"/>
						<instance_material symbol="Material174-satin_finish_aluminum" target="#Material174-satin_finish_aluminum"/>
						<instance_material symbol="Material175-satin_finish_aluminum" target="#Material175-satin_finish_aluminum"/>
						<instance_material symbol="Material176-satin_finish_aluminum" target="#Material176-satin_finish_aluminum"/>
						<instance_material symbol="Material177-satin_finish_aluminum" target="#Material177-satin_finish_aluminum"/>
						<instance_material symbol="Material178-satin_finish_aluminum" target="#Material178-satin_finish_aluminum"/>
						<instance_material symbol="Material179-satin_finish_aluminum" target="#Material179-satin_finish_aluminum"/>
						<instance_material symbol="Material18-satin_finish_aluminum" target="#Material18-satin_finish_aluminum"/>
						<instance_material symbol="Material180-satin_finish_aluminum" target="#Material180-satin_finish_aluminum"/>
						<instance_material symbol="Material181-satin_finish_aluminum" target="#Material181-satin_finish_aluminum"/>
						<instance_material symbol="Material182-satin_finish_aluminum" target="#Material182-satin_finish_aluminum"/>
						<instance_material symbol="Material183-satin_finish_aluminum" target="#Material183-satin_finish_aluminum"/>
						<instance_material symbol="Material184-satin_finish_aluminum" target="#Material184-satin_finish_aluminum"/>
						<instance_material symbol="Material185-satin_finish_aluminum" target="#Material185-satin_finish_aluminum"/>
						<instance_material symbol="Material186-satin_finish_aluminum" target="#Material186-satin_finish_aluminum"/>
						<instance_material symbol="Material187-satin_finish_aluminum" target="#Material187-satin_finish_aluminum"/>
						<instance_material symbol="Material188-satin_finish_aluminum" target="#Material188-satin_finish_aluminum"/>
						<instance_material symbol="Material189-satin_finish_aluminum" target="#Material189-satin_finish_aluminum"/>
						<instance_material symbol="Material19-satin_finish_aluminum" target="#Material19-satin_finish_aluminum"/>
						<instance_material symbol="Material190-satin_finish_aluminum" target="#Material190-satin_finish_aluminum"/>
						<instance_material symbol="Material191-satin_finish_aluminum" target="#Material191-satin_finish_aluminum"/>
						<instance_material symbol="Material192-satin_finish_aluminum" target="#Material192-satin_finish_aluminum"/>
						<instance_material symbol="Material193-satin_finish_aluminum" target="#Material193-satin_finish_aluminum"/>
						<instance_material symbol="Material194-satin_finish_aluminum" target="#Material194-satin_finish_aluminum"/>
						<instance_material symbol="Material195-satin_finish_aluminum" target="#Material195-satin_finish_aluminum"/>
						<instance_material symbol="Material196-satin_finish_aluminum" target="#Material196-satin_finish_aluminum"/>
						<instance_material symbol="Material197-satin_finish_aluminum" target="#Material197-satin_finish_aluminum"/>
						<instance_material symbol="Material198-satin_finish_aluminum" target="#Material198-satin_finish_aluminum"/>
						<instance_material symbol="Material199-satin_finish_aluminum" target="#Material199-satin_finish_aluminum"/>
						<instance_material symbol="Material2-satin_finish_aluminum" target="#Material2-satin_finish_aluminum"/>
						<instance_material symbol="Material20-satin_finish_aluminum" target="#Material20-satin_finish_aluminum"/>
						<instance_material symbol="Material200-satin_finish_aluminum" target="#Material200-satin_finish_aluminum"/>
						<instance_material symbol="Material201-satin_finish_aluminum" target="#Material201-satin_finish_aluminum"/>
						<instance_material symbol="Material202-satin_finish_aluminum" target="#Material202-satin_finish_aluminum"/>
						<instance_material symbol="Material203-satin_finish_aluminum" target="#Material203-satin_finish_aluminum"/>
						<instance_material symbol="Material204-satin_finish_aluminum" target="#Material204-satin_finish_aluminum"/>
						<instance_material symbol="Material205-satin_finish_aluminum" target="#Material205-satin_finish_aluminum"/>
						<instance_material symbol="Material206-satin_finish_aluminum" target="#Material206-satin_finish_aluminum"/>
						<instance_material symbol="Material207-satin_finish_aluminum" target="#Material207-satin_finish_aluminum"/>
						<instance_material symbol="Material208-satin_finish_aluminum" target="#Material208-satin_finish_aluminum"/>
						<instance_material symbol="Material209-satin_finish_aluminum" target="#Material209-satin_finish_aluminum"/>
						<instance_material symbol="Material21-satin_finish_aluminum" target="#Material21-satin_finish_aluminum"/>
						<instance_material symbol="Material210-satin_finish_aluminum" target="#Material210-satin_finish_aluminum"/>
						<instance_material symbol="Material211-satin_finish_aluminum" target="#Material211-satin_finish_aluminum"/>
						<instance_material symbol="Material212-satin_finish_aluminum" target="#Material212-satin_finish_aluminum"/>
						<instance_material symbol="Material213-satin_finish_aluminum" target="#Material213-satin_finish_aluminum"/>
						<instance_material symbol="Material214-satin_finish_aluminum" target="#Material214-satin_finish_aluminum"/>
						<instance_material symbol="Material215-satin_finish_aluminum" target="#Material215-satin_finish_aluminum"/>
						<instance_material symbol="Material216-satin_finish_aluminum" target="#Material216-satin_finish_aluminum"/>
						<instance_material symbol="Material217-satin_finish_aluminum" target="#Material217-satin_finish_aluminum"/>
						<instance_material symbol="Material218-satin_finish_aluminum" target="#Material218-satin_finish_aluminum"/>
						<instance_material symbol="Material219-satin_finish_aluminum" target="#Material219-satin_finish_aluminum"/>
						<instance_material symbol="Material22-satin_finish_aluminum" target="#Material22-satin_finish_aluminum"/>
						<instance_material symbol="Material220-satin_finish_aluminum" target="#Material220-satin_finish_aluminum"/>
						<instance_material symbol="Material221-satin_finish_aluminum" target="#Material221-satin_finish_aluminum"/>
						<instance_material symbol="Material222-satin_finish_aluminum" target="#Material222-satin_finish_aluminum"/>
						<instance_material symbol="Material223-satin_finish_aluminum" target="#Material223-satin_finish_aluminum"/>
						<instance_material symbol="Material224-satin_finish_aluminum" target="#Material224-satin_finish_aluminum"/>
						<instance_material symbol="Material225-satin_finish_aluminum" target="#Material225-satin_finish_aluminum"/>
						<instance_material symbol="Material226-satin_finish_aluminum" target="#Material226-satin_finish_aluminum"/>
						<instance_material symbol="Material227-satin_finish_aluminum" target="#Material227-satin_finish_aluminum"/>
						<instance_material symbol="Material228-satin_finish_aluminum" target="#Material228-satin_finish_aluminum"/>
						<instance_material symbol="Material229-satin_finish_aluminum" target="#Material229-satin_finish_aluminum"/>
						<instance_material symbol="Material23-satin_finish_aluminum" target="#Material23-satin_finish_aluminum"/>
						<instance_material symbol="Material230-satin_finish_aluminum" target="#Material230-satin_finish_aluminum"/>
						<instance_material symbol="Material231-satin_finish_aluminum" target="#Material231-satin_finish_aluminum"/>
						<instance_material symbol="Material24-satin_finish_aluminum" target="#Material24-satin_finish_aluminum"/>
						<instance_material symbol="Material25-satin_finish_aluminum" target="#Material25-satin_finish_aluminum"/>
						<instance_material symbol="Material26-satin_finish_aluminum" target="#Material26-satin_finish_aluminum"/>
						<instance_material symbol="Material27-satin_finish_aluminum" target="#Material27-satin_finish_aluminum"/>
						<instance_material symbol="Material28-satin_finish_aluminum" target="#Material28-satin_finish_aluminum"/>
						<instance_material symbol="Material29-satin_finish_aluminum" target="#Material29-satin_finish_aluminum"/>
						<instance_material symbol="Material3-satin_finish_aluminum" target="#Material3-satin_finish_aluminum"/>
						<instance_material symbol="Material30-satin_finish_aluminum" target="#Material30-satin_finish_aluminum"/>
						<instance_material symbol="Material31-satin_finish_aluminum" target="#Material31-satin_finish_aluminum"/>
						<instance_material symbol="Material32-satin_finish_aluminum" target="#Material32-satin_finish_aluminum"/>
						<instance_material symbol="Material33-satin_finish_aluminum" target="#Material33-satin_finish_aluminum"/>
						<instance_material symbol="Material34-satin_finish_aluminum" target="#Material34-satin_finish_aluminum"/>
						<instance_material symbol="Material35-satin_finish_aluminum" target="#Material35-satin_finish_aluminum"/>
						<instance_material symbol="Material36-satin_finish_aluminum" target="#Material36-satin_finish_aluminum"/>
						<instance_material symbol="Material37-satin_finish_aluminum" target="#Material37-satin_finish_aluminum"/>
						<instance_material symbol="Material38-satin_finish_aluminum" target="#Material38-satin_finish_aluminum"/>
						<instance_material symbol="Material39-satin_finish_aluminum" target="#Material39-satin_finish_aluminum"/>
						<instance_material symbol="Material4-satin_finish_aluminum" target="#Material4-satin_finish_aluminum"/>
						<instance_material symbol="Material40-satin_finish_aluminum" target="#Material40-satin_finish_aluminum"/>
						<instance_material symbol="Material41-satin_finish_aluminum" target="#Material41-satin_finish_aluminum"/>
						<instance_material symbol="Material42-satin_finish_aluminum" target="#Material42-satin_finish_aluminum"/>
						<instance_material symbol="Material43-satin_finish_aluminum" target="#Material43-satin_finish_aluminum"/>
						<instance_material symbol="Material44-satin_finish_aluminum" target="#Material44-satin_finish_aluminum"/>
						<instance_material symbol="Material45-satin_finish_aluminum" target="#Material45-satin_finish_aluminum"/>
						<instance_material symbol="Material46-satin_finish_aluminum" target="#Material46-satin_finish_aluminum"/>
						<instance_material symbol="Material47-satin_finish_aluminum" target="#Material47-satin_finish_aluminum"/>
						<instance_material symbol="Material48-satin_finish_aluminum" target="#Material48-satin_finish_aluminum"/>
						<instance_material symbol="Material49-satin_finish_aluminum" target="#Material49-satin_finish_aluminum"/>
						<instance_material symbol="Material5-satin_finish_aluminum" target="#Material5-satin_finish_aluminum"/>
						<instance_material symbol="Material50-satin_finish_aluminum" target="#Material50-satin_finish_aluminum"/>
						<instance_material symbol="Material51-satin_finish_aluminum" target="#Material51-satin_finish_aluminum"/>
						<instance_material symbol="Material52-satin_finish_aluminum" target="#Material52-satin_finish_aluminum"/>
						<instance_material symbol="Material53-satin_finish_aluminum" target="#Material53-satin_finish_aluminum"/>
						<instance_material symbol="Material54-satin_finish_aluminum" target="#Material54-satin_finish_aluminum"/>
						<instance_material symbol="Material55-satin_finish_aluminum" target="#Material55-satin_finish_aluminum"/>
						<instance_material symbol="Material56-satin_finish_aluminum" target="#Material56-satin_finish_aluminum"/>
						<instance_material symbol="Material57-satin_finish_aluminum" target="#Material57-satin_finish_aluminum"/>
						<instance_material symbol="Material58-satin_finish_aluminum" target="#Material58-satin_finish_aluminum"/>
						<instance_material symbol="Material59-satin_finish_aluminum" target="#Material59-satin_finish_aluminum"/>
						<instance_material symbol="Material6-satin_finish_aluminum" target="#Material6-satin_finish_aluminum"/>
						<instance_material symbol="Material60-satin_finish_aluminum" target="#Material60-satin_finish_aluminum"/>
						<instance_material symbol="Material61-satin_finish_aluminum" target="#Material61-satin_finish_aluminum"/>
						<instance_material symbol="Material62-satin_finish_aluminum" target="#Material62-satin_finish_aluminum"/>
						<instance_material symbol="Material63-satin_finish_aluminum" target="#Material63-satin_finish_aluminum"/>
						<instance_material symbol="Material64-satin_finish_aluminum" target="#Material64-satin_finish_aluminum"/>
						<instance_material symbol="Material65-satin_finish_aluminum" target="#Material65-satin_finish_aluminum"/>
						<instance_material symbol="Material66-satin_finish_aluminum" target="#Material66-satin_finish_aluminum"/>
						<instance_material symbol="Material67-satin_finish_aluminum" target="#Material67-satin_finish_aluminum"/>
						<instance_material symbol="Material68-satin_finish_aluminum" target="#Material68-satin_finish_aluminum"/>
						<instance_material symbol="Material69-satin_finish_aluminum" target="#Material69-satin_finish_aluminum"/>
						<instance_material symbol="Material7-satin_finish_aluminum" target="#Material7-satin_finish_aluminum"/>
						<instance_material symbol="Material70-satin_finish_aluminum" target="#Material70-satin_finish_aluminum"/>
						<instance_material symbol="Material71-satin_finish_aluminum" target="#Material71-satin_finish_aluminum"/>
						<instance_material symbol="Material72-satin_finish_aluminum" target="#Material72-satin_finish_aluminum"/>
						<instance_material symbol="Material73-satin_finish_aluminum" target="#Material73-satin_finish_aluminum"/>
						<instance_material symbol="Material74-satin_finish_aluminum" target="#Material74-satin_finish_aluminum"/>
						<instance_material symbol="Material75-satin_finish_aluminum" target="#Material75-satin_finish_aluminum"/>
						<instance_material symbol="Material76-satin_finish_aluminum" target="#Material76-satin_finish_aluminum"/>
						<instance_material symbol="Material77-satin_finish_aluminum" target="#Material77-satin_finish_aluminum"/>
						<instance_material symbol="Material78-satin_finish_aluminum" target="#Material78-satin_finish_aluminum"/>
						<instance_material symbol="Material79-satin_finish_aluminum" target="#Material79-satin_finish_aluminum"/>
						<instance_material symbol="Material8-satin_finish_aluminum" target="#Material8-satin_finish_aluminum"/>
						<instance_material symbol="Material80-satin_finish_aluminum" target="#Material80-satin_finish_aluminum"/>
						<instance_material symbol="Material81-satin_finish_aluminum" target="#Material81-satin_finish_aluminum"/>
						<instance_material symbol="Material82-satin_finish_aluminum" target="#Material82-satin_finish_aluminum"/>
						<instance_material symbol="Material83-satin_finish_aluminum" target="#Material83-satin_finish_aluminum"/>
						<instance_material symbol="Material84-satin_finish_aluminum" target="#Material84-satin_finish_aluminum"/>
						<instance_material symbol="Material85-satin_finish_aluminum" target="#Material85-satin_finish_aluminum"/>
						<instance_material symbol="Material86-satin_finish_aluminum" target="#Material86-satin_finish_aluminum"/>
						<instance_material symbol="Material87-satin_finish_aluminum" target="#Material87-satin_finish_aluminum"/>
						<instance_material symbol="Material88-satin_finish_aluminum" target="#Material88-satin_finish_aluminum"/>
						<instance_material symbol="Material89-satin_finish_aluminum" target="#Material89-satin_finish_aluminum"/>
						<instance_material symbol="Material9-satin_finish_aluminum" target="#Material9-satin_finish_aluminum"/>
						<instance_material symbol="Material90-satin_finish_aluminum" target="#Material90-satin_finish_aluminum"/>
						<instance_material symbol="Material91-satin_finish_aluminum" target="#Material91-satin_finish_aluminum"/>
						<instance_material symbol="Material92-satin_finish_aluminum" target="#Material92-satin_finish_aluminum"/>
						<instance_material symbol="Material93-satin_finish_aluminum" target="#Material93-satin_finish_aluminum"/>
						<instance_material symbol="Material94-satin_finish_aluminum" target="#Material94-satin_finish_aluminum"/>
						<instance_material symbol="Material95-satin_finish_aluminum" target="#Material95-satin_finish_aluminum"/>
						<instance_material symbol="Material96-satin_finish_aluminum" target="#Material96-satin_finish_aluminum"/>
						<instance_material symbol="Material97-satin_finish_aluminum" target="#Material97-satin_finish_aluminum"/>
						<instance_material symbol="Material98-satin_finish_aluminum" target="#Material98-satin_finish_aluminum"/>
						<instance_material symbol="Material99-satin_finish_aluminum" target="#Material99-satin_finish_aluminum"/>
					</technique_common>
				</bind_material>
			</instance_geometry>
			<instance_geometry url="#A_Joint_4_Hub_Front_Plate-1-solid111">
				<bind_material>
					<technique_common>
						<instance_material symbol="Material232-satin_finish_aluminum" target="#Material232-satin_finish_aluminum"/>
						<instance_material symbol="Material233-satin_finish_aluminum" target="#Material233-satin_finish_aluminum"/>
						<instance_material symbol="Material234-satin_finish_aluminum" target="#Material234-satin_finish_aluminum"/>
						<instance_material symbol="Material235-satin_finish_aluminum" target="#Material235-satin_finish_aluminum"/>
						<instance_material symbol="Material236-satin_finish_aluminum" target="#Material236-satin_finish_aluminum"/>
						<instance_material symbol="Material237-satin_finish_aluminum" target="#Material237-satin_finish_aluminum"/>
						<instance_material symbol="Material238-satin_finish_aluminum" target="#Material238-satin_finish_aluminum"/>
						<instance_material symbol="Material239-satin_finish_aluminum" target="#Material239-satin_finish_aluminum"/>
						<instance_material symbol="Material240-satin_finish_aluminum" target="#Material240-satin_finish_aluminum"/>
						<instance_material symbol="Material241-satin_finish_aluminum" target="#Material241-satin_finish_aluminum"/>
						<instance_material symbol="Material242-satin_finish_aluminum" target="#Material242-satin_finish_aluminum"/>
						<instance_material symbol="Material243-satin_finish_aluminum" target="#Material243-satin_finish_aluminum"/>
						<instance_material symbol="Material244-satin_finish_aluminum" target="#Material244-satin_finish_aluminum"/>
						<instance_material symbol="Material245-satin_finish_aluminum" target="#Material245-satin_finish_aluminum"/>
						<instance_material symbol="Material246-satin_finish_aluminum" target="#Material246-satin_finish_aluminum"/>
						<instance_material symbol="Material247-satin_finish_aluminum" target="#Material247-satin_finish_aluminum"/>
						<instance_material symbol="Material248-satin_finish_aluminum" target="#Material248-satin_finish_aluminum"/>
						<instance_material symbol="Material249-satin_finish_aluminum" target="#Material249-satin_finish_aluminum"/>
						<instance_material symbol="Material250-satin_finish_aluminum" target="#Material250-satin_finish_aluminum"/>
						<instance_material symbol="Material251-satin_finish_aluminum" target="#Material251-satin_finish_aluminum"/>
						<instance_material symbol="Material252-satin_finish_aluminum" target="#Material252-satin_finish_aluminum"/>
						<instance_material symbol="Material253-satin_finish_aluminum" target="#Material253-satin_finish_aluminum"/>
						<instance_material symbol="Material254-satin_finish_aluminum" target="#Material254-satin_finish_aluminum"/>
					</technique_common>
				</bind_material>
			</instance_geometry>
			<instance_geometry url="#A_Joint_4_Hub_V5-1-solid112">
				<bind_material>
					<technique_common>
						<instance_material symbol="Material255-" target="#Material255-"/>
						<instance_material symbol="Material256-" target="#Material256-"/>
						<instance_material symbol="Material257-" target="#Material257-"/>
						<instance_material symbol="Material258-" target="#Material258-"/>
						<instance_material symbol="Material259-" target="#Material259-"/>
						<instance_material symbol="Material260-" target="#Material260-"/>
						<instance_material symbol="Material261-" target="#Material261-"/>
						<instance_material symbol="Material262-" target="#Material262-"/>
						<instance_material symbol="Material263-" target="#Material263-"/>
						<instance_material symbol="Material264-" target="#Material264-"/>
						<instance_material symbol="Material265-" target="#Material265-"/>
						<instance_material symbol="Material266-" target="#Material266-"/>
						<instance_material symbol="Material267-" target="#Material267-"/>
						<instance_material symbol="Material268-" target="#Material268-"/>
						<instance_material symbol="Material269-" target="#Material269-"/>
						<instance_material symbol="Material270-" target="#Material270-"/>
						<instance_material symbol="Material271-" target="#Material271-"/>
						<instance_material symbol="Material272-" target="#Material272-"/>
						<instance_material symbol="Material273-" target="#Material273-"/>
						<instance_material symbol="Material274-" target="#Material274-"/>
						<instance_material symbol="Material275-" target="#Material275-"/>
						<instance_material symbol="Material276-" target="#Material276-"/>
						<instance_material symbol="Material277-" target="#Material277-"/>
						<instance_material symbol="Material278-" target="#Material278-"/>
						<instance_material symbol="Material279-" target="#Material279-"/>
						<instance_material symbol="Material280-" target="#Material280-"/>
						<instance_material symbol="Material281-" target="#Material281-"/>
						<instance_material symbol="Material282-" target="#Material282-"/>
						<instance_material symbol="Material283-" target="#Material283-"/>
						<instance_material symbol="Material284-" target="#Material284-"/>
						<instance_material symbol="Material285-" target="#Material285-"/>
						<instance_material symbol="Material286-" target="#Material286-"/>
						<instance_material symbol="Material287-" target="#Material287-"/>
						<instance_material symbol="Material288-" target="#Material288-"/>
						<instance_material symbol="Material289-" target="#Material289-"/>
						<instance_material symbol="Material290-" target="#Material290-"/>
						<instance_material symbol="Material291-" target="#Material291-"/>
						<instance_material symbol="Material292-" target="#Material292-"/>
						<instance_material symbol="Material293-" target="#Material293-"/>
						<instance_material symbol="Material294-" target="#Material294-"/>
						<instance_material symbol="Material295-" target="#Material295-"/>
						<instance_material symbol="Material296-" target="#Material296-"/>
						<instance_material symbol="Material297-" target="#Material297-"/>
						<instance_material symbol="Material298-" target="#Material298-"/>
						<instance_material symbol="Material299-" target="#Material299-"/>
						<instance_material symbol="Material300-" target="#Material300-"/>
						<instance_material symbol="Material301-" target="#Material301-"/>
						<instance_material symbol="Material302-" target="#Material302-"/>
						<instance_material symbol="Material303-" target="#Material303-"/>
						<instance_material symbol="Material304-" target="#Material304-"/>
						<instance_material symbol="Material305-" target="#Material305-"/>
						<instance_material symbol="Material306-" target="#Material306-"/>
						<instance_material symbol="Material307-" target="#Material307-"/>
						<instance_material symbol="Material308-" target="#Material308-"/>
						<instance_material symbol="Material309-" target="#Material309-"/>
						<instance_material symbol="Material310-" target="#Material310-"/>
						<instance_material symbol="Material311-" target="#Material311-"/>
						<instance_material symbol="Material312-" target="#Material312-"/>
						<instance_material symbol="Material313-" target="#Material313-"/>
						<instance_material symbol="Material314-" target="#Material314-"/>
						<instance_material symbol="Material315-" target="#Material315-"/>
						<instance_material symbol="Material316-" target="#Material316-"/>
						<instance_material symbol="Material317-" target="#Material317-"/>
						<instance_material symbol="Material318-" target="#Material318-"/>
						<instance_material symbol="Material319-" target="#Material319-"/>
						<instance_material symbol="Material320-" target="#Material320-"/>
						<instance_material symbol="Material321-" target="#Material321-"/>
						<instance_material symbol="Material322-" target="#Material322-"/>
						<instance_material symbol="Material323-" target="#Material323-"/>
						<instance_material symbol="Material324-" target="#Material324-"/>
						<instance_material symbol="Material325-" target="#Material325-"/>
						<instance_material symbol="Material326-" target="#Material326-"/>
						<instance_material symbol="Material327-" target="#Material327-"/>
						<instance_material symbol="Material328-" target="#Material328-"/>
						<instance_material symbol="Material329-" target="#Material329-"/>
						<instance_material symbol="Material330-" target="#Material330-"/>
						<instance_material symbol="Material331-" target="#Material331-"/>
					</technique_common>
				</bind_material>
			</instance_geometry>
		</node>
	</visual_scene>
</library_visual_scenes>
	<scene>
		<instance_visual_scene url="#Scene"/>
	</scene>
</COLLADA>

