<?xml version="1.0" encoding="utf-8"?>
<COLLADA xmlns="http://www.collada.org/2005/11/COLLADASchema" version="1.4.1">
	<asset>
		<contributor>
			<author>Datakit</author>
			<authoring_tool>CrossManager V.251</authoring_tool>
		</contributor>
		<created>2026-01-14T09:24:48Z</created>
		<modified>2026-01-14T09:24:48Z</modified>
		<unit meter="0.001000" name="millimeter"/>
		<up_axis>Z_UP</up_axis>
	</asset>
<library_geometries>
	<geometry id="Cut-Extrude513" name="Cut-Extrude513">
		<mesh>
			<source id="Cut-Extrude513-mesh-positions">
				<float_array id="Cut-Extrude513-mesh-positions-array" count="4074">
-24.3 59.9536 -30.6383 
-20.55 59 -30.5572 
-20.55 59.9795 -30.6428 
-20.55 62.6261 -31.8766 
-24.3 62.5449 -31.8097 
-20.55 61.8205 -31.3127 
-20.55 60.9292 -30.8972 
-24.3 61.752 -31.2737 
-24.3 60.8799 -30.8795 
-24.3 64.2359 -34.096 
-20.55 63.8861 -33.3775 
-20.55 64.3021 -34.269 
-24.3 63.2359 -32.4719 
-20.55 63.3217 -32.5718 
-24.3 63.805 -33.2414 
-20.55 64.6428 -36.2 
-20.55 64.5631 -37.1452 
-24.3 64.5971 -36.9167 
-20.55 64.5569 -35.2195 
-24.3 64.6377 -35.9605 
-24.3 64.5162 -35.0112 
-20.55 63.4117 -39.7183 
-24.3 63.5368 -39.5554 
-20.55 63.9387 -38.9295 
-24.3 64.0386 -38.7404 
-24.3 64.3955 -37.8524 
-20.55 64.3262 -38.0637 
-24.3 61.3243 -41.3419 
-20.55 62.0022 -40.9779 
-20.55 61.1594 -41.4133 
-24.3 62.9045 -40.2739 
-20.55 62.7601 -40.4075 
-24.3 62.1598 -40.8751 
-20.55 59.3164 -41.834 
-20.55 58.3682 -41.8074 
-24.3 58.5215 -41.8225 
-20.55 60.2556 -41.7014 
-24.3 59.4785 -41.8225 
-24.3 60.4219 -41.6608 
-20.55 55.7347 -40.8021 
-24.3 55.8402 -40.8751 
-20.55 56.5517 -41.284 
-24.3 56.6757 -41.3419 
-24.3 57.5781 -41.6608 
-20.55 57.4379 -41.6223 
-24.3 53.9614 -38.7404 
-20.55 54.3979 -39.4653 
-20.55 53.916 -38.6483 
-24.3 55.0955 -40.2739 
-20.55 55.0099 -40.1901 
-24.3 54.4632 -39.5554 
-20.55 53.3926 -36.8318 
-20.55 53.366 -35.8836 
-24.3 53.3623 -35.9605 
-20.55 53.5777 -37.7621 
-24.3 53.4029 -36.9167 
-24.3 53.6045 -37.8524 
-24.3 53.4838 -35.0112 
-20.55 53.4986 -34.9444 
-20.55 53.7867 -34.0406 
-24.3 53.7641 -34.096 
-20.55 54.2221 -33.1978 
-24.3 54.195 -33.2414 
-24.3 54.7641 -32.4719 
-20.55 54.7925 -32.4399 
-20.55 55.4818 -31.7883 
-24.3 55.4551 -31.8097 
-20.55 56.2705 -31.2613 
-24.3 56.248 -31.2737 
-24.3 57.1201 -30.8795 
-20.55 57.1363 -30.8738 
-20.55 58.0548 -30.6369 
-24.3 58.0464 -30.6383 
-24.3 59 -30.5572 
-24.3 38 5 
-23.7012 5.36136 5 
-22.5497 9.05433 5 
-24.2521 1.52581 5 
-24.3 2.97589e-15 5 
-20.825 12.5212 5 
-18.5714 15.6705 5 
-15.8458 18.422 5 
-12.7175 20.7057 5 
-9.26585 22.4635 5 
-13.3 38 5 
2.1251 24.2066 5 
-1.74901 24.2366 5 
-5.57845 23.6505 5 
5.9454 23.5612 5 
-13.3 71.3774 5 
9.61471 22.3168 5 
13.0397 20.5049 5 
16.1332 18.1716 5 
18.8165 15.3762 5 
21.0214 12.1898 5 
16.7901 -17.5665 10 
16.9073 -17.4535 0 
13.9056 -19.9277 0 
-24.2521 1.52581 0 
-24.2521 1.52581 5 
-24.3 2.97589e-15 5 
-24.1848 -2.36379 0 
19.4719 -14.5374 10 
-20.3545 -13.2724 0 
-22.2109 -9.85609 0 
-21.3246 -11.6512 10 
-23.4986 -6.18765 0 
-23.9632 -4.03173 10 
-22.9622 -7.9517 10 
-13.127 -20.4492 10 
-9.55226 -22.3438 10 
-11.9128 -21.1789 0 
-17.9769 -16.3491 0 
-16.3379 -17.9878 10 
-15.1388 -19.0073 0 
3.11438 -24.0992 0 
-0.770523 -24.2873 0 
2.33065 -24.188 10 
-4.63552 -23.8532 0 
-8.3816 -22.8081 0 
-5.7127 -23.619 10 
13.6428 -20.1088 10 
10.5477 -21.8912 0 
6.31149 -23.466 10 
10.1174 -22.0936 10 
6.91963 -23.2936 0 
21.5452 -11.238 0 
21.614 -11.1052 10 
19.4758 -14.532 0 
23.9886 -3.87769 0 
23.1569 -7.36519 10 
24.058 -3.42103 10 
23.0624 -7.65599 0 
22.7525 8.53306 10 
23.0358 7.73449 0 
23.8529 4.63982 10 
24.2921 0.617956 10 
23.9815 3.92141 0 
24.3 -5.77316e-15 0 
18.8165 15.3762 5 
16.7558 17.5984 0 
19.375 14.6653 0 
21.0214 12.1898 10 
21.0214 12.1898 5 
21.4867 11.3483 0 
10.2803 22.0176 0 
9.61471 22.3168 5 
6.59365 23.3877 0 
13.6975 20.0708 0 
16.1332 18.1716 5 
13.0397 20.5049 5 
2.1251 24.2066 5 
2.73402 24.1452 0 
5.9454 23.5612 5 
-1.74901 24.2366 5 
-1.19745 24.27 0 
-5.57845 23.6505 5 
-5.09772 23.7589 0 
-9.26585 22.4635 5 
-8.86456 22.6251 0 
-12.3992 20.8983 0 
-12.7175 20.7057 5 
-15.8458 18.422 5 
-15.609 18.6237 0 
-18.5714 15.6705 5 
-18.4097 15.8608 0 
-20.728 12.6822 0 
-20.825 12.5212 5 
-22.5497 9.05433 5 
-22.5029 9.17107 0 
-23.7012 5.36136 5 
-23.6879 5.41948 0 
-1.71479 -24.2394 10 
-19.0959 -15.0278 10 
-24.3 2.44249e-14 10 
-23.6879 5.41948 0 
-8.96747 0.76378 0 
-8.70913 2.26907 0 
4.72041 7.66257 0 
13.6975 20.0708 0 
10.2803 22.0176 0 
6.59365 23.3877 0 
1.89723 8.79764 0 
3.35726 8.35021 0 
5.94753 6.75459 0 
7.00344 5.65245 0 
16.7558 17.5984 0 
0.382247 8.99185 0 
2.73402 24.1452 0 
-1.19745 24.27 0 
21.4867 11.3483 0 
19.375 14.6653 0 
7.85784 4.38786 0 
-2.63446 8.60577 0 
-1.14273 8.92716 0 
-5.09772 23.7589 0 
8.48624 2.9972 0 
8.87063 1.52044 0 
23.0358 7.73449 0 
-8.86456 22.6251 0 
-12.3992 20.8983 0 
-4.05051 8.03695 0 
-15.609 18.6237 0 
-18.4097 15.8608 0 
-6.49611 6.22884 0 
-5.35018 7.23699 0 
7.85603 -4.3909 0 
21.5452 -11.238 0 
8.48522 -2.99974 0 
8.87028 -1.52195 0 
23.9886 -3.87769 0 
9 0 0 
-23.4986 -6.18765 0 
-8.20157 -3.70586 0 
-8.7098 -2.26697 0 
-17.9769 -16.3491 0 
-15.1388 -19.0073 0 
-6.49891 -6.22593 0 
7.00092 -5.65551 0 
5.94454 -6.75726 0 
16.9073 -17.4535 0 
-0.770523 -24.2873 0 
3.11438 -24.0992 0 
0.381825 -8.9919 0 
10.5477 -21.8912 0 
3.35455 -8.35143 0 
6.91963 -23.2936 0 
-4.63552 -23.8532 0 
-2.63679 -8.60493 0 
-8.3816 -22.8081 0 
-1.14391 -8.92693 0 
-11.9128 -21.1789 0 
-4.05347 -8.03533 0 
1.89541 -8.79814 0 
13.9056 -19.9277 0 
4.71732 -7.66458 0 
-5.35328 -7.23463 0 
-22.2109 -9.85609 0 
-20.3545 -13.2724 0 
-7.4575 -5.03828 0 
19.4758 -14.532 0 
-24.2521 1.52581 0 
-8.9676 -0.762964 0 
-24.1848 -2.36379 0 
-8.20016 3.70872 0 
-22.5029 9.17107 0 
23.0624 -7.65599 0 
-7.45532 5.04139 0 
-20.728 12.6822 0 
24.3 -5.77316e-15 0 
23.9815 3.92141 0 
-18.2357 79.889 0.793746 
-18.3 80 10 
-18.3 80 1.77636e-15 
-17.8132 79.1604 2.15022 
-18.0626 79.5906 1.51883 
-17.1829 78.0735 3.1501 
-17.5142 78.6448 2.69028 
-16.4619 76.83 3.87303 
-16.8298 77.4645 3.54094 
-15.697 75.5109 4.38792 
-16.0833 76.1772 4.15351 
-13.3 71.3774 5 
-13.7038 72.0738 4.98366 
-14.9083 74.1509 4.73422 
-15.3048 74.8347 4.58047 
-14.1069 72.769 4.93442 
-14.5087 73.4618 4.85165 
21.0214 12.1898 10 
21.0214 12.1898 5 
-18.3 80 1.77636e-15 
-18.3 80 10 
-24.3 80 10 
-24.3 80 -36.2 
-18.3 80 -36.2 
-24.3 2.44249e-14 10 
-24.3 2.97589e-15 5 
-24.3 38 5 
-24.3 53.3623 -35.9605 
-24.3 53.4838 -35.0112 
-24.3 43.4224 -35.8734 
-24.3 80 10 
-24.3 39.0278 -42.6894 
-24.3 41.1734 -38.1224 
-24.3 38.2585 -39.4851 
-24.3 55.7149 -56.9415 
-24.3 59 -57.2 
-24.3 58.356 -55.5406 
-24.3 56.6757 -41.3419 
-24.3 55.8402 -40.8751 
-24.3 46.6565 -53.1894 
-24.3 74.6984 -36.9462 
-24.3 64.3955 -37.8524 
-24.3 74.8489 -37.2375 
-24.3 74.9097 -35.0716 
-24.3 75.1211 -34.8211 
-24.3 64.2359 -34.096 
-24.3 75.5567 -37.9067 
-24.3 78.9722 -42.6894 
-24.3 75.856 -38.0406 
-24.3 49.4662 -54.9111 
-24.3 57.1262 -53.1602 
-24.3 57.2431 -52.8539 
-24.3 76.5 -38.15 
-24.3 76.1734 -38.1224 
-24.3 77.7111 -45.7338 
-24.3 57.8716 -52.1097 
-24.3 58.1539 -51.9431 
-24.3 60.4219 -41.6608 
-24.3 59.4339 -51.7989 
-24.3 59.7462 -51.8984 
-24.3 59.1093 -51.7531 
-24.3 59.4785 -41.8225 
-24.3 59 -55.65 
-24.3 58.6734 -55.6224 
-24.3 60.2994 -52.246 
-24.3 71.3435 -53.1894 
-24.3 73.8492 -51.0492 
-24.3 53.4029 -36.9167 
-24.3 43.3322 -36.8673 
-24.3 53.6045 -37.8524 
-24.3 64.6377 -35.9605 
-24.3 64.5971 -36.9167 
-24.3 74.5531 -36.3093 
-24.3 43.45 -36.2 
-24.3 57.546 -54.9994 
-24.3 57.3489 -54.7375 
-24.3 43.3406 -35.556 
-24.3 43.2067 -35.2567 
-24.3 57.8716 -17.1097 
-24.3 57.6211 -17.3211 
-24.3 41.9339 -34.2989 
-24.3 57.1984 -19.4462 
-24.3 41.6093 -34.2531 
-24.3 57.3489 -19.7375 
-24.3 41.2817 -34.2623 
-24.3 57.0989 -19.1339 
-24.3 57.0531 -18.8093 
-24.3 39.6984 -36.9462 
-24.3 39.5989 -36.6339 
-24.3 38 -36.2 
-24.3 40.6539 -34.4431 
-24.3 40.9602 -34.3262 
-24.3 39.5623 -35.9817 
-24.3 39.5531 -36.3093 
-24.3 39.6262 -35.6602 
-24.3 39.7431 -35.3539 
-24.3 57.2431 -17.8539 
-24.3 57.1262 -18.1602 
-24.3 40.3716 -34.6097 
-24.3 57.4097 -17.5716 
-24.3 58.1539 -16.9431 
-24.3 58.4602 -16.8262 
-24.3 60.7067 -17.7567 
-24.3 60.5246 -17.4842 
-24.3 58.7817 -16.7623 
-24.3 59.1093 -16.7531 
-24.3 59.4339 -16.7989 
-24.3 60.0375 -17.0489 
-24.3 59.7462 -16.8984 
-24.3 60.2994 -17.246 
-24.3 76.6093 -34.2531 
-24.3 60.95 -18.7 
-24.3 60.9203 -19.0388 
-24.3 60.8406 -18.056 
-24.3 76.2817 -34.2623 
-24.3 60.8322 -19.3673 
-24.3 60.6885 -19.6754 
-24.3 75.9602 -34.3262 
-24.3 60.4935 -19.9538 
-24.3 62.5449 -31.8097 
-24.3 59.6667 -20.5325 
-24.3 60.8799 -30.8795 
-24.3 59.9747 -20.3889 
-24.3 63.2359 -32.4719 
-24.3 63.805 -33.2414 
-24.3 75.3716 -34.6097 
-24.3 59.3385 -20.6204 
-24.3 59 -30.5572 
-24.3 59.9536 -30.6383 
-24.3 53.9614 -38.7404 
-24.3 42.9935 -37.4538 
-24.3 42.7531 -37.6941 
-24.3 42.4747 -37.8889 
-24.3 54.4632 -39.5554 
-24.3 57.546 -19.9994 
-24.3 55.4551 -31.8097 
-24.3 56.248 -31.2737 
-24.3 54.195 -33.2414 
-24.3 42.5375 -34.5489 
-24.3 42.7994 -34.746 
-24.3 41.5 -38.15 
-24.3 40.046 -37.4994 
-24.3 40.2842 -37.7246 
-24.3 40.5567 -37.9067 
-24.3 40.856 -38.0406 
-24.3 39.8489 -37.2375 
-24.3 42.2462 -34.3984 
-24.3 57.0623 -18.4817 
-24.3 39.9097 -35.0716 
-24.3 40.1211 -34.8211 
-24.3 43.0246 -34.9842 
-24.3 54.7641 -32.4719 
-24.3 53.7641 -34.096 
-24.3 58.0567 -20.4067 
-24.3 57.1201 -30.8795 
-24.3 58.0464 -30.6383 
-24.3 58.356 -20.5406 
-24.3 74.5989 -36.6339 
-24.3 40.2889 -45.7338 
-24.3 57.4097 -52.5716 
-24.3 52.5106 -56.1722 
-24.3 57.0623 -53.4817 
-24.3 60.2531 -55.1941 
-24.3 62.2851 -56.9415 
-24.3 60.4935 -54.9538 
-24.3 58.0567 -55.4067 
-24.3 55.0955 -40.2739 
-24.3 58.4602 -51.8262 
-24.3 57.5781 -41.6608 
-24.3 42.1667 -38.0325 
-24.3 41.8385 -38.1204 
-24.3 60.5246 -52.4842 
-24.3 60.7067 -52.7567 
-24.3 68.5338 -54.9111 
-24.3 57.7842 -55.2246 
-24.3 65.4894 -56.1722 
-24.3 60.9224 -53.3734 
-24.3 60.95 -53.7 
-24.3 57.1984 -54.4462 
-24.3 57.0531 -53.8093 
-24.3 57.0989 -54.1339 
-24.3 75.2842 -37.7246 
-24.3 57.6211 -52.3211 
-24.3 58.5215 -41.8225 
-24.3 58.7817 -51.7623 
-24.3 64.0386 -38.7404 
-24.3 75.046 -37.4994 
-24.3 42.0106 -48.5435 
-24.3 61.3243 -41.3419 
-24.3 62.1598 -40.8751 
-24.3 60.0375 -52.0489 
-24.3 78.45 -36.2 
-24.3 78.4203 -36.5388 
-24.3 80 -36.2 
-24.3 79.7415 -39.4851 
-24.3 76.8385 -38.1204 
-24.3 62.9045 -40.2739 
-24.3 75.9894 -48.5435 
-24.3 60.8406 -53.056 
-24.3 60.9203 -54.0388 
-24.3 60.8322 -54.3673 
-24.3 60.6885 -54.6754 
-24.3 59.9747 -55.3889 
-24.3 59.6667 -55.5325 
-24.3 59.3385 -55.6204 
-24.3 59 -20.65 
-24.3 77.5375 -34.5489 
-24.3 77.7994 -34.746 
-24.3 64.5162 -35.0112 
-24.3 74.7431 -35.3539 
-24.3 74.5623 -35.9817 
-24.3 74.6262 -35.6602 
-24.3 75.6539 -34.4431 
-24.3 60.2531 -20.1941 
-24.3 61.752 -31.2737 
-24.3 43.1885 -37.1754 
-24.3 76.9339 -34.2989 
-24.3 77.2462 -34.3984 
-24.3 60.9224 -18.3734 
-24.3 78.2067 -35.2567 
-24.3 78.0246 -34.9842 
-24.3 78.4224 -35.8734 
-24.3 78.3406 -35.556 
-24.3 78.3322 -36.8673 
-24.3 78.1885 -37.1754 
-24.3 77.9935 -37.4538 
-24.3 77.4747 -37.8889 
-24.3 77.7531 -37.6941 
-24.3 77.1667 -38.0325 
-24.3 58.6734 -20.6224 
-24.3 63.5368 -39.5554 
-24.3 44.1508 -51.0492 
-24.3 43.4203 -36.5388 
-24.3 57.7842 -20.2246 
-24.3 2.44249e-14 10 
-22.9622 -7.9517 10 
-23.9632 -4.03173 10 
-24.3 80 10 
-18.3 80 10 
-13.127 -20.4492 10 
-8.70913 -2.26907 10 
-8.20016 -3.70872 10 
-21.3246 -11.6512 10 
-9.55226 -22.3438 10 
-6.49611 -6.22884 10 
-5.35018 -7.23699 10 
0.382247 -8.99185 10 
1.89723 -8.79764 10 
2.33065 -24.188 10 
-1.71479 -24.2394 10 
-5.7127 -23.619 10 
-2.63446 -8.60577 10 
13.6428 -20.1088 10 
10.1174 -22.0936 10 
7.85784 -4.38786 10 
3.35726 -8.35021 10 
6.31149 -23.466 10 
9 0 10 
21.0214 12.1898 10 
21.614 -11.1052 10 
16.7901 -17.5665 10 
8.87063 -1.52044 10 
19.4719 -14.5374 10 
24.058 -3.42103 10 
23.8529 4.63982 10 
24.2921 0.617956 10 
23.1569 -7.36519 10 
22.7525 8.53306 10 
8.48624 -2.9972 10 
7.00344 -5.65245 10 
5.94753 -6.75459 10 
-7.45532 -5.04139 10 
-1.14273 -8.92716 10 
4.72041 -7.66257 10 
-8.7098 2.26697 10 
-8.9676 0.762964 10 
-4.05051 -8.03695 10 
-16.3379 -17.9878 10 
-8.96747 -0.76378 10 
-19.0959 -15.0278 10 
-7.4575 5.03828 10 
-8.20157 3.70586 10 
-6.49891 6.22593 10 
1.89541 8.79814 10 
0.381825 8.9919 10 
-4.05347 8.03533 10 
-5.35328 7.23463 10 
-1.14391 8.92693 10 
-2.63679 8.60493 10 
3.35455 8.35143 10 
5.94454 6.75726 10 
4.71732 7.66458 10 
7.85603 4.3909 10 
7.00092 5.65551 10 
8.87028 1.52195 10 
8.48522 2.99974 10 
-18.3 75.9894 -48.5435 
-18.3 70 -42.345 
-18.3 70.8803 -40.3976 
-18.3 60.0224 -52.0395 
-18.3 59.7271 -51.8906 
-18.3 59.5348 -48.7886 
-18.3 73.8492 -51.0492 
-18.3 68.8033 -44.1156 
-18.3 65.4894 -56.1722 
-18.3 62.2851 -56.9415 
-18.3 60.95 -53.7 
-18.3 60.922 -53.3704 
-18.3 60.7024 -19.651 
-18.3 61.6546 -23.8828 
-18.3 60.5172 -19.925 
-18.3 59.5348 -23.6114 
-18.3 59.4108 -20.6062 
-18.3 59.7271 -20.5094 
-18.3 44.1508 -51.0492 
-18.3 42.0106 -48.5435 
-18.3 48.5608 -43.2557 
-18.3 42.7883 -37.6638 
-18.3 43.0172 -37.425 
-18.3 46.8066 -39.3749 
-18.3 46.8066 -33.0251 
-18.3 42.5224 -34.5395 
-18.3 47.5185 -31.01 
-18.3 58.429 -20.5645 
-18.3 58.7523 -20.6342 
-18.3 57.3996 -23.7021 
-18.3 40.0922 -34.8507 
-18.3 38 -36.2 
-18.3 40.3405 -34.6322 
-18.3 57.3844 -19.792 
-18.3 55.3104 -24.1523 
-18.3 57.3844 -17.608 
-18.3 57.2231 -17.8968 
-18.3 38 0 
-18.3 39.6129 -36.6914 
-18.3 39.7231 -37.0032 
-18.3 57.8405 -20.2678 
-18.3 58.1221 -20.4412 
-18.3 42.2271 -34.3906 
-18.3 39.0278 -42.6894 
-18.3 41.5828 -38.1482 
-18.3 41.9108 -38.1062 
-18.3 57.5922 -20.0493 
-18.3 80 -36.2 
-18.3 78.45 -36.2 
-18.3 78.422 -35.8704 
-18.3 60.8386 -53.0504 
-18.3 63.698 -47.8914 
-18.3 80 1.77636e-15 
-18.3 60.0224 -17.0395 
-18.3 59.7271 -16.8906 
-18.3 68.8033 -28.2844 
-18.3 67.3245 -26.7415 
-18.3 60.5172 -17.475 
-18.3 60.7024 -17.749 
-18.3 60.8386 -18.0504 
-18.3 60.2883 -17.2362 
-18.3 59.4108 -16.7938 
-18.3 59.0828 -16.7518 
-18.3 58.7523 -16.7658 
-18.3 58.1221 -16.9588 
-18.3 58.429 -16.8355 
-18.3 57.5922 -17.3507 
-18.3 57.8405 -17.1322 
-18.3 57.057 -18.5346 
-18.3 53.3274 -24.9491 
-18.3 57.1129 -18.2086 
-18.3 47.5185 -41.39 
-18.3 42.5224 -37.8605 
-18.3 43.422 -36.5296 
-18.3 43.45 -36.2 
-18.3 46.4454 -37.2686 
-18.3 60.2883 -20.1638 
-18.3 60.0224 -20.3605 
-18.3 75.6221 -34.4588 
-18.3 75.3405 -34.6322 
-18.3 70.8803 -32.0024 
-18.3 71.6 -36.2 
-18.3 74.6129 -35.7086 
-18.3 74.557 -36.0346 
-18.3 46.4454 -35.1314 
-18.3 43.422 -35.8704 
-18.3 61.6546 -48.5172 
-18.3 60.7024 -52.749 
-18.3 60.5172 -52.475 
-18.3 60.2883 -52.2362 
-18.3 60.8386 -19.3496 
-18.3 70 -30.055 
-18.3 75.929 -34.3355 
-18.3 74.8844 -37.292 
-18.3 75.0922 -37.5493 
-18.3 71.4188 -38.3294 
-18.3 76.5828 -34.2518 
-18.3 76.9108 -34.2938 
-18.3 76.2523 -34.2658 
-18.3 77.2271 -34.3906 
-18.3 77.5224 -34.5395 
-18.3 76.5828 -38.1482 
-18.3 78.9722 -42.6894 
-18.3 76.2523 -38.1342 
-18.3 38.2585 -39.4851 
-18.3 40.6221 -37.9412 
-18.3 57.1129 -19.1914 
-18.3 57.2231 -19.5032 
-18.3 39.557 -36.0346 
-18.3 39.6129 -35.7086 
-18.3 57.057 -18.8654 
-18.3 41.9108 -34.2938 
-18.3 41.5828 -34.2518 
-18.3 41.2523 -34.2658 
-18.3 48.5608 -29.1443 
-18.3 51.5076 -26.0696 
-18.3 49.9034 -27.4816 
-18.3 40.6221 -34.4588 
-18.3 40.929 -34.3355 
-18.3 39.7231 -35.3968 
-18.3 39.8844 -35.108 
-18.3 39.557 -36.3654 
-18.3 39.8844 -37.292 
-18.3 40.0922 -37.5493 
-18.3 40.3405 -37.7678 
-18.3 40.929 -38.0645 
-18.3 41.2523 -38.1342 
-18.3 40.2889 -45.7338 
-18.3 42.2271 -38.0094 
-18.3 43.2024 -37.151 
-18.3 43.3386 -36.8496 
-18.3 55.3104 -48.2477 
-18.3 57.2231 -52.8968 
-18.3 57.1129 -53.2086 
-18.3 59.0828 -55.6482 
-18.3 59.4108 -55.6062 
-18.3 59 -57.2 
-18.3 52.5106 -56.1722 
-18.3 57.057 -53.5346 
-18.3 55.7149 -56.9415 
-18.3 57.5922 -55.0493 
-18.3 57.8405 -55.2678 
-18.3 74.7231 -35.3968 
-18.3 71.4188 -34.0706 
-18.3 74.8844 -35.108 
-18.3 75.0922 -34.8507 
-18.3 58.429 -51.8355 
-18.3 57.3996 -48.6979 
-18.3 58.7523 -51.7658 
-18.3 58.1221 -51.9588 
-18.3 57.8405 -52.1322 
-18.3 59.0828 -20.6482 
-18.3 57.3844 -52.608 
-18.3 43.2024 -35.249 
-18.3 43.3386 -35.5504 
-18.3 51.5076 -46.3304 
-18.3 46.6565 -53.1894 
-18.3 49.9034 -44.9184 
-18.3 49.4662 -54.9111 
-18.3 53.3274 -47.4509 
-18.3 57.057 -53.8654 
-18.3 57.2231 -54.5032 
-18.3 57.1129 -54.1914 
-18.3 57.3844 -54.792 
-18.3 58.1221 -55.4412 
-18.3 58.7523 -55.6342 
-18.3 58.429 -55.5645 
-18.3 59.7271 -55.5094 
-18.3 60.0224 -55.3605 
-18.3 60.5172 -54.925 
-18.3 60.2883 -55.1638 
-18.3 60.8386 -54.3496 
-18.3 60.7024 -54.651 
-18.3 60.922 -54.0296 
-18.3 79.7415 -39.4851 
-18.3 78.0172 -37.425 
-18.3 78.2024 -37.151 
-18.3 68.5338 -54.9111 
-18.3 65.6063 -46.9293 
-18.3 67.3245 -45.6585 
-18.3 78.3386 -35.5504 
-18.3 78.2024 -35.249 
-18.3 78.0172 -34.975 
-18.3 77.7883 -34.7362 
-18.3 63.698 -24.5086 
-18.3 59.4108 -51.7938 
-18.3 59.0828 -51.7518 
-18.3 65.6063 -25.4707 
-18.3 60.95 -18.7 
-18.3 60.922 -18.3704 
-18.3 60.922 -19.0296 
-18.3 74.6129 -36.6914 
-18.3 74.557 -36.3654 
-18.3 74.7231 -37.0032 
-18.3 75.3405 -37.7678 
-18.3 71.3435 -53.1894 
-18.3 77.7111 -45.7338 
-18.3 75.6221 -37.9412 
-18.3 75.929 -38.0645 
-18.3 76.9108 -38.1062 
-18.3 77.2271 -38.0094 
-18.3 77.5224 -37.8605 
-18.3 77.7883 -37.6638 
-18.3 78.3386 -36.8496 
-18.3 78.422 -36.5296 
-18.3 57.5922 -52.3507 
-18.3 43.0172 -34.975 
-18.3 42.7883 -34.7362 
-18.3 38 0 
-24.3 38 -36.2 
-24.3 38 5 
-14.0822 38 4.93844 
-13.3 38 5 
-15.57 38 4.45503 
-14.8451 38 4.75528 
-16.8355 38 3.53553 
-16.2389 38 4.04508 
-17.755 38 2.26995 
-17.3451 38 2.93893 
-18.2384 38 0.782172 
-18.0553 38 1.54508 
-18.3 38 -36.2 
-18.3 78.9722 -42.6894 
-24.3 79.7415 -39.4851 
-24.3 78.9722 -42.6894 
-24.3 80 -36.2 
-18.3 79.7415 -39.4851 
-18.3 80 -36.2 
-24.3 75.9894 -48.5435 
-24.3 73.8492 -51.0492 
-18.3 73.8492 -51.0492 
-18.3 75.9894 -48.5435 
-18.3 77.7111 -45.7338 
-24.3 77.7111 -45.7338 
-18.3 65.4894 -56.1722 
-24.3 68.5338 -54.9111 
-24.3 65.4894 -56.1722 
-18.3 68.5338 -54.9111 
-18.3 71.3435 -53.1894 
-24.3 71.3435 -53.1894 
-24.3 62.2851 -56.9415 
-18.3 62.2851 -56.9415 
-24.3 59 -57.2 
-18.3 59 -57.2 
-24.3 42.0106 -48.5435 
-18.3 42.0106 -48.5435 
-24.3 44.1508 -51.0492 
-18.3 40.2889 -45.7338 
-24.3 40.2889 -45.7338 
-18.3 44.1508 -51.0492 
-18.3 39.0278 -42.6894 
-18.3 38.2585 -39.4851 
-24.3 39.0278 -42.6894 
-24.3 38.2585 -39.4851 
-18.3 38 -36.2 
-24.3 38 -36.2 
-24.3 46.6565 -53.1894 
-18.3 46.6565 -53.1894 
-24.3 49.4662 -54.9111 
-24.3 52.5106 -56.1722 
-18.3 49.4662 -54.9111 
-18.3 52.5106 -56.1722 
-24.3 55.7149 -56.9415 
-18.3 55.7149 -56.9415 
-24.3 59 -57.2 
-18.3 59 -57.2 
8.87063 1.52044 0 
9 0 10 
9 0 0 
7.00344 5.65245 0 
7.85603 4.3909 10 
7.85784 4.38786 0 
8.48624 2.9972 0 
8.48522 2.99974 10 
8.87028 1.52195 10 
4.71732 7.66458 10 
4.72041 7.66257 0 
3.35726 8.35021 0 
7.00092 5.65551 10 
5.94753 6.75459 0 
5.94454 6.75726 10 
0.382247 8.99185 0 
-1.14273 8.92716 0 
0.381825 8.9919 10 
1.89723 8.79764 0 
1.89541 8.79814 10 
3.35455 8.35143 10 
-5.35018 7.23699 0 
-4.05347 8.03533 10 
-4.05051 8.03695 0 
-2.63679 8.60493 10 
-1.14391 8.92693 10 
-2.63446 8.60577 0 
-7.4575 5.03828 10 
-7.45532 5.04139 0 
-8.20016 3.70872 0 
-5.35328 7.23463 10 
-6.49611 6.22884 0 
-6.49891 6.22593 10 
-8.96747 0.76378 0 
-8.9676 -0.762964 0 
-8.9676 0.762964 10 
-8.70913 2.26907 0 
-8.7098 2.26697 10 
-8.20157 3.70586 10 
-7.4575 -5.03828 0 
-8.20016 -3.70872 10 
-8.20157 -3.70586 0 
-8.70913 -2.26907 10 
-8.96747 -0.76378 10 
-8.7098 -2.26697 0 
-5.35018 -7.23699 10 
-5.35328 -7.23463 0 
-4.05347 -8.03533 0 
-7.45532 -5.04139 10 
-6.49891 -6.22593 0 
-6.49611 -6.22884 10 
-1.14391 -8.92693 0 
0.381825 -8.9919 0 
-1.14273 -8.92716 10 
-2.63679 -8.60493 0 
-2.63446 -8.60577 10 
-4.05051 -8.03695 10 
0.382247 -8.99185 10 
1.89541 -8.79814 0 
1.89723 -8.79764 10 
3.35726 -8.35021 10 
3.35455 -8.35143 0 
4.71732 -7.66458 0 
4.72041 -7.66257 10 
5.94454 -6.75726 0 
5.94753 -6.75459 10 
7.00344 -5.65245 10 
7.00092 -5.65551 0 
7.85603 -4.3909 0 
7.85784 -4.38786 10 
8.48522 -2.99974 0 
8.48624 -2.9972 10 
8.87063 -1.52044 10 
8.87028 -1.52195 0 
-18.2384 38 0.782172 
-18.3 80 1.77636e-15 
-18.3 38 0 
-17.3451 38 2.93893 
-17.5142 78.6448 2.69028 
-17.755 38 2.26995 
-18.0553 38 1.54508 
-17.8132 79.1604 2.15022 
-18.0626 79.5906 1.51883 
-15.697 75.5109 4.38792 
-15.57 38 4.45503 
-15.3048 74.8347 4.58047 
-16.8298 77.4645 3.54094 
-16.8355 38 3.53553 
-16.4619 76.83 3.87303 
-14.5087 73.4618 4.85165 
-14.0822 38 4.93844 
-14.1069 72.769 4.93442 
-14.8451 38 4.75528 
-13.3 38 5 
-13.7038 72.0738 4.98366 
-13.3 71.3774 5 
-14.9083 74.1509 4.73422 
-16.0833 76.1772 4.15351 
-16.2389 38 4.04508 
-17.1829 78.0735 3.1501 
-18.2357 79.889 0.793746 
-24.3 60.9224 -18.3734 
-18.3 60.95 -18.7 
-24.3 60.95 -18.7 
-24.3 60.5246 -17.4842 
-18.3 60.7024 -17.749 
-24.3 60.7067 -17.7567 
-24.3 60.8406 -18.056 
-18.3 60.8386 -18.0504 
-18.3 60.922 -18.3704 
-18.3 60.0224 -17.0395 
-24.3 60.0375 -17.0489 
-24.3 59.7462 -16.8984 
-18.3 60.5172 -17.475 
-24.3 60.2994 -17.246 
-18.3 60.2883 -17.2362 
-24.3 59.1093 -16.7531 
-24.3 58.7817 -16.7623 
-18.3 59.0828 -16.7518 
-24.3 59.4339 -16.7989 
-18.3 59.4108 -16.7938 
-18.3 59.7271 -16.8906 
-24.3 57.8716 -17.1097 
-18.3 58.1221 -16.9588 
-24.3 58.1539 -16.9431 
-18.3 58.429 -16.8355 
-18.3 58.7523 -16.7658 
-24.3 58.4602 -16.8262 
-18.3 57.3844 -17.608 
-24.3 57.4097 -17.5716 
-24.3 57.2431 -17.8539 
-18.3 57.8405 -17.1322 
-24.3 57.6211 -17.3211 
-18.3 57.5922 -17.3507 
-24.3 57.0623 -18.4817 
-24.3 57.0531 -18.8093 
-18.3 57.057 -18.5346 
-24.3 57.1262 -18.1602 
-18.3 57.1129 -18.2086 
-18.3 57.2231 -17.8968 
-24.3 57.3489 -19.7375 
-18.3 57.2231 -19.5032 
-24.3 57.1984 -19.4462 
-18.3 57.1129 -19.1914 
-18.3 57.057 -18.8654 
-24.3 57.0989 -19.1339 
-18.3 57.8405 -20.2678 
-24.3 57.7842 -20.2246 
-24.3 58.0567 -20.4067 
-18.3 57.3844 -19.792 
-24.3 57.546 -19.9994 
-18.3 57.5922 -20.0493 
-24.3 58.6734 -20.6224 
-24.3 59 -20.65 
-18.3 58.7523 -20.6342 
-24.3 58.356 -20.5406 
-18.3 58.429 -20.5645 
-18.3 58.1221 -20.4412 
-18.3 59.0828 -20.6482 
-24.3 59.3385 -20.6204 
-18.3 59.4108 -20.6062 
-18.3 59.7271 -20.5094 
-24.3 59.6667 -20.5325 
-24.3 59.9747 -20.3889 
-18.3 60.0224 -20.3605 
-24.3 60.2531 -20.1941 
-18.3 60.2883 -20.1638 
-24.3 60.4935 -19.9538 
-24.3 60.6885 -19.6754 
-18.3 60.5172 -19.925 
-24.3 60.8322 -19.3673 
-18.3 60.7024 -19.651 
-18.3 60.8386 -19.3496 
-24.3 60.9203 -19.0388 
-18.3 60.922 -19.0296 
-24.3 43.4224 -35.8734 
-18.3 43.45 -36.2 
-24.3 43.45 -36.2 
-24.3 43.0246 -34.9842 
-18.3 43.2024 -35.249 
-24.3 43.2067 -35.2567 
-24.3 43.3406 -35.556 
-18.3 43.3386 -35.5504 
-18.3 43.422 -35.8704 
-18.3 42.5224 -34.5395 
-24.3 42.5375 -34.5489 
-24.3 42.2462 -34.3984 
-18.3 43.0172 -34.975 
-24.3 42.7994 -34.746 
-18.3 42.7883 -34.7362 
-24.3 41.6093 -34.2531 
-24.3 41.2817 -34.2623 
-18.3 41.5828 -34.2518 
-24.3 41.9339 -34.2989 
-18.3 41.9108 -34.2938 
-18.3 42.2271 -34.3906 
-24.3 40.3716 -34.6097 
-18.3 40.6221 -34.4588 
-24.3 40.6539 -34.4431 
-18.3 40.929 -34.3355 
-18.3 41.2523 -34.2658 
-24.3 40.9602 -34.3262 
-18.3 39.8844 -35.108 
-24.3 39.9097 -35.0716 
-24.3 39.7431 -35.3539 
-18.3 40.3405 -34.6322 
-24.3 40.1211 -34.8211 
-18.3 40.0922 -34.8507 
-24.3 39.5623 -35.9817 
-24.3 39.5531 -36.3093 
-18.3 39.557 -36.0346 
-24.3 39.6262 -35.6602 
-18.3 39.6129 -35.7086 
-18.3 39.7231 -35.3968 
-24.3 39.8489 -37.2375 
-18.3 39.7231 -37.0032 
-24.3 39.6984 -36.9462 
-18.3 39.6129 -36.6914 
-18.3 39.557 -36.3654 
-24.3 39.5989 -36.6339 
-18.3 40.3405 -37.7678 
-24.3 40.2842 -37.7246 
-24.3 40.5567 -37.9067 
-18.3 39.8844 -37.292 
-24.3 40.046 -37.4994 
-18.3 40.0922 -37.5493 
-24.3 41.1734 -38.1224 
-24.3 41.5 -38.15 
-18.3 41.2523 -38.1342 
-24.3 40.856 -38.0406 
-18.3 40.929 -38.0645 
-18.3 40.6221 -37.9412 
-18.3 41.5828 -38.1482 
-24.3 41.8385 -38.1204 
-18.3 41.9108 -38.1062 
-18.3 42.2271 -38.0094 
-24.3 42.1667 -38.0325 
-24.3 42.4747 -37.8889 
-18.3 42.5224 -37.8605 
-24.3 42.7531 -37.6941 
-18.3 42.7883 -37.6638 
-24.3 42.9935 -37.4538 
-24.3 43.1885 -37.1754 
-18.3 43.0172 -37.425 
-24.3 43.3322 -36.8673 
-18.3 43.2024 -37.151 
-18.3 43.3386 -36.8496 
-24.3 43.4203 -36.5388 
-18.3 43.422 -36.5296 
-24.3 60.9224 -53.3734 
-18.3 60.95 -53.7 
-24.3 60.95 -53.7 
-24.3 60.5246 -52.4842 
-18.3 60.7024 -52.749 
-24.3 60.7067 -52.7567 
-24.3 60.8406 -53.056 
-18.3 60.8386 -53.0504 
-18.3 60.922 -53.3704 
-18.3 60.0224 -52.0395 
-24.3 60.0375 -52.0489 
-24.3 59.7462 -51.8984 
-18.3 60.5172 -52.475 
-24.3 60.2994 -52.246 
-18.3 60.2883 -52.2362 
-24.3 59.1093 -51.7531 
-24.3 58.7817 -51.7623 
-18.3 59.0828 -51.7518 
-24.3 59.4339 -51.7989 
-18.3 59.4108 -51.7938 
-18.3 59.7271 -51.8906 
-24.3 57.8716 -52.1097 
-18.3 58.1221 -51.9588 
-24.3 58.1539 -51.9431 
-18.3 58.429 -51.8355 
-18.3 58.7523 -51.7658 
-24.3 58.4602 -51.8262 
-18.3 57.3844 -52.608 
-24.3 57.4097 -52.5716 
-24.3 57.2431 -52.8539 
-18.3 57.8405 -52.1322 
-24.3 57.6211 -52.3211 
-18.3 57.5922 -52.3507 
-24.3 57.0623 -53.4817 
-24.3 57.0531 -53.8093 
-18.3 57.057 -53.5346 
-24.3 57.1262 -53.1602 
-18.3 57.1129 -53.2086 
-18.3 57.2231 -52.8968 
-24.3 57.3489 -54.7375 
-18.3 57.2231 -54.5032 
-24.3 57.1984 -54.4462 
-18.3 57.1129 -54.1914 
-18.3 57.057 -53.8654 
-24.3 57.0989 -54.1339 
-18.3 57.8405 -55.2678 
-24.3 57.7842 -55.2246 
-24.3 58.0567 -55.4067 
-18.3 57.3844 -54.792 
-24.3 57.546 -54.9994 
-18.3 57.5922 -55.0493 
-24.3 58.6734 -55.6224 
-24.3 59 -55.65 
-18.3 58.7523 -55.6342 
-24.3 58.356 -55.5406 
-18.3 58.429 -55.5645 
-18.3 58.1221 -55.4412 
-18.3 59.0828 -55.6482 
-24.3 59.3385 -55.6204 
-18.3 59.4108 -55.6062 
-18.3 59.7271 -55.5094 
-24.3 59.6667 -55.5325 
-24.3 59.9747 -55.3889 
-18.3 60.0224 -55.3605 
-24.3 60.2531 -55.1941 
-18.3 60.2883 -55.1638 
-24.3 60.4935 -54.9538 
-24.3 60.6885 -54.6754 
-18.3 60.5172 -54.925 
-24.3 60.8322 -54.3673 
-18.3 60.7024 -54.651 
-18.3 60.8386 -54.3496 
-24.3 60.9203 -54.0388 
-18.3 60.922 -54.0296 
-24.3 78.4224 -35.8734 
-18.3 78.45 -36.2 
-24.3 78.45 -36.2 
-24.3 78.0246 -34.9842 
-18.3 78.2024 -35.249 
-24.3 78.2067 -35.2567 
-24.3 78.3406 -35.556 
-18.3 78.3386 -35.5504 
-18.3 78.422 -35.8704 
-18.3 77.5224 -34.5395 
-24.3 77.5375 -34.5489 
-24.3 77.2462 -34.3984 
-18.3 78.0172 -34.975 
-24.3 77.7994 -34.746 
-18.3 77.7883 -34.7362 
-24.3 76.6093 -34.2531 
-24.3 76.2817 -34.2623 
-18.3 76.5828 -34.2518 
-24.3 76.9339 -34.2989 
-18.3 76.9108 -34.2938 
-18.3 77.2271 -34.3906 
-24.3 75.3716 -34.6097 
-18.3 75.6221 -34.4588 
-24.3 75.6539 -34.4431 
-18.3 75.929 -34.3355 
-18.3 76.2523 -34.2658 
-24.3 75.9602 -34.3262 
-18.3 74.8844 -35.108 
-24.3 74.9097 -35.0716 
-24.3 74.7431 -35.3539 
-18.3 75.3405 -34.6322 
-24.3 75.1211 -34.8211 
-18.3 75.0922 -34.8507 
-24.3 74.5623 -35.9817 
-24.3 74.5531 -36.3093 
-18.3 74.557 -36.0346 
-24.3 74.6262 -35.6602 
-18.3 74.6129 -35.7086 
-18.3 74.7231 -35.3968 
-24.3 74.8489 -37.2375 
-18.3 74.7231 -37.0032 
-24.3 74.6984 -36.9462 
-18.3 74.6129 -36.6914 
-18.3 74.557 -36.3654 
-24.3 74.5989 -36.6339 
-18.3 75.3405 -37.7678 
-24.3 75.2842 -37.7246 
-24.3 75.5567 -37.9067 
-18.3 74.8844 -37.292 
-24.3 75.046 -37.4994 
-18.3 75.0922 -37.5493 
-24.3 76.1734 -38.1224 
-24.3 76.5 -38.15 
-18.3 76.2523 -38.1342 
-24.3 75.856 -38.0406 
-18.3 75.929 -38.0645 
-18.3 75.6221 -37.9412 
-18.3 76.5828 -38.1482 
-24.3 76.8385 -38.1204 
-18.3 76.9108 -38.1062 
-18.3 77.2271 -38.0094 
-24.3 77.1667 -38.0325 
-24.3 77.4747 -37.8889 
-18.3 77.5224 -37.8605 
-24.3 77.7531 -37.6941 
-18.3 77.7883 -37.6638 
-24.3 77.9935 -37.4538 
-24.3 78.1885 -37.1754 
-18.3 78.0172 -37.425 
-24.3 78.3322 -36.8673 
-18.3 78.2024 -37.151 
-18.3 78.3386 -36.8496 
-24.3 78.4203 -36.5388 
-18.3 78.422 -36.5296 
-20.55 46.8066 -33.0251 
-20.55 53.7867 -34.0406 
-20.55 53.4986 -34.9444 
-20.55 61.8205 -31.3127 
-20.55 63.698 -24.5086 
-20.55 65.6063 -25.4707 
-20.55 61.6546 -23.8828 
-20.55 60.9292 -30.8972 
-20.55 59.9795 -30.6428 
-20.55 62.6261 -31.8766 
-20.55 67.3245 -26.7415 
-20.55 63.3217 -32.5718 
-20.55 59 -30.5572 
-20.55 57.3996 -23.7021 
-20.55 59.5348 -23.6114 
-20.55 70 -30.055 
-20.55 63.8861 -33.3775 
-20.55 68.8033 -28.2844 
-20.55 55.3104 -24.1523 
-20.55 58.0548 -30.6369 
-20.55 57.1363 -30.8738 
-20.55 64.3021 -34.269 
-20.55 70.8803 -32.0024 
-20.55 64.5569 -35.2195 
-20.55 53.3274 -24.9491 
-20.55 56.2705 -31.2613 
-20.55 71.6 -36.2 
-20.55 71.4188 -38.3294 
-20.55 64.6428 -36.2 
-20.55 51.5076 -26.0696 
-20.55 55.4818 -31.7883 
-20.55 46.8066 -39.3749 
-20.55 53.3926 -36.8318 
-20.55 53.5777 -37.7621 
-20.55 70 -42.345 
-20.55 64.3262 -38.0637 
-20.55 70.8803 -40.3976 
-20.55 63.698 -47.8914 
-20.55 60.2556 -41.7014 
-20.55 61.1594 -41.4133 
-20.55 55.0099 -40.1901 
-20.55 49.9034 -44.9184 
-20.55 54.3979 -39.4653 
-20.55 57.3996 -48.6979 
-20.55 57.4379 -41.6223 
-20.55 58.3682 -41.8074 
-20.55 56.5517 -41.284 
-20.55 55.3104 -48.2477 
-20.55 61.6546 -48.5172 
-20.55 59.3164 -41.834 
-20.55 59.5348 -48.7886 
-20.55 55.7347 -40.8021 
-20.55 51.5076 -46.3304 
-20.55 53.3274 -47.4509 
-20.55 67.3245 -45.6585 
-20.55 65.6063 -46.9293 
-20.55 62.0022 -40.9779 
-20.55 48.5608 -43.2557 
-20.55 53.916 -38.6483 
-20.55 62.7601 -40.4075 
-20.55 68.8033 -44.1156 
-20.55 63.4117 -39.7183 
-20.55 63.9387 -38.9295 
-20.55 47.5185 -41.39 
-20.55 46.4454 -37.2686 
-20.55 53.366 -35.8836 
-20.55 64.5631 -37.1452 
-20.55 46.4454 -35.1314 
-20.55 48.5608 -29.1443 
-20.55 54.7925 -32.4399 
-20.55 54.2221 -33.1978 
-20.55 47.5185 -31.01 
-20.55 71.4188 -34.0706 
-20.55 49.9034 -27.4816 
-18.3 70.8803 -40.3976 
-20.55 70.8803 -40.3976 
-20.55 71.4188 -38.3294 
-20.55 71.6 -36.2 
-18.3 71.6 -36.2 
-18.3 71.4188 -38.3294 
-20.55 68.8033 -44.1156 
-18.3 67.3245 -45.6585 
-20.55 67.3245 -45.6585 
-18.3 68.8033 -44.1156 
-20.55 70 -42.345 
-18.3 70 -42.345 
-18.3 61.6546 -48.5172 
-20.55 61.6546 -48.5172 
-20.55 63.698 -47.8914 
-18.3 63.698 -47.8914 
-20.55 65.6063 -46.9293 
-18.3 65.6063 -46.9293 
-20.55 55.3104 -48.2477 
-20.55 57.3996 -48.6979 
-18.3 55.3104 -48.2477 
-20.55 59.5348 -48.7886 
-18.3 59.5348 -48.7886 
-18.3 57.3996 -48.6979 
-20.55 51.5076 -46.3304 
-18.3 49.9034 -44.9184 
-20.55 49.9034 -44.9184 
-18.3 53.3274 -47.4509 
-18.3 51.5076 -46.3304 
-20.55 53.3274 -47.4509 
-18.3 46.8066 -39.3749 
-20.55 46.8066 -39.3749 
-20.55 47.5185 -41.39 
-18.3 47.5185 -41.39 
-20.55 48.5608 -43.2557 
-18.3 48.5608 -43.2557 
-20.55 46.8066 -33.0251 
-20.55 46.4454 -35.1314 
-18.3 46.8066 -33.0251 
-20.55 46.4454 -37.2686 
-18.3 46.4454 -37.2686 
-18.3 46.4454 -35.1314 
-20.55 48.5608 -29.1443 
-18.3 49.9034 -27.4816 
-20.55 49.9034 -27.4816 
-18.3 47.5185 -31.01 
-18.3 48.5608 -29.1443 
-20.55 47.5185 -31.01 
-18.3 55.3104 -24.1523 
-20.55 55.3104 -24.1523 
-20.55 53.3274 -24.9491 
-18.3 53.3274 -24.9491 
-20.55 51.5076 -26.0696 
-18.3 51.5076 -26.0696 
-18.3 61.6546 -23.8828 
-20.55 59.5348 -23.6114 
-18.3 59.5348 -23.6114 
-20.55 57.3996 -23.7021 
-18.3 57.3996 -23.7021 
-18.3 63.698 -24.5086 
-20.55 61.6546 -23.8828 
-20.55 63.698 -24.5086 
-18.3 65.6063 -25.4707 
-18.3 67.3245 -26.7415 
-20.55 65.6063 -25.4707 
-18.3 68.8033 -28.2844 
-20.55 67.3245 -26.7415 
-20.55 68.8033 -28.2844 
-18.3 70 -30.055 
-18.3 70.8803 -32.0024 
-20.55 70 -30.055 
-18.3 71.4188 -34.0706 
-20.55 70.8803 -32.0024 
-20.55 71.4188 -34.0706 
</float_array>
				<technique_common>
					<accessor source="#Cut-Extrude513-mesh-positions-array" count="1358" stride="3">
						<param name="X" type="float"/>
						<param name="Y" type="float"/>
						<param name="Z" type="float"/>
					</accessor>
				</technique_common>
			</source>
			<source id="Cut-Extrude513-mesh-normals">
				<float_array id="Cut-Extrude513-mesh-normals-array" count="4074">
-0 -0.169001 -0.985616 
-0 -1.65368e-22 -1 
-0 -0.173648 -0.984808 
-0 -0.642788 -0.766044 
-0 -0.62822 -0.778036 
-0 -0.5 -0.866025 
-0 -0.34202 -0.939693 
-0 -0.487695 -0.873014 
-0 -0.33314 -0.942877 
-0 -0.927889 -0.372857 
-0 -0.866025 -0.5 
-0 -0.939693 -0.34202 
-0 -0.750672 -0.660675 
-0 -0.766044 -0.642788 
-0 -0.851529 -0.524307 
-0 -1 4.37114e-08 
-0 -0.985871 0.167506 
-0 -0.9919 0.127018 
-0 -0.984808 -0.173648 
-0 -0.999099 -0.0424412 
-0 -0.977555 -0.210679 
-0 -0.781832 0.62349 
-0 -0.803997 0.594633 
-0 -0.875223 0.483719 
-0 -0.892926 0.450204 
-0 -0.956167 0.292823 
-0 -0.943883 0.330279 
-0 -0.411901 0.911228 
-0 -0.532032 0.846724 
-0 -0.382683 0.92388 
-0 -0.691939 0.721956 
-0 -0.666347 0.745642 
-0 -0.559975 0.82851 
-0 -0.0560704 0.998427 
-0 0.111964 0.993712 
-0 0.0848059 0.996397 
-0 -0.222521 0.974928 
-0 -0.0848059 0.996397 
-0 -0.251978 0.967733 
-0 0.578671 0.815561 
-0 0.559975 0.82851 
-0 0.433884 0.900969 
-0 0.411901 0.911228 
-0 0.251978 0.967733 
-0 0.276835 0.960917 
-0 0.892926 0.450204 
-0 0.815561 0.578671 
-0 0.900969 0.433884 
-0 0.691939 0.721956 
-0 0.707107 0.707107 
-0 0.803997 0.594633 
-0 0.993712 0.111965 
0 0.998427 -0.0560705 
0 0.999099 -0.042441 
-0 0.960917 0.276836 
-0 0.9919 0.127018 
-0 0.956167 0.292823 
0 0.977555 -0.210679 
0 0.974928 -0.222521 
0 0.923879 -0.382684 
0 0.927889 -0.372857 
0 0.846724 -0.532032 
0 0.851529 -0.524307 
0 0.750672 -0.660675 
0 0.745642 -0.666346 
0 0.62349 -0.781831 
0 0.62822 -0.778036 
0 0.483719 -0.875223 
0 0.487695 -0.873014 
0 0.33314 -0.942877 
0 0.330279 -0.943883 
0 0.167506 -0.985871 
0 0.169001 -0.985616 
0 3.01992e-07 -1 
-0 -0 -1 
-0 -0 -1 
-0 -0 -1 
-0 -0 -1 
-0 -0 -1 
-0 -0 -1 
-0 -0 -1 
-0 -0 -1 
-0 -0 -1 
-0 -0 -1 
-0 -0 -1 
-0 -0 -1 
-0 -0 -1 
-0 -0 -1 
-0 -0 -1 
-0 -0 -1 
-0 -0 -1 
-0 -0 -1 
-0 -0 -1 
-0 -0 -1 
-0 -0 -1 
0.690949 -0.722903 -0 
0.695913 -0.718126 -0 
0.572432 -0.819952 -0 
-0.998027 0.0627902 0 
-0.998027 0.0627907 0 
-1 -3.27582e-07 0 
-0.995261 -0.0972357 0 
0.801313 -0.598245 -0 
-0.837528 -0.546394 0 
-0.913971 -0.40578 0 
-0.877555 -0.479475 0 
-0.967001 -0.254771 0 
-0.98614 -0.165915 0 
-0.944945 -0.32723 0 
-0.540207 -0.841532 0 
-0.393097 -0.919497 0 
-0.489991 -0.871727 0 
-0.739631 -0.673013 0 
-0.672342 -0.74024 0 
-0.622788 -0.782391 0 
0.128449 -0.991716 -0 
-0.0314108 -0.999507 -0 
0.0959117 -0.99539 -0 
-0.190466 -0.981694 0 
-0.344643 -0.938734 0 
-0.235091 -0.971973 0 
0.561433 -0.827522 -0 
0.434288 -0.900774 -0 
0.259732 -0.965681 -0 
0.416353 -0.909203 -0 
0.285019 -0.958522 -0 
0.886688 -0.462368 -0 
0.889465 -0.457004 -0 
0.801567 -0.597905 -0 
0.987192 -0.159537 -0 
0.952961 -0.303094 -0 
0.99004 -0.140783 -0 
0.949096 -0.314987 -0 
0.936317 0.351155 0 
0.947944 0.318437 0 
0.981602 0.190939 0 
0.999677 0.0254303 0 
0.9869 0.161332 0 
1 1.76586e-07 0 
0.774375 0.632727 0 
0.689353 0.724425 0 
0.797196 0.603721 0 
0.865078 0.501637 0 
0.865078 0.501637 0 
0.884152 0.467199 0 
0.422785 0.90623 0 
0.395846 0.918317 0 
0.271043 0.962567 0 
0.56345 0.82615 0 
0.663994 0.747738 0 
0.53674 0.843748 0 
0.0877172 0.996145 0 
0.112199 0.993686 0 
0.244893 0.96955 0 
-0.0716879 0.997427 0 
-0.0495837 0.99877 0 
-0.229271 0.973363 0 
-0.210068 0.977687 0 
-0.381028 0.924563 0 
-0.365048 0.930989 0 
-0.510464 0.859899 0 
-0.523103 0.852269 0 
-0.651885 0.758318 0 
-0.642506 0.766281 0 
-0.764101 0.645097 0 
-0.757715 0.652586 0 
-0.853072 0.521793 0 
-0.8569 0.515482 0 
-0.927924 0.372768 0 
-0.926079 0.37733 0 
-0.975368 0.220582 0 
-0.974823 0.222981 0 
-0.0705675 -0.997507 0 
-0.785841 -0.618429 0 
-1 1.49255e-07 0 
-0 -0 -1 
-0 -0 -1 
-0 -0 -1 
-0 -0 -1 
-0 -0 -1 
-0 -0 -1 
-0 -0 -1 
-0 -0 -1 
-0 -0 -1 
-0 -0 -1 
-0 -0 -1 
-0 -0 -1 
-0 -0 -1 
-0 -0 -1 
-0 -0 -1 
-0 -0 -1 
-0 -0 -1 
-0 -0 -1 
-0 -0 -1 
-0 -0 -1 
-0 -0 -1 
-0 -0 -1 
-0 -0 -1 
-0 -0 -1 
-0 -0 -1 
-0 -0 -1 
-0 -0 -1 
-0 -0 -1 
-0 -0 -1 
-0 -0 -1 
-0 -0 -1 
-0 -0 -1 
-0 -0 -1 
-0 -0 -1 
-0 -0 -1 
-0 -0 -1 
-0 -0 -1 
-0 -0 -1 
-0 -0 -1 
-0 -0 -1 
-0 -0 -1 
-0 -0 -1 
-0 -0 -1 
-0 -0 -1 
-0 -0 -1 
-0 -0 -1 
-0 -0 -1 
-0 -0 -1 
-0 -0 -1 
-0 -0 -1 
-0 -0 -1 
-0 -0 -1 
-0 -0 -1 
-0 -0 -1 
-0 -0 -1 
-0 -0 -1 
-0 -0 -1 
-0 -0 -1 
-0 -0 -1 
-0 -0 -1 
-0 -0 -1 
-0 -0 -1 
-0 -0 -1 
-0 -0 -1 
-0 -0 -1 
-0 -0 -1 
-0 -0 -1 
-0 -0 -1 
-0 -0 -1 
-0 -0 -1 
-0 -0 -1 
-0 -0 -1 
-0 -0 -1 
-0 -0 -1 
-0 -0 -1 
-0 -0 -1 
0.865078 0.501637 -0 
0.865078 0.501637 -0 
0.865078 0.501637 -0 
0.865078 0.501637 -0 
0.865078 0.501637 -0 
0.865078 0.501637 -0 
0.865078 0.501637 -0 
0.865078 0.501637 -0 
0.865078 0.501637 -0 
0.865078 0.501637 -0 
0.865078 0.501637 -0 
0.865078 0.501637 -0 
0.865078 0.501637 -0 
0.865078 0.501637 -0 
0.865078 0.501637 -0 
0.865078 0.501637 -0 
0.865078 0.501637 -0 
0.865078 0.501637 -0 
0.865078 0.501637 -0 
-0 1 -0 
-0 1 -0 
-0 1 -0 
-0 1 -0 
-0 1 -0 
-1 -0 -0 
-1 -0 -0 
-1 -0 -0 
-1 -0 -0 
-1 -0 -0 
-1 -0 -0 
-1 -0 -0 
-1 -0 -0 
-1 -0 -0 
-1 -0 -0 
-1 -0 -0 
-1 -0 -0 
-1 -0 -0 
-1 -0 -0 
-1 -0 -0 
-1 -0 -0 
-1 -0 -0 
-1 -0 -0 
-1 -0 -0 
-1 -0 -0 
-1 -0 -0 
-1 -0 -0 
-1 -0 -0 
-1 -0 -0 
-1 -0 -0 
-1 -0 -0 
-1 -0 -0 
-1 -0 -0 
-1 -0 -0 
-1 -0 -0 
-1 -0 -0 
-1 -0 -0 
-1 -0 -0 
-1 -0 -0 
-1 -0 -0 
-1 -0 -0 
-1 -0 -0 
-1 -0 -0 
-1 -0 -0 
-1 -0 -0 
-1 -0 -0 
-1 -0 -0 
-1 -0 -0 
-1 -0 -0 
-1 -0 -0 
-1 -0 -0 
-1 -0 -0 
-1 -0 -0 
-1 -0 -0 
-1 -0 -0 
-1 -0 -0 
-1 -0 -0 
-1 -0 -0 
-1 -0 -0 
-1 -0 -0 
-1 -0 -0 
-1 -0 -0 
-1 -0 -0 
-1 -0 -0 
-1 -0 -0 
-1 -0 -0 
-1 -0 -0 
-1 -0 -0 
-1 -0 -0 
-1 -0 -0 
-1 -0 -0 
-1 -0 -0 
-1 -0 -0 
-1 -0 -0 
-1 -0 -0 
-1 -0 -0 
-1 -0 -0 
-1 -0 -0 
-1 -0 -0 
-1 -0 -0 
-1 -0 -0 
-1 -0 -0 
-1 -0 -0 
-1 -0 -0 
-1 -0 -0 
-1 -0 -0 
-1 -0 -0 
-1 -0 -0 
-1 -0 -0 
-1 -0 -0 
-1 -0 -0 
-1 -0 -0 
-1 -0 -0 
-1 -0 -0 
-1 -0 -0 
-1 -0 -0 
-1 -0 -0 
-1 -0 -0 
-1 -0 -0 
-1 -0 -0 
-1 -0 -0 
-1 -0 -0 
-1 -0 -0 
-1 -0 -0 
-1 -0 -0 
-1 -0 -0 
-1 -0 -0 
-1 -0 -0 
-1 -0 -0 
-1 -0 -0 
-1 -0 -0 
-1 -0 -0 
-1 -0 -0 
-1 -0 -0 
-1 -0 -0 
-1 -0 -0 
-1 -0 -0 
-1 -0 -0 
-1 -0 -0 
-1 -0 -0 
-1 -0 -0 
-1 -0 -0 
-1 -0 -0 
-1 -0 -0 
-1 -0 -0 
-1 -0 -0 
-1 -0 -0 
-1 -0 -0 
-1 -0 -0 
-1 -0 -0 
-1 -0 -0 
-1 -0 -0 
-1 -0 -0 
-1 -0 -0 
-1 -0 -0 
-1 -0 -0 
-1 -0 -0 
-1 -0 -0 
-1 -0 -0 
-1 -0 -0 
-1 -0 -0 
-1 -0 -0 
-1 -0 -0 
-1 -0 -0 
-1 -0 -0 
-1 -0 -0 
-1 -0 -0 
-1 -0 -0 
-1 -0 -0 
-1 -0 -0 
-1 -0 -0 
-1 -0 -0 
-1 -0 -0 
-1 -0 -0 
-1 -0 -0 
-1 -0 -0 
-1 -0 -0 
-1 -0 -0 
-1 -0 -0 
-1 -0 -0 
-1 -0 -0 
-1 -0 -0 
-1 -0 -0 
-1 -0 -0 
-1 -0 -0 
-1 -0 -0 
-1 -0 -0 
-1 -0 -0 
-1 -0 -0 
-1 -0 -0 
-1 -0 -0 
-1 -0 -0 
-1 -0 -0 
-1 -0 -0 
-1 -0 -0 
-1 -0 -0 
-1 -0 -0 
-1 -0 -0 
-1 -0 -0 
-1 -0 -0 
-1 -0 -0 
-1 -0 -0 
-1 -0 -0 
-1 -0 -0 
-1 -0 -0 
-1 -0 -0 
-1 -0 -0 
-1 -0 -0 
-1 -0 -0 
-1 -0 -0 
-1 -0 -0 
-1 -0 -0 
-1 -0 -0 
-1 -0 -0 
-1 -0 -0 
-1 -0 -0 
-1 -0 -0 
-1 -0 -0 
-1 -0 -0 
-1 -0 -0 
-1 -0 -0 
-1 -0 -0 
-1 -0 -0 
-1 -0 -0 
-1 -0 -0 
-1 -0 -0 
-1 -0 -0 
-1 -0 -0 
-1 -0 -0 
-1 -0 -0 
-1 -0 -0 
-1 -0 -0 
-1 -0 -0 
-1 -0 -0 
-1 -0 -0 
0 0 1 
0 0 1 
0 0 1 
0 0 1 
0 0 1 
0 0 1 
0 0 1 
0 0 1 
0 0 1 
0 0 1 
0 0 1 
0 0 1 
0 0 1 
0 0 1 
0 0 1 
0 0 1 
0 0 1 
0 0 1 
0 0 1 
0 0 1 
0 0 1 
0 0 1 
0 0 1 
0 0 1 
0 0 1 
0 0 1 
0 0 1 
0 0 1 
0 0 1 
0 0 1 
0 0 1 
0 0 1 
0 0 1 
0 0 1 
0 0 1 
0 0 1 
0 0 1 
0 0 1 
0 0 1 
0 0 1 
0 0 1 
0 0 1 
0 0 1 
0 0 1 
0 0 1 
0 0 1 
0 0 1 
0 0 1 
0 0 1 
0 0 1 
0 0 1 
0 0 1 
0 0 1 
0 0 1 
0 0 1 
0 0 1 
0 0 1 
0 0 1 
0 0 1 
0 0 1 
0 0 1 
0 0 1 
1 -1.65212e-16 -0 
1 -1.65212e-16 -0 
1 -1.65212e-16 -0 
1 -1.65212e-16 -0 
1 -1.65212e-16 -0 
1 -1.65212e-16 -0 
1 -1.65212e-16 -0 
1 -1.65212e-16 -0 
1 -1.65212e-16 -0 
1 -1.65212e-16 -0 
1 -1.65212e-16 -0 
1 -1.65212e-16 -0 
1 -1.65212e-16 -0 
1 -1.65212e-16 -0 
1 -1.65212e-16 -0 
1 -1.65212e-16 -0 
1 -1.65212e-16 -0 
1 -1.65212e-16 -0 
1 -1.65212e-16 -0 
1 -1.65212e-16 -0 
1 -1.65212e-16 -0 
1 -1.65212e-16 -0 
1 -1.65212e-16 -0 
1 -1.65212e-16 -0 
1 -1.65212e-16 -0 
1 -1.65212e-16 -0 
1 -1.65212e-16 -0 
1 -1.65212e-16 -0 
1 -1.65212e-16 -0 
1 -1.65212e-16 -0 
1 -1.65212e-16 -0 
1 -1.65212e-16 -0 
1 -1.65212e-16 -0 
1 -1.65212e-16 -0 
1 -1.65212e-16 -0 
1 -1.65212e-16 -0 
1 -1.65212e-16 -0 
1 -1.65212e-16 -0 
1 -1.65212e-16 -0 
1 -1.65212e-16 -0 
1 -1.65212e-16 -0 
1 -1.65212e-16 -0 
1 -1.65212e-16 -0 
1 -1.65212e-16 -0 
1 -1.65212e-16 -0 
1 -1.65212e-16 -0 
1 -1.65212e-16 -0 
1 -1.65212e-16 -0 
1 -1.65212e-16 -0 
1 -1.65212e-16 -0 
1 -1.65212e-16 -0 
1 -1.65212e-16 -0 
1 -1.65212e-16 -0 
1 -1.65212e-16 -0 
1 -1.65212e-16 -0 
1 -1.65212e-16 -0 
1 -1.65212e-16 -0 
1 -1.65212e-16 -0 
1 -1.65212e-16 -0 
1 -1.65212e-16 -0 
1 -1.65212e-16 -0 
1 -1.65212e-16 -0 
1 -1.65212e-16 -0 
1 -1.65212e-16 -0 
1 -1.65212e-16 -0 
1 -1.65212e-16 -0 
1 -1.65212e-16 -0 
1 -1.65212e-16 -0 
1 -1.65212e-16 -0 
1 -1.65212e-16 -0 
1 -1.65212e-16 -0 
1 -1.65212e-16 -0 
1 -1.65212e-16 -0 
1 -1.65212e-16 -0 
1 -1.65212e-16 -0 
1 -1.65212e-16 -0 
1 -1.65212e-16 -0 
1 -1.65212e-16 -0 
1 -1.65212e-16 -0 
1 -1.65212e-16 -0 
1 -1.65212e-16 -0 
1 -1.65212e-16 -0 
1 -1.65212e-16 -0 
1 -1.65212e-16 -0 
1 -1.65212e-16 -0 
1 -1.65212e-16 -0 
1 -1.65212e-16 -0 
1 -1.65212e-16 -0 
1 -1.65212e-16 -0 
1 -1.65212e-16 -0 
1 -1.65212e-16 -0 
1 -1.65212e-16 -0 
1 -1.65212e-16 -0 
1 -1.65212e-16 -0 
1 -1.65212e-16 -0 
1 -1.65212e-16 -0 
1 -1.65212e-16 -0 
1 -1.65212e-16 -0 
1 -1.65212e-16 -0 
1 -1.65212e-16 -0 
1 -1.65212e-16 -0 
1 -1.65212e-16 -0 
1 -1.65212e-16 -0 
1 -1.65212e-16 -0 
1 -1.65212e-16 -0 
1 -1.65212e-16 -0 
1 -1.65212e-16 -0 
1 -1.65212e-16 -0 
1 -1.65212e-16 -0 
1 -1.65212e-16 -0 
1 -1.65212e-16 -0 
1 -1.65212e-16 -0 
1 -1.65212e-16 -0 
1 -1.65212e-16 -0 
1 -1.65212e-16 -0 
1 -1.65212e-16 -0 
1 -1.65212e-16 -0 
1 -1.65212e-16 -0 
1 -1.65212e-16 -0 
1 -1.65212e-16 -0 
1 -1.65212e-16 -0 
1 -1.65212e-16 -0 
1 -1.65212e-16 -0 
1 -1.65212e-16 -0 
1 -1.65212e-16 -0 
1 -1.65212e-16 -0 
1 -1.65212e-16 -0 
1 -1.65212e-16 -0 
1 -1.65212e-16 -0 
1 -1.65212e-16 -0 
1 -1.65212e-16 -0 
1 -1.65212e-16 -0 
1 -1.65212e-16 -0 
1 -1.65212e-16 -0 
1 -1.65212e-16 -0 
1 -1.65212e-16 -0 
1 -1.65212e-16 -0 
1 -1.65212e-16 -0 
1 -1.65212e-16 -0 
1 -1.65212e-16 -0 
1 -1.65212e-16 -0 
1 -1.65212e-16 -0 
1 -1.65212e-16 -0 
1 -1.65212e-16 -0 
1 -1.65212e-16 -0 
1 -1.65212e-16 -0 
1 -1.65212e-16 -0 
1 -1.65212e-16 -0 
1 -1.65212e-16 -0 
1 -1.65212e-16 -0 
1 -1.65212e-16 -0 
1 -1.65212e-16 -0 
1 -1.65212e-16 -0 
1 -1.65212e-16 -0 
1 -1.65212e-16 -0 
1 -1.65212e-16 -0 
1 -1.65212e-16 -0 
1 -1.65212e-16 -0 
1 -1.65212e-16 -0 
1 -1.65212e-16 -0 
1 -1.65212e-16 -0 
1 -1.65212e-16 -0 
1 -1.65212e-16 -0 
1 -1.65212e-16 -0 
1 -1.65212e-16 -0 
1 -1.65212e-16 -0 
1 -1.65212e-16 -0 
1 -1.65212e-16 -0 
1 -1.65212e-16 -0 
1 -1.65212e-16 -0 
1 -1.65212e-16 -0 
1 -1.65212e-16 -0 
1 -1.65212e-16 -0 
1 -1.65212e-16 -0 
1 -1.65212e-16 -0 
1 -1.65212e-16 -0 
1 -1.65212e-16 -0 
1 -1.65212e-16 -0 
1 -1.65212e-16 -0 
1 -1.65212e-16 -0 
1 -1.65212e-16 -0 
1 -1.65212e-16 -0 
1 -1.65212e-16 -0 
1 -1.65212e-16 -0 
1 -1.65212e-16 -0 
1 -1.65212e-16 -0 
1 -1.65212e-16 -0 
1 -1.65212e-16 -0 
1 -1.65212e-16 -0 
1 -1.65212e-16 -0 
1 -1.65212e-16 -0 
1 -1.65212e-16 -0 
1 -1.65212e-16 -0 
1 -1.65212e-16 -0 
1 -1.65212e-16 -0 
1 -1.65212e-16 -0 
1 -1.65212e-16 -0 
1 -1.65212e-16 -0 
1 -1.65212e-16 -0 
1 -1.65212e-16 -0 
1 -1.65212e-16 -0 
1 -1.65212e-16 -0 
1 -1.65212e-16 -0 
1 -1.65212e-16 -0 
1 -1.65212e-16 -0 
1 -1.65212e-16 -0 
1 -1.65212e-16 -0 
1 -1.65212e-16 -0 
0 -1 -0 
0 -1 -0 
0 -1 -0 
0 -1 -0 
0 -1 -0 
0 -1 -0 
0 -1 -0 
0 -1 -0 
0 -1 -0 
0 -1 -0 
0 -1 -0 
0 -1 -0 
0 -1 -0 
0 -1 -0 
0 0.951057 -0.309017 
0 0.987688 -0.156435 
0 0.951057 -0.309017 
0 1 -6.95355e-08 
0 0.987688 -0.156434 
0 1 1.68883e-07 
0 0.809017 -0.587785 
0 0.707107 -0.707107 
0 0.707107 -0.707107 
0 0.809017 -0.587785 
0 0.891007 -0.453991 
0 0.891007 -0.453991 
0 0.309017 -0.951057 
0 0.45399 -0.891007 
0 0.309017 -0.951057 
0 0.45399 -0.891007 
0 0.587785 -0.809017 
0 0.587785 -0.809017 
0 0.156435 -0.987688 
0 0.156435 -0.987688 
0 5.96244e-09 -1 
0 5.96244e-09 -1 
-0 -0.809017 -0.587785 
-0 -0.809017 -0.587785 
0 -0.707107 -0.707107 
-0 -0.891007 -0.453991 
-0 -0.891007 -0.453991 
-0 -0.707107 -0.707107 
-0 -0.951057 -0.309017 
-0 -0.987688 -0.156435 
-0 -0.951057 -0.309017 
-0 -0.987688 -0.156434 
-0 -1 -6.95355e-08 
-0 -1 1.68883e-07 
0 -0.587785 -0.809017 
0 -0.587785 -0.809017 
0 -0.45399 -0.891007 
0 -0.309017 -0.951057 
0 -0.45399 -0.891007 
0 -0.309017 -0.951057 
0 -0.156435 -0.987688 
0 -0.156435 -0.987688 
0 -5.96244e-09 -1 
0 -5.96244e-09 -1 
-0.985616 -0.169001 -0 
-1 1.37179e-11 -0 
-1 -3.41589e-23 -0 
-0.778036 -0.62822 -0 
-0.873014 -0.487695 -0 
-0.873014 -0.487695 -0 
-0.942877 -0.33314 -0 
-0.942877 -0.33314 -0 
-0.985616 -0.169001 -0 
-0.524307 -0.851529 -0 
-0.524307 -0.851529 -0 
-0.372856 -0.927889 -0 
-0.778036 -0.62822 -0 
-0.660675 -0.750672 -0 
-0.660675 -0.750672 -0 
-0.0424412 -0.999099 -0 
0.127018 -0.9919 -0 
-0.0424412 -0.999099 -0 
-0.210679 -0.977555 -0 
-0.210679 -0.977555 -0 
-0.372857 -0.927889 -0 
0.594633 -0.803997 -0 
0.450204 -0.892926 -0 
0.450204 -0.892926 -0 
0.292823 -0.956167 -0 
0.127018 -0.9919 -0 
0.292823 -0.956167 -0 
0.82851 -0.559975 -0 
0.82851 -0.559975 -0 
0.911229 -0.411901 -0 
0.594633 -0.803997 -0 
0.721956 -0.691939 -0 
0.721956 -0.691939 -0 
0.996397 -0.0848059 -0 
0.996397 0.0848059 -0 
0.996397 -0.0848059 -0 
0.967733 -0.251978 -0 
0.967733 -0.251978 -0 
0.911228 -0.411901 -0 
0.82851 0.559975 -0 
0.911228 0.411901 -0 
0.911228 0.411901 -0 
0.967733 0.251978 -0 
0.996397 0.0848059 -0 
0.967733 0.251978 -0 
0.594633 0.803997 -0 
0.594633 0.803997 -0 
0.450204 0.892926 -0 
0.82851 0.559975 -0 
0.721956 0.691939 -0 
0.721956 0.691939 -0 
0.127018 0.9919 -0 
-0.0424415 0.999099 -0 
0.127018 0.9919 -0 
0.292823 0.956167 -0 
0.292823 0.956167 -0 
0.450204 0.892926 -0 
-0.042441 0.999099 -0 
-0.210679 0.977555 -0 
-0.210679 0.977555 -0 
-0.372857 0.927889 -0 
-0.372856 0.927889 -0 
-0.524307 0.851529 -0 
-0.524307 0.851529 -0 
-0.660675 0.750672 -0 
-0.660675 0.750672 -0 
-0.778036 0.62822 -0 
-0.778036 0.62822 -0 
-0.873014 0.487695 -0 
-0.873014 0.487695 -0 
-0.942877 0.33314 -0 
-0.942877 0.33314 -0 
-0.985616 0.169001 -0 
-0.985616 0.169001 -0 
0.987688 -1.63178e-16 -0.156435 
1 -1.65212e-16 -5.96244e-09 
1 -1.65212e-16 -5.96244e-09 
0.809017 -1.33659e-16 -0.587785 
0.842919 -1.3926e-16 -0.538041 
0.891007 -1.47205e-16 -0.45399 
0.951057 -1.57126e-16 -0.309017 
0.902821 -1.49157e-16 -0.430016 
0.952759 -1.57407e-16 -0.303726 
0.479447 -7.92103e-17 -0.877571 
0.453991 -7.50046e-17 -0.891007 
0.400994 -6.62489e-17 -0.916081 
0.706024 -1.16643e-16 -0.708188 
0.707107 -1.16822e-16 -0.707107 
0.632443 -1.04487e-16 -0.774607 
0.241783 -3.99455e-17 -0.97033 
0.156435 -2.58448e-17 -0.987688 
0.161454 -2.66741e-17 -0.98688 
0.309017 -5.10532e-17 -0.951057 
6.95355e-08 -1.14881e-23 -1 
0.0807529 -1.33413e-17 -0.996734 
6.95355e-08 -1.14881e-23 -1 
0.321689 -5.31469e-17 -0.946845 
0.556727 -9.19778e-17 -0.830696 
0.587785 -9.7109e-17 -0.809017 
0.776591 -1.28302e-16 -0.630005 
0.987332 -1.63119e-16 -0.158671 
-1.22158e-16 -0.985871 -0.167506 
-1.23909e-16 -1 1.37194e-11 
-1.23909e-16 -1 -1.50974e-23 
-9.68758e-17 -0.781831 -0.62349 
-1.08174e-16 -0.873014 -0.487695 
-1.08448e-16 -0.875223 -0.483719 
-1.16955e-16 -0.943883 -0.330279 
-1.16831e-16 -0.942877 -0.33314 
-1.22127e-16 -0.985616 -0.169001 
-6.49663e-17 -0.524307 -0.851529 
-6.59235e-17 -0.532032 -0.846724 
-4.74179e-17 -0.382683 -0.92388 
-9.64055e-17 -0.778036 -0.62822 
-8.25662e-17 -0.666347 -0.745642 
-8.18634e-17 -0.660675 -0.750672 
-6.94762e-18 -0.0560704 -0.998427 
1.38734e-17 0.111964 -0.993712 
-5.25884e-18 -0.0424412 -0.999099 
-2.75723e-17 -0.222521 -0.974928 
-2.6105e-17 -0.210679 -0.977555 
-4.62002e-17 -0.372857 -0.927889 
7.17025e-17 0.578671 -0.815561 
5.57842e-17 0.450204 -0.892926 
5.3762e-17 0.433884 -0.900969 
3.62833e-17 0.292823 -0.956167 
1.57386e-17 0.127018 -0.9919 
3.43024e-17 0.276836 -0.960917 
1.0266e-16 0.82851 -0.559975 
1.01055e-16 0.815561 -0.578671 
1.11638e-16 0.900969 -0.433884 
7.36803e-17 0.594633 -0.803997 
8.76168e-17 0.707107 -0.707107 
8.94567e-17 0.721956 -0.691939 
1.2313e-16 0.993712 -0.111964 
1.23714e-16 0.998427 0.0560706 
1.23462e-16 0.996397 -0.0848059 
1.19066e-16 0.960917 -0.276836 
1.19911e-16 0.967733 -0.251978 
1.12909e-16 0.911228 -0.411901 
1.04917e-16 0.846724 0.532032 
1.12909e-16 0.911228 0.411901 
1.14477e-16 0.92388 0.382683 
1.19911e-16 0.967733 0.251978 
1.23462e-16 0.996397 0.0848059 
1.20802e-16 0.974928 0.222521 
7.36803e-17 0.594633 0.803997 
7.72559e-17 0.62349 0.781831 
5.9937e-17 0.483719 0.875224 
1.0266e-16 0.82851 0.559975 
9.23916e-17 0.745642 0.666346 
8.94567e-17 0.721956 0.691939 
2.07555e-17 0.167506 0.985871 
-1.4776e-24 -1.19249e-08 1 
1.57386e-17 0.127018 0.9919 
4.09244e-17 0.330279 0.943883 
3.62833e-17 0.292823 0.956167 
5.57842e-17 0.450204 0.892926 
-5.25882e-18 -0.042441 0.999099 
-2.15165e-17 -0.173648 0.984808 
-2.6105e-17 -0.210679 0.977555 
-4.62002e-17 -0.372857 0.927889 
-4.23793e-17 -0.34202 0.939693 
-6.19544e-17 -0.5 0.866025 
-6.49663e-17 -0.524307 0.851529 
-7.9647e-17 -0.642788 0.766044 
-8.18634e-17 -0.660675 0.750672 
-9.49197e-17 -0.766044 0.642788 
-1.07308e-16 -0.866026 0.5 
-9.64055e-17 -0.778036 0.62822 
-1.16436e-16 -0.939693 0.34202 
-1.08174e-16 -0.873014 0.487695 
-1.16831e-16 -0.942877 0.33314 
-1.22026e-16 -0.984808 0.173648 
-1.22127e-16 -0.985616 0.169001 
-1.22158e-16 -0.985871 -0.167506 
-1.23909e-16 -1 1.37186e-11 
-1.23909e-16 -1 -1.35811e-22 
-9.68758e-17 -0.781831 -0.62349 
-1.08174e-16 -0.873014 -0.487695 
-1.08448e-16 -0.875223 -0.483719 
-1.16955e-16 -0.943883 -0.330279 
-1.16831e-16 -0.942877 -0.33314 
-1.22127e-16 -0.985616 -0.169001 
-6.49663e-17 -0.524307 -0.851529 
-6.59235e-17 -0.532032 -0.846724 
-4.74179e-17 -0.382683 -0.92388 
-9.64055e-17 -0.778036 -0.62822 
-8.25662e-17 -0.666347 -0.745642 
-8.18634e-17 -0.660675 -0.750672 
-6.94762e-18 -0.0560704 -0.998427 
1.38734e-17 0.111964 -0.993712 
-5.25884e-18 -0.0424412 -0.999099 
-2.75723e-17 -0.222521 -0.974928 
-2.6105e-17 -0.210679 -0.977555 
-4.62002e-17 -0.372857 -0.927889 
7.17025e-17 0.578671 -0.815561 
5.57842e-17 0.450204 -0.892926 
5.3762e-17 0.433884 -0.900969 
3.62833e-17 0.292823 -0.956167 
1.57386e-17 0.127018 -0.9919 
3.43024e-17 0.276836 -0.960917 
1.0266e-16 0.82851 -0.559975 
1.01055e-16 0.815561 -0.578671 
1.11638e-16 0.900969 -0.433884 
7.36803e-17 0.594633 -0.803997 
8.76168e-17 0.707107 -0.707107 
8.94567e-17 0.721956 -0.691939 
1.2313e-16 0.993712 -0.111964 
1.23714e-16 0.998427 0.0560706 
1.23462e-16 0.996397 -0.0848059 
1.19066e-16 0.960917 -0.276836 
1.19911e-16 0.967733 -0.251978 
1.12909e-16 0.911228 -0.411901 
1.04917e-16 0.846724 0.532032 
1.12909e-16 0.911228 0.411901 
1.14477e-16 0.92388 0.382683 
1.19911e-16 0.967733 0.251978 
1.23462e-16 0.996397 0.0848059 
1.20802e-16 0.974928 0.222521 
7.36803e-17 0.594633 0.803997 
7.72559e-17 0.62349 0.781831 
5.9937e-17 0.483719 0.875224 
1.0266e-16 0.82851 0.559975 
9.23916e-17 0.745642 0.666346 
8.94567e-17 0.721956 0.691939 
2.07555e-17 0.167506 0.985871 
-1.4776e-24 -1.19249e-08 1 
1.57386e-17 0.127018 0.9919 
4.09244e-17 0.330279 0.943883 
3.62833e-17 0.292823 0.956167 
5.57842e-17 0.450204 0.892926 
-5.25882e-18 -0.042441 0.999099 
-2.15165e-17 -0.173648 0.984808 
-2.6105e-17 -0.210679 0.977555 
-4.62002e-17 -0.372857 0.927889 
-4.23793e-17 -0.34202 0.939693 
-6.19544e-17 -0.5 0.866025 
-6.49663e-17 -0.524307 0.851529 
-7.9647e-17 -0.642788 0.766044 
-8.18634e-17 -0.660675 0.750672 
-9.49197e-17 -0.766044 0.642788 
-1.07308e-16 -0.866026 0.5 
-9.64055e-17 -0.778036 0.62822 
-1.16436e-16 -0.939693 0.34202 
-1.08174e-16 -0.873014 0.487695 
-1.16831e-16 -0.942877 0.33314 
-1.22026e-16 -0.984808 0.173648 
-1.22127e-16 -0.985616 0.169001 
-1.22158e-16 -0.985871 -0.167506 
-1.23909e-16 -1 1.37186e-11 
-1.23909e-16 -1 6.78918e-23 
-9.68758e-17 -0.781831 -0.62349 
-1.08174e-16 -0.873014 -0.487695 
-1.08448e-16 -0.875223 -0.483719 
-1.16955e-16 -0.943883 -0.330279 
-1.16831e-16 -0.942877 -0.33314 
-1.22127e-16 -0.985616 -0.169001 
-6.49663e-17 -0.524307 -0.851529 
-6.59235e-17 -0.532032 -0.846724 
-4.74179e-17 -0.382683 -0.92388 
-9.64055e-17 -0.778036 -0.62822 
-8.25662e-17 -0.666347 -0.745642 
-8.18634e-17 -0.660675 -0.750672 
-6.94762e-18 -0.0560704 -0.998427 
1.38734e-17 0.111964 -0.993712 
-5.25884e-18 -0.0424412 -0.999099 
-2.75723e-17 -0.222521 -0.974928 
-2.6105e-17 -0.210679 -0.977555 
-4.62002e-17 -0.372857 -0.927889 
7.17025e-17 0.578671 -0.815561 
5.57842e-17 0.450204 -0.892926 
5.3762e-17 0.433884 -0.900969 
3.62833e-17 0.292823 -0.956167 
1.57386e-17 0.127018 -0.9919 
3.43024e-17 0.276836 -0.960917 
1.0266e-16 0.82851 -0.559975 
1.01055e-16 0.815561 -0.578671 
1.11638e-16 0.900969 -0.433884 
7.36803e-17 0.594633 -0.803997 
8.76168e-17 0.707107 -0.707107 
8.94567e-17 0.721956 -0.691939 
1.2313e-16 0.993712 -0.111964 
1.23714e-16 0.998427 0.0560706 
1.23462e-16 0.996397 -0.0848059 
1.19066e-16 0.960917 -0.276836 
1.19911e-16 0.967733 -0.251978 
1.12909e-16 0.911228 -0.411901 
1.04917e-16 0.846724 0.532032 
1.12909e-16 0.911228 0.411901 
1.14477e-16 0.92388 0.382683 
1.19911e-16 0.967733 0.251978 
1.23462e-16 0.996397 0.0848059 
1.20802e-16 0.974928 0.222521 
7.36803e-17 0.594633 0.803997 
7.72559e-17 0.62349 0.781831 
5.9937e-17 0.483719 0.875224 
1.0266e-16 0.82851 0.559975 
9.23916e-17 0.745642 0.666346 
8.94567e-17 0.721956 0.691939 
2.07555e-17 0.167506 0.985871 
-1.4776e-24 -1.19249e-08 1 
1.57386e-17 0.127018 0.9919 
4.09244e-17 0.330279 0.943883 
3.62833e-17 0.292823 0.956167 
5.57842e-17 0.450204 0.892926 
-5.25882e-18 -0.042441 0.999099 
-2.15165e-17 -0.173648 0.984808 
-2.6105e-17 -0.210679 0.977555 
-4.62002e-17 -0.372857 0.927889 
-4.23793e-17 -0.34202 0.939693 
-6.19544e-17 -0.5 0.866025 
-6.49663e-17 -0.524307 0.851529 
-7.9647e-17 -0.642788 0.766044 
-8.18634e-17 -0.660675 0.750672 
-9.49197e-17 -0.766044 0.642788 
-1.07308e-16 -0.866026 0.5 
-9.64055e-17 -0.778036 0.62822 
-1.16436e-16 -0.939693 0.34202 
-1.08174e-16 -0.873014 0.487695 
-1.16831e-16 -0.942877 0.33314 
-1.22026e-16 -0.984808 0.173648 
-1.22127e-16 -0.985616 0.169001 
-1.22158e-16 -0.985871 -0.167506 
-1.23909e-16 -1 1.37186e-11 
-1.23909e-16 -1 -2.71641e-23 
-9.68758e-17 -0.781831 -0.62349 
-1.08174e-16 -0.873014 -0.487695 
-1.08448e-16 -0.875223 -0.483719 
-1.16955e-16 -0.943883 -0.330279 
-1.16831e-16 -0.942877 -0.33314 
-1.22127e-16 -0.985616 -0.169001 
-6.49663e-17 -0.524307 -0.851529 
-6.59235e-17 -0.532032 -0.846724 
-4.74179e-17 -0.382683 -0.92388 
-9.64055e-17 -0.778036 -0.62822 
-8.25662e-17 -0.666347 -0.745642 
-8.18634e-17 -0.660675 -0.750672 
-6.94762e-18 -0.0560704 -0.998427 
1.38734e-17 0.111964 -0.993712 
-5.25884e-18 -0.0424412 -0.999099 
-2.75723e-17 -0.222521 -0.974928 
-2.6105e-17 -0.210679 -0.977555 
-4.62002e-17 -0.372857 -0.927889 
7.17025e-17 0.578671 -0.815561 
5.57842e-17 0.450204 -0.892926 
5.3762e-17 0.433884 -0.900969 
3.62833e-17 0.292823 -0.956167 
1.57386e-17 0.127018 -0.9919 
3.43024e-17 0.276836 -0.960917 
1.0266e-16 0.82851 -0.559975 
1.01055e-16 0.815561 -0.578671 
1.11638e-16 0.900969 -0.433884 
7.36803e-17 0.594633 -0.803997 
8.76168e-17 0.707107 -0.707107 
8.94567e-17 0.721956 -0.691939 
1.2313e-16 0.993712 -0.111964 
1.23714e-16 0.998427 0.0560706 
1.23462e-16 0.996397 -0.0848059 
1.19066e-16 0.960917 -0.276836 
1.19911e-16 0.967733 -0.251978 
1.12909e-16 0.911228 -0.411901 
1.04917e-16 0.846724 0.532032 
1.12909e-16 0.911228 0.411901 
1.14477e-16 0.92388 0.382683 
1.19911e-16 0.967733 0.251978 
1.23462e-16 0.996397 0.0848059 
1.20802e-16 0.974928 0.222521 
7.36803e-17 0.594633 0.803997 
7.72559e-17 0.62349 0.781831 
5.9937e-17 0.483719 0.875224 
1.0266e-16 0.82851 0.559975 
9.23916e-17 0.745642 0.666346 
8.94567e-17 0.721956 0.691939 
2.07555e-17 0.167506 0.985871 
-1.4776e-24 -1.19249e-08 1 
1.57386e-17 0.127018 0.9919 
4.09244e-17 0.330279 0.943883 
3.62833e-17 0.292823 0.956167 
5.57842e-17 0.450204 0.892926 
-5.25882e-18 -0.042441 0.999099 
-2.15165e-17 -0.173648 0.984808 
-2.6105e-17 -0.210679 0.977555 
-4.62002e-17 -0.372857 0.927889 
-4.23793e-17 -0.34202 0.939693 
-6.19544e-17 -0.5 0.866025 
-6.49663e-17 -0.524307 0.851529 
-7.9647e-17 -0.642788 0.766044 
-8.18634e-17 -0.660675 0.750672 
-9.49197e-17 -0.766044 0.642788 
-1.07308e-16 -0.866026 0.5 
-9.64055e-17 -0.778036 0.62822 
-1.16436e-16 -0.939693 0.34202 
-1.08174e-16 -0.873014 0.487695 
-1.16831e-16 -0.942877 0.33314 
-1.22026e-16 -0.984808 0.173648 
-1.22127e-16 -0.985616 0.169001 
1 -1.23909e-16 0 
1 -1.23909e-16 0 
1 -1.23909e-16 0 
1 -1.23909e-16 0 
1 -1.23909e-16 0 
1 -1.23909e-16 0 
1 -1.23909e-16 0 
1 -1.23909e-16 0 
1 -1.23909e-16 0 
1 -1.23909e-16 0 
1 -1.23909e-16 0 
1 -1.23909e-16 0 
1 -1.23909e-16 0 
1 -1.23909e-16 0 
1 -1.23909e-16 0 
1 -1.23909e-16 0 
1 -1.23909e-16 0 
1 -1.23909e-16 0 
1 -1.23909e-16 0 
1 -1.23909e-16 0 
1 -1.23909e-16 0 
1 -1.23909e-16 0 
1 -1.23909e-16 0 
1 -1.23909e-16 0 
1 -1.23909e-16 0 
1 -1.23909e-16 0 
1 -1.23909e-16 0 
1 -1.23909e-16 0 
1 -1.23909e-16 0 
1 -1.23909e-16 0 
1 -1.23909e-16 0 
1 -1.23909e-16 0 
1 -1.23909e-16 0 
1 -1.23909e-16 0 
1 -1.23909e-16 0 
1 -1.23909e-16 0 
1 -1.23909e-16 0 
1 -1.23909e-16 0 
1 -1.23909e-16 0 
1 -1.23909e-16 0 
1 -1.23909e-16 0 
1 -1.23909e-16 0 
1 -1.23909e-16 0 
1 -1.23909e-16 0 
1 -1.23909e-16 0 
1 -1.23909e-16 0 
1 -1.23909e-16 0 
1 -1.23909e-16 0 
1 -1.23909e-16 0 
1 -1.23909e-16 0 
1 -1.23909e-16 0 
1 -1.23909e-16 0 
1 -1.23909e-16 0 
1 -1.23909e-16 0 
1 -1.23909e-16 0 
1 -1.23909e-16 0 
1 -1.23909e-16 0 
1 -1.23909e-16 0 
1 -1.23909e-16 0 
1 -1.23909e-16 0 
1 -1.23909e-16 0 
1 -1.23909e-16 0 
1 -1.23909e-16 0 
1 -1.23909e-16 0 
1 -1.23909e-16 0 
1 -1.23909e-16 0 
1 -1.23909e-16 0 
1 -1.23909e-16 0 
1 -1.23909e-16 0 
1 -1.23909e-16 0 
1 -1.23909e-16 0 
1 -1.23909e-16 0 
1 -1.23909e-16 0 
1 -1.23909e-16 0 
-1.16831e-16 -0.942877 0.33314 
-1.16831e-16 -0.942877 0.33314 
-1.22127e-16 -0.985616 0.169001 
-1.23909e-16 -1 -1.74846e-07 
-1.23909e-16 -1 3.01992e-07 
-1.22127e-16 -0.985616 0.169001 
-9.64055e-17 -0.778036 0.62822 
-8.18634e-17 -0.660675 0.750672 
-8.18634e-17 -0.660675 0.750672 
-9.64055e-17 -0.778036 0.62822 
-1.08174e-16 -0.873014 0.487695 
-1.08174e-16 -0.873014 0.487695 
-2.6105e-17 -0.210679 0.977555 
-2.6105e-17 -0.210679 0.977555 
-4.62002e-17 -0.372856 0.927889 
-4.62002e-17 -0.372857 0.927889 
-6.49663e-17 -0.524307 0.851529 
-6.49663e-17 -0.524307 0.851529 
3.62833e-17 0.292823 0.956167 
1.57386e-17 0.127018 0.9919 
3.62833e-17 0.292823 0.956167 
-5.25888e-18 -0.0424415 0.999099 
-5.25882e-18 -0.042441 0.999099 
1.57386e-17 0.127018 0.9919 
7.36803e-17 0.594633 0.803997 
8.94567e-17 0.721956 0.691939 
8.94567e-17 0.721956 0.691939 
5.57842e-17 0.450204 0.892926 
7.36803e-17 0.594633 0.803997 
5.57842e-17 0.450204 0.892926 
1.19911e-16 0.967733 0.251978 
1.19911e-16 0.967733 0.251978 
1.12909e-16 0.911228 0.411901 
1.12909e-16 0.911228 0.411901 
1.0266e-16 0.82851 0.559975 
1.0266e-16 0.82851 0.559975 
1.19911e-16 0.967733 -0.251978 
1.23462e-16 0.996397 -0.0848059 
1.19911e-16 0.967733 -0.251978 
1.23462e-16 0.996397 0.0848059 
1.23462e-16 0.996397 0.0848059 
1.23462e-16 0.996397 -0.0848059 
1.0266e-16 0.82851 -0.559975 
8.94567e-17 0.721956 -0.691939 
8.94567e-17 0.721956 -0.691939 
1.12909e-16 0.911228 -0.411901 
1.0266e-16 0.82851 -0.559975 
1.12909e-16 0.911229 -0.411901 
3.62833e-17 0.292823 -0.956167 
3.62833e-17 0.292823 -0.956167 
5.57842e-17 0.450204 -0.892926 
5.57842e-17 0.450204 -0.892926 
7.36803e-17 0.594633 -0.803997 
7.36803e-17 0.594633 -0.803997 
-2.6105e-17 -0.210679 -0.977555 
-5.25884e-18 -0.0424412 -0.999099 
-5.25884e-18 -0.0424412 -0.999099 
1.57386e-17 0.127018 -0.9919 
1.57386e-17 0.127018 -0.9919 
-4.62002e-17 -0.372857 -0.927889 
-2.6105e-17 -0.210679 -0.977555 
-4.62002e-17 -0.372856 -0.927889 
-6.49663e-17 -0.524307 -0.851529 
-8.18634e-17 -0.660675 -0.750672 
-6.49663e-17 -0.524307 -0.851529 
-9.64055e-17 -0.778036 -0.62822 
-8.18634e-17 -0.660675 -0.750672 
-9.64055e-17 -0.778036 -0.62822 
-1.08174e-16 -0.873014 -0.487695 
-1.16831e-16 -0.942877 -0.33314 
-1.08174e-16 -0.873014 -0.487695 
-1.22127e-16 -0.985616 -0.169001 
-1.16831e-16 -0.942877 -0.33314 
-1.22127e-16 -0.985616 -0.169001 
</float_array>
				<technique_common>
					<accessor source="#Cut-Extrude513-mesh-normals-array" count="1358" stride="3">
						<param name="X" type="float"/>
						<param name="Y" type="float"/>
						<param name="Z" type="float"/>
					</accessor>
				</technique_common>
			</source>
			<vertices id="Cut-Extrude513-mesh-vertices">
				<input semantic="POSITION" source="#Cut-Extrude513-mesh-positions"/>
			</vertices>
			<triangles count="74" material="Material0-satin_finish_aluminum">
				<input semantic="VERTEX" source="#Cut-Extrude513-mesh-vertices" offset="0"/>
				<input semantic="NORMAL" source="#Cut-Extrude513-mesh-normals" offset="1"/>
				<p>
0 0 2 2 1 1 
3 3 5 5 4 4 
6 6 8 8 7 7 
9 9 11 11 10 10 
12 12 14 14 13 13 
15 15 17 17 16 16 
18 18 20 20 19 19 
21 21 23 23 22 22 
24 24 26 26 25 25 
27 27 29 29 28 28 
30 30 32 32 31 31 
33 33 35 35 34 34 
36 36 38 38 37 37 
39 39 41 41 40 40 
42 42 44 44 43 43 
45 45 47 47 46 46 
48 48 50 50 49 49 
51 51 53 53 52 52 
54 54 56 56 55 55 
57 57 58 58 52 52 
52 52 53 53 57 57 
59 59 58 58 60 60 
57 57 60 60 58 58 
59 59 62 62 61 61 
62 62 59 59 60 60 
63 63 64 64 61 61 
61 61 62 62 63 63 
65 65 64 64 66 66 
63 63 66 66 64 64 
65 65 68 68 67 67 
68 68 65 65 66 66 
69 69 70 70 67 67 
67 67 68 68 69 69 
71 71 70 70 72 72 
69 69 72 72 70 70 
71 71 73 73 1 1 
73 73 71 71 72 72 
51 51 54 54 55 55 
51 51 55 55 53 53 
45 45 56 56 47 47 
47 47 56 56 54 54 
50 50 46 46 49 49 
50 50 45 45 46 46 
48 48 39 39 40 40 
48 48 49 49 39 39 
41 41 44 44 42 42 
40 40 41 41 42 42 
34 34 35 35 43 43 
44 44 34 34 43 43 
36 36 37 37 33 33 
33 33 37 37 35 35 
27 27 38 38 29 29 
29 29 38 38 36 36 
32 32 28 28 31 31 
32 32 27 27 28 28 
30 30 21 21 22 22 
30 30 31 31 21 21 
23 23 26 26 24 24 
22 22 23 23 24 24 
16 16 17 17 25 25 
26 26 16 16 25 25 
18 18 19 19 15 15 
15 15 19 19 17 17 
9 9 20 20 11 11 
11 11 20 20 18 18 
14 14 10 10 13 13 
14 14 9 9 10 10 
12 12 3 3 4 4 
12 12 13 13 3 3 
5 5 6 6 7 7 
4 4 5 5 7 7 
2 2 0 0 8 8 
6 6 2 2 8 8 
1 1 73 73 0 0 
</p>
			</triangles>
			<triangles count="19" material="Material1-satin_finish_aluminum">
				<input semantic="VERTEX" source="#Cut-Extrude513-mesh-vertices" offset="0"/>
				<input semantic="NORMAL" source="#Cut-Extrude513-mesh-normals" offset="1"/>
				<p>
74 74 76 76 75 75 
77 77 78 78 74 74 
76 76 74 74 79 79 
74 74 75 75 77 77 
74 74 81 81 80 80 
79 79 74 74 80 80 
82 82 84 84 83 83 
82 82 81 81 84 84 
85 85 86 86 84 84 
87 87 83 83 84 84 
85 85 89 89 88 88 
89 89 85 85 84 84 
89 89 91 91 90 90 
90 90 88 88 89 89 
89 89 93 93 92 92 
91 91 89 89 92 92 
93 93 89 89 94 94 
86 86 87 87 84 84 
74 74 84 84 81 81 
</p>
			</triangles>
			<triangles count="80" material="Material2-satin_finish_aluminum">
				<input semantic="VERTEX" source="#Cut-Extrude513-mesh-vertices" offset="0"/>
				<input semantic="NORMAL" source="#Cut-Extrude513-mesh-normals" offset="1"/>
				<p>
95 95 97 97 96 96 
98 98 100 100 99 99 
101 101 100 100 98 98 
95 95 96 96 102 102 
103 103 105 105 104 104 
106 106 108 108 107 107 
109 109 111 111 110 110 
112 112 114 114 113 113 
115 115 117 117 116 116 
118 118 120 120 119 119 
121 121 122 122 97 97 
123 123 125 125 124 124 
126 126 127 127 102 102 
128 128 102 102 96 96 
129 129 131 131 130 130 
132 132 127 127 126 126 
133 133 135 135 134 134 
136 136 138 138 137 137 
139 139 141 141 140 140 
142 142 144 144 143 143 
145 145 147 147 146 146 
148 148 150 150 149 149 
151 151 153 153 152 152 
154 154 151 151 155 155 
154 154 157 157 156 156 
157 157 154 154 155 155 
158 158 156 156 159 159 
157 157 159 159 156 156 
160 160 161 161 158 158 
158 158 159 159 160 160 
161 161 163 163 162 162 
163 163 161 161 160 160 
164 164 162 162 165 165 
163 163 165 165 162 162 
166 166 167 167 164 164 
164 164 165 165 166 166 
167 167 169 169 168 168 
169 169 167 167 166 166 
170 170 168 168 171 171 
169 169 171 171 168 168 
98 98 99 99 170 170 
170 170 171 171 98 98 
153 153 147 147 152 152 
155 155 151 151 152 152 
145 145 146 146 150 150 
147 147 153 153 146 146 
140 140 148 148 149 149 
148 148 145 145 150 150 
143 143 141 141 139 139 
139 139 140 140 149 149 
133 133 144 144 142 142 
143 143 144 144 141 141 
135 135 137 137 134 134 
133 133 134 134 144 144 
136 136 131 131 138 138 
135 135 136 136 137 137 
130 130 127 127 132 132 
138 138 131 131 129 129 
129 129 130 130 132 132 
126 126 102 102 128 128 
121 121 124 124 122 122 
95 95 121 121 97 97 
125 125 123 123 115 115 
122 122 124 124 125 125 
116 116 117 117 172 172 
115 115 123 123 117 117 
172 172 120 120 118 118 
118 118 116 116 172 172 
119 119 110 110 111 111 
119 119 120 120 110 110 
114 114 109 109 113 113 
114 114 111 111 109 109 
103 103 112 112 173 173 
173 173 112 112 113 113 
104 104 105 105 108 108 
103 103 173 173 105 105 
101 101 106 106 107 107 
106 106 104 104 108 108 
101 101 174 174 100 100 
174 174 101 101 107 107 
</p>
			</triangles>
			<triangles count="76" material="Material3-satin_finish_aluminum">
				<input semantic="VERTEX" source="#Cut-Extrude513-mesh-vertices" offset="0"/>
				<input semantic="NORMAL" source="#Cut-Extrude513-mesh-normals" offset="1"/>
				<p>
175 175 177 177 176 176 
178 178 180 180 179 179 
181 181 183 183 182 182 
184 184 186 186 185 185 
187 187 189 189 188 188 
190 190 192 192 191 191 
193 193 195 195 194 194 
196 196 198 198 197 197 
199 199 201 201 200 200 
202 202 204 204 203 203 
205 205 202 202 200 200 
206 206 208 208 207 207 
209 209 211 211 210 210 
212 212 214 214 213 213 
215 215 217 217 216 216 
218 218 220 220 219 219 
221 221 223 223 222 222 
224 224 226 226 225 225 
227 227 229 229 228 228 
221 221 227 227 230 230 
231 231 232 232 229 229 
226 226 222 222 233 233 
224 224 235 235 234 234 
216 216 236 236 231 231 
234 234 219 219 220 220 
213 213 238 238 237 237 
239 239 215 215 238 238 
240 240 206 206 207 207 
195 195 193 193 199 199 
241 241 176 176 242 242 
214 214 243 243 242 242 
244 244 177 177 245 245 
246 246 207 207 208 208 
247 247 203 203 204 204 
244 244 248 248 247 247 
197 197 250 250 249 249 
211 211 249 249 210 210 
209 209 246 246 208 208 
246 246 209 209 210 210 
220 220 218 218 240 240 
240 240 218 218 206 206 
234 234 235 235 219 219 
224 224 225 225 235 235 
226 226 233 233 225 225 
222 222 223 223 233 233 
221 221 230 230 223 223 
227 227 228 228 230 230 
229 229 232 232 228 228 
231 231 236 236 232 232 
216 216 217 217 236 236 
215 215 239 239 217 217 
238 238 213 213 239 239 
212 212 213 213 237 237 
243 243 214 214 212 212 
241 241 242 242 243 243 
175 175 176 176 241 241 
245 245 177 177 175 175 
248 248 244 244 245 245 
203 203 247 247 248 248 
202 202 205 205 204 204 
200 200 201 201 205 205 
199 199 193 193 201 201 
195 195 189 189 194 194 
188 188 182 182 187 187 
189 189 187 187 194 194 
180 180 183 183 181 181 
181 181 182 182 188 188 
184 184 178 178 179 179 
178 178 183 183 180 180 
185 185 186 186 191 191 
184 184 179 179 186 186 
192 192 190 190 196 196 
185 185 191 191 192 192 
198 198 250 250 197 197 
190 190 198 198 196 196 
249 249 211 211 197 197 
</p>
			</triangles>
			<triangles count="17" material="Material4-satin_finish_aluminum">
				<input semantic="VERTEX" source="#Cut-Extrude513-mesh-vertices" offset="0"/>
				<input semantic="NORMAL" source="#Cut-Extrude513-mesh-normals" offset="1"/>
				<p>
251 251 253 253 252 252 
254 254 255 255 252 252 
252 252 255 255 251 251 
256 256 257 257 252 252 
252 252 257 257 254 254 
258 258 259 259 252 252 
252 252 259 259 256 256 
260 260 261 261 252 252 
252 252 261 261 258 258 
262 262 263 263 252 252 
264 264 265 265 252 252 
252 252 265 265 260 260 
266 266 267 267 252 252 
252 252 267 267 264 264 
252 252 263 263 266 266 
268 268 262 262 252 252 
269 269 262 262 268 268 
</p>
			</triangles>
			<triangles count="3" material="Material5-satin_finish_aluminum">
				<input semantic="VERTEX" source="#Cut-Extrude513-mesh-vertices" offset="0"/>
				<input semantic="NORMAL" source="#Cut-Extrude513-mesh-normals" offset="1"/>
				<p>
270 270 272 272 271 271 
270 270 274 274 273 273 
270 270 273 273 272 272 
</p>
			</triangles>
			<triangles count="218" material="Material6-satin_finish_aluminum">
				<input semantic="VERTEX" source="#Cut-Extrude513-mesh-vertices" offset="0"/>
				<input semantic="NORMAL" source="#Cut-Extrude513-mesh-normals" offset="1"/>
				<p>
275 275 277 277 276 276 
278 278 280 280 279 279 
275 275 281 281 277 277 
282 282 284 284 283 283 
285 285 287 287 286 286 
288 288 290 290 289 289 
291 291 293 293 292 292 
294 294 296 296 295 295 
297 297 299 299 298 298 
300 300 302 302 301 301 
298 298 304 304 303 303 
305 305 297 297 298 298 
288 288 307 307 306 306 
308 308 310 310 309 309 
311 311 312 312 309 309 
286 286 314 314 313 313 
315 315 317 317 316 316 
318 318 320 320 319 319 
321 321 323 323 322 322 
324 324 278 278 318 318 
325 325 285 285 326 326 
327 327 328 328 279 279 
329 329 330 330 277 277 
331 331 333 333 332 332 
332 332 334 334 331 331 
335 335 337 337 336 336 
332 332 333 333 336 336 
338 338 340 340 339 339 
341 341 277 277 342 342 
343 343 344 344 340 340 
345 345 340 340 346 346 
347 347 348 348 277 277 
341 341 349 349 277 277 
277 277 330 330 350 350 
277 277 350 350 347 347 
277 277 352 352 351 351 
329 329 277 277 351 351 
353 353 354 354 281 281 
277 277 356 356 355 355 
352 352 277 277 355 355 
357 357 356 356 281 281 
277 277 281 281 356 356 
358 358 359 359 281 281 
281 281 359 359 357 357 
281 281 354 354 360 360 
281 281 360 360 358 358 
361 361 363 363 362 362 
353 353 281 281 364 364 
363 363 361 361 365 365 
366 366 368 368 367 367 
369 369 367 367 370 370 
371 371 373 373 372 372 
374 374 376 376 375 375 
377 377 379 379 378 378 
380 380 382 382 381 381 
320 320 380 380 381 381 
383 383 382 382 384 384 
295 295 296 296 375 375 
385 385 387 387 386 386 
388 388 390 390 389 389 
282 282 283 283 391 391 
392 392 393 393 284 284 
394 394 395 395 284 284 
284 284 395 395 283 283 
284 284 393 393 394 394 
340 340 396 396 284 284 
392 392 284 284 396 396 
334 334 397 397 331 331 
337 337 335 335 398 398 
340 340 338 338 396 396 
342 342 398 398 335 335 
398 398 342 342 348 348 
340 340 344 344 339 339 
342 342 277 277 348 348 
346 346 340 340 399 399 
340 340 345 345 343 343 
340 340 349 349 400 400 
399 399 340 340 400 400 
340 340 277 277 349 349 
336 336 333 333 335 335 
388 388 401 401 390 390 
397 397 402 402 389 389 
397 397 386 386 402 402 
328 328 401 401 403 403 
404 404 405 405 387 387 
406 406 405 405 407 407 
408 408 291 291 322 322 
409 409 383 383 384 384 
300 300 410 410 302 302 
301 301 411 411 300 300 
412 412 411 411 301 301 
413 413 415 415 414 414 
287 287 314 314 286 286 
287 287 285 285 416 416 
409 409 384 384 417 417 
307 307 419 419 418 418 
282 282 420 420 409 409 
383 383 409 409 420 420 
391 391 421 421 282 282 
282 282 421 421 420 420 
422 422 424 424 423 423 
425 425 285 285 325 325 
426 426 428 428 427 427 
425 425 416 416 285 285 
326 326 285 285 429 429 
430 430 411 411 412 412 
431 431 429 429 411 411 
285 285 411 411 429 429 
411 411 430 430 431 431 
410 410 300 300 290 290 
432 432 297 297 305 305 
290 290 433 433 410 410 
311 311 435 435 434 434 
288 288 306 306 433 433 
436 436 293 293 437 437 
418 418 434 434 435 435 
417 417 438 438 409 409 
439 439 310 310 308 308 
439 439 440 440 315 315 
310 310 439 439 441 441 
442 442 444 444 443 443 
445 445 298 298 446 446 
304 304 298 298 299 299 
447 447 305 305 448 448 
437 437 432 432 436 436 
316 316 424 424 422 422 
315 315 316 316 422 422 
424 424 427 427 449 449 
423 423 424 424 449 449 
424 424 426 426 427 427 
426 426 450 450 428 428 
414 414 451 451 426 426 
450 450 426 426 451 451 
415 415 452 452 414 414 
414 414 452 452 451 451 
413 413 414 414 453 453 
286 286 454 454 414 414 
453 453 414 414 454 454 
313 313 455 455 286 286 
286 286 455 455 454 454 
378 378 456 456 377 377 
322 322 291 291 292 292 
457 457 444 444 458 458 
296 296 460 460 459 459 
321 321 461 461 323 323 
460 460 296 296 294 294 
462 462 321 321 459 459 
440 440 317 317 315 315 
463 463 374 374 370 370 
374 374 463 463 376 376 
371 371 379 379 377 377 
368 368 370 370 367 367 
379 379 371 371 372 372 
464 464 369 369 465 465 
320 320 381 381 466 466 
366 366 365 365 368 368 
370 370 465 465 369 369 
361 361 362 362 467 467 
363 363 365 365 366 366 
467 467 469 469 468 468 
469 469 467 467 362 362 
281 281 468 468 364 364 
468 468 469 469 364 364 
444 444 457 457 281 281 
281 281 457 457 468 468 
470 470 471 471 444 444 
444 444 471 471 458 458 
472 472 473 473 444 444 
444 444 473 473 470 470 
444 444 442 442 472 472 
444 444 475 475 474 474 
443 443 444 444 474 474 
476 476 475 475 445 445 
444 444 445 445 475 475 
477 477 478 478 445 445 
445 445 478 478 476 476 
446 446 479 479 445 445 
445 445 479 479 477 477 
298 298 303 303 446 446 
376 376 295 295 375 375 
378 378 480 480 456 456 
465 465 373 373 464 464 
465 465 372 372 373 373 
370 370 368 368 463 463 
459 459 460 460 462 462 
440 440 448 448 317 317 
321 321 462 462 461 461 
323 323 408 408 322 322 
447 447 448 448 440 440 
432 432 481 481 436 436 
293 293 436 436 292 292 
447 447 481 481 305 305 
305 305 481 481 432 432 
315 315 441 441 439 439 
289 289 438 438 417 417 
308 308 309 309 312 312 
434 434 418 418 419 419 
311 311 434 434 312 312 
290 290 288 288 433 433 
307 307 288 288 419 419 
482 482 289 289 290 290 
289 289 482 482 438 438 
382 382 380 380 384 384 
319 319 483 483 318 318 
466 466 319 319 320 320 
280 280 278 278 324 324 
324 324 318 318 483 483 
327 327 279 279 280 280 
403 403 279 279 328 328 
388 388 403 403 401 401 
389 389 402 402 388 388 
334 334 386 386 397 397 
387 387 385 385 484 484 
386 386 334 334 385 385 
404 404 407 407 405 405 
484 484 404 404 387 387 
407 407 480 480 406 406 
378 378 406 406 480 480 
</p>
			</triangles>
			<triangles count="62" material="Material7-satin_finish_aluminum">
				<input semantic="VERTEX" source="#Cut-Extrude513-mesh-vertices" offset="0"/>
				<input semantic="NORMAL" source="#Cut-Extrude513-mesh-normals" offset="1"/>
				<p>
485 485 487 487 486 486 
485 485 489 489 488 488 
490 490 492 492 491 491 
493 493 485 485 486 486 
494 494 496 496 495 495 
497 497 499 499 498 498 
500 500 502 502 501 501 
503 503 505 505 504 504 
499 499 507 507 506 506 
508 508 510 510 509 509 
511 511 513 513 512 512 
514 514 516 516 515 515 
517 517 515 515 518 518 
518 518 510 510 517 517 
515 515 517 517 514 514 
508 508 513 513 510 510 
518 518 509 509 510 510 
512 512 519 519 511 511 
508 508 512 512 513 513 
519 519 503 503 511 511 
520 520 521 521 504 504 
494 494 522 522 490 490 
497 497 523 523 500 500 
524 524 507 507 521 521 
485 485 526 526 525 525 
519 519 505 505 503 503 
505 505 520 520 504 504 
521 521 507 507 504 504 
506 506 507 507 524 524 
498 498 499 499 506 506 
500 500 499 499 497 497 
501 501 502 502 527 527 
500 500 523 523 502 502 
496 496 494 494 501 501 
501 501 527 527 496 496 
495 495 522 522 494 494 
490 490 491 491 528 528 
490 490 522 522 492 492 
529 529 530 530 528 528 
528 528 491 491 529 529 
493 493 529 529 526 526 
529 529 493 493 530 530 
493 493 526 526 485 485 
485 485 532 532 531 531 
525 525 532 532 485 485 
533 533 489 489 531 531 
485 485 531 531 489 489 
534 534 489 489 535 535 
536 536 489 489 537 537 
489 489 533 533 537 537 
538 538 489 489 539 539 
489 489 536 536 539 539 
489 489 538 538 535 535 
509 509 489 489 540 540 
534 534 540 540 489 489 
541 541 509 509 542 542 
509 509 540 540 542 542 
543 543 509 509 544 544 
509 509 541 541 544 544 
545 545 509 509 546 546 
509 509 543 543 546 546 
508 508 509 509 545 545 
</p>
			</triangles>
			<triangles count="216" material="Material8-satin_finish_aluminum">
				<input semantic="VERTEX" source="#Cut-Extrude513-mesh-vertices" offset="0"/>
				<input semantic="NORMAL" source="#Cut-Extrude513-mesh-normals" offset="1"/>
				<p>
547 547 549 549 548 548 
550 550 552 552 551 551 
553 553 548 548 554 554 
555 555 557 557 556 556 
557 557 555 555 558 558 
559 559 561 561 560 560 
562 562 564 564 563 563 
565 565 567 567 566 566 
568 568 570 570 569 569 
571 571 573 573 572 572 
574 574 576 576 575 575 
577 577 579 579 578 578 
580 580 581 581 576 576 
582 582 584 584 583 583 
585 585 578 578 586 586 
587 587 576 576 588 588 
573 573 589 589 572 572 
590 590 592 592 591 591 
593 593 576 576 587 587 
575 575 576 576 562 562 
594 594 596 596 595 595 
558 558 598 598 597 597 
599 599 601 601 600 600 
602 602 599 599 603 603 
604 604 605 605 599 599 
599 599 605 605 606 606 
599 599 600 600 607 607 
599 599 607 607 604 604 
599 599 609 609 608 608 
601 601 599 599 608 608 
610 610 609 609 584 584 
599 599 584 584 609 609 
611 611 612 612 584 584 
584 584 612 612 610 610 
613 613 614 614 584 584 
584 584 614 614 611 611 
584 584 582 582 613 613 
615 615 617 617 616 616 
583 583 584 584 617 617 
580 580 576 576 593 593 
576 576 574 574 588 588 
618 618 570 570 619 619 
620 620 622 622 621 621 
623 623 624 624 560 560 
625 625 627 627 626 626 
628 628 630 630 629 629 
631 631 632 632 621 621 
633 633 635 635 634 634 
633 633 636 636 635 635 
633 633 597 597 598 598 
559 559 560 560 637 637 
597 597 633 633 634 634 
627 627 639 639 638 638 
640 640 642 642 641 641 
643 643 644 644 638 638 
639 639 645 645 638 638 
646 646 647 647 599 599 
646 646 599 599 644 644 
648 648 650 650 649 649 
590 590 652 652 651 651 
653 653 581 581 654 654 
655 655 656 656 578 578 
581 581 580 580 654 654 
657 657 581 581 653 653 
658 658 573 573 659 659 
616 616 581 581 657 657 
659 659 661 661 660 660 
616 616 657 657 615 615 
662 662 616 616 617 617 
662 662 584 584 663 663 
664 664 665 665 584 584 
584 584 665 665 660 660 
578 578 579 579 584 584 
584 584 579 579 664 664 
666 666 667 667 578 578 
578 578 667 667 577 577 
578 578 656 656 666 666 
578 578 585 585 668 668 
655 655 578 578 668 668 
586 586 578 578 651 651 
651 651 670 670 669 669 
586 586 651 651 669 669 
651 651 652 652 671 671 
670 670 651 651 671 671 
652 652 590 590 672 672 
590 590 591 591 673 673 
672 672 590 590 673 673 
592 592 590 590 674 674 
674 674 619 619 675 675 
592 592 674 674 675 675 
568 568 619 619 570 570 
622 622 677 677 676 676 
570 570 676 676 569 569 
678 678 680 680 679 679 
676 676 570 570 622 622 
564 564 562 562 624 624 
639 639 627 627 625 625 
681 681 683 683 682 682 
684 684 685 685 680 680 
686 686 688 688 687 687 
689 689 691 691 690 690 
690 690 691 691 692 692 
623 623 560 560 561 561 
693 693 695 695 694 694 
696 696 694 694 697 697 
698 698 562 562 563 563 
562 562 698 698 575 575 
679 679 699 699 678 678 
700 700 631 631 571 571 
701 701 632 632 631 631 
631 631 700 700 701 701 
566 566 567 567 618 618 
622 622 620 620 677 677 
702 702 704 704 703 703 
702 702 703 703 705 705 
684 684 706 706 705 705 
686 686 707 707 684 684 
685 685 684 684 707 707 
708 708 709 709 686 686 
686 686 709 709 707 707 
686 686 687 687 710 710 
686 686 710 710 708 708 
683 683 711 711 686 686 
688 688 686 686 711 711 
712 712 713 713 683 683 
683 683 713 713 711 711 
682 682 683 683 714 714 
683 683 681 681 712 712 
556 556 715 715 683 683 
714 714 683 683 715 715 
716 716 717 717 556 556 
556 556 717 717 715 715 
718 718 719 719 556 556 
556 556 719 719 716 716 
557 557 720 720 556 556 
556 556 720 720 718 718 
721 721 723 723 722 722 
724 724 726 726 725 725 
594 594 728 728 727 727 
596 596 594 594 727 727 
594 594 730 730 729 729 
728 728 594 594 729 729 
599 599 647 647 730 730 
594 594 599 599 730 730 
627 627 692 692 626 626 
638 638 645 645 643 643 
560 560 731 731 637 637 
732 732 552 552 733 733 
734 734 736 736 735 735 
731 731 734 734 735 735 
690 690 629 629 689 689 
731 731 735 735 737 737 
629 629 690 690 628 628 
738 738 739 739 628 628 
642 642 740 740 738 738 
551 551 552 552 732 732 
633 633 550 550 636 636 
555 555 725 725 598 598 
641 641 549 549 741 741 
553 553 547 547 548 548 
554 554 742 742 553 553 
743 743 745 745 744 744 
547 547 743 743 549 549 
743 743 649 649 650 650 
745 745 743 743 650 650 
649 649 747 747 746 746 
648 648 649 649 746 746 
748 748 747 747 721 721 
649 649 721 721 747 747 
722 722 749 749 721 721 
721 721 749 749 748 748 
723 723 721 721 750 750 
751 751 750 750 594 594 
721 721 594 594 750 750 
595 595 751 751 594 594 
739 739 630 630 628 628 
695 695 733 733 552 552 
606 606 736 736 734 734 
690 690 692 692 627 627 
734 734 599 599 606 606 
599 599 602 602 644 644 
602 602 638 638 644 644 
734 734 603 603 599 599 
731 731 737 737 637 637 
562 562 560 560 624 624 
752 752 697 697 694 694 
552 552 694 694 695 695 
752 752 694 694 699 699 
694 694 696 696 693 693 
753 753 571 571 754 754 
754 754 571 571 572 572 
589 589 573 573 658 658 
584 584 660 660 661 661 
661 661 663 663 584 584 
617 617 584 584 662 662 
661 661 659 659 573 573 
571 571 753 753 700 700 
680 680 678 678 684 684 
622 622 631 631 621 621 
674 674 618 618 619 619 
618 618 674 674 566 566 
565 565 703 703 704 704 
704 704 567 567 565 565 
678 678 706 706 684 684 
702 702 705 705 706 706 
694 694 678 678 699 699 
633 633 552 552 550 550 
558 558 555 555 598 598 
725 725 555 555 724 724 
726 726 724 724 742 742 
744 744 741 741 549 549 
726 726 742 742 554 554 
549 549 743 743 744 744 
549 549 641 641 642 642 
640 640 740 740 642 642 
738 738 628 628 642 642 
</p>
			</triangles>
			<triangles count="12" material="Material9-satin_finish_aluminum">
				<input semantic="VERTEX" source="#Cut-Extrude513-mesh-vertices" offset="0"/>
				<input semantic="NORMAL" source="#Cut-Extrude513-mesh-normals" offset="1"/>
				<p>
755 755 757 757 756 756 
758 758 759 759 757 757 
760 760 761 761 757 757 
757 757 761 761 758 758 
762 762 763 763 757 757 
757 757 763 763 760 760 
764 764 765 765 757 757 
757 757 765 765 762 762 
766 766 767 767 757 757 
757 757 767 767 764 764 
757 757 755 755 766 766 
768 768 755 755 756 756 
</p>
			</triangles>
			<triangles count="20" material="Material10-satin_finish_aluminum">
				<input semantic="VERTEX" source="#Cut-Extrude513-mesh-vertices" offset="0"/>
				<input semantic="NORMAL" source="#Cut-Extrude513-mesh-normals" offset="1"/>
				<p>
769 769 771 771 770 770 
772 772 774 774 773 773 
775 775 777 777 776 776 
778 778 780 780 779 779 
781 781 783 783 782 782 
784 784 786 786 785 785 
783 783 788 788 787 787 
788 788 783 783 781 781 
789 789 787 787 790 790 
788 788 790 790 787 787 
786 786 784 784 782 782 
784 784 781 781 782 782 
776 776 777 777 785 785 
776 776 785 785 786 786 
775 775 780 780 778 778 
775 775 778 778 777 777 
779 779 771 771 769 769 
780 780 771 771 779 779 
773 773 770 770 772 772 
769 769 770 770 773 773 
</p>
			</triangles>
			<triangles count="20" material="Material11-satin_finish_aluminum">
				<input semantic="VERTEX" source="#Cut-Extrude513-mesh-vertices" offset="0"/>
				<input semantic="NORMAL" source="#Cut-Extrude513-mesh-normals" offset="1"/>
				<p>
791 791 793 793 792 792 
794 794 795 795 791 791 
791 791 792 792 794 794 
796 796 792 792 793 793 
794 794 797 797 795 795 
798 798 799 799 797 797 
795 795 797 797 799 799 
798 798 801 801 800 800 
800 800 799 799 798 798 
801 801 802 802 800 800 
793 793 803 803 796 796 
804 804 803 803 805 805 
803 803 804 804 796 796 
806 806 807 807 805 805 
804 804 805 805 807 807 
806 806 809 809 808 808 
808 808 807 807 806 806 
810 810 809 809 811 811 
809 809 810 810 808 808 
810 810 811 811 812 812 
</p>
			</triangles>
			<triangles count="74" material="Material12-satin_finish_aluminum">
				<input semantic="VERTEX" source="#Cut-Extrude513-mesh-vertices" offset="0"/>
				<input semantic="NORMAL" source="#Cut-Extrude513-mesh-normals" offset="1"/>
				<p>
813 813 815 815 814 814 
816 816 818 818 817 817 
819 819 821 821 820 820 
822 822 824 824 823 823 
825 825 827 827 826 826 
828 828 830 830 829 829 
831 831 833 833 832 832 
834 834 836 836 835 835 
837 837 839 839 838 838 
840 840 842 842 841 841 
843 843 845 845 844 844 
846 846 848 848 847 847 
849 849 851 851 850 850 
852 852 854 854 853 853 
855 855 857 857 856 856 
858 858 860 860 859 859 
861 861 863 863 862 862 
864 864 866 866 865 865 
867 867 869 869 868 868 
870 870 872 872 871 871 
871 871 865 865 870 870 
873 873 874 874 872 872 
871 871 872 872 874 874 
875 875 873 873 876 876 
873 873 875 875 874 874 
876 876 878 878 877 877 
877 877 875 875 876 876 
879 879 880 880 878 878 
877 877 878 878 880 880 
881 881 879 879 882 882 
879 879 881 881 880 880 
882 882 884 884 883 883 
883 883 881 881 882 882 
885 885 886 886 884 884 
883 883 884 884 886 886 
815 815 885 885 814 814 
885 885 815 815 886 886 
866 866 864 864 868 868 
865 865 866 866 870 870 
860 860 869 869 867 867 
867 867 868 868 864 864 
863 863 858 858 859 859 
858 858 869 869 860 860 
861 861 862 862 852 852 
863 863 859 859 862 862 
853 853 854 854 855 855 
861 861 852 852 853 853 
857 857 847 847 856 856 
854 854 857 857 855 855 
846 846 850 850 848 848 
847 847 848 848 856 856 
842 842 851 851 849 849 
849 849 850 850 846 846 
845 845 840 840 841 841 
840 840 851 851 842 842 
843 843 844 844 834 834 
845 845 841 841 844 844 
835 835 836 836 837 837 
843 843 834 834 835 835 
839 839 829 829 838 838 
836 836 839 839 837 837 
828 828 832 832 830 830 
829 829 830 830 838 838 
824 824 833 833 831 831 
831 831 832 832 828 828 
827 827 822 822 823 823 
822 822 833 833 824 824 
825 825 826 826 816 816 
827 827 823 823 826 826 
817 817 818 818 820 820 
825 825 816 816 817 817 
819 819 813 813 821 821 
818 818 819 819 820 820 
814 814 821 821 813 813 
</p>
			</triangles>
			<triangles count="25" material="Material13-satin_finish_aluminum">
				<input semantic="VERTEX" source="#Cut-Extrude513-mesh-vertices" offset="0"/>
				<input semantic="NORMAL" source="#Cut-Extrude513-mesh-normals" offset="1"/>
				<p>
887 887 889 889 888 888 
890 890 892 892 891 891 
893 893 895 895 894 894 
896 896 898 898 897 897 
899 899 901 901 900 900 
902 902 904 904 903 903 
903 903 905 905 902 902 
906 906 903 903 907 907 
904 904 907 907 903 903 
908 908 906 906 907 907 
905 905 909 909 902 902 
909 909 905 905 898 898 
896 896 897 897 910 910 
905 905 897 897 898 898 
901 901 910 910 911 911 
897 897 911 911 910 910 
900 900 912 912 899 899 
900 900 901 901 911 911 
912 912 890 890 891 891 
890 890 912 912 900 900 
892 892 893 893 894 894 
892 892 894 894 891 891 
887 887 913 913 895 895 
887 887 895 895 893 893 
887 887 888 888 913 913 
</p>
			</triangles>
			<triangles count="74" material="Material14-satin_finish_aluminum">
				<input semantic="VERTEX" source="#Cut-Extrude513-mesh-vertices" offset="0"/>
				<input semantic="NORMAL" source="#Cut-Extrude513-mesh-normals" offset="1"/>
				<p>
914 914 916 916 915 915 
917 917 919 919 918 918 
920 920 922 922 921 921 
923 923 925 925 924 924 
926 926 928 928 927 927 
929 929 931 931 930 930 
932 932 934 934 933 933 
935 935 937 937 936 936 
938 938 940 940 939 939 
941 941 943 943 942 942 
944 944 946 946 945 945 
947 947 949 949 948 948 
950 950 952 952 951 951 
953 953 955 955 954 954 
956 956 958 958 957 957 
959 959 961 961 960 960 
962 962 964 964 963 963 
965 965 967 967 966 966 
968 968 970 970 969 969 
971 971 973 973 972 972 
972 972 966 966 971 971 
974 974 975 975 973 973 
972 972 973 973 975 975 
976 976 974 974 977 977 
974 974 976 976 975 975 
977 977 979 979 978 978 
978 978 976 976 977 977 
978 978 979 979 980 980 
981 981 980 980 982 982 
979 979 982 982 980 980 
981 981 984 984 983 983 
984 984 981 981 982 982 
985 985 986 986 983 983 
983 983 984 984 985 985 
916 916 986 986 987 987 
985 985 987 987 986 986 
915 915 916 916 987 987 
967 967 965 965 969 969 
966 966 967 967 971 971 
961 961 970 970 968 968 
968 968 969 969 965 965 
964 964 959 959 960 960 
959 959 970 970 961 961 
962 962 963 963 953 953 
964 964 960 960 963 963 
954 954 955 955 956 956 
962 962 953 953 954 954 
958 958 948 948 957 957 
955 955 958 958 956 956 
947 947 951 951 949 949 
948 948 949 949 957 957 
943 943 952 952 950 950 
950 950 951 951 947 947 
946 946 941 941 942 942 
941 941 952 952 943 943 
944 944 945 945 935 935 
946 946 942 942 945 945 
936 936 937 937 938 938 
944 944 935 935 936 936 
940 940 930 930 939 939 
937 937 940 940 938 938 
929 929 933 933 931 931 
930 930 931 931 939 939 
925 925 934 934 932 932 
932 932 933 933 929 929 
928 928 923 923 924 924 
923 923 934 934 925 925 
926 926 927 927 917 917 
928 928 924 924 927 927 
918 918 919 919 921 921 
926 926 917 917 918 918 
920 920 914 914 922 922 
919 919 920 920 921 921 
915 915 922 922 914 914 
</p>
			</triangles>
			<triangles count="74" material="Material15-satin_finish_aluminum">
				<input semantic="VERTEX" source="#Cut-Extrude513-mesh-vertices" offset="0"/>
				<input semantic="NORMAL" source="#Cut-Extrude513-mesh-normals" offset="1"/>
				<p>
988 988 990 990 989 989 
991 991 993 993 992 992 
994 994 996 996 995 995 
997 997 999 999 998 998 
1000 1000 1002 1002 1001 1001 
1003 1003 1005 1005 1004 1004 
1006 1006 1008 1008 1007 1007 
1009 1009 1011 1011 1010 1010 
1012 1012 1014 1014 1013 1013 
1015 1015 1017 1017 1016 1016 
1018 1018 1020 1020 1019 1019 
1021 1021 1023 1023 1022 1022 
1024 1024 1026 1026 1025 1025 
1027 1027 1029 1029 1028 1028 
1030 1030 1032 1032 1031 1031 
1033 1033 1035 1035 1034 1034 
1036 1036 1038 1038 1037 1037 
1039 1039 1041 1041 1040 1040 
1042 1042 1044 1044 1043 1043 
1045 1045 1047 1047 1046 1046 
1046 1046 1040 1040 1045 1045 
1048 1048 1049 1049 1047 1047 
1046 1046 1047 1047 1049 1049 
1050 1050 1048 1048 1051 1051 
1048 1048 1050 1050 1049 1049 
1051 1051 1053 1053 1052 1052 
1052 1052 1050 1050 1051 1051 
1052 1052 1053 1053 1054 1054 
1055 1055 1054 1054 1056 1056 
1053 1053 1056 1056 1054 1054 
1055 1055 1058 1058 1057 1057 
1058 1058 1055 1055 1056 1056 
1059 1059 1060 1060 1057 1057 
1057 1057 1058 1058 1059 1059 
990 990 1060 1060 1061 1061 
1059 1059 1061 1061 1060 1060 
989 989 990 990 1061 1061 
1041 1041 1039 1039 1043 1043 
1040 1040 1041 1041 1045 1045 
1035 1035 1044 1044 1042 1042 
1042 1042 1043 1043 1039 1039 
1038 1038 1033 1033 1034 1034 
1033 1033 1044 1044 1035 1035 
1036 1036 1037 1037 1027 1027 
1038 1038 1034 1034 1037 1037 
1028 1028 1029 1029 1030 1030 
1036 1036 1027 1027 1028 1028 
1032 1032 1022 1022 1031 1031 
1029 1029 1032 1032 1030 1030 
1021 1021 1025 1025 1023 1023 
1022 1022 1023 1023 1031 1031 
1017 1017 1026 1026 1024 1024 
1024 1024 1025 1025 1021 1021 
1020 1020 1015 1015 1016 1016 
1015 1015 1026 1026 1017 1017 
1018 1018 1019 1019 1009 1009 
1020 1020 1016 1016 1019 1019 
1010 1010 1011 1011 1012 1012 
1018 1018 1009 1009 1010 1010 
1014 1014 1004 1004 1013 1013 
1011 1011 1014 1014 1012 1012 
1003 1003 1007 1007 1005 1005 
1004 1004 1005 1005 1013 1013 
999 999 1008 1008 1006 1006 
1006 1006 1007 1007 1003 1003 
1002 1002 997 997 998 998 
997 997 1008 1008 999 999 
1000 1000 1001 1001 991 991 
1002 1002 998 998 1001 1001 
992 992 993 993 995 995 
1000 1000 991 991 992 992 
994 994 988 988 996 996 
993 993 994 994 995 995 
989 989 996 996 988 988 
</p>
			</triangles>
			<triangles count="74" material="Material16-satin_finish_aluminum">
				<input semantic="VERTEX" source="#Cut-Extrude513-mesh-vertices" offset="0"/>
				<input semantic="NORMAL" source="#Cut-Extrude513-mesh-normals" offset="1"/>
				<p>
1062 1062 1064 1064 1063 1063 
1065 1065 1067 1067 1066 1066 
1068 1068 1070 1070 1069 1069 
1071 1071 1073 1073 1072 1072 
1074 1074 1076 1076 1075 1075 
1077 1077 1079 1079 1078 1078 
1080 1080 1082 1082 1081 1081 
1083 1083 1085 1085 1084 1084 
1086 1086 1088 1088 1087 1087 
1089 1089 1091 1091 1090 1090 
1092 1092 1094 1094 1093 1093 
1095 1095 1097 1097 1096 1096 
1098 1098 1100 1100 1099 1099 
1101 1101 1103 1103 1102 1102 
1104 1104 1106 1106 1105 1105 
1107 1107 1109 1109 1108 1108 
1110 1110 1112 1112 1111 1111 
1113 1113 1115 1115 1114 1114 
1116 1116 1118 1118 1117 1117 
1119 1119 1121 1121 1120 1120 
1120 1120 1114 1114 1119 1119 
1122 1122 1123 1123 1121 1121 
1120 1120 1121 1121 1123 1123 
1124 1124 1122 1122 1125 1125 
1122 1122 1124 1124 1123 1123 
1125 1125 1127 1127 1126 1126 
1126 1126 1124 1124 1125 1125 
1126 1126 1127 1127 1128 1128 
1129 1129 1128 1128 1130 1130 
1127 1127 1130 1130 1128 1128 
1129 1129 1132 1132 1131 1131 
1132 1132 1129 1129 1130 1130 
1133 1133 1134 1134 1131 1131 
1131 1131 1132 1132 1133 1133 
1064 1064 1134 1134 1135 1135 
1133 1133 1135 1135 1134 1134 
1063 1063 1064 1064 1135 1135 
1115 1115 1113 1113 1117 1117 
1114 1114 1115 1115 1119 1119 
1109 1109 1118 1118 1116 1116 
1116 1116 1117 1117 1113 1113 
1112 1112 1107 1107 1108 1108 
1107 1107 1118 1118 1109 1109 
1110 1110 1111 1111 1101 1101 
1112 1112 1108 1108 1111 1111 
1102 1102 1103 1103 1104 1104 
1110 1110 1101 1101 1102 1102 
1106 1106 1096 1096 1105 1105 
1103 1103 1106 1106 1104 1104 
1095 1095 1099 1099 1097 1097 
1096 1096 1097 1097 1105 1105 
1091 1091 1100 1100 1098 1098 
1098 1098 1099 1099 1095 1095 
1094 1094 1089 1089 1090 1090 
1089 1089 1100 1100 1091 1091 
1092 1092 1093 1093 1083 1083 
1094 1094 1090 1090 1093 1093 
1084 1084 1085 1085 1086 1086 
1092 1092 1083 1083 1084 1084 
1088 1088 1078 1078 1087 1087 
1085 1085 1088 1088 1086 1086 
1077 1077 1081 1081 1079 1079 
1078 1078 1079 1079 1087 1087 
1073 1073 1082 1082 1080 1080 
1080 1080 1081 1081 1077 1077 
1076 1076 1071 1071 1072 1072 
1071 1071 1082 1082 1073 1073 
1074 1074 1075 1075 1065 1065 
1076 1076 1072 1072 1075 1075 
1066 1066 1067 1067 1069 1069 
1074 1074 1065 1065 1066 1066 
1068 1068 1062 1062 1070 1070 
1067 1067 1068 1068 1069 1069 
1063 1063 1070 1070 1062 1062 
</p>
			</triangles>
			<triangles count="74" material="Material17-satin_finish_aluminum">
				<input semantic="VERTEX" source="#Cut-Extrude513-mesh-vertices" offset="0"/>
				<input semantic="NORMAL" source="#Cut-Extrude513-mesh-normals" offset="1"/>
				<p>
1136 1136 1138 1138 1137 1137 
1139 1139 1141 1141 1140 1140 
1142 1142 1144 1144 1143 1143 
1145 1145 1147 1147 1146 1146 
1148 1148 1150 1150 1149 1149 
1151 1151 1153 1153 1152 1152 
1154 1154 1156 1156 1155 1155 
1157 1157 1159 1159 1158 1158 
1160 1160 1162 1162 1161 1161 
1163 1163 1165 1165 1164 1164 
1166 1166 1168 1168 1167 1167 
1169 1169 1171 1171 1170 1170 
1172 1172 1174 1174 1173 1173 
1175 1175 1177 1177 1176 1176 
1178 1178 1180 1180 1179 1179 
1181 1181 1183 1183 1182 1182 
1184 1184 1186 1186 1185 1185 
1187 1187 1189 1189 1188 1188 
1190 1190 1192 1192 1191 1191 
1193 1193 1195 1195 1194 1194 
1194 1194 1188 1188 1193 1193 
1196 1196 1197 1197 1195 1195 
1194 1194 1195 1195 1197 1197 
1198 1198 1196 1196 1199 1199 
1196 1196 1198 1198 1197 1197 
1199 1199 1201 1201 1200 1200 
1200 1200 1198 1198 1199 1199 
1200 1200 1201 1201 1202 1202 
1203 1203 1202 1202 1204 1204 
1201 1201 1204 1204 1202 1202 
1203 1203 1206 1206 1205 1205 
1206 1206 1203 1203 1204 1204 
1207 1207 1208 1208 1205 1205 
1205 1205 1206 1206 1207 1207 
1138 1138 1208 1208 1209 1209 
1207 1207 1209 1209 1208 1208 
1137 1137 1138 1138 1209 1209 
1189 1189 1187 1187 1191 1191 
1188 1188 1189 1189 1193 1193 
1183 1183 1192 1192 1190 1190 
1190 1190 1191 1191 1187 1187 
1186 1186 1181 1181 1182 1182 
1181 1181 1192 1192 1183 1183 
1184 1184 1185 1185 1175 1175 
1186 1186 1182 1182 1185 1185 
1176 1176 1177 1177 1178 1178 
1184 1184 1175 1175 1176 1176 
1180 1180 1170 1170 1179 1179 
1177 1177 1180 1180 1178 1178 
1169 1169 1173 1173 1171 1171 
1170 1170 1171 1171 1179 1179 
1165 1165 1174 1174 1172 1172 
1172 1172 1173 1173 1169 1169 
1168 1168 1163 1163 1164 1164 
1163 1163 1174 1174 1165 1165 
1166 1166 1167 1167 1157 1157 
1168 1168 1164 1164 1167 1167 
1158 1158 1159 1159 1160 1160 
1166 1166 1157 1157 1158 1158 
1162 1162 1152 1152 1161 1161 
1159 1159 1162 1162 1160 1160 
1151 1151 1155 1155 1153 1153 
1152 1152 1153 1153 1161 1161 
1147 1147 1156 1156 1154 1154 
1154 1154 1155 1155 1151 1151 
1150 1150 1145 1145 1146 1146 
1145 1145 1156 1156 1147 1147 
1148 1148 1149 1149 1139 1139 
1150 1150 1146 1146 1149 1149 
1140 1140 1141 1141 1143 1143 
1148 1148 1139 1139 1140 1140 
1142 1142 1136 1136 1144 1144 
1141 1141 1142 1142 1143 1143 
1137 1137 1144 1144 1136 1136 
</p>
			</triangles>
			<triangles count="74" material="Material18-satin_finish_aluminum">
				<input semantic="VERTEX" source="#Cut-Extrude513-mesh-vertices" offset="0"/>
				<input semantic="NORMAL" source="#Cut-Extrude513-mesh-normals" offset="1"/>
				<p>
1210 1210 1212 1212 1211 1211 
1213 1213 1215 1215 1214 1214 
1216 1216 1218 1218 1217 1217 
1219 1219 1221 1221 1220 1220 
1222 1222 1224 1224 1223 1223 
1225 1225 1227 1227 1226 1226 
1228 1228 1230 1230 1229 1229 
1231 1231 1233 1233 1232 1232 
1234 1234 1235 1235 1230 1230 
1236 1236 1238 1238 1237 1237 
1239 1239 1240 1240 1235 1235 
1241 1241 1243 1243 1242 1242 
1244 1244 1246 1246 1245 1245 
1223 1223 1229 1229 1222 1222 
1247 1247 1249 1249 1248 1248 
1250 1250 1252 1252 1251 1251 
1253 1253 1255 1255 1254 1254 
1256 1256 1257 1257 1254 1254 
1248 1248 1259 1259 1258 1258 
1255 1255 1260 1260 1259 1259 
1250 1250 1262 1262 1261 1261 
1256 1256 1261 1261 1263 1263 
1264 1264 1266 1266 1265 1265 
1252 1252 1268 1268 1267 1267 
1264 1264 1270 1270 1269 1269 
1271 1271 1244 1244 1272 1272 
1273 1273 1268 1268 1243 1243 
1242 1242 1275 1275 1274 1274 
1244 1244 1245 1245 1272 1272 
1245 1245 1246 1246 1276 1276 
1212 1212 1277 1277 1275 1275 
1278 1278 1280 1280 1279 1279 
1281 1281 1211 1211 1280 1280 
1282 1282 1233 1233 1236 1236 
1279 1279 1240 1240 1283 1283 
1237 1237 1276 1276 1246 1246 
1276 1276 1237 1237 1238 1238 
1270 1270 1271 1271 1269 1269 
1244 1244 1271 1271 1270 1270 
1264 1264 1269 1269 1266 1266 
1247 1247 1265 1265 1249 1249 
1265 1265 1266 1266 1249 1249 
1258 1258 1247 1247 1248 1248 
1260 1260 1258 1258 1259 1259 
1253 1253 1260 1260 1255 1255 
1257 1257 1253 1253 1254 1254 
1263 1263 1257 1257 1256 1256 
1262 1262 1263 1263 1261 1261 
1251 1251 1262 1262 1250 1250 
1267 1267 1251 1251 1252 1252 
1273 1273 1267 1267 1268 1268 
1241 1241 1273 1273 1243 1243 
1274 1274 1241 1241 1242 1242 
1277 1277 1274 1274 1275 1275 
1210 1210 1277 1277 1212 1212 
1281 1281 1210 1210 1211 1211 
1278 1278 1281 1281 1280 1280 
1283 1283 1278 1278 1279 1279 
1239 1239 1283 1283 1240 1240 
1234 1234 1239 1239 1235 1235 
1228 1228 1234 1234 1230 1230 
1223 1223 1228 1228 1229 1229 
1224 1224 1222 1222 1218 1218 
1216 1216 1224 1224 1218 1218 
1217 1217 1213 1213 1214 1214 
1214 1214 1216 1216 1217 1217 
1219 1219 1215 1215 1213 1213 
1221 1221 1227 1227 1220 1220 
1219 1219 1220 1220 1215 1215 
1226 1226 1231 1231 1225 1225 
1221 1221 1226 1226 1227 1227 
1232 1232 1233 1233 1282 1282 
1225 1225 1231 1231 1232 1232 
1236 1236 1233 1233 1238 1238 
</p>
			</triangles>
			<triangles count="74" material="Material19-satin_finish_aluminum">
				<input semantic="VERTEX" source="#Cut-Extrude513-mesh-vertices" offset="0"/>
				<input semantic="NORMAL" source="#Cut-Extrude513-mesh-normals" offset="1"/>
				<p>
1284 1284 1286 1286 1285 1285 
1287 1287 1289 1289 1288 1288 
1290 1290 1292 1292 1291 1291 
1293 1293 1295 1295 1294 1294 
1296 1296 1298 1298 1297 1297 
1299 1299 1301 1301 1300 1300 
1302 1302 1304 1304 1303 1303 
1305 1305 1307 1307 1306 1306 
1308 1308 1310 1310 1309 1309 
1311 1311 1313 1313 1312 1312 
1314 1314 1316 1316 1315 1315 
1317 1317 1319 1319 1318 1318 
1320 1320 1322 1322 1321 1321 
1323 1323 1325 1325 1324 1324 
1326 1326 1328 1328 1327 1327 
1329 1329 1331 1331 1330 1330 
1332 1332 1334 1334 1333 1333 
1335 1335 1337 1337 1336 1336 
1338 1338 1340 1340 1339 1339 
1341 1341 1340 1340 1342 1342 
1338 1338 1344 1344 1343 1343 
1344 1344 1338 1338 1339 1339 
1345 1345 1346 1346 1343 1343 
1343 1343 1344 1344 1345 1345 
1347 1347 1346 1346 1348 1348 
1345 1345 1348 1348 1346 1346 
1347 1347 1350 1350 1349 1349 
1350 1350 1347 1347 1348 1348 
1351 1351 1352 1352 1349 1349 
1349 1349 1350 1350 1351 1351 
1353 1353 1352 1352 1354 1354 
1351 1351 1354 1354 1352 1352 
1353 1353 1356 1356 1355 1355 
1356 1356 1353 1353 1354 1354 
1357 1357 1288 1288 1355 1355 
1355 1355 1356 1356 1357 1357 
1341 1341 1342 1342 1333 1333 
1357 1357 1287 1287 1288 1288 
1340 1340 1341 1341 1339 1339 
1335 1335 1334 1334 1332 1332 
1332 1332 1333 1333 1342 1342 
1328 1328 1336 1336 1337 1337 
1336 1336 1334 1334 1335 1335 
1326 1326 1327 1327 1330 1330 
1328 1328 1337 1337 1327 1327 
1331 1331 1329 1329 1320 1320 
1326 1326 1330 1330 1331 1331 
1322 1322 1325 1325 1321 1321 
1329 1329 1322 1322 1320 1320 
1324 1324 1315 1315 1323 1323 
1325 1325 1323 1323 1321 1321 
1317 1317 1316 1316 1314 1314 
1314 1314 1315 1315 1324 1324 
1310 1310 1318 1318 1319 1319 
1318 1318 1316 1316 1317 1317 
1308 1308 1309 1309 1312 1312 
1310 1310 1319 1319 1309 1309 
1313 1313 1311 1311 1302 1302 
1308 1308 1312 1312 1313 1313 
1304 1304 1307 1307 1303 1303 
1311 1311 1304 1304 1302 1302 
1306 1306 1297 1297 1305 1305 
1307 1307 1305 1305 1303 1303 
1299 1299 1298 1298 1296 1296 
1296 1296 1297 1297 1306 1306 
1292 1292 1300 1300 1301 1301 
1300 1300 1298 1298 1299 1299 
1290 1290 1291 1291 1293 1293 
1292 1292 1301 1301 1291 1291 
1294 1294 1295 1295 1285 1285 
1290 1290 1293 1293 1294 1294 
1284 1284 1289 1289 1286 1286 
1295 1295 1284 1284 1285 1285 
1287 1287 1286 1286 1289 1289 
</p>
			</triangles>
		</mesh>
	</geometry>
</library_geometries>
<library_effects>
	<effect id="Material0-satin_finish_aluminum-effect">
		<profile_COMMON>
			<technique sid="common">
				<phong>
					<diffuse>
						<color sid="diffuse">
0.866667 0.909804 1 1 </color>
					</diffuse>
					<transparency>
						<float sid="transparency">
1 </float>
					</transparency>
				</phong>
			</technique>
		</profile_COMMON>
	</effect>
	<effect id="Material1-satin_finish_aluminum-effect">
		<profile_COMMON>
			<technique sid="common">
				<phong>
					<diffuse>
						<color sid="diffuse">
0.866667 0.909804 1 1 </color>
					</diffuse>
					<transparency>
						<float sid="transparency">
1 </float>
					</transparency>
				</phong>
			</technique>
		</profile_COMMON>
	</effect>
	<effect id="Material2-satin_finish_aluminum-effect">
		<profile_COMMON>
			<technique sid="common">
				<phong>
					<diffuse>
						<color sid="diffuse">
0.866667 0.909804 1 1 </color>
					</diffuse>
					<transparency>
						<float sid="transparency">
1 </float>
					</transparency>
				</phong>
			</technique>
		</profile_COMMON>
	</effect>
	<effect id="Material3-satin_finish_aluminum-effect">
		<profile_COMMON>
			<technique sid="common">
				<phong>
					<diffuse>
						<color sid="diffuse">
0.866667 0.909804 1 1 </color>
					</diffuse>
					<transparency>
						<float sid="transparency">
1 </float>
					</transparency>
				</phong>
			</technique>
		</profile_COMMON>
	</effect>
	<effect id="Material4-satin_finish_aluminum-effect">
		<profile_COMMON>
			<technique sid="common">
				<phong>
					<diffuse>
						<color sid="diffuse">
0.866667 0.909804 1 1 </color>
					</diffuse>
					<transparency>
						<float sid="transparency">
1 </float>
					</transparency>
				</phong>
			</technique>
		</profile_COMMON>
	</effect>
	<effect id="Material5-satin_finish_aluminum-effect">
		<profile_COMMON>
			<technique sid="common">
				<phong>
					<diffuse>
						<color sid="diffuse">
0.866667 0.909804 1 1 </color>
					</diffuse>
					<transparency>
						<float sid="transparency">
1 </float>
					</transparency>
				</phong>
			</technique>
		</profile_COMMON>
	</effect>
	<effect id="Material6-satin_finish_aluminum-effect">
		<profile_COMMON>
			<technique sid="common">
				<phong>
					<diffuse>
						<color sid="diffuse">
0.866667 0.909804 1 1 </color>
					</diffuse>
					<transparency>
						<float sid="transparency">
1 </float>
					</transparency>
				</phong>
			</technique>
		</profile_COMMON>
	</effect>
	<effect id="Material7-satin_finish_aluminum-effect">
		<profile_COMMON>
			<technique sid="common">
				<phong>
					<diffuse>
						<color sid="diffuse">
0.866667 0.909804 1 1 </color>
					</diffuse>
					<transparency>
						<float sid="transparency">
1 </float>
					</transparency>
				</phong>
			</technique>
		</profile_COMMON>
	</effect>
	<effect id="Material8-satin_finish_aluminum-effect">
		<profile_COMMON>
			<technique sid="common">
				<phong>
					<diffuse>
						<color sid="diffuse">
0.866667 0.909804 1 1 </color>
					</diffuse>
					<transparency>
						<float sid="transparency">
1 </float>
					</transparency>
				</phong>
			</technique>
		</profile_COMMON>
	</effect>
	<effect id="Material9-satin_finish_aluminum-effect">
		<profile_COMMON>
			<technique sid="common">
				<phong>
					<diffuse>
						<color sid="diffuse">
0.866667 0.909804 1 1 </color>
					</diffuse>
					<transparency>
						<float sid="transparency">
1 </float>
					</transparency>
				</phong>
			</technique>
		</profile_COMMON>
	</effect>
	<effect id="Material10-satin_finish_aluminum-effect">
		<profile_COMMON>
			<technique sid="common">
				<phong>
					<diffuse>
						<color sid="diffuse">
0.866667 0.909804 1 1 </color>
					</diffuse>
					<transparency>
						<float sid="transparency">
1 </float>
					</transparency>
				</phong>
			</technique>
		</profile_COMMON>
	</effect>
	<effect id="Material11-satin_finish_aluminum-effect">
		<profile_COMMON>
			<technique sid="common">
				<phong>
					<diffuse>
						<color sid="diffuse">
0.866667 0.909804 1 1 </color>
					</diffuse>
					<transparency>
						<float sid="transparency">
1 </float>
					</transparency>
				</phong>
			</technique>
		</profile_COMMON>
	</effect>
	<effect id="Material12-satin_finish_aluminum-effect">
		<profile_COMMON>
			<technique sid="common">
				<phong>
					<diffuse>
						<color sid="diffuse">
0.866667 0.909804 1 1 </color>
					</diffuse>
					<transparency>
						<float sid="transparency">
1 </float>
					</transparency>
				</phong>
			</technique>
		</profile_COMMON>
	</effect>
	<effect id="Material13-satin_finish_aluminum-effect">
		<profile_COMMON>
			<technique sid="common">
				<phong>
					<diffuse>
						<color sid="diffuse">
0.866667 0.909804 1 1 </color>
					</diffuse>
					<transparency>
						<float sid="transparency">
1 </float>
					</transparency>
				</phong>
			</technique>
		</profile_COMMON>
	</effect>
	<effect id="Material14-satin_finish_aluminum-effect">
		<profile_COMMON>
			<technique sid="common">
				<phong>
					<diffuse>
						<color sid="diffuse">
0.866667 0.909804 1 1 </color>
					</diffuse>
					<transparency>
						<float sid="transparency">
1 </float>
					</transparency>
				</phong>
			</technique>
		</profile_COMMON>
	</effect>
	<effect id="Material15-satin_finish_aluminum-effect">
		<profile_COMMON>
			<technique sid="common">
				<phong>
					<diffuse>
						<color sid="diffuse">
0.866667 0.909804 1 1 </color>
					</diffuse>
					<transparency>
						<float sid="transparency">
1 </float>
					</transparency>
				</phong>
			</technique>
		</profile_COMMON>
	</effect>
	<effect id="Material16-satin_finish_aluminum-effect">
		<profile_COMMON>
			<technique sid="common">
				<phong>
					<diffuse>
						<color sid="diffuse">
0.866667 0.909804 1 1 </color>
					</diffuse>
					<transparency>
						<float sid="transparency">
1 </float>
					</transparency>
				</phong>
			</technique>
		</profile_COMMON>
	</effect>
	<effect id="Material17-satin_finish_aluminum-effect">
		<profile_COMMON>
			<technique sid="common">
				<phong>
					<diffuse>
						<color sid="diffuse">
0.866667 0.909804 1 1 </color>
					</diffuse>
					<transparency>
						<float sid="transparency">
1 </float>
					</transparency>
				</phong>
			</technique>
		</profile_COMMON>
	</effect>
	<effect id="Material18-satin_finish_aluminum-effect">
		<profile_COMMON>
			<technique sid="common">
				<phong>
					<diffuse>
						<color sid="diffuse">
0.866667 0.909804 1 1 </color>
					</diffuse>
					<transparency>
						<float sid="transparency">
1 </float>
					</transparency>
				</phong>
			</technique>
		</profile_COMMON>
	</effect>
	<effect id="Material19-satin_finish_aluminum-effect">
		<profile_COMMON>
			<technique sid="common">
				<phong>
					<diffuse>
						<color sid="diffuse">
0.866667 0.909804 1 1 </color>
					</diffuse>
					<transparency>
						<float sid="transparency">
1 </float>
					</transparency>
				</phong>
			</technique>
		</profile_COMMON>
	</effect>
</library_effects>
<library_materials>
	<material id="Material0-satin_finish_aluminum">
		<instance_effect url="#Material0-satin_finish_aluminum-effect"/>
	</material>
	<material id="Material1-satin_finish_aluminum">
		<instance_effect url="#Material1-satin_finish_aluminum-effect"/>
	</material>
	<material id="Material2-satin_finish_aluminum">
		<instance_effect url="#Material2-satin_finish_aluminum-effect"/>
	</material>
	<material id="Material3-satin_finish_aluminum">
		<instance_effect url="#Material3-satin_finish_aluminum-effect"/>
	</material>
	<material id="Material4-satin_finish_aluminum">
		<instance_effect url="#Material4-satin_finish_aluminum-effect"/>
	</material>
	<material id="Material5-satin_finish_aluminum">
		<instance_effect url="#Material5-satin_finish_aluminum-effect"/>
	</material>
	<material id="Material6-satin_finish_aluminum">
		<instance_effect url="#Material6-satin_finish_aluminum-effect"/>
	</material>
	<material id="Material7-satin_finish_aluminum">
		<instance_effect url="#Material7-satin_finish_aluminum-effect"/>
	</material>
	<material id="Material8-satin_finish_aluminum">
		<instance_effect url="#Material8-satin_finish_aluminum-effect"/>
	</material>
	<material id="Material9-satin_finish_aluminum">
		<instance_effect url="#Material9-satin_finish_aluminum-effect"/>
	</material>
	<material id="Material10-satin_finish_aluminum">
		<instance_effect url="#Material10-satin_finish_aluminum-effect"/>
	</material>
	<material id="Material11-satin_finish_aluminum">
		<instance_effect url="#Material11-satin_finish_aluminum-effect"/>
	</material>
	<material id="Material12-satin_finish_aluminum">
		<instance_effect url="#Material12-satin_finish_aluminum-effect"/>
	</material>
	<material id="Material13-satin_finish_aluminum">
		<instance_effect url="#Material13-satin_finish_aluminum-effect"/>
	</material>
	<material id="Material14-satin_finish_aluminum">
		<instance_effect url="#Material14-satin_finish_aluminum-effect"/>
	</material>
	<material id="Material15-satin_finish_aluminum">
		<instance_effect url="#Material15-satin_finish_aluminum-effect"/>
	</material>
	<material id="Material16-satin_finish_aluminum">
		<instance_effect url="#Material16-satin_finish_aluminum-effect"/>
	</material>
	<material id="Material17-satin_finish_aluminum">
		<instance_effect url="#Material17-satin_finish_aluminum-effect"/>
	</material>
	<material id="Material18-satin_finish_aluminum">
		<instance_effect url="#Material18-satin_finish_aluminum-effect"/>
	</material>
	<material id="Material19-satin_finish_aluminum">
		<instance_effect url="#Material19-satin_finish_aluminum-effect"/>
	</material>
</library_materials>
<library_visual_scenes>
	<visual_scene id="Scene">
		<node id="A_Joint_6_Hub" name="A_Joint_6_Hub">
			<instance_geometry url="#Cut-Extrude513">
				<bind_material>
					<technique_common>
						<instance_material symbol="Material0-satin_finish_aluminum" target="#Material0-satin_finish_aluminum"/>
						<instance_material symbol="Material1-satin_finish_aluminum" target="#Material1-satin_finish_aluminum"/>
						<instance_material symbol="Material10-satin_finish_aluminum" target="#Material10-satin_finish_aluminum"/>
						<instance_material symbol="Material11-satin_finish_aluminum" target="#Material11-satin_finish_aluminum"/>
						<instance_material symbol="Material12-satin_finish_aluminum" target="#Material12-satin_finish_aluminum"/>
						<instance_material symbol="Material13-satin_finish_aluminum" target="#Material13-satin_finish_aluminum"/>
						<instance_material symbol="Material14-satin_finish_aluminum" target="#Material14-satin_finish_aluminum"/>
						<instance_material symbol="Material15-satin_finish_aluminum" target="#Material15-satin_finish_aluminum"/>
						<instance_material symbol="Material16-satin_finish_aluminum" target="#Material16-satin_finish_aluminum"/>
						<instance_material symbol="Material17-satin_finish_aluminum" target="#Material17-satin_finish_aluminum"/>
						<instance_material symbol="Material18-satin_finish_aluminum" target="#Material18-satin_finish_aluminum"/>
						<instance_material symbol="Material19-satin_finish_aluminum" target="#Material19-satin_finish_aluminum"/>
						<instance_material symbol="Material2-satin_finish_aluminum" target="#Material2-satin_finish_aluminum"/>
						<instance_material symbol="Material3-satin_finish_aluminum" target="#Material3-satin_finish_aluminum"/>
						<instance_material symbol="Material4-satin_finish_aluminum" target="#Material4-satin_finish_aluminum"/>
						<instance_material symbol="Material5-satin_finish_aluminum" target="#Material5-satin_finish_aluminum"/>
						<instance_material symbol="Material6-satin_finish_aluminum" target="#Material6-satin_finish_aluminum"/>
						<instance_material symbol="Material7-satin_finish_aluminum" target="#Material7-satin_finish_aluminum"/>
						<instance_material symbol="Material8-satin_finish_aluminum" target="#Material8-satin_finish_aluminum"/>
						<instance_material symbol="Material9-satin_finish_aluminum" target="#Material9-satin_finish_aluminum"/>
					</technique_common>
				</bind_material>
			</instance_geometry>
		</node>
	</visual_scene>
</library_visual_scenes>
	<scene>
		<instance_visual_scene url="#Scene"/>
	</scene>
</COLLADA>

